solid superviviente_mujer
 facet normal -0.43376 0.05316 0.89946
  outer loop
   vertex -0.1900 0.9252 0.1099
   vertex -0.2760 0.9253 0.0684
   vertex -0.2860 0.5053 0.0884
  endloop
 endfacet
 facet normal -0.43376 0.05316 0.89946
  outer loop
   vertex -0.1900 0.9252 0.1099
   vertex -0.2860 0.5053 0.0884
   vertex -0.2000 0.5052 0.1299
  endloop
 endfacet
 facet normal 0.02378 0.99859 -0.04755
  outer loop
   vertex -0.1900 0.9200 0.0000
   vertex -0.2760 0.9253 0.0684
   vertex -0.1900 0.9252 0.1099
  endloop
 endfacet
 facet normal -0.02378 -0.99859 0.04755
  outer loop
   vertex -0.2000 0.5000 0.0200
   vertex -0.2000 0.5052 0.1299
   vertex -0.2860 0.5053 0.0884
  endloop
 endfacet
 facet normal -0.97465 0.03374 0.22117
  outer loop
   vertex -0.2760 0.9253 0.0684
   vertex -0.2972 0.9214 -0.0246
   vertex -0.3072 0.5014 -0.0046
  endloop
 endfacet
 facet normal -0.97465 0.03374 0.22117
  outer loop
   vertex -0.2760 0.9253 0.0684
   vertex -0.3072 0.5014 -0.0046
   vertex -0.2860 0.5053 0.0884
  endloop
 endfacet
 facet normal 0.02378 0.99859 -0.04755
  outer loop
   vertex -0.1900 0.9200 0.0000
   vertex -0.2972 0.9214 -0.0246
   vertex -0.2760 0.9253 0.0684
  endloop
 endfacet
 facet normal -0.02378 -0.99859 0.04755
  outer loop
   vertex -0.2000 0.5000 0.0200
   vertex -0.2860 0.5053 0.0884
   vertex -0.3072 0.5014 -0.0046
  endloop
 endfacet
 facet normal -0.78161 -0.01109 -0.62367
  outer loop
   vertex -0.2972 0.9214 -0.0246
   vertex -0.2377 0.9164 -0.0990
   vertex -0.2477 0.4964 -0.0790
  endloop
 endfacet
 facet normal -0.78161 -0.01109 -0.62367
  outer loop
   vertex -0.2972 0.9214 -0.0246
   vertex -0.2477 0.4964 -0.0790
   vertex -0.3072 0.5014 -0.0046
  endloop
 endfacet
 facet normal 0.02378 0.99859 -0.04755
  outer loop
   vertex -0.1900 0.9200 0.0000
   vertex -0.2377 0.9164 -0.0990
   vertex -0.2972 0.9214 -0.0246
  endloop
 endfacet
 facet normal -0.02378 -0.99859 0.04755
  outer loop
   vertex -0.2000 0.5000 0.0200
   vertex -0.3072 0.5014 -0.0046
   vertex -0.2477 0.4964 -0.0790
  endloop
 endfacet
 facet normal 0.00000 -0.04757 -0.99887
  outer loop
   vertex -0.2377 0.9164 -0.0990
   vertex -0.1423 0.9142 -0.0989
   vertex -0.1523 0.4942 -0.0789
  endloop
 endfacet
 facet normal 0.00000 -0.04757 -0.99887
  outer loop
   vertex -0.2377 0.9164 -0.0990
   vertex -0.1523 0.4942 -0.0789
   vertex -0.2477 0.4964 -0.0790
  endloop
 endfacet
 facet normal 0.02378 0.99859 -0.04755
  outer loop
   vertex -0.1900 0.9200 0.0000
   vertex -0.1423 0.9142 -0.0989
   vertex -0.2377 0.9164 -0.0990
  endloop
 endfacet
 facet normal -0.02378 -0.99859 0.04755
  outer loop
   vertex -0.2000 0.5000 0.0200
   vertex -0.2477 0.4964 -0.0790
   vertex -0.1523 0.4942 -0.0789
  endloop
 endfacet
 facet normal 0.78161 -0.04822 -0.62190
  outer loop
   vertex -0.1423 0.9142 -0.0989
   vertex -0.0828 0.9163 -0.0243
   vertex -0.0928 0.4963 -0.0043
  endloop
 endfacet
 facet normal 0.78161 -0.04822 -0.62190
  outer loop
   vertex -0.1423 0.9142 -0.0989
   vertex -0.0928 0.4963 -0.0043
   vertex -0.1523 0.4942 -0.0789
  endloop
 endfacet
 facet normal 0.02378 0.99859 -0.04755
  outer loop
   vertex -0.1900 0.9200 0.0000
   vertex -0.0828 0.9163 -0.0243
   vertex -0.1423 0.9142 -0.0989
  endloop
 endfacet
 facet normal -0.02378 -0.99859 0.04755
  outer loop
   vertex -0.2000 0.5000 0.0200
   vertex -0.1523 0.4942 -0.0789
   vertex -0.0928 0.4963 -0.0043
  endloop
 endfacet
 facet normal 0.97465 -0.01257 0.22337
  outer loop
   vertex -0.0828 0.9163 -0.0243
   vertex -0.1040 0.9212 0.0686
   vertex -0.1140 0.5012 0.0886
  endloop
 endfacet
 facet normal 0.97465 -0.01257 0.22337
  outer loop
   vertex -0.0828 0.9163 -0.0243
   vertex -0.1140 0.5012 0.0886
   vertex -0.0928 0.4963 -0.0043
  endloop
 endfacet
 facet normal 0.02378 0.99859 -0.04755
  outer loop
   vertex -0.1900 0.9200 0.0000
   vertex -0.1040 0.9212 0.0686
   vertex -0.0828 0.9163 -0.0243
  endloop
 endfacet
 facet normal -0.02378 -0.99859 0.04755
  outer loop
   vertex -0.2000 0.5000 0.0200
   vertex -0.0928 0.4963 -0.0043
   vertex -0.1140 0.5012 0.0886
  endloop
 endfacet
 facet normal 0.43376 0.03255 0.90044
  outer loop
   vertex -0.1040 0.9212 0.0686
   vertex -0.1900 0.9252 0.1099
   vertex -0.2000 0.5052 0.1299
  endloop
 endfacet
 facet normal 0.43376 0.03255 0.90044
  outer loop
   vertex -0.1040 0.9212 0.0686
   vertex -0.2000 0.5052 0.1299
   vertex -0.1140 0.5012 0.0886
  endloop
 endfacet
 facet normal 0.02378 0.99859 -0.04755
  outer loop
   vertex -0.1900 0.9200 0.0000
   vertex -0.1900 0.9252 0.1099
   vertex -0.1040 0.9212 0.0686
  endloop
 endfacet
 facet normal -0.02378 -0.99859 0.04755
  outer loop
   vertex -0.2000 0.5000 0.0200
   vertex -0.1140 0.5012 0.0886
   vertex -0.2000 0.5052 0.1299
  endloop
 endfacet
 facet normal -0.43388 0.05450 0.89932
  outer loop
   vertex -0.2000 0.5051 0.1048
   vertex -0.2665 0.5032 0.0729
   vertex -0.2665 0.1732 0.0929
  endloop
 endfacet
 facet normal -0.43388 0.05450 0.89932
  outer loop
   vertex -0.2000 0.5051 0.1048
   vertex -0.2665 0.1732 0.0929
   vertex -0.2000 0.1751 0.1248
  endloop
 endfacet
 facet normal -0.00000 0.99817 -0.06050
  outer loop
   vertex -0.2000 0.5000 0.0200
   vertex -0.2665 0.5032 0.0729
   vertex -0.2000 0.5051 0.1048
  endloop
 endfacet
 facet normal 0.00000 -0.99817 0.06050
  outer loop
   vertex -0.2000 0.1700 0.0400
   vertex -0.2000 0.1751 0.1248
   vertex -0.2665 0.1732 0.0929
  endloop
 endfacet
 facet normal -0.97493 0.01346 0.22211
  outer loop
   vertex -0.2665 0.5032 0.0729
   vertex -0.2829 0.4989 0.0011
   vertex -0.2829 0.1689 0.0211
  endloop
 endfacet
 facet normal -0.97493 0.01346 0.22211
  outer loop
   vertex -0.2665 0.5032 0.0729
   vertex -0.2829 0.1689 0.0211
   vertex -0.2665 0.1732 0.0929
  endloop
 endfacet
 facet normal 0.00000 0.99817 -0.06050
  outer loop
   vertex -0.2000 0.5000 0.0200
   vertex -0.2829 0.4989 0.0011
   vertex -0.2665 0.5032 0.0729
  endloop
 endfacet
 facet normal 0.00000 -0.99817 0.06050
  outer loop
   vertex -0.2000 0.1700 0.0400
   vertex -0.2665 0.1732 0.0929
   vertex -0.2829 0.1689 0.0211
  endloop
 endfacet
 facet normal -0.78183 -0.03772 -0.62235
  outer loop
   vertex -0.2829 0.4989 0.0011
   vertex -0.2369 0.4954 -0.0564
   vertex -0.2369 0.1654 -0.0364
  endloop
 endfacet
 facet normal -0.78183 -0.03772 -0.62235
  outer loop
   vertex -0.2829 0.4989 0.0011
   vertex -0.2369 0.1654 -0.0364
   vertex -0.2829 0.1689 0.0211
  endloop
 endfacet
 facet normal -0.00000 0.99817 -0.06050
  outer loop
   vertex -0.2000 0.5000 0.0200
   vertex -0.2369 0.4954 -0.0564
   vertex -0.2829 0.4989 0.0011
  endloop
 endfacet
 facet normal 0.00000 -0.99817 0.06050
  outer loop
   vertex -0.2000 0.1700 0.0400
   vertex -0.2829 0.1689 0.0211
   vertex -0.2369 0.1654 -0.0364
  endloop
 endfacet
 facet normal -0.00000 -0.06050 -0.99817
  outer loop
   vertex -0.2369 0.4954 -0.0564
   vertex -0.1631 0.4954 -0.0564
   vertex -0.1631 0.1654 -0.0364
  endloop
 endfacet
 facet normal -0.00000 -0.06050 -0.99817
  outer loop
   vertex -0.2369 0.4954 -0.0564
   vertex -0.1631 0.1654 -0.0364
   vertex -0.2369 0.1654 -0.0364
  endloop
 endfacet
 facet normal -0.00000 0.99817 -0.06050
  outer loop
   vertex -0.2000 0.5000 0.0200
   vertex -0.1631 0.4954 -0.0564
   vertex -0.2369 0.4954 -0.0564
  endloop
 endfacet
 facet normal 0.00000 -0.99817 0.06050
  outer loop
   vertex -0.2000 0.1700 0.0400
   vertex -0.2369 0.1654 -0.0364
   vertex -0.1631 0.1654 -0.0364
  endloop
 endfacet
 facet normal 0.78183 -0.03772 -0.62235
  outer loop
   vertex -0.1631 0.4954 -0.0564
   vertex -0.1171 0.4989 0.0011
   vertex -0.1171 0.1689 0.0211
  endloop
 endfacet
 facet normal 0.78183 -0.03772 -0.62235
  outer loop
   vertex -0.1631 0.4954 -0.0564
   vertex -0.1171 0.1689 0.0211
   vertex -0.1631 0.1654 -0.0364
  endloop
 endfacet
 facet normal 0.00000 0.99817 -0.06050
  outer loop
   vertex -0.2000 0.5000 0.0200
   vertex -0.1171 0.4989 0.0011
   vertex -0.1631 0.4954 -0.0564
  endloop
 endfacet
 facet normal -0.00000 -0.99817 0.06050
  outer loop
   vertex -0.2000 0.1700 0.0400
   vertex -0.1631 0.1654 -0.0364
   vertex -0.1171 0.1689 0.0211
  endloop
 endfacet
 facet normal 0.97493 0.01346 0.22211
  outer loop
   vertex -0.1171 0.4989 0.0011
   vertex -0.1335 0.5032 0.0729
   vertex -0.1335 0.1732 0.0929
  endloop
 endfacet
 facet normal 0.97493 0.01346 0.22211
  outer loop
   vertex -0.1171 0.4989 0.0011
   vertex -0.1335 0.1732 0.0929
   vertex -0.1171 0.1689 0.0211
  endloop
 endfacet
 facet normal -0.00000 0.99817 -0.06050
  outer loop
   vertex -0.2000 0.5000 0.0200
   vertex -0.1335 0.5032 0.0729
   vertex -0.1171 0.4989 0.0011
  endloop
 endfacet
 facet normal 0.00000 -0.99817 0.06050
  outer loop
   vertex -0.2000 0.1700 0.0400
   vertex -0.1171 0.1689 0.0211
   vertex -0.1335 0.1732 0.0929
  endloop
 endfacet
 facet normal 0.43388 0.05450 0.89932
  outer loop
   vertex -0.1335 0.5032 0.0729
   vertex -0.2000 0.5051 0.1048
   vertex -0.2000 0.1751 0.1248
  endloop
 endfacet
 facet normal 0.43388 0.05450 0.89932
  outer loop
   vertex -0.1335 0.5032 0.0729
   vertex -0.2000 0.1751 0.1248
   vertex -0.1335 0.1732 0.0929
  endloop
 endfacet
 facet normal 0.00000 0.99817 -0.06050
  outer loop
   vertex -0.2000 0.5000 0.0200
   vertex -0.2000 0.5051 0.1048
   vertex -0.1335 0.5032 0.0729
  endloop
 endfacet
 facet normal 0.00000 -0.99817 0.06050
  outer loop
   vertex -0.2000 0.1700 0.0400
   vertex -0.1335 0.1732 0.0929
   vertex -0.2000 0.1751 0.1248
  endloop
 endfacet
 facet normal 0.00000 0.00000 1.00000
  outer loop
   vertex -0.3150 0.0100 -0.0600
   vertex -0.0850 0.0100 -0.0600
   vertex -0.0850 0.1700 -0.0600
  endloop
 endfacet
 facet normal 0.00000 0.00000 1.00000
  outer loop
   vertex -0.3150 0.0100 -0.0600
   vertex -0.0850 0.1700 -0.0600
   vertex -0.3150 0.1700 -0.0600
  endloop
 endfacet
 facet normal 0.00000 0.00000 -1.00000
  outer loop
   vertex -0.0850 0.0100 0.2800
   vertex -0.3150 0.0100 0.2800
   vertex -0.3150 0.1700 0.2800
  endloop
 endfacet
 facet normal 0.00000 0.00000 -1.00000
  outer loop
   vertex -0.0850 0.0100 0.2800
   vertex -0.3150 0.1700 0.2800
   vertex -0.0850 0.1700 0.2800
  endloop
 endfacet
 facet normal 1.00000 0.00000 0.00000
  outer loop
   vertex -0.3150 0.0100 0.2800
   vertex -0.3150 0.0100 -0.0600
   vertex -0.3150 0.1700 -0.0600
  endloop
 endfacet
 facet normal 1.00000 0.00000 0.00000
  outer loop
   vertex -0.3150 0.0100 0.2800
   vertex -0.3150 0.1700 -0.0600
   vertex -0.3150 0.1700 0.2800
  endloop
 endfacet
 facet normal -1.00000 0.00000 0.00000
  outer loop
   vertex -0.0850 0.0100 -0.0600
   vertex -0.0850 0.0100 0.2800
   vertex -0.0850 0.1700 0.2800
  endloop
 endfacet
 facet normal -1.00000 0.00000 0.00000
  outer loop
   vertex -0.0850 0.0100 -0.0600
   vertex -0.0850 0.1700 0.2800
   vertex -0.0850 0.1700 -0.0600
  endloop
 endfacet
 facet normal 0.00000 -1.00000 0.00000
  outer loop
   vertex -0.3150 0.1700 -0.0600
   vertex -0.0850 0.1700 -0.0600
   vertex -0.0850 0.1700 0.2800
  endloop
 endfacet
 facet normal 0.00000 -1.00000 0.00000
  outer loop
   vertex -0.3150 0.1700 -0.0600
   vertex -0.0850 0.1700 0.2800
   vertex -0.3150 0.1700 0.2800
  endloop
 endfacet
 facet normal 0.00000 1.00000 0.00000
  outer loop
   vertex -0.3150 0.0100 0.2800
   vertex -0.0850 0.0100 0.2800
   vertex -0.0850 0.0100 -0.0600
  endloop
 endfacet
 facet normal 0.00000 1.00000 0.00000
  outer loop
   vertex -0.3150 0.0100 0.2800
   vertex -0.0850 0.0100 -0.0600
   vertex -0.3150 0.0100 -0.0600
  endloop
 endfacet
 facet normal 0.00000 0.00000 1.00000
  outer loop
   vertex -0.2500 0.5200 -0.1350
   vertex -0.1300 0.5200 -0.1350
   vertex -0.1300 0.6400 -0.1350
  endloop
 endfacet
 facet normal 0.00000 0.00000 1.00000
  outer loop
   vertex -0.2500 0.5200 -0.1350
   vertex -0.1300 0.6400 -0.1350
   vertex -0.2500 0.6400 -0.1350
  endloop
 endfacet
 facet normal 0.00000 0.00000 -1.00000
  outer loop
   vertex -0.1300 0.5200 0.1750
   vertex -0.2500 0.5200 0.1750
   vertex -0.2500 0.6400 0.1750
  endloop
 endfacet
 facet normal 0.00000 0.00000 -1.00000
  outer loop
   vertex -0.1300 0.5200 0.1750
   vertex -0.2500 0.6400 0.1750
   vertex -0.1300 0.6400 0.1750
  endloop
 endfacet
 facet normal 1.00000 0.00000 0.00000
  outer loop
   vertex -0.2500 0.5200 0.1750
   vertex -0.2500 0.5200 -0.1350
   vertex -0.2500 0.6400 -0.1350
  endloop
 endfacet
 facet normal 1.00000 0.00000 0.00000
  outer loop
   vertex -0.2500 0.5200 0.1750
   vertex -0.2500 0.6400 -0.1350
   vertex -0.2500 0.6400 0.1750
  endloop
 endfacet
 facet normal -1.00000 0.00000 0.00000
  outer loop
   vertex -0.1300 0.5200 -0.1350
   vertex -0.1300 0.5200 0.1750
   vertex -0.1300 0.6400 0.1750
  endloop
 endfacet
 facet normal -1.00000 0.00000 0.00000
  outer loop
   vertex -0.1300 0.5200 -0.1350
   vertex -0.1300 0.6400 0.1750
   vertex -0.1300 0.6400 -0.1350
  endloop
 endfacet
 facet normal 0.00000 -1.00000 0.00000
  outer loop
   vertex -0.2500 0.6400 -0.1350
   vertex -0.1300 0.6400 -0.1350
   vertex -0.1300 0.6400 0.1750
  endloop
 endfacet
 facet normal 0.00000 -1.00000 0.00000
  outer loop
   vertex -0.2500 0.6400 -0.1350
   vertex -0.1300 0.6400 0.1750
   vertex -0.2500 0.6400 0.1750
  endloop
 endfacet
 facet normal 0.00000 1.00000 0.00000
  outer loop
   vertex -0.2500 0.5200 0.1750
   vertex -0.1300 0.5200 0.1750
   vertex -0.1300 0.5200 -0.1350
  endloop
 endfacet
 facet normal 0.00000 1.00000 0.00000
  outer loop
   vertex -0.2500 0.5200 0.1750
   vertex -0.1300 0.5200 -0.1350
   vertex -0.2500 0.5200 -0.1350
  endloop
 endfacet
 facet normal -0.43376 0.03255 0.90044
  outer loop
   vertex 0.1900 0.9252 0.1099
   vertex 0.1040 0.9212 0.0686
   vertex 0.1140 0.5012 0.0886
  endloop
 endfacet
 facet normal -0.43376 0.03255 0.90044
  outer loop
   vertex 0.1900 0.9252 0.1099
   vertex 0.1140 0.5012 0.0886
   vertex 0.2000 0.5052 0.1299
  endloop
 endfacet
 facet normal -0.02378 0.99859 -0.04755
  outer loop
   vertex 0.1900 0.9200 0.0000
   vertex 0.1040 0.9212 0.0686
   vertex 0.1900 0.9252 0.1099
  endloop
 endfacet
 facet normal 0.02378 -0.99859 0.04755
  outer loop
   vertex 0.2000 0.5000 0.0200
   vertex 0.2000 0.5052 0.1299
   vertex 0.1140 0.5012 0.0886
  endloop
 endfacet
 facet normal -0.97465 -0.01257 0.22337
  outer loop
   vertex 0.1040 0.9212 0.0686
   vertex 0.0828 0.9163 -0.0243
   vertex 0.0928 0.4963 -0.0043
  endloop
 endfacet
 facet normal -0.97465 -0.01257 0.22337
  outer loop
   vertex 0.1040 0.9212 0.0686
   vertex 0.0928 0.4963 -0.0043
   vertex 0.1140 0.5012 0.0886
  endloop
 endfacet
 facet normal -0.02378 0.99859 -0.04755
  outer loop
   vertex 0.1900 0.9200 0.0000
   vertex 0.0828 0.9163 -0.0243
   vertex 0.1040 0.9212 0.0686
  endloop
 endfacet
 facet normal 0.02378 -0.99859 0.04755
  outer loop
   vertex 0.2000 0.5000 0.0200
   vertex 0.1140 0.5012 0.0886
   vertex 0.0928 0.4963 -0.0043
  endloop
 endfacet
 facet normal -0.78161 -0.04822 -0.62190
  outer loop
   vertex 0.0828 0.9163 -0.0243
   vertex 0.1423 0.9142 -0.0989
   vertex 0.1523 0.4942 -0.0789
  endloop
 endfacet
 facet normal -0.78161 -0.04822 -0.62190
  outer loop
   vertex 0.0828 0.9163 -0.0243
   vertex 0.1523 0.4942 -0.0789
   vertex 0.0928 0.4963 -0.0043
  endloop
 endfacet
 facet normal -0.02378 0.99859 -0.04755
  outer loop
   vertex 0.1900 0.9200 0.0000
   vertex 0.1423 0.9142 -0.0989
   vertex 0.0828 0.9163 -0.0243
  endloop
 endfacet
 facet normal 0.02378 -0.99859 0.04755
  outer loop
   vertex 0.2000 0.5000 0.0200
   vertex 0.0928 0.4963 -0.0043
   vertex 0.1523 0.4942 -0.0789
  endloop
 endfacet
 facet normal -0.00000 -0.04757 -0.99887
  outer loop
   vertex 0.1423 0.9142 -0.0989
   vertex 0.2377 0.9164 -0.0990
   vertex 0.2477 0.4964 -0.0790
  endloop
 endfacet
 facet normal -0.00000 -0.04757 -0.99887
  outer loop
   vertex 0.1423 0.9142 -0.0989
   vertex 0.2477 0.4964 -0.0790
   vertex 0.1523 0.4942 -0.0789
  endloop
 endfacet
 facet normal -0.02378 0.99859 -0.04755
  outer loop
   vertex 0.1900 0.9200 0.0000
   vertex 0.2377 0.9164 -0.0990
   vertex 0.1423 0.9142 -0.0989
  endloop
 endfacet
 facet normal 0.02378 -0.99859 0.04755
  outer loop
   vertex 0.2000 0.5000 0.0200
   vertex 0.1523 0.4942 -0.0789
   vertex 0.2477 0.4964 -0.0790
  endloop
 endfacet
 facet normal 0.78161 -0.01109 -0.62367
  outer loop
   vertex 0.2377 0.9164 -0.0990
   vertex 0.2972 0.9214 -0.0246
   vertex 0.3072 0.5014 -0.0046
  endloop
 endfacet
 facet normal 0.78161 -0.01109 -0.62367
  outer loop
   vertex 0.2377 0.9164 -0.0990
   vertex 0.3072 0.5014 -0.0046
   vertex 0.2477 0.4964 -0.0790
  endloop
 endfacet
 facet normal -0.02378 0.99859 -0.04755
  outer loop
   vertex 0.1900 0.9200 0.0000
   vertex 0.2972 0.9214 -0.0246
   vertex 0.2377 0.9164 -0.0990
  endloop
 endfacet
 facet normal 0.02378 -0.99859 0.04755
  outer loop
   vertex 0.2000 0.5000 0.0200
   vertex 0.2477 0.4964 -0.0790
   vertex 0.3072 0.5014 -0.0046
  endloop
 endfacet
 facet normal 0.97465 0.03374 0.22117
  outer loop
   vertex 0.2972 0.9214 -0.0246
   vertex 0.2760 0.9253 0.0684
   vertex 0.2860 0.5053 0.0884
  endloop
 endfacet
 facet normal 0.97465 0.03374 0.22117
  outer loop
   vertex 0.2972 0.9214 -0.0246
   vertex 0.2860 0.5053 0.0884
   vertex 0.3072 0.5014 -0.0046
  endloop
 endfacet
 facet normal -0.02378 0.99859 -0.04755
  outer loop
   vertex 0.1900 0.9200 0.0000
   vertex 0.2760 0.9253 0.0684
   vertex 0.2972 0.9214 -0.0246
  endloop
 endfacet
 facet normal 0.02378 -0.99859 0.04755
  outer loop
   vertex 0.2000 0.5000 0.0200
   vertex 0.3072 0.5014 -0.0046
   vertex 0.2860 0.5053 0.0884
  endloop
 endfacet
 facet normal 0.43376 0.05316 0.89946
  outer loop
   vertex 0.2760 0.9253 0.0684
   vertex 0.1900 0.9252 0.1099
   vertex 0.2000 0.5052 0.1299
  endloop
 endfacet
 facet normal 0.43376 0.05316 0.89946
  outer loop
   vertex 0.2760 0.9253 0.0684
   vertex 0.2000 0.5052 0.1299
   vertex 0.2860 0.5053 0.0884
  endloop
 endfacet
 facet normal -0.02378 0.99859 -0.04755
  outer loop
   vertex 0.1900 0.9200 0.0000
   vertex 0.1900 0.9252 0.1099
   vertex 0.2760 0.9253 0.0684
  endloop
 endfacet
 facet normal 0.02378 -0.99859 0.04755
  outer loop
   vertex 0.2000 0.5000 0.0200
   vertex 0.2860 0.5053 0.0884
   vertex 0.2000 0.5052 0.1299
  endloop
 endfacet
 facet normal -0.43388 0.05450 0.89932
  outer loop
   vertex 0.2000 0.5051 0.1048
   vertex 0.1335 0.5032 0.0729
   vertex 0.1335 0.1732 0.0929
  endloop
 endfacet
 facet normal -0.43388 0.05450 0.89932
  outer loop
   vertex 0.2000 0.5051 0.1048
   vertex 0.1335 0.1732 0.0929
   vertex 0.2000 0.1751 0.1248
  endloop
 endfacet
 facet normal -0.00000 0.99817 -0.06050
  outer loop
   vertex 0.2000 0.5000 0.0200
   vertex 0.1335 0.5032 0.0729
   vertex 0.2000 0.5051 0.1048
  endloop
 endfacet
 facet normal 0.00000 -0.99817 0.06050
  outer loop
   vertex 0.2000 0.1700 0.0400
   vertex 0.2000 0.1751 0.1248
   vertex 0.1335 0.1732 0.0929
  endloop
 endfacet
 facet normal -0.97493 0.01346 0.22211
  outer loop
   vertex 0.1335 0.5032 0.0729
   vertex 0.1171 0.4989 0.0011
   vertex 0.1171 0.1689 0.0211
  endloop
 endfacet
 facet normal -0.97493 0.01346 0.22211
  outer loop
   vertex 0.1335 0.5032 0.0729
   vertex 0.1171 0.1689 0.0211
   vertex 0.1335 0.1732 0.0929
  endloop
 endfacet
 facet normal 0.00000 0.99817 -0.06050
  outer loop
   vertex 0.2000 0.5000 0.0200
   vertex 0.1171 0.4989 0.0011
   vertex 0.1335 0.5032 0.0729
  endloop
 endfacet
 facet normal 0.00000 -0.99817 0.06050
  outer loop
   vertex 0.2000 0.1700 0.0400
   vertex 0.1335 0.1732 0.0929
   vertex 0.1171 0.1689 0.0211
  endloop
 endfacet
 facet normal -0.78183 -0.03772 -0.62235
  outer loop
   vertex 0.1171 0.4989 0.0011
   vertex 0.1631 0.4954 -0.0564
   vertex 0.1631 0.1654 -0.0364
  endloop
 endfacet
 facet normal -0.78183 -0.03772 -0.62235
  outer loop
   vertex 0.1171 0.4989 0.0011
   vertex 0.1631 0.1654 -0.0364
   vertex 0.1171 0.1689 0.0211
  endloop
 endfacet
 facet normal -0.00000 0.99817 -0.06050
  outer loop
   vertex 0.2000 0.5000 0.0200
   vertex 0.1631 0.4954 -0.0564
   vertex 0.1171 0.4989 0.0011
  endloop
 endfacet
 facet normal 0.00000 -0.99817 0.06050
  outer loop
   vertex 0.2000 0.1700 0.0400
   vertex 0.1171 0.1689 0.0211
   vertex 0.1631 0.1654 -0.0364
  endloop
 endfacet
 facet normal -0.00000 -0.06050 -0.99817
  outer loop
   vertex 0.1631 0.4954 -0.0564
   vertex 0.2369 0.4954 -0.0564
   vertex 0.2369 0.1654 -0.0364
  endloop
 endfacet
 facet normal -0.00000 -0.06050 -0.99817
  outer loop
   vertex 0.1631 0.4954 -0.0564
   vertex 0.2369 0.1654 -0.0364
   vertex 0.1631 0.1654 -0.0364
  endloop
 endfacet
 facet normal -0.00000 0.99817 -0.06050
  outer loop
   vertex 0.2000 0.5000 0.0200
   vertex 0.2369 0.4954 -0.0564
   vertex 0.1631 0.4954 -0.0564
  endloop
 endfacet
 facet normal 0.00000 -0.99817 0.06050
  outer loop
   vertex 0.2000 0.1700 0.0400
   vertex 0.1631 0.1654 -0.0364
   vertex 0.2369 0.1654 -0.0364
  endloop
 endfacet
 facet normal 0.78183 -0.03772 -0.62235
  outer loop
   vertex 0.2369 0.4954 -0.0564
   vertex 0.2829 0.4989 0.0011
   vertex 0.2829 0.1689 0.0211
  endloop
 endfacet
 facet normal 0.78183 -0.03772 -0.62235
  outer loop
   vertex 0.2369 0.4954 -0.0564
   vertex 0.2829 0.1689 0.0211
   vertex 0.2369 0.1654 -0.0364
  endloop
 endfacet
 facet normal 0.00000 0.99817 -0.06050
  outer loop
   vertex 0.2000 0.5000 0.0200
   vertex 0.2829 0.4989 0.0011
   vertex 0.2369 0.4954 -0.0564
  endloop
 endfacet
 facet normal -0.00000 -0.99817 0.06050
  outer loop
   vertex 0.2000 0.1700 0.0400
   vertex 0.2369 0.1654 -0.0364
   vertex 0.2829 0.1689 0.0211
  endloop
 endfacet
 facet normal 0.97493 0.01346 0.22211
  outer loop
   vertex 0.2829 0.4989 0.0011
   vertex 0.2665 0.5032 0.0729
   vertex 0.2665 0.1732 0.0929
  endloop
 endfacet
 facet normal 0.97493 0.01346 0.22211
  outer loop
   vertex 0.2829 0.4989 0.0011
   vertex 0.2665 0.1732 0.0929
   vertex 0.2829 0.1689 0.0211
  endloop
 endfacet
 facet normal -0.00000 0.99817 -0.06050
  outer loop
   vertex 0.2000 0.5000 0.0200
   vertex 0.2665 0.5032 0.0729
   vertex 0.2829 0.4989 0.0011
  endloop
 endfacet
 facet normal 0.00000 -0.99817 0.06050
  outer loop
   vertex 0.2000 0.1700 0.0400
   vertex 0.2829 0.1689 0.0211
   vertex 0.2665 0.1732 0.0929
  endloop
 endfacet
 facet normal 0.43388 0.05450 0.89932
  outer loop
   vertex 0.2665 0.5032 0.0729
   vertex 0.2000 0.5051 0.1048
   vertex 0.2000 0.1751 0.1248
  endloop
 endfacet
 facet normal 0.43388 0.05450 0.89932
  outer loop
   vertex 0.2665 0.5032 0.0729
   vertex 0.2000 0.1751 0.1248
   vertex 0.2665 0.1732 0.0929
  endloop
 endfacet
 facet normal 0.00000 0.99817 -0.06050
  outer loop
   vertex 0.2000 0.5000 0.0200
   vertex 0.2000 0.5051 0.1048
   vertex 0.2665 0.5032 0.0729
  endloop
 endfacet
 facet normal 0.00000 -0.99817 0.06050
  outer loop
   vertex 0.2000 0.1700 0.0400
   vertex 0.2665 0.1732 0.0929
   vertex 0.2000 0.1751 0.1248
  endloop
 endfacet
 facet normal 0.00000 0.00000 1.00000
  outer loop
   vertex 0.0850 0.0100 -0.0600
   vertex 0.3150 0.0100 -0.0600
   vertex 0.3150 0.1700 -0.0600
  endloop
 endfacet
 facet normal 0.00000 0.00000 1.00000
  outer loop
   vertex 0.0850 0.0100 -0.0600
   vertex 0.3150 0.1700 -0.0600
   vertex 0.0850 0.1700 -0.0600
  endloop
 endfacet
 facet normal 0.00000 0.00000 -1.00000
  outer loop
   vertex 0.3150 0.0100 0.2800
   vertex 0.0850 0.0100 0.2800
   vertex 0.0850 0.1700 0.2800
  endloop
 endfacet
 facet normal 0.00000 0.00000 -1.00000
  outer loop
   vertex 0.3150 0.0100 0.2800
   vertex 0.0850 0.1700 0.2800
   vertex 0.3150 0.1700 0.2800
  endloop
 endfacet
 facet normal 1.00000 0.00000 0.00000
  outer loop
   vertex 0.0850 0.0100 0.2800
   vertex 0.0850 0.0100 -0.0600
   vertex 0.0850 0.1700 -0.0600
  endloop
 endfacet
 facet normal 1.00000 0.00000 0.00000
  outer loop
   vertex 0.0850 0.0100 0.2800
   vertex 0.0850 0.1700 -0.0600
   vertex 0.0850 0.1700 0.2800
  endloop
 endfacet
 facet normal -1.00000 0.00000 0.00000
  outer loop
   vertex 0.3150 0.0100 -0.0600
   vertex 0.3150 0.0100 0.2800
   vertex 0.3150 0.1700 0.2800
  endloop
 endfacet
 facet normal -1.00000 0.00000 0.00000
  outer loop
   vertex 0.3150 0.0100 -0.0600
   vertex 0.3150 0.1700 0.2800
   vertex 0.3150 0.1700 -0.0600
  endloop
 endfacet
 facet normal 0.00000 -1.00000 0.00000
  outer loop
   vertex 0.0850 0.1700 -0.0600
   vertex 0.3150 0.1700 -0.0600
   vertex 0.3150 0.1700 0.2800
  endloop
 endfacet
 facet normal 0.00000 -1.00000 0.00000
  outer loop
   vertex 0.0850 0.1700 -0.0600
   vertex 0.3150 0.1700 0.2800
   vertex 0.0850 0.1700 0.2800
  endloop
 endfacet
 facet normal 0.00000 1.00000 0.00000
  outer loop
   vertex 0.0850 0.0100 0.2800
   vertex 0.3150 0.0100 0.2800
   vertex 0.3150 0.0100 -0.0600
  endloop
 endfacet
 facet normal 0.00000 1.00000 0.00000
  outer loop
   vertex 0.0850 0.0100 0.2800
   vertex 0.3150 0.0100 -0.0600
   vertex 0.0850 0.0100 -0.0600
  endloop
 endfacet
 facet normal 0.00000 0.00000 1.00000
  outer loop
   vertex 0.1300 0.5200 -0.1350
   vertex 0.2500 0.5200 -0.1350
   vertex 0.2500 0.6400 -0.1350
  endloop
 endfacet
 facet normal 0.00000 0.00000 1.00000
  outer loop
   vertex 0.1300 0.5200 -0.1350
   vertex 0.2500 0.6400 -0.1350
   vertex 0.1300 0.6400 -0.1350
  endloop
 endfacet
 facet normal 0.00000 0.00000 -1.00000
  outer loop
   vertex 0.2500 0.5200 0.1750
   vertex 0.1300 0.5200 0.1750
   vertex 0.1300 0.6400 0.1750
  endloop
 endfacet
 facet normal 0.00000 0.00000 -1.00000
  outer loop
   vertex 0.2500 0.5200 0.1750
   vertex 0.1300 0.6400 0.1750
   vertex 0.2500 0.6400 0.1750
  endloop
 endfacet
 facet normal 1.00000 0.00000 0.00000
  outer loop
   vertex 0.1300 0.5200 0.1750
   vertex 0.1300 0.5200 -0.1350
   vertex 0.1300 0.6400 -0.1350
  endloop
 endfacet
 facet normal 1.00000 0.00000 0.00000
  outer loop
   vertex 0.1300 0.5200 0.1750
   vertex 0.1300 0.6400 -0.1350
   vertex 0.1300 0.6400 0.1750
  endloop
 endfacet
 facet normal -1.00000 0.00000 0.00000
  outer loop
   vertex 0.2500 0.5200 -0.1350
   vertex 0.2500 0.5200 0.1750
   vertex 0.2500 0.6400 0.1750
  endloop
 endfacet
 facet normal -1.00000 0.00000 0.00000
  outer loop
   vertex 0.2500 0.5200 -0.1350
   vertex 0.2500 0.6400 0.1750
   vertex 0.2500 0.6400 -0.1350
  endloop
 endfacet
 facet normal 0.00000 -1.00000 0.00000
  outer loop
   vertex 0.1300 0.6400 -0.1350
   vertex 0.2500 0.6400 -0.1350
   vertex 0.2500 0.6400 0.1750
  endloop
 endfacet
 facet normal 0.00000 -1.00000 0.00000
  outer loop
   vertex 0.1300 0.6400 -0.1350
   vertex 0.2500 0.6400 0.1750
   vertex 0.1300 0.6400 0.1750
  endloop
 endfacet
 facet normal 0.00000 1.00000 0.00000
  outer loop
   vertex 0.1300 0.5200 0.1750
   vertex 0.2500 0.5200 0.1750
   vertex 0.2500 0.5200 -0.1350
  endloop
 endfacet
 facet normal 0.00000 1.00000 0.00000
  outer loop
   vertex 0.1300 0.5200 0.1750
   vertex 0.2500 0.5200 -0.1350
   vertex 0.1300 0.5200 -0.1350
  endloop
 endfacet
 facet normal 0.00000 0.00000 1.00000
  outer loop
   vertex -0.3150 0.8850 -0.1650
   vertex 0.3150 0.8850 -0.1650
   vertex 0.3150 1.1550 -0.1650
  endloop
 endfacet
 facet normal 0.00000 0.00000 1.00000
  outer loop
   vertex -0.3150 0.8850 -0.1650
   vertex 0.3150 1.1550 -0.1650
   vertex -0.3150 1.1550 -0.1650
  endloop
 endfacet
 facet normal 0.00000 0.00000 -1.00000
  outer loop
   vertex 0.3150 0.8850 0.1650
   vertex -0.3150 0.8850 0.1650
   vertex -0.3150 1.1550 0.1650
  endloop
 endfacet
 facet normal 0.00000 0.00000 -1.00000
  outer loop
   vertex 0.3150 0.8850 0.1650
   vertex -0.3150 1.1550 0.1650
   vertex 0.3150 1.1550 0.1650
  endloop
 endfacet
 facet normal 1.00000 0.00000 0.00000
  outer loop
   vertex -0.3150 0.8850 0.1650
   vertex -0.3150 0.8850 -0.1650
   vertex -0.3150 1.1550 -0.1650
  endloop
 endfacet
 facet normal 1.00000 0.00000 0.00000
  outer loop
   vertex -0.3150 0.8850 0.1650
   vertex -0.3150 1.1550 -0.1650
   vertex -0.3150 1.1550 0.1650
  endloop
 endfacet
 facet normal -1.00000 0.00000 0.00000
  outer loop
   vertex 0.3150 0.8850 -0.1650
   vertex 0.3150 0.8850 0.1650
   vertex 0.3150 1.1550 0.1650
  endloop
 endfacet
 facet normal -1.00000 0.00000 0.00000
  outer loop
   vertex 0.3150 0.8850 -0.1650
   vertex 0.3150 1.1550 0.1650
   vertex 0.3150 1.1550 -0.1650
  endloop
 endfacet
 facet normal 0.00000 -1.00000 0.00000
  outer loop
   vertex -0.3150 1.1550 -0.1650
   vertex 0.3150 1.1550 -0.1650
   vertex 0.3150 1.1550 0.1650
  endloop
 endfacet
 facet normal 0.00000 -1.00000 0.00000
  outer loop
   vertex -0.3150 1.1550 -0.1650
   vertex 0.3150 1.1550 0.1650
   vertex -0.3150 1.1550 0.1650
  endloop
 endfacet
 facet normal 0.00000 1.00000 0.00000
  outer loop
   vertex -0.3150 0.8850 0.1650
   vertex 0.3150 0.8850 0.1650
   vertex 0.3150 0.8850 -0.1650
  endloop
 endfacet
 facet normal 0.00000 1.00000 0.00000
  outer loop
   vertex -0.3150 0.8850 0.1650
   vertex 0.3150 0.8850 -0.1650
   vertex -0.3150 0.8850 -0.1650
  endloop
 endfacet
 facet normal 0.00000 0.00000 1.00000
  outer loop
   vertex -0.2000 1.1700 -0.1450
   vertex 0.2000 1.1700 -0.1450
   vertex 0.2000 1.4500 -0.1450
  endloop
 endfacet
 facet normal 0.00000 0.00000 1.00000
  outer loop
   vertex -0.2000 1.1700 -0.1450
   vertex 0.2000 1.4500 -0.1450
   vertex -0.2000 1.4500 -0.1450
  endloop
 endfacet
 facet normal 0.00000 0.00000 -1.00000
  outer loop
   vertex 0.2000 1.1700 0.1450
   vertex -0.2000 1.1700 0.1450
   vertex -0.2000 1.4500 0.1450
  endloop
 endfacet
 facet normal 0.00000 0.00000 -1.00000
  outer loop
   vertex 0.2000 1.1700 0.1450
   vertex -0.2000 1.4500 0.1450
   vertex 0.2000 1.4500 0.1450
  endloop
 endfacet
 facet normal 1.00000 0.00000 0.00000
  outer loop
   vertex -0.2000 1.1700 0.1450
   vertex -0.2000 1.1700 -0.1450
   vertex -0.2000 1.4500 -0.1450
  endloop
 endfacet
 facet normal 1.00000 0.00000 0.00000
  outer loop
   vertex -0.2000 1.1700 0.1450
   vertex -0.2000 1.4500 -0.1450
   vertex -0.2000 1.4500 0.1450
  endloop
 endfacet
 facet normal -1.00000 0.00000 0.00000
  outer loop
   vertex 0.2000 1.1700 -0.1450
   vertex 0.2000 1.1700 0.1450
   vertex 0.2000 1.4500 0.1450
  endloop
 endfacet
 facet normal -1.00000 0.00000 0.00000
  outer loop
   vertex 0.2000 1.1700 -0.1450
   vertex 0.2000 1.4500 0.1450
   vertex 0.2000 1.4500 -0.1450
  endloop
 endfacet
 facet normal 0.00000 -1.00000 0.00000
  outer loop
   vertex -0.2000 1.4500 -0.1450
   vertex 0.2000 1.4500 -0.1450
   vertex 0.2000 1.4500 0.1450
  endloop
 endfacet
 facet normal 0.00000 -1.00000 0.00000
  outer loop
   vertex -0.2000 1.4500 -0.1450
   vertex 0.2000 1.4500 0.1450
   vertex -0.2000 1.4500 0.1450
  endloop
 endfacet
 facet normal 0.00000 1.00000 0.00000
  outer loop
   vertex -0.2000 1.1700 0.1450
   vertex 0.2000 1.1700 0.1450
   vertex 0.2000 1.1700 -0.1450
  endloop
 endfacet
 facet normal 0.00000 1.00000 0.00000
  outer loop
   vertex -0.2000 1.1700 0.1450
   vertex 0.2000 1.1700 -0.1450
   vertex -0.2000 1.1700 -0.1450
  endloop
 endfacet
 facet normal 0.00000 0.00000 1.00000
  outer loop
   vertex -0.2650 1.2850 -0.1550
   vertex 0.2650 1.2850 -0.1550
   vertex 0.2650 1.7150 -0.1550
  endloop
 endfacet
 facet normal 0.00000 0.00000 1.00000
  outer loop
   vertex -0.2650 1.2850 -0.1550
   vertex 0.2650 1.7150 -0.1550
   vertex -0.2650 1.7150 -0.1550
  endloop
 endfacet
 facet normal 0.00000 0.00000 -1.00000
  outer loop
   vertex 0.2650 1.2850 0.1550
   vertex -0.2650 1.2850 0.1550
   vertex -0.2650 1.7150 0.1550
  endloop
 endfacet
 facet normal 0.00000 0.00000 -1.00000
  outer loop
   vertex 0.2650 1.2850 0.1550
   vertex -0.2650 1.7150 0.1550
   vertex 0.2650 1.7150 0.1550
  endloop
 endfacet
 facet normal 1.00000 0.00000 0.00000
  outer loop
   vertex -0.2650 1.2850 0.1550
   vertex -0.2650 1.2850 -0.1550
   vertex -0.2650 1.7150 -0.1550
  endloop
 endfacet
 facet normal 1.00000 0.00000 0.00000
  outer loop
   vertex -0.2650 1.2850 0.1550
   vertex -0.2650 1.7150 -0.1550
   vertex -0.2650 1.7150 0.1550
  endloop
 endfacet
 facet normal -1.00000 0.00000 0.00000
  outer loop
   vertex 0.2650 1.2850 -0.1550
   vertex 0.2650 1.2850 0.1550
   vertex 0.2650 1.7150 0.1550
  endloop
 endfacet
 facet normal -1.00000 0.00000 0.00000
  outer loop
   vertex 0.2650 1.2850 -0.1550
   vertex 0.2650 1.7150 0.1550
   vertex 0.2650 1.7150 -0.1550
  endloop
 endfacet
 facet normal 0.00000 -1.00000 0.00000
  outer loop
   vertex -0.2650 1.7150 -0.1550
   vertex 0.2650 1.7150 -0.1550
   vertex 0.2650 1.7150 0.1550
  endloop
 endfacet
 facet normal 0.00000 -1.00000 0.00000
  outer loop
   vertex -0.2650 1.7150 -0.1550
   vertex 0.2650 1.7150 0.1550
   vertex -0.2650 1.7150 0.1550
  endloop
 endfacet
 facet normal 0.00000 1.00000 0.00000
  outer loop
   vertex -0.2650 1.2850 0.1550
   vertex 0.2650 1.2850 0.1550
   vertex 0.2650 1.2850 -0.1550
  endloop
 endfacet
 facet normal 0.00000 1.00000 0.00000
  outer loop
   vertex -0.2650 1.2850 0.1550
   vertex 0.2650 1.2850 -0.1550
   vertex -0.2650 1.2850 -0.1550
  endloop
 endfacet
 facet normal 0.00000 0.00000 1.00000
  outer loop
   vertex -0.2650 1.2050 0.1525
   vertex 0.2650 1.2050 0.1525
   vertex 0.2650 1.3150 0.1525
  endloop
 endfacet
 facet normal 0.00000 0.00000 1.00000
  outer loop
   vertex -0.2650 1.2050 0.1525
   vertex 0.2650 1.3150 0.1525
   vertex -0.2650 1.3150 0.1525
  endloop
 endfacet
 facet normal 0.00000 0.00000 -1.00000
  outer loop
   vertex 0.2650 1.2050 0.1875
   vertex -0.2650 1.2050 0.1875
   vertex -0.2650 1.3150 0.1875
  endloop
 endfacet
 facet normal 0.00000 0.00000 -1.00000
  outer loop
   vertex 0.2650 1.2050 0.1875
   vertex -0.2650 1.3150 0.1875
   vertex 0.2650 1.3150 0.1875
  endloop
 endfacet
 facet normal 1.00000 0.00000 0.00000
  outer loop
   vertex -0.2650 1.2050 0.1875
   vertex -0.2650 1.2050 0.1525
   vertex -0.2650 1.3150 0.1525
  endloop
 endfacet
 facet normal 1.00000 0.00000 0.00000
  outer loop
   vertex -0.2650 1.2050 0.1875
   vertex -0.2650 1.3150 0.1525
   vertex -0.2650 1.3150 0.1875
  endloop
 endfacet
 facet normal -1.00000 0.00000 0.00000
  outer loop
   vertex 0.2650 1.2050 0.1525
   vertex 0.2650 1.2050 0.1875
   vertex 0.2650 1.3150 0.1875
  endloop
 endfacet
 facet normal -1.00000 0.00000 0.00000
  outer loop
   vertex 0.2650 1.2050 0.1525
   vertex 0.2650 1.3150 0.1875
   vertex 0.2650 1.3150 0.1525
  endloop
 endfacet
 facet normal 0.00000 -1.00000 0.00000
  outer loop
   vertex -0.2650 1.3150 0.1525
   vertex 0.2650 1.3150 0.1525
   vertex 0.2650 1.3150 0.1875
  endloop
 endfacet
 facet normal 0.00000 -1.00000 0.00000
  outer loop
   vertex -0.2650 1.3150 0.1525
   vertex 0.2650 1.3150 0.1875
   vertex -0.2650 1.3150 0.1875
  endloop
 endfacet
 facet normal 0.00000 1.00000 0.00000
  outer loop
   vertex -0.2650 1.2050 0.1875
   vertex 0.2650 1.2050 0.1875
   vertex 0.2650 1.2050 0.1525
  endloop
 endfacet
 facet normal 0.00000 1.00000 0.00000
  outer loop
   vertex -0.2650 1.2050 0.1875
   vertex 0.2650 1.2050 0.1525
   vertex -0.2650 1.2050 0.1525
  endloop
 endfacet
 facet normal 0.00000 0.00000 1.00000
  outer loop
   vertex -0.1850 1.4300 0.1525
   vertex -0.0750 1.4300 0.1525
   vertex -0.0750 1.6300 0.1525
  endloop
 endfacet
 facet normal 0.00000 0.00000 1.00000
  outer loop
   vertex -0.1850 1.4300 0.1525
   vertex -0.0750 1.6300 0.1525
   vertex -0.1850 1.6300 0.1525
  endloop
 endfacet
 facet normal 0.00000 0.00000 -1.00000
  outer loop
   vertex -0.0750 1.4300 0.1875
   vertex -0.1850 1.4300 0.1875
   vertex -0.1850 1.6300 0.1875
  endloop
 endfacet
 facet normal 0.00000 0.00000 -1.00000
  outer loop
   vertex -0.0750 1.4300 0.1875
   vertex -0.1850 1.6300 0.1875
   vertex -0.0750 1.6300 0.1875
  endloop
 endfacet
 facet normal 1.00000 0.00000 0.00000
  outer loop
   vertex -0.1850 1.4300 0.1875
   vertex -0.1850 1.4300 0.1525
   vertex -0.1850 1.6300 0.1525
  endloop
 endfacet
 facet normal 1.00000 0.00000 0.00000
  outer loop
   vertex -0.1850 1.4300 0.1875
   vertex -0.1850 1.6300 0.1525
   vertex -0.1850 1.6300 0.1875
  endloop
 endfacet
 facet normal -1.00000 0.00000 0.00000
  outer loop
   vertex -0.0750 1.4300 0.1525
   vertex -0.0750 1.4300 0.1875
   vertex -0.0750 1.6300 0.1875
  endloop
 endfacet
 facet normal -1.00000 0.00000 0.00000
  outer loop
   vertex -0.0750 1.4300 0.1525
   vertex -0.0750 1.6300 0.1875
   vertex -0.0750 1.6300 0.1525
  endloop
 endfacet
 facet normal 0.00000 -1.00000 0.00000
  outer loop
   vertex -0.1850 1.6300 0.1525
   vertex -0.0750 1.6300 0.1525
   vertex -0.0750 1.6300 0.1875
  endloop
 endfacet
 facet normal 0.00000 -1.00000 0.00000
  outer loop
   vertex -0.1850 1.6300 0.1525
   vertex -0.0750 1.6300 0.1875
   vertex -0.1850 1.6300 0.1875
  endloop
 endfacet
 facet normal 0.00000 1.00000 0.00000
  outer loop
   vertex -0.1850 1.4300 0.1875
   vertex -0.0750 1.4300 0.1875
   vertex -0.0750 1.4300 0.1525
  endloop
 endfacet
 facet normal 0.00000 1.00000 0.00000
  outer loop
   vertex -0.1850 1.4300 0.1875
   vertex -0.0750 1.4300 0.1525
   vertex -0.1850 1.4300 0.1525
  endloop
 endfacet
 facet normal 0.00000 0.00000 1.00000
  outer loop
   vertex 0.0750 1.4300 0.1525
   vertex 0.1850 1.4300 0.1525
   vertex 0.1850 1.6300 0.1525
  endloop
 endfacet
 facet normal 0.00000 0.00000 1.00000
  outer loop
   vertex 0.0750 1.4300 0.1525
   vertex 0.1850 1.6300 0.1525
   vertex 0.0750 1.6300 0.1525
  endloop
 endfacet
 facet normal 0.00000 0.00000 -1.00000
  outer loop
   vertex 0.1850 1.4300 0.1875
   vertex 0.0750 1.4300 0.1875
   vertex 0.0750 1.6300 0.1875
  endloop
 endfacet
 facet normal 0.00000 0.00000 -1.00000
  outer loop
   vertex 0.1850 1.4300 0.1875
   vertex 0.0750 1.6300 0.1875
   vertex 0.1850 1.6300 0.1875
  endloop
 endfacet
 facet normal 1.00000 0.00000 0.00000
  outer loop
   vertex 0.0750 1.4300 0.1875
   vertex 0.0750 1.4300 0.1525
   vertex 0.0750 1.6300 0.1525
  endloop
 endfacet
 facet normal 1.00000 0.00000 0.00000
  outer loop
   vertex 0.0750 1.4300 0.1875
   vertex 0.0750 1.6300 0.1525
   vertex 0.0750 1.6300 0.1875
  endloop
 endfacet
 facet normal -1.00000 0.00000 0.00000
  outer loop
   vertex 0.1850 1.4300 0.1525
   vertex 0.1850 1.4300 0.1875
   vertex 0.1850 1.6300 0.1875
  endloop
 endfacet
 facet normal -1.00000 0.00000 0.00000
  outer loop
   vertex 0.1850 1.4300 0.1525
   vertex 0.1850 1.6300 0.1875
   vertex 0.1850 1.6300 0.1525
  endloop
 endfacet
 facet normal 0.00000 -1.00000 0.00000
  outer loop
   vertex 0.0750 1.6300 0.1525
   vertex 0.1850 1.6300 0.1525
   vertex 0.1850 1.6300 0.1875
  endloop
 endfacet
 facet normal 0.00000 -1.00000 0.00000
  outer loop
   vertex 0.0750 1.6300 0.1525
   vertex 0.1850 1.6300 0.1875
   vertex 0.0750 1.6300 0.1875
  endloop
 endfacet
 facet normal 0.00000 1.00000 0.00000
  outer loop
   vertex 0.0750 1.4300 0.1875
   vertex 0.1850 1.4300 0.1875
   vertex 0.1850 1.4300 0.1525
  endloop
 endfacet
 facet normal 0.00000 1.00000 0.00000
  outer loop
   vertex 0.0750 1.4300 0.1875
   vertex 0.1850 1.4300 0.1525
   vertex 0.0750 1.4300 0.1525
  endloop
 endfacet
 facet normal -0.41808 0.22049 0.88124
  outer loop
   vertex -0.2650 1.6388 0.0745
   vertex -0.3215 1.6510 0.0446
   vertex -0.4165 1.3110 0.0846
  endloop
 endfacet
 facet normal -0.41808 0.22049 0.88124
  outer loop
   vertex -0.2650 1.6388 0.0745
   vertex -0.4165 1.3110 0.0846
   vertex -0.3600 1.2988 0.1145
  endloop
 endfacet
 facet normal 0.26739 0.95699 -0.11259
  outer loop
   vertex -0.2650 1.6300 0.0000
   vertex -0.3215 1.6510 0.0446
   vertex -0.2650 1.6388 0.0745
  endloop
 endfacet
 facet normal -0.26739 -0.95699 0.11259
  outer loop
   vertex -0.3600 1.2900 0.0400
   vertex -0.3600 1.2988 0.1145
   vertex -0.4165 1.3110 0.0846
  endloop
 endfacet
 facet normal -0.93943 0.28490 0.19054
  outer loop
   vertex -0.3215 1.6510 0.0446
   vertex -0.3355 1.6475 -0.0189
   vertex -0.4305 1.3075 0.0211
  endloop
 endfacet
 facet normal -0.93943 0.28490 0.19054
  outer loop
   vertex -0.3215 1.6510 0.0446
   vertex -0.4305 1.3075 0.0211
   vertex -0.4165 1.3110 0.0846
  endloop
 endfacet
 facet normal 0.26739 0.95699 -0.11259
  outer loop
   vertex -0.2650 1.6300 0.0000
   vertex -0.3355 1.6475 -0.0189
   vertex -0.3215 1.6510 0.0446
  endloop
 endfacet
 facet normal -0.26739 -0.95699 0.11259
  outer loop
   vertex -0.3600 1.2900 0.0400
   vertex -0.4165 1.3110 0.0846
   vertex -0.4305 1.3075 0.0211
  endloop
 endfacet
 facet normal -0.75336 0.13478 -0.64365
  outer loop
   vertex -0.3355 1.6475 -0.0189
   vertex -0.2964 1.6307 -0.0681
   vertex -0.3914 1.2907 -0.0281
  endloop
 endfacet
 facet normal -0.75336 0.13478 -0.64365
  outer loop
   vertex -0.3355 1.6475 -0.0189
   vertex -0.3914 1.2907 -0.0281
   vertex -0.4305 1.3075 0.0211
  endloop
 endfacet
 facet normal 0.26739 0.95699 -0.11259
  outer loop
   vertex -0.2650 1.6300 0.0000
   vertex -0.2964 1.6307 -0.0681
   vertex -0.3355 1.6475 -0.0189
  endloop
 endfacet
 facet normal -0.26739 -0.95699 0.11259
  outer loop
   vertex -0.3600 1.2900 0.0400
   vertex -0.4305 1.3075 0.0211
   vertex -0.3914 1.2907 -0.0281
  endloop
 endfacet
 facet normal -0.00000 -0.11684 -0.99315
  outer loop
   vertex -0.2964 1.6307 -0.0681
   vertex -0.2336 1.6135 -0.0661
   vertex -0.3286 1.2735 -0.0261
  endloop
 endfacet
 facet normal -0.00000 -0.11684 -0.99315
  outer loop
   vertex -0.2964 1.6307 -0.0681
   vertex -0.3286 1.2735 -0.0261
   vertex -0.3914 1.2907 -0.0281
  endloop
 endfacet
 facet normal 0.26739 0.95699 -0.11259
  outer loop
   vertex -0.2650 1.6300 0.0000
   vertex -0.2336 1.6135 -0.0661
   vertex -0.2964 1.6307 -0.0681
  endloop
 endfacet
 facet normal -0.26739 -0.95699 0.11259
  outer loop
   vertex -0.3600 1.2900 0.0400
   vertex -0.3914 1.2907 -0.0281
   vertex -0.3286 1.2735 -0.0261
  endloop
 endfacet
 facet normal 0.75336 -0.28047 -0.59479
  outer loop
   vertex -0.2336 1.6135 -0.0661
   vertex -0.1945 1.6086 -0.0143
   vertex -0.2895 1.2686 0.0257
  endloop
 endfacet
 facet normal 0.75336 -0.28047 -0.59479
  outer loop
   vertex -0.2336 1.6135 -0.0661
   vertex -0.2895 1.2686 0.0257
   vertex -0.3286 1.2735 -0.0261
  endloop
 endfacet
 facet normal 0.26739 0.95699 -0.11259
  outer loop
   vertex -0.2650 1.6300 0.0000
   vertex -0.1945 1.6086 -0.0143
   vertex -0.2336 1.6135 -0.0661
  endloop
 endfacet
 facet normal -0.26739 -0.95699 0.11259
  outer loop
   vertex -0.3600 1.2900 0.0400
   vertex -0.3286 1.2735 -0.0261
   vertex -0.2895 1.2686 0.0257
  endloop
 endfacet
 facet normal 0.93943 -0.23290 0.25146
  outer loop
   vertex -0.1945 1.6086 -0.0143
   vertex -0.2085 1.6199 0.0483
   vertex -0.3035 1.2799 0.0883
  endloop
 endfacet
 facet normal 0.93943 -0.23290 0.25146
  outer loop
   vertex -0.1945 1.6086 -0.0143
   vertex -0.3035 1.2799 0.0883
   vertex -0.2895 1.2686 0.0257
  endloop
 endfacet
 facet normal 0.26739 0.95699 -0.11259
  outer loop
   vertex -0.2650 1.6300 0.0000
   vertex -0.2085 1.6199 0.0483
   vertex -0.1945 1.6086 -0.0143
  endloop
 endfacet
 facet normal -0.26739 -0.95699 0.11259
  outer loop
   vertex -0.3600 1.2900 0.0400
   vertex -0.2895 1.2686 0.0257
   vertex -0.3035 1.2799 0.0883
  endloop
 endfacet
 facet normal 0.41808 -0.00995 0.90835
  outer loop
   vertex -0.2085 1.6199 0.0483
   vertex -0.2650 1.6388 0.0745
   vertex -0.3600 1.2988 0.1145
  endloop
 endfacet
 facet normal 0.41808 -0.00995 0.90835
  outer loop
   vertex -0.2085 1.6199 0.0483
   vertex -0.3600 1.2988 0.1145
   vertex -0.3035 1.2799 0.0883
  endloop
 endfacet
 facet normal 0.26739 0.95699 -0.11259
  outer loop
   vertex -0.2650 1.6300 0.0000
   vertex -0.2650 1.6388 0.0745
   vertex -0.2085 1.6199 0.0483
  endloop
 endfacet
 facet normal -0.26739 -0.95699 0.11259
  outer loop
   vertex -0.3600 1.2900 0.0400
   vertex -0.3035 1.2799 0.0883
   vertex -0.3600 1.2988 0.1145
  endloop
 endfacet
 facet normal -0.43132 0.21039 0.87733
  outer loop
   vertex -0.3600 1.3018 0.1039
   vertex -0.4105 1.3028 0.0788
   vertex -0.4405 1.0328 0.1288
  endloop
 endfacet
 facet normal -0.43132 0.21039 0.87733
  outer loop
   vertex -0.3600 1.3018 0.1039
   vertex -0.4405 1.0328 0.1288
   vertex -0.3900 1.0318 0.1539
  endloop
 endfacet
 facet normal 0.10861 0.97747 -0.18101
  outer loop
   vertex -0.3600 1.2900 0.0400
   vertex -0.4105 1.3028 0.0788
   vertex -0.3600 1.3018 0.1039
  endloop
 endfacet
 facet normal -0.10861 -0.97747 0.18101
  outer loop
   vertex -0.3900 1.0200 0.0900
   vertex -0.3900 1.0318 0.1539
   vertex -0.4405 1.0328 0.1288
  endloop
 endfacet
 facet normal -0.96916 0.14463 0.19952
  outer loop
   vertex -0.4105 1.3028 0.0788
   vertex -0.4230 1.2941 0.0245
   vertex -0.4530 1.0241 0.0745
  endloop
 endfacet
 facet normal -0.96916 0.14463 0.19952
  outer loop
   vertex -0.4105 1.3028 0.0788
   vertex -0.4530 1.0241 0.0745
   vertex -0.4405 1.0328 0.1288
  endloop
 endfacet
 facet normal 0.10861 0.97747 -0.18101
  outer loop
   vertex -0.3600 1.2900 0.0400
   vertex -0.4230 1.2941 0.0245
   vertex -0.4105 1.3028 0.0788
  endloop
 endfacet
 facet normal -0.10861 -0.97747 0.18101
  outer loop
   vertex -0.3900 1.0200 0.0900
   vertex -0.4405 1.0328 0.1288
   vertex -0.4530 1.0241 0.0745
  endloop
 endfacet
 facet normal -0.77721 -0.03004 -0.62853
  outer loop
   vertex -0.4230 1.2941 0.0245
   vertex -0.3880 1.2823 -0.0181
   vertex -0.4180 1.0123 0.0319
  endloop
 endfacet
 facet normal -0.77721 -0.03004 -0.62853
  outer loop
   vertex -0.4230 1.2941 0.0245
   vertex -0.4180 1.0123 0.0319
   vertex -0.4530 1.0241 0.0745
  endloop
 endfacet
 facet normal 0.10861 0.97747 -0.18101
  outer loop
   vertex -0.3600 1.2900 0.0400
   vertex -0.3880 1.2823 -0.0181
   vertex -0.4230 1.2941 0.0245
  endloop
 endfacet
 facet normal -0.10861 -0.97747 0.18101
  outer loop
   vertex -0.3900 1.0200 0.0900
   vertex -0.4530 1.0241 0.0745
   vertex -0.4180 1.0123 0.0319
  endloop
 endfacet
 facet normal -0.00000 -0.18209 -0.98328
  outer loop
   vertex -0.3880 1.2823 -0.0181
   vertex -0.3320 1.2763 -0.0170
   vertex -0.3620 1.0063 0.0330
  endloop
 endfacet
 facet normal -0.00000 -0.18209 -0.98328
  outer loop
   vertex -0.3880 1.2823 -0.0181
   vertex -0.3620 1.0063 0.0330
   vertex -0.4180 1.0123 0.0319
  endloop
 endfacet
 facet normal 0.10861 0.97747 -0.18101
  outer loop
   vertex -0.3600 1.2900 0.0400
   vertex -0.3320 1.2763 -0.0170
   vertex -0.3880 1.2823 -0.0181
  endloop
 endfacet
 facet normal -0.10861 -0.97747 0.18101
  outer loop
   vertex -0.3900 1.0200 0.0900
   vertex -0.4180 1.0123 0.0319
   vertex -0.3620 1.0063 0.0330
  endloop
 endfacet
 facet normal 0.77721 -0.19702 -0.59760
  outer loop
   vertex -0.3320 1.2763 -0.0170
   vertex -0.2970 1.2806 0.0270
   vertex -0.3270 1.0106 0.0770
  endloop
 endfacet
 facet normal 0.77721 -0.19702 -0.59760
  outer loop
   vertex -0.3320 1.2763 -0.0170
   vertex -0.3270 1.0106 0.0770
   vertex -0.3620 1.0063 0.0330
  endloop
 endfacet
 facet normal 0.10861 0.97747 -0.18101
  outer loop
   vertex -0.3600 1.2900 0.0400
   vertex -0.2970 1.2806 0.0270
   vertex -0.3320 1.2763 -0.0170
  endloop
 endfacet
 facet normal -0.10861 -0.97747 0.18101
  outer loop
   vertex -0.3900 1.0200 0.0900
   vertex -0.3620 1.0063 0.0330
   vertex -0.3270 1.0106 0.0770
  endloop
 endfacet
 facet normal 0.96916 -0.06360 0.23808
  outer loop
   vertex -0.2970 1.2806 0.0270
   vertex -0.3095 1.2920 0.0809
   vertex -0.3395 1.0220 0.1309
  endloop
 endfacet
 facet normal 0.96916 -0.06360 0.23808
  outer loop
   vertex -0.2970 1.2806 0.0270
   vertex -0.3395 1.0220 0.1309
   vertex -0.3270 1.0106 0.0770
  endloop
 endfacet
 facet normal 0.10861 0.97747 -0.18101
  outer loop
   vertex -0.3600 1.2900 0.0400
   vertex -0.3095 1.2920 0.0809
   vertex -0.2970 1.2806 0.0270
  endloop
 endfacet
 facet normal -0.10861 -0.97747 0.18101
  outer loop
   vertex -0.3900 1.0200 0.0900
   vertex -0.3270 1.0106 0.0770
   vertex -0.3395 1.0220 0.1309
  endloop
 endfacet
 facet normal 0.43132 0.11772 0.89449
  outer loop
   vertex -0.3095 1.2920 0.0809
   vertex -0.3600 1.3018 0.1039
   vertex -0.3900 1.0318 0.1539
  endloop
 endfacet
 facet normal 0.43132 0.11772 0.89449
  outer loop
   vertex -0.3095 1.2920 0.0809
   vertex -0.3900 1.0318 0.1539
   vertex -0.3395 1.0220 0.1309
  endloop
 endfacet
 facet normal 0.10861 0.97747 -0.18101
  outer loop
   vertex -0.3600 1.2900 0.0400
   vertex -0.3600 1.3018 0.1039
   vertex -0.3095 1.2920 0.0809
  endloop
 endfacet
 facet normal -0.10861 -0.97747 0.18101
  outer loop
   vertex -0.3900 1.0200 0.0900
   vertex -0.3395 1.0220 0.1309
   vertex -0.3900 1.0318 0.1539
  endloop
 endfacet
 facet normal -0.37262 -0.89959 -0.22779
  outer loop
   vertex -0.3900 1.1100 0.0900
   vertex -0.3264 1.0836 0.0900
   vertex -0.3582 1.0836 0.1421
  endloop
 endfacet
 facet normal 0.00000 -0.89212 -0.45179
  outer loop
   vertex -0.3900 1.1100 0.0900
   vertex -0.3582 1.0836 0.1421
   vertex -0.4218 1.0836 0.1421
  endloop
 endfacet
 facet normal 0.37262 -0.89959 -0.22779
  outer loop
   vertex -0.3900 1.1100 0.0900
   vertex -0.4218 1.0836 0.1421
   vertex -0.4536 1.0836 0.0900
  endloop
 endfacet
 facet normal 0.37262 -0.89959 0.22779
  outer loop
   vertex -0.3900 1.1100 0.0900
   vertex -0.4536 1.0836 0.0900
   vertex -0.4218 1.0836 0.0379
  endloop
 endfacet
 facet normal 0.00000 -0.89212 0.45179
  outer loop
   vertex -0.3900 1.1100 0.0900
   vertex -0.4218 1.0836 0.0379
   vertex -0.3582 1.0836 0.0379
  endloop
 endfacet
 facet normal -0.37262 -0.89959 0.22779
  outer loop
   vertex -0.3900 1.1100 0.0900
   vertex -0.3582 1.0836 0.0379
   vertex -0.3264 1.0836 0.0900
  endloop
 endfacet
 facet normal -0.80445 -0.33321 -0.49177
  outer loop
   vertex -0.3264 1.0836 0.0900
   vertex -0.3000 1.0200 0.0900
   vertex -0.3582 1.0836 0.1421
  endloop
 endfacet
 facet normal -0.80445 -0.33321 -0.49177
  outer loop
   vertex -0.3582 1.0836 0.1421
   vertex -0.3000 1.0200 0.0900
   vertex -0.3450 1.0200 0.1636
  endloop
 endfacet
 facet normal 0.00000 -0.32088 -0.94712
  outer loop
   vertex -0.3582 1.0836 0.1421
   vertex -0.3450 1.0200 0.1636
   vertex -0.4218 1.0836 0.1421
  endloop
 endfacet
 facet normal 0.00000 -0.32088 -0.94712
  outer loop
   vertex -0.4218 1.0836 0.1421
   vertex -0.3450 1.0200 0.1636
   vertex -0.4350 1.0200 0.1636
  endloop
 endfacet
 facet normal 0.80445 -0.33321 -0.49177
  outer loop
   vertex -0.4218 1.0836 0.1421
   vertex -0.4350 1.0200 0.1636
   vertex -0.4536 1.0836 0.0900
  endloop
 endfacet
 facet normal 0.80445 -0.33321 -0.49177
  outer loop
   vertex -0.4536 1.0836 0.0900
   vertex -0.4350 1.0200 0.1636
   vertex -0.4800 1.0200 0.0900
  endloop
 endfacet
 facet normal 0.80445 -0.33321 0.49177
  outer loop
   vertex -0.4536 1.0836 0.0900
   vertex -0.4800 1.0200 0.0900
   vertex -0.4218 1.0836 0.0379
  endloop
 endfacet
 facet normal 0.80445 -0.33321 0.49177
  outer loop
   vertex -0.4218 1.0836 0.0379
   vertex -0.4800 1.0200 0.0900
   vertex -0.4350 1.0200 0.0164
  endloop
 endfacet
 facet normal 0.00000 -0.32088 0.94712
  outer loop
   vertex -0.4218 1.0836 0.0379
   vertex -0.4350 1.0200 0.0164
   vertex -0.3582 1.0836 0.0379
  endloop
 endfacet
 facet normal 0.00000 -0.32088 0.94712
  outer loop
   vertex -0.3582 1.0836 0.0379
   vertex -0.4350 1.0200 0.0164
   vertex -0.3450 1.0200 0.0164
  endloop
 endfacet
 facet normal -0.80445 -0.33321 0.49177
  outer loop
   vertex -0.3582 1.0836 0.0379
   vertex -0.3450 1.0200 0.0164
   vertex -0.3264 1.0836 0.0900
  endloop
 endfacet
 facet normal -0.80445 -0.33321 0.49177
  outer loop
   vertex -0.3264 1.0836 0.0900
   vertex -0.3450 1.0200 0.0164
   vertex -0.3000 1.0200 0.0900
  endloop
 endfacet
 facet normal -0.80445 0.33321 -0.49177
  outer loop
   vertex -0.3000 1.0200 0.0900
   vertex -0.3264 0.9564 0.0900
   vertex -0.3450 1.0200 0.1636
  endloop
 endfacet
 facet normal -0.80445 0.33321 -0.49177
  outer loop
   vertex -0.3450 1.0200 0.1636
   vertex -0.3264 0.9564 0.0900
   vertex -0.3582 0.9564 0.1421
  endloop
 endfacet
 facet normal 0.00000 0.32088 -0.94712
  outer loop
   vertex -0.3450 1.0200 0.1636
   vertex -0.3582 0.9564 0.1421
   vertex -0.4350 1.0200 0.1636
  endloop
 endfacet
 facet normal -0.00000 0.32088 -0.94712
  outer loop
   vertex -0.4350 1.0200 0.1636
   vertex -0.3582 0.9564 0.1421
   vertex -0.4218 0.9564 0.1421
  endloop
 endfacet
 facet normal 0.80445 0.33321 -0.49177
  outer loop
   vertex -0.4350 1.0200 0.1636
   vertex -0.4218 0.9564 0.1421
   vertex -0.4800 1.0200 0.0900
  endloop
 endfacet
 facet normal 0.80445 0.33321 -0.49177
  outer loop
   vertex -0.4800 1.0200 0.0900
   vertex -0.4218 0.9564 0.1421
   vertex -0.4536 0.9564 0.0900
  endloop
 endfacet
 facet normal 0.80445 0.33321 0.49177
  outer loop
   vertex -0.4800 1.0200 0.0900
   vertex -0.4536 0.9564 0.0900
   vertex -0.4350 1.0200 0.0164
  endloop
 endfacet
 facet normal 0.80445 0.33321 0.49177
  outer loop
   vertex -0.4350 1.0200 0.0164
   vertex -0.4536 0.9564 0.0900
   vertex -0.4218 0.9564 0.0379
  endloop
 endfacet
 facet normal 0.00000 0.32088 0.94712
  outer loop
   vertex -0.4350 1.0200 0.0164
   vertex -0.4218 0.9564 0.0379
   vertex -0.3450 1.0200 0.0164
  endloop
 endfacet
 facet normal 0.00000 0.32088 0.94712
  outer loop
   vertex -0.3450 1.0200 0.0164
   vertex -0.4218 0.9564 0.0379
   vertex -0.3582 0.9564 0.0379
  endloop
 endfacet
 facet normal -0.80445 0.33321 0.49177
  outer loop
   vertex -0.3450 1.0200 0.0164
   vertex -0.3582 0.9564 0.0379
   vertex -0.3000 1.0200 0.0900
  endloop
 endfacet
 facet normal -0.80445 0.33321 0.49177
  outer loop
   vertex -0.3000 1.0200 0.0900
   vertex -0.3582 0.9564 0.0379
   vertex -0.3264 0.9564 0.0900
  endloop
 endfacet
 facet normal -0.37262 0.89959 -0.22779
  outer loop
   vertex -0.3264 0.9564 0.0900
   vertex -0.3900 0.9300 0.0900
   vertex -0.3582 0.9564 0.1421
  endloop
 endfacet
 facet normal -0.00000 0.89212 -0.45179
  outer loop
   vertex -0.3582 0.9564 0.1421
   vertex -0.3900 0.9300 0.0900
   vertex -0.4218 0.9564 0.1421
  endloop
 endfacet
 facet normal 0.37262 0.89959 -0.22779
  outer loop
   vertex -0.4218 0.9564 0.1421
   vertex -0.3900 0.9300 0.0900
   vertex -0.4536 0.9564 0.0900
  endloop
 endfacet
 facet normal 0.37262 0.89959 0.22779
  outer loop
   vertex -0.4536 0.9564 0.0900
   vertex -0.3900 0.9300 0.0900
   vertex -0.4218 0.9564 0.0379
  endloop
 endfacet
 facet normal 0.00000 0.89212 0.45179
  outer loop
   vertex -0.4218 0.9564 0.0379
   vertex -0.3900 0.9300 0.0900
   vertex -0.3582 0.9564 0.0379
  endloop
 endfacet
 facet normal -0.37262 0.89959 0.22779
  outer loop
   vertex -0.3582 0.9564 0.0379
   vertex -0.3900 0.9300 0.0900
   vertex -0.3264 0.9564 0.0900
  endloop
 endfacet
 facet normal -0.45353 -0.86680 -0.20729
  outer loop
   vertex -0.2650 1.7500 0.0000
   vertex -0.1978 1.7149 0.0000
   vertex -0.2314 1.7149 0.0735
  endloop
 endfacet
 facet normal -0.00000 -0.90212 -0.43148
  outer loop
   vertex -0.2650 1.7500 0.0000
   vertex -0.2314 1.7149 0.0735
   vertex -0.2986 1.7149 0.0735
  endloop
 endfacet
 facet normal 0.45353 -0.86680 -0.20729
  outer loop
   vertex -0.2650 1.7500 0.0000
   vertex -0.2986 1.7149 0.0735
   vertex -0.3322 1.7149 0.0000
  endloop
 endfacet
 facet normal 0.45353 -0.86680 0.20729
  outer loop
   vertex -0.2650 1.7500 0.0000
   vertex -0.3322 1.7149 0.0000
   vertex -0.2986 1.7149 -0.0735
  endloop
 endfacet
 facet normal 0.00000 -0.90212 0.43148
  outer loop
   vertex -0.2650 1.7500 0.0000
   vertex -0.2986 1.7149 -0.0735
   vertex -0.2314 1.7149 -0.0735
  endloop
 endfacet
 facet normal -0.45353 -0.86680 0.20729
  outer loop
   vertex -0.2650 1.7500 0.0000
   vertex -0.2314 1.7149 -0.0735
   vertex -0.1978 1.7149 -0.0000
  endloop
 endfacet
 facet normal -0.87156 -0.28580 -0.39836
  outer loop
   vertex -0.1978 1.7149 0.0000
   vertex -0.1700 1.6300 0.0000
   vertex -0.2314 1.7149 0.0735
  endloop
 endfacet
 facet normal -0.87156 -0.28580 -0.39836
  outer loop
   vertex -0.2314 1.7149 0.0735
   vertex -0.1700 1.6300 0.0000
   vertex -0.2175 1.6300 0.1039
  endloop
 endfacet
 facet normal -0.00000 -0.33765 -0.94127
  outer loop
   vertex -0.2314 1.7149 0.0735
   vertex -0.2175 1.6300 0.1039
   vertex -0.2986 1.7149 0.0735
  endloop
 endfacet
 facet normal -0.00000 -0.33765 -0.94127
  outer loop
   vertex -0.2986 1.7149 0.0735
   vertex -0.2175 1.6300 0.1039
   vertex -0.3125 1.6300 0.1039
  endloop
 endfacet
 facet normal 0.87156 -0.28580 -0.39836
  outer loop
   vertex -0.2986 1.7149 0.0735
   vertex -0.3125 1.6300 0.1039
   vertex -0.3322 1.7149 0.0000
  endloop
 endfacet
 facet normal 0.87156 -0.28580 -0.39836
  outer loop
   vertex -0.3322 1.7149 0.0000
   vertex -0.3125 1.6300 0.1039
   vertex -0.3600 1.6300 0.0000
  endloop
 endfacet
 facet normal 0.87156 -0.28580 0.39836
  outer loop
   vertex -0.3322 1.7149 0.0000
   vertex -0.3600 1.6300 0.0000
   vertex -0.2986 1.7149 -0.0735
  endloop
 endfacet
 facet normal 0.87156 -0.28580 0.39836
  outer loop
   vertex -0.2986 1.7149 -0.0735
   vertex -0.3600 1.6300 0.0000
   vertex -0.3125 1.6300 -0.1039
  endloop
 endfacet
 facet normal 0.00000 -0.33765 0.94127
  outer loop
   vertex -0.2986 1.7149 -0.0735
   vertex -0.3125 1.6300 -0.1039
   vertex -0.2314 1.7149 -0.0735
  endloop
 endfacet
 facet normal 0.00000 -0.33765 0.94127
  outer loop
   vertex -0.2314 1.7149 -0.0735
   vertex -0.3125 1.6300 -0.1039
   vertex -0.2175 1.6300 -0.1039
  endloop
 endfacet
 facet normal -0.87156 -0.28580 0.39836
  outer loop
   vertex -0.2314 1.7149 -0.0735
   vertex -0.2175 1.6300 -0.1039
   vertex -0.1978 1.7149 -0.0000
  endloop
 endfacet
 facet normal -0.87156 -0.28580 0.39836
  outer loop
   vertex -0.1978 1.7149 -0.0000
   vertex -0.2175 1.6300 -0.1039
   vertex -0.1700 1.6300 -0.0000
  endloop
 endfacet
 facet normal -0.87156 0.28580 -0.39836
  outer loop
   vertex -0.1700 1.6300 0.0000
   vertex -0.1978 1.5451 0.0000
   vertex -0.2175 1.6300 0.1039
  endloop
 endfacet
 facet normal -0.87156 0.28580 -0.39836
  outer loop
   vertex -0.2175 1.6300 0.1039
   vertex -0.1978 1.5451 0.0000
   vertex -0.2314 1.5451 0.0735
  endloop
 endfacet
 facet normal -0.00000 0.33765 -0.94127
  outer loop
   vertex -0.2175 1.6300 0.1039
   vertex -0.2314 1.5451 0.0735
   vertex -0.3125 1.6300 0.1039
  endloop
 endfacet
 facet normal -0.00000 0.33765 -0.94127
  outer loop
   vertex -0.3125 1.6300 0.1039
   vertex -0.2314 1.5451 0.0735
   vertex -0.2986 1.5451 0.0735
  endloop
 endfacet
 facet normal 0.87156 0.28580 -0.39836
  outer loop
   vertex -0.3125 1.6300 0.1039
   vertex -0.2986 1.5451 0.0735
   vertex -0.3600 1.6300 0.0000
  endloop
 endfacet
 facet normal 0.87156 0.28580 -0.39836
  outer loop
   vertex -0.3600 1.6300 0.0000
   vertex -0.2986 1.5451 0.0735
   vertex -0.3322 1.5451 0.0000
  endloop
 endfacet
 facet normal 0.87156 0.28580 0.39836
  outer loop
   vertex -0.3600 1.6300 0.0000
   vertex -0.3322 1.5451 0.0000
   vertex -0.3125 1.6300 -0.1039
  endloop
 endfacet
 facet normal 0.87156 0.28580 0.39836
  outer loop
   vertex -0.3125 1.6300 -0.1039
   vertex -0.3322 1.5451 0.0000
   vertex -0.2986 1.5451 -0.0735
  endloop
 endfacet
 facet normal 0.00000 0.33765 0.94127
  outer loop
   vertex -0.3125 1.6300 -0.1039
   vertex -0.2986 1.5451 -0.0735
   vertex -0.2175 1.6300 -0.1039
  endloop
 endfacet
 facet normal 0.00000 0.33765 0.94127
  outer loop
   vertex -0.2175 1.6300 -0.1039
   vertex -0.2986 1.5451 -0.0735
   vertex -0.2314 1.5451 -0.0735
  endloop
 endfacet
 facet normal -0.87156 0.28580 0.39836
  outer loop
   vertex -0.2175 1.6300 -0.1039
   vertex -0.2314 1.5451 -0.0735
   vertex -0.1700 1.6300 -0.0000
  endloop
 endfacet
 facet normal -0.87156 0.28580 0.39836
  outer loop
   vertex -0.1700 1.6300 -0.0000
   vertex -0.2314 1.5451 -0.0735
   vertex -0.1978 1.5451 -0.0000
  endloop
 endfacet
 facet normal -0.45353 0.86680 -0.20729
  outer loop
   vertex -0.1978 1.5451 0.0000
   vertex -0.2650 1.5100 0.0000
   vertex -0.2314 1.5451 0.0735
  endloop
 endfacet
 facet normal -0.00000 0.90212 -0.43148
  outer loop
   vertex -0.2314 1.5451 0.0735
   vertex -0.2650 1.5100 0.0000
   vertex -0.2986 1.5451 0.0735
  endloop
 endfacet
 facet normal 0.45353 0.86680 -0.20729
  outer loop
   vertex -0.2986 1.5451 0.0735
   vertex -0.2650 1.5100 0.0000
   vertex -0.3322 1.5451 0.0000
  endloop
 endfacet
 facet normal 0.45353 0.86680 0.20729
  outer loop
   vertex -0.3322 1.5451 0.0000
   vertex -0.2650 1.5100 0.0000
   vertex -0.2986 1.5451 -0.0735
  endloop
 endfacet
 facet normal 0.00000 0.90212 0.43148
  outer loop
   vertex -0.2986 1.5451 -0.0735
   vertex -0.2650 1.5100 -0.0000
   vertex -0.2314 1.5451 -0.0735
  endloop
 endfacet
 facet normal -0.45353 0.86680 0.20729
  outer loop
   vertex -0.2314 1.5451 -0.0735
   vertex -0.2650 1.5100 -0.0000
   vertex -0.1978 1.5451 -0.0000
  endloop
 endfacet
 facet normal -0.41808 -0.00995 0.90835
  outer loop
   vertex 0.2650 1.6388 0.0745
   vertex 0.2085 1.6199 0.0483
   vertex 0.3035 1.2799 0.0883
  endloop
 endfacet
 facet normal -0.41808 -0.00995 0.90835
  outer loop
   vertex 0.2650 1.6388 0.0745
   vertex 0.3035 1.2799 0.0883
   vertex 0.3600 1.2988 0.1145
  endloop
 endfacet
 facet normal -0.26739 0.95699 -0.11259
  outer loop
   vertex 0.2650 1.6300 0.0000
   vertex 0.2085 1.6199 0.0483
   vertex 0.2650 1.6388 0.0745
  endloop
 endfacet
 facet normal 0.26739 -0.95699 0.11259
  outer loop
   vertex 0.3600 1.2900 0.0400
   vertex 0.3600 1.2988 0.1145
   vertex 0.3035 1.2799 0.0883
  endloop
 endfacet
 facet normal -0.93943 -0.23290 0.25146
  outer loop
   vertex 0.2085 1.6199 0.0483
   vertex 0.1945 1.6086 -0.0143
   vertex 0.2895 1.2686 0.0257
  endloop
 endfacet
 facet normal -0.93943 -0.23290 0.25146
  outer loop
   vertex 0.2085 1.6199 0.0483
   vertex 0.2895 1.2686 0.0257
   vertex 0.3035 1.2799 0.0883
  endloop
 endfacet
 facet normal -0.26739 0.95699 -0.11259
  outer loop
   vertex 0.2650 1.6300 0.0000
   vertex 0.1945 1.6086 -0.0143
   vertex 0.2085 1.6199 0.0483
  endloop
 endfacet
 facet normal 0.26739 -0.95699 0.11259
  outer loop
   vertex 0.3600 1.2900 0.0400
   vertex 0.3035 1.2799 0.0883
   vertex 0.2895 1.2686 0.0257
  endloop
 endfacet
 facet normal -0.75336 -0.28047 -0.59479
  outer loop
   vertex 0.1945 1.6086 -0.0143
   vertex 0.2336 1.6135 -0.0661
   vertex 0.3286 1.2735 -0.0261
  endloop
 endfacet
 facet normal -0.75336 -0.28047 -0.59479
  outer loop
   vertex 0.1945 1.6086 -0.0143
   vertex 0.3286 1.2735 -0.0261
   vertex 0.2895 1.2686 0.0257
  endloop
 endfacet
 facet normal -0.26739 0.95699 -0.11259
  outer loop
   vertex 0.2650 1.6300 0.0000
   vertex 0.2336 1.6135 -0.0661
   vertex 0.1945 1.6086 -0.0143
  endloop
 endfacet
 facet normal 0.26739 -0.95699 0.11259
  outer loop
   vertex 0.3600 1.2900 0.0400
   vertex 0.2895 1.2686 0.0257
   vertex 0.3286 1.2735 -0.0261
  endloop
 endfacet
 facet normal -0.00000 -0.11684 -0.99315
  outer loop
   vertex 0.2336 1.6135 -0.0661
   vertex 0.2964 1.6307 -0.0681
   vertex 0.3914 1.2907 -0.0281
  endloop
 endfacet
 facet normal -0.00000 -0.11684 -0.99315
  outer loop
   vertex 0.2336 1.6135 -0.0661
   vertex 0.3914 1.2907 -0.0281
   vertex 0.3286 1.2735 -0.0261
  endloop
 endfacet
 facet normal -0.26739 0.95699 -0.11259
  outer loop
   vertex 0.2650 1.6300 0.0000
   vertex 0.2964 1.6307 -0.0681
   vertex 0.2336 1.6135 -0.0661
  endloop
 endfacet
 facet normal 0.26739 -0.95699 0.11259
  outer loop
   vertex 0.3600 1.2900 0.0400
   vertex 0.3286 1.2735 -0.0261
   vertex 0.3914 1.2907 -0.0281
  endloop
 endfacet
 facet normal 0.75336 0.13478 -0.64365
  outer loop
   vertex 0.2964 1.6307 -0.0681
   vertex 0.3355 1.6475 -0.0189
   vertex 0.4305 1.3075 0.0211
  endloop
 endfacet
 facet normal 0.75336 0.13478 -0.64365
  outer loop
   vertex 0.2964 1.6307 -0.0681
   vertex 0.4305 1.3075 0.0211
   vertex 0.3914 1.2907 -0.0281
  endloop
 endfacet
 facet normal -0.26739 0.95699 -0.11259
  outer loop
   vertex 0.2650 1.6300 0.0000
   vertex 0.3355 1.6475 -0.0189
   vertex 0.2964 1.6307 -0.0681
  endloop
 endfacet
 facet normal 0.26739 -0.95699 0.11259
  outer loop
   vertex 0.3600 1.2900 0.0400
   vertex 0.3914 1.2907 -0.0281
   vertex 0.4305 1.3075 0.0211
  endloop
 endfacet
 facet normal 0.93943 0.28490 0.19054
  outer loop
   vertex 0.3355 1.6475 -0.0189
   vertex 0.3215 1.6510 0.0446
   vertex 0.4165 1.3110 0.0846
  endloop
 endfacet
 facet normal 0.93943 0.28490 0.19054
  outer loop
   vertex 0.3355 1.6475 -0.0189
   vertex 0.4165 1.3110 0.0846
   vertex 0.4305 1.3075 0.0211
  endloop
 endfacet
 facet normal -0.26739 0.95699 -0.11259
  outer loop
   vertex 0.2650 1.6300 0.0000
   vertex 0.3215 1.6510 0.0446
   vertex 0.3355 1.6475 -0.0189
  endloop
 endfacet
 facet normal 0.26739 -0.95699 0.11259
  outer loop
   vertex 0.3600 1.2900 0.0400
   vertex 0.4305 1.3075 0.0211
   vertex 0.4165 1.3110 0.0846
  endloop
 endfacet
 facet normal 0.41808 0.22049 0.88124
  outer loop
   vertex 0.3215 1.6510 0.0446
   vertex 0.2650 1.6388 0.0745
   vertex 0.3600 1.2988 0.1145
  endloop
 endfacet
 facet normal 0.41808 0.22049 0.88124
  outer loop
   vertex 0.3215 1.6510 0.0446
   vertex 0.3600 1.2988 0.1145
   vertex 0.4165 1.3110 0.0846
  endloop
 endfacet
 facet normal -0.26739 0.95699 -0.11259
  outer loop
   vertex 0.2650 1.6300 0.0000
   vertex 0.2650 1.6388 0.0745
   vertex 0.3215 1.6510 0.0446
  endloop
 endfacet
 facet normal 0.26739 -0.95699 0.11259
  outer loop
   vertex 0.3600 1.2900 0.0400
   vertex 0.4165 1.3110 0.0846
   vertex 0.3600 1.2988 0.1145
  endloop
 endfacet
 facet normal -0.43132 0.11772 0.89449
  outer loop
   vertex 0.3600 1.3018 0.1039
   vertex 0.3095 1.2920 0.0809
   vertex 0.3395 1.0220 0.1309
  endloop
 endfacet
 facet normal -0.43132 0.11772 0.89449
  outer loop
   vertex 0.3600 1.3018 0.1039
   vertex 0.3395 1.0220 0.1309
   vertex 0.3900 1.0318 0.1539
  endloop
 endfacet
 facet normal -0.10861 0.97747 -0.18101
  outer loop
   vertex 0.3600 1.2900 0.0400
   vertex 0.3095 1.2920 0.0809
   vertex 0.3600 1.3018 0.1039
  endloop
 endfacet
 facet normal 0.10861 -0.97747 0.18101
  outer loop
   vertex 0.3900 1.0200 0.0900
   vertex 0.3900 1.0318 0.1539
   vertex 0.3395 1.0220 0.1309
  endloop
 endfacet
 facet normal -0.96916 -0.06360 0.23808
  outer loop
   vertex 0.3095 1.2920 0.0809
   vertex 0.2970 1.2806 0.0270
   vertex 0.3270 1.0106 0.0770
  endloop
 endfacet
 facet normal -0.96916 -0.06360 0.23808
  outer loop
   vertex 0.3095 1.2920 0.0809
   vertex 0.3270 1.0106 0.0770
   vertex 0.3395 1.0220 0.1309
  endloop
 endfacet
 facet normal -0.10861 0.97747 -0.18101
  outer loop
   vertex 0.3600 1.2900 0.0400
   vertex 0.2970 1.2806 0.0270
   vertex 0.3095 1.2920 0.0809
  endloop
 endfacet
 facet normal 0.10861 -0.97747 0.18101
  outer loop
   vertex 0.3900 1.0200 0.0900
   vertex 0.3395 1.0220 0.1309
   vertex 0.3270 1.0106 0.0770
  endloop
 endfacet
 facet normal -0.77721 -0.19702 -0.59760
  outer loop
   vertex 0.2970 1.2806 0.0270
   vertex 0.3320 1.2763 -0.0170
   vertex 0.3620 1.0063 0.0330
  endloop
 endfacet
 facet normal -0.77721 -0.19702 -0.59760
  outer loop
   vertex 0.2970 1.2806 0.0270
   vertex 0.3620 1.0063 0.0330
   vertex 0.3270 1.0106 0.0770
  endloop
 endfacet
 facet normal -0.10861 0.97747 -0.18101
  outer loop
   vertex 0.3600 1.2900 0.0400
   vertex 0.3320 1.2763 -0.0170
   vertex 0.2970 1.2806 0.0270
  endloop
 endfacet
 facet normal 0.10861 -0.97747 0.18101
  outer loop
   vertex 0.3900 1.0200 0.0900
   vertex 0.3270 1.0106 0.0770
   vertex 0.3620 1.0063 0.0330
  endloop
 endfacet
 facet normal 0.00000 -0.18209 -0.98328
  outer loop
   vertex 0.3320 1.2763 -0.0170
   vertex 0.3880 1.2823 -0.0181
   vertex 0.4180 1.0123 0.0319
  endloop
 endfacet
 facet normal 0.00000 -0.18209 -0.98328
  outer loop
   vertex 0.3320 1.2763 -0.0170
   vertex 0.4180 1.0123 0.0319
   vertex 0.3620 1.0063 0.0330
  endloop
 endfacet
 facet normal -0.10861 0.97747 -0.18101
  outer loop
   vertex 0.3600 1.2900 0.0400
   vertex 0.3880 1.2823 -0.0181
   vertex 0.3320 1.2763 -0.0170
  endloop
 endfacet
 facet normal 0.10861 -0.97747 0.18101
  outer loop
   vertex 0.3900 1.0200 0.0900
   vertex 0.3620 1.0063 0.0330
   vertex 0.4180 1.0123 0.0319
  endloop
 endfacet
 facet normal 0.77721 -0.03004 -0.62853
  outer loop
   vertex 0.3880 1.2823 -0.0181
   vertex 0.4230 1.2941 0.0245
   vertex 0.4530 1.0241 0.0745
  endloop
 endfacet
 facet normal 0.77721 -0.03004 -0.62853
  outer loop
   vertex 0.3880 1.2823 -0.0181
   vertex 0.4530 1.0241 0.0745
   vertex 0.4180 1.0123 0.0319
  endloop
 endfacet
 facet normal -0.10861 0.97747 -0.18101
  outer loop
   vertex 0.3600 1.2900 0.0400
   vertex 0.4230 1.2941 0.0245
   vertex 0.3880 1.2823 -0.0181
  endloop
 endfacet
 facet normal 0.10861 -0.97747 0.18101
  outer loop
   vertex 0.3900 1.0200 0.0900
   vertex 0.4180 1.0123 0.0319
   vertex 0.4530 1.0241 0.0745
  endloop
 endfacet
 facet normal 0.96916 0.14463 0.19952
  outer loop
   vertex 0.4230 1.2941 0.0245
   vertex 0.4105 1.3028 0.0788
   vertex 0.4405 1.0328 0.1288
  endloop
 endfacet
 facet normal 0.96916 0.14463 0.19952
  outer loop
   vertex 0.4230 1.2941 0.0245
   vertex 0.4405 1.0328 0.1288
   vertex 0.4530 1.0241 0.0745
  endloop
 endfacet
 facet normal -0.10861 0.97747 -0.18101
  outer loop
   vertex 0.3600 1.2900 0.0400
   vertex 0.4105 1.3028 0.0788
   vertex 0.4230 1.2941 0.0245
  endloop
 endfacet
 facet normal 0.10861 -0.97747 0.18101
  outer loop
   vertex 0.3900 1.0200 0.0900
   vertex 0.4530 1.0241 0.0745
   vertex 0.4405 1.0328 0.1288
  endloop
 endfacet
 facet normal 0.43132 0.21039 0.87733
  outer loop
   vertex 0.4105 1.3028 0.0788
   vertex 0.3600 1.3018 0.1039
   vertex 0.3900 1.0318 0.1539
  endloop
 endfacet
 facet normal 0.43132 0.21039 0.87733
  outer loop
   vertex 0.4105 1.3028 0.0788
   vertex 0.3900 1.0318 0.1539
   vertex 0.4405 1.0328 0.1288
  endloop
 endfacet
 facet normal -0.10861 0.97747 -0.18101
  outer loop
   vertex 0.3600 1.2900 0.0400
   vertex 0.3600 1.3018 0.1039
   vertex 0.4105 1.3028 0.0788
  endloop
 endfacet
 facet normal 0.10861 -0.97747 0.18101
  outer loop
   vertex 0.3900 1.0200 0.0900
   vertex 0.4405 1.0328 0.1288
   vertex 0.3900 1.0318 0.1539
  endloop
 endfacet
 facet normal -0.37262 -0.89959 -0.22779
  outer loop
   vertex 0.3900 1.1100 0.0900
   vertex 0.4536 1.0836 0.0900
   vertex 0.4218 1.0836 0.1421
  endloop
 endfacet
 facet normal 0.00000 -0.89212 -0.45179
  outer loop
   vertex 0.3900 1.1100 0.0900
   vertex 0.4218 1.0836 0.1421
   vertex 0.3582 1.0836 0.1421
  endloop
 endfacet
 facet normal 0.37262 -0.89959 -0.22779
  outer loop
   vertex 0.3900 1.1100 0.0900
   vertex 0.3582 1.0836 0.1421
   vertex 0.3264 1.0836 0.0900
  endloop
 endfacet
 facet normal 0.37262 -0.89959 0.22779
  outer loop
   vertex 0.3900 1.1100 0.0900
   vertex 0.3264 1.0836 0.0900
   vertex 0.3582 1.0836 0.0379
  endloop
 endfacet
 facet normal 0.00000 -0.89212 0.45179
  outer loop
   vertex 0.3900 1.1100 0.0900
   vertex 0.3582 1.0836 0.0379
   vertex 0.4218 1.0836 0.0379
  endloop
 endfacet
 facet normal -0.37262 -0.89959 0.22779
  outer loop
   vertex 0.3900 1.1100 0.0900
   vertex 0.4218 1.0836 0.0379
   vertex 0.4536 1.0836 0.0900
  endloop
 endfacet
 facet normal -0.80445 -0.33321 -0.49177
  outer loop
   vertex 0.4536 1.0836 0.0900
   vertex 0.4800 1.0200 0.0900
   vertex 0.4218 1.0836 0.1421
  endloop
 endfacet
 facet normal -0.80445 -0.33321 -0.49177
  outer loop
   vertex 0.4218 1.0836 0.1421
   vertex 0.4800 1.0200 0.0900
   vertex 0.4350 1.0200 0.1636
  endloop
 endfacet
 facet normal 0.00000 -0.32088 -0.94712
  outer loop
   vertex 0.4218 1.0836 0.1421
   vertex 0.4350 1.0200 0.1636
   vertex 0.3582 1.0836 0.1421
  endloop
 endfacet
 facet normal 0.00000 -0.32088 -0.94712
  outer loop
   vertex 0.3582 1.0836 0.1421
   vertex 0.4350 1.0200 0.1636
   vertex 0.3450 1.0200 0.1636
  endloop
 endfacet
 facet normal 0.80445 -0.33321 -0.49177
  outer loop
   vertex 0.3582 1.0836 0.1421
   vertex 0.3450 1.0200 0.1636
   vertex 0.3264 1.0836 0.0900
  endloop
 endfacet
 facet normal 0.80445 -0.33321 -0.49177
  outer loop
   vertex 0.3264 1.0836 0.0900
   vertex 0.3450 1.0200 0.1636
   vertex 0.3000 1.0200 0.0900
  endloop
 endfacet
 facet normal 0.80445 -0.33321 0.49177
  outer loop
   vertex 0.3264 1.0836 0.0900
   vertex 0.3000 1.0200 0.0900
   vertex 0.3582 1.0836 0.0379
  endloop
 endfacet
 facet normal 0.80445 -0.33321 0.49177
  outer loop
   vertex 0.3582 1.0836 0.0379
   vertex 0.3000 1.0200 0.0900
   vertex 0.3450 1.0200 0.0164
  endloop
 endfacet
 facet normal 0.00000 -0.32088 0.94712
  outer loop
   vertex 0.3582 1.0836 0.0379
   vertex 0.3450 1.0200 0.0164
   vertex 0.4218 1.0836 0.0379
  endloop
 endfacet
 facet normal 0.00000 -0.32088 0.94712
  outer loop
   vertex 0.4218 1.0836 0.0379
   vertex 0.3450 1.0200 0.0164
   vertex 0.4350 1.0200 0.0164
  endloop
 endfacet
 facet normal -0.80445 -0.33321 0.49177
  outer loop
   vertex 0.4218 1.0836 0.0379
   vertex 0.4350 1.0200 0.0164
   vertex 0.4536 1.0836 0.0900
  endloop
 endfacet
 facet normal -0.80445 -0.33321 0.49177
  outer loop
   vertex 0.4536 1.0836 0.0900
   vertex 0.4350 1.0200 0.0164
   vertex 0.4800 1.0200 0.0900
  endloop
 endfacet
 facet normal -0.80445 0.33321 -0.49177
  outer loop
   vertex 0.4800 1.0200 0.0900
   vertex 0.4536 0.9564 0.0900
   vertex 0.4350 1.0200 0.1636
  endloop
 endfacet
 facet normal -0.80445 0.33321 -0.49177
  outer loop
   vertex 0.4350 1.0200 0.1636
   vertex 0.4536 0.9564 0.0900
   vertex 0.4218 0.9564 0.1421
  endloop
 endfacet
 facet normal 0.00000 0.32088 -0.94712
  outer loop
   vertex 0.4350 1.0200 0.1636
   vertex 0.4218 0.9564 0.1421
   vertex 0.3450 1.0200 0.1636
  endloop
 endfacet
 facet normal -0.00000 0.32088 -0.94712
  outer loop
   vertex 0.3450 1.0200 0.1636
   vertex 0.4218 0.9564 0.1421
   vertex 0.3582 0.9564 0.1421
  endloop
 endfacet
 facet normal 0.80445 0.33321 -0.49177
  outer loop
   vertex 0.3450 1.0200 0.1636
   vertex 0.3582 0.9564 0.1421
   vertex 0.3000 1.0200 0.0900
  endloop
 endfacet
 facet normal 0.80445 0.33321 -0.49177
  outer loop
   vertex 0.3000 1.0200 0.0900
   vertex 0.3582 0.9564 0.1421
   vertex 0.3264 0.9564 0.0900
  endloop
 endfacet
 facet normal 0.80445 0.33321 0.49177
  outer loop
   vertex 0.3000 1.0200 0.0900
   vertex 0.3264 0.9564 0.0900
   vertex 0.3450 1.0200 0.0164
  endloop
 endfacet
 facet normal 0.80445 0.33321 0.49177
  outer loop
   vertex 0.3450 1.0200 0.0164
   vertex 0.3264 0.9564 0.0900
   vertex 0.3582 0.9564 0.0379
  endloop
 endfacet
 facet normal 0.00000 0.32088 0.94712
  outer loop
   vertex 0.3450 1.0200 0.0164
   vertex 0.3582 0.9564 0.0379
   vertex 0.4350 1.0200 0.0164
  endloop
 endfacet
 facet normal 0.00000 0.32088 0.94712
  outer loop
   vertex 0.4350 1.0200 0.0164
   vertex 0.3582 0.9564 0.0379
   vertex 0.4218 0.9564 0.0379
  endloop
 endfacet
 facet normal -0.80445 0.33321 0.49177
  outer loop
   vertex 0.4350 1.0200 0.0164
   vertex 0.4218 0.9564 0.0379
   vertex 0.4800 1.0200 0.0900
  endloop
 endfacet
 facet normal -0.80445 0.33321 0.49177
  outer loop
   vertex 0.4800 1.0200 0.0900
   vertex 0.4218 0.9564 0.0379
   vertex 0.4536 0.9564 0.0900
  endloop
 endfacet
 facet normal -0.37262 0.89959 -0.22779
  outer loop
   vertex 0.4536 0.9564 0.0900
   vertex 0.3900 0.9300 0.0900
   vertex 0.4218 0.9564 0.1421
  endloop
 endfacet
 facet normal -0.00000 0.89212 -0.45179
  outer loop
   vertex 0.4218 0.9564 0.1421
   vertex 0.3900 0.9300 0.0900
   vertex 0.3582 0.9564 0.1421
  endloop
 endfacet
 facet normal 0.37262 0.89959 -0.22779
  outer loop
   vertex 0.3582 0.9564 0.1421
   vertex 0.3900 0.9300 0.0900
   vertex 0.3264 0.9564 0.0900
  endloop
 endfacet
 facet normal 0.37262 0.89959 0.22779
  outer loop
   vertex 0.3264 0.9564 0.0900
   vertex 0.3900 0.9300 0.0900
   vertex 0.3582 0.9564 0.0379
  endloop
 endfacet
 facet normal 0.00000 0.89212 0.45179
  outer loop
   vertex 0.3582 0.9564 0.0379
   vertex 0.3900 0.9300 0.0900
   vertex 0.4218 0.9564 0.0379
  endloop
 endfacet
 facet normal -0.37262 0.89959 0.22779
  outer loop
   vertex 0.4218 0.9564 0.0379
   vertex 0.3900 0.9300 0.0900
   vertex 0.4536 0.9564 0.0900
  endloop
 endfacet
 facet normal -0.45353 -0.86680 -0.20729
  outer loop
   vertex 0.2650 1.7500 0.0000
   vertex 0.3322 1.7149 0.0000
   vertex 0.2986 1.7149 0.0735
  endloop
 endfacet
 facet normal -0.00000 -0.90212 -0.43148
  outer loop
   vertex 0.2650 1.7500 0.0000
   vertex 0.2986 1.7149 0.0735
   vertex 0.2314 1.7149 0.0735
  endloop
 endfacet
 facet normal 0.45353 -0.86680 -0.20729
  outer loop
   vertex 0.2650 1.7500 0.0000
   vertex 0.2314 1.7149 0.0735
   vertex 0.1978 1.7149 0.0000
  endloop
 endfacet
 facet normal 0.45353 -0.86680 0.20729
  outer loop
   vertex 0.2650 1.7500 0.0000
   vertex 0.1978 1.7149 0.0000
   vertex 0.2314 1.7149 -0.0735
  endloop
 endfacet
 facet normal 0.00000 -0.90212 0.43148
  outer loop
   vertex 0.2650 1.7500 0.0000
   vertex 0.2314 1.7149 -0.0735
   vertex 0.2986 1.7149 -0.0735
  endloop
 endfacet
 facet normal -0.45353 -0.86680 0.20729
  outer loop
   vertex 0.2650 1.7500 0.0000
   vertex 0.2986 1.7149 -0.0735
   vertex 0.3322 1.7149 -0.0000
  endloop
 endfacet
 facet normal -0.87156 -0.28580 -0.39836
  outer loop
   vertex 0.3322 1.7149 0.0000
   vertex 0.3600 1.6300 0.0000
   vertex 0.2986 1.7149 0.0735
  endloop
 endfacet
 facet normal -0.87156 -0.28580 -0.39836
  outer loop
   vertex 0.2986 1.7149 0.0735
   vertex 0.3600 1.6300 0.0000
   vertex 0.3125 1.6300 0.1039
  endloop
 endfacet
 facet normal -0.00000 -0.33765 -0.94127
  outer loop
   vertex 0.2986 1.7149 0.0735
   vertex 0.3125 1.6300 0.1039
   vertex 0.2314 1.7149 0.0735
  endloop
 endfacet
 facet normal -0.00000 -0.33765 -0.94127
  outer loop
   vertex 0.2314 1.7149 0.0735
   vertex 0.3125 1.6300 0.1039
   vertex 0.2175 1.6300 0.1039
  endloop
 endfacet
 facet normal 0.87156 -0.28580 -0.39836
  outer loop
   vertex 0.2314 1.7149 0.0735
   vertex 0.2175 1.6300 0.1039
   vertex 0.1978 1.7149 0.0000
  endloop
 endfacet
 facet normal 0.87156 -0.28580 -0.39836
  outer loop
   vertex 0.1978 1.7149 0.0000
   vertex 0.2175 1.6300 0.1039
   vertex 0.1700 1.6300 0.0000
  endloop
 endfacet
 facet normal 0.87156 -0.28580 0.39836
  outer loop
   vertex 0.1978 1.7149 0.0000
   vertex 0.1700 1.6300 0.0000
   vertex 0.2314 1.7149 -0.0735
  endloop
 endfacet
 facet normal 0.87156 -0.28580 0.39836
  outer loop
   vertex 0.2314 1.7149 -0.0735
   vertex 0.1700 1.6300 0.0000
   vertex 0.2175 1.6300 -0.1039
  endloop
 endfacet
 facet normal 0.00000 -0.33765 0.94127
  outer loop
   vertex 0.2314 1.7149 -0.0735
   vertex 0.2175 1.6300 -0.1039
   vertex 0.2986 1.7149 -0.0735
  endloop
 endfacet
 facet normal 0.00000 -0.33765 0.94127
  outer loop
   vertex 0.2986 1.7149 -0.0735
   vertex 0.2175 1.6300 -0.1039
   vertex 0.3125 1.6300 -0.1039
  endloop
 endfacet
 facet normal -0.87156 -0.28580 0.39836
  outer loop
   vertex 0.2986 1.7149 -0.0735
   vertex 0.3125 1.6300 -0.1039
   vertex 0.3322 1.7149 -0.0000
  endloop
 endfacet
 facet normal -0.87156 -0.28580 0.39836
  outer loop
   vertex 0.3322 1.7149 -0.0000
   vertex 0.3125 1.6300 -0.1039
   vertex 0.3600 1.6300 -0.0000
  endloop
 endfacet
 facet normal -0.87156 0.28580 -0.39836
  outer loop
   vertex 0.3600 1.6300 0.0000
   vertex 0.3322 1.5451 0.0000
   vertex 0.3125 1.6300 0.1039
  endloop
 endfacet
 facet normal -0.87156 0.28580 -0.39836
  outer loop
   vertex 0.3125 1.6300 0.1039
   vertex 0.3322 1.5451 0.0000
   vertex 0.2986 1.5451 0.0735
  endloop
 endfacet
 facet normal -0.00000 0.33765 -0.94127
  outer loop
   vertex 0.3125 1.6300 0.1039
   vertex 0.2986 1.5451 0.0735
   vertex 0.2175 1.6300 0.1039
  endloop
 endfacet
 facet normal -0.00000 0.33765 -0.94127
  outer loop
   vertex 0.2175 1.6300 0.1039
   vertex 0.2986 1.5451 0.0735
   vertex 0.2314 1.5451 0.0735
  endloop
 endfacet
 facet normal 0.87156 0.28580 -0.39836
  outer loop
   vertex 0.2175 1.6300 0.1039
   vertex 0.2314 1.5451 0.0735
   vertex 0.1700 1.6300 0.0000
  endloop
 endfacet
 facet normal 0.87156 0.28580 -0.39836
  outer loop
   vertex 0.1700 1.6300 0.0000
   vertex 0.2314 1.5451 0.0735
   vertex 0.1978 1.5451 0.0000
  endloop
 endfacet
 facet normal 0.87156 0.28580 0.39836
  outer loop
   vertex 0.1700 1.6300 0.0000
   vertex 0.1978 1.5451 0.0000
   vertex 0.2175 1.6300 -0.1039
  endloop
 endfacet
 facet normal 0.87156 0.28580 0.39836
  outer loop
   vertex 0.2175 1.6300 -0.1039
   vertex 0.1978 1.5451 0.0000
   vertex 0.2314 1.5451 -0.0735
  endloop
 endfacet
 facet normal 0.00000 0.33765 0.94127
  outer loop
   vertex 0.2175 1.6300 -0.1039
   vertex 0.2314 1.5451 -0.0735
   vertex 0.3125 1.6300 -0.1039
  endloop
 endfacet
 facet normal 0.00000 0.33765 0.94127
  outer loop
   vertex 0.3125 1.6300 -0.1039
   vertex 0.2314 1.5451 -0.0735
   vertex 0.2986 1.5451 -0.0735
  endloop
 endfacet
 facet normal -0.87156 0.28580 0.39836
  outer loop
   vertex 0.3125 1.6300 -0.1039
   vertex 0.2986 1.5451 -0.0735
   vertex 0.3600 1.6300 -0.0000
  endloop
 endfacet
 facet normal -0.87156 0.28580 0.39836
  outer loop
   vertex 0.3600 1.6300 -0.0000
   vertex 0.2986 1.5451 -0.0735
   vertex 0.3322 1.5451 -0.0000
  endloop
 endfacet
 facet normal -0.45353 0.86680 -0.20729
  outer loop
   vertex 0.3322 1.5451 0.0000
   vertex 0.2650 1.5100 0.0000
   vertex 0.2986 1.5451 0.0735
  endloop
 endfacet
 facet normal -0.00000 0.90212 -0.43148
  outer loop
   vertex 0.2986 1.5451 0.0735
   vertex 0.2650 1.5100 0.0000
   vertex 0.2314 1.5451 0.0735
  endloop
 endfacet
 facet normal 0.45353 0.86680 -0.20729
  outer loop
   vertex 0.2314 1.5451 0.0735
   vertex 0.2650 1.5100 0.0000
   vertex 0.1978 1.5451 0.0000
  endloop
 endfacet
 facet normal 0.45353 0.86680 0.20729
  outer loop
   vertex 0.1978 1.5451 0.0000
   vertex 0.2650 1.5100 0.0000
   vertex 0.2314 1.5451 -0.0735
  endloop
 endfacet
 facet normal 0.00000 0.90212 0.43148
  outer loop
   vertex 0.2314 1.5451 -0.0735
   vertex 0.2650 1.5100 -0.0000
   vertex 0.2986 1.5451 -0.0735
  endloop
 endfacet
 facet normal -0.45353 0.86680 0.20729
  outer loop
   vertex 0.2986 1.5451 -0.0735
   vertex 0.2650 1.5100 -0.0000
   vertex 0.3322 1.5451 -0.0000
  endloop
 endfacet
 facet normal -0.43388 0.00000 -0.90097
  outer loop
   vertex 0.0000 1.7200 -0.1000
   vertex -0.0782 1.7200 -0.0623
   vertex -0.0782 1.8800 -0.0623
  endloop
 endfacet
 facet normal -0.43388 0.00000 -0.90097
  outer loop
   vertex 0.0000 1.7200 -0.1000
   vertex -0.0782 1.8800 -0.0623
   vertex 0.0000 1.8800 -0.1000
  endloop
 endfacet
 facet normal 0.00000 -1.00000 0.00000
  outer loop
   vertex 0.0000 1.7200 0.0000
   vertex -0.0782 1.7200 -0.0623
   vertex 0.0000 1.7200 -0.1000
  endloop
 endfacet
 facet normal 0.00000 1.00000 0.00000
  outer loop
   vertex 0.0000 1.8800 0.0000
   vertex 0.0000 1.8800 -0.1000
   vertex -0.0782 1.8800 -0.0623
  endloop
 endfacet
 facet normal -0.97493 0.00000 -0.22252
  outer loop
   vertex -0.0782 1.7200 -0.0623
   vertex -0.0975 1.7200 0.0223
   vertex -0.0975 1.8800 0.0223
  endloop
 endfacet
 facet normal -0.97493 0.00000 -0.22252
  outer loop
   vertex -0.0782 1.7200 -0.0623
   vertex -0.0975 1.8800 0.0223
   vertex -0.0782 1.8800 -0.0623
  endloop
 endfacet
 facet normal 0.00000 -1.00000 0.00000
  outer loop
   vertex 0.0000 1.7200 0.0000
   vertex -0.0975 1.7200 0.0223
   vertex -0.0782 1.7200 -0.0623
  endloop
 endfacet
 facet normal 0.00000 1.00000 0.00000
  outer loop
   vertex 0.0000 1.8800 0.0000
   vertex -0.0782 1.8800 -0.0623
   vertex -0.0975 1.8800 0.0223
  endloop
 endfacet
 facet normal -0.78183 0.00000 0.62349
  outer loop
   vertex -0.0975 1.7200 0.0223
   vertex -0.0434 1.7200 0.0901
   vertex -0.0434 1.8800 0.0901
  endloop
 endfacet
 facet normal -0.78183 0.00000 0.62349
  outer loop
   vertex -0.0975 1.7200 0.0223
   vertex -0.0434 1.8800 0.0901
   vertex -0.0975 1.8800 0.0223
  endloop
 endfacet
 facet normal 0.00000 -1.00000 0.00000
  outer loop
   vertex 0.0000 1.7200 0.0000
   vertex -0.0434 1.7200 0.0901
   vertex -0.0975 1.7200 0.0223
  endloop
 endfacet
 facet normal 0.00000 1.00000 0.00000
  outer loop
   vertex 0.0000 1.8800 0.0000
   vertex -0.0975 1.8800 0.0223
   vertex -0.0434 1.8800 0.0901
  endloop
 endfacet
 facet normal 0.00000 0.00000 1.00000
  outer loop
   vertex -0.0434 1.7200 0.0901
   vertex 0.0434 1.7200 0.0901
   vertex 0.0434 1.8800 0.0901
  endloop
 endfacet
 facet normal 0.00000 0.00000 1.00000
  outer loop
   vertex -0.0434 1.7200 0.0901
   vertex 0.0434 1.8800 0.0901
   vertex -0.0434 1.8800 0.0901
  endloop
 endfacet
 facet normal 0.00000 -1.00000 0.00000
  outer loop
   vertex 0.0000 1.7200 0.0000
   vertex 0.0434 1.7200 0.0901
   vertex -0.0434 1.7200 0.0901
  endloop
 endfacet
 facet normal 0.00000 1.00000 0.00000
  outer loop
   vertex 0.0000 1.8800 0.0000
   vertex -0.0434 1.8800 0.0901
   vertex 0.0434 1.8800 0.0901
  endloop
 endfacet
 facet normal 0.78183 0.00000 0.62349
  outer loop
   vertex 0.0434 1.7200 0.0901
   vertex 0.0975 1.7200 0.0223
   vertex 0.0975 1.8800 0.0223
  endloop
 endfacet
 facet normal 0.78183 0.00000 0.62349
  outer loop
   vertex 0.0434 1.7200 0.0901
   vertex 0.0975 1.8800 0.0223
   vertex 0.0434 1.8800 0.0901
  endloop
 endfacet
 facet normal 0.00000 -1.00000 0.00000
  outer loop
   vertex 0.0000 1.7200 0.0000
   vertex 0.0975 1.7200 0.0223
   vertex 0.0434 1.7200 0.0901
  endloop
 endfacet
 facet normal 0.00000 1.00000 0.00000
  outer loop
   vertex 0.0000 1.8800 0.0000
   vertex 0.0434 1.8800 0.0901
   vertex 0.0975 1.8800 0.0223
  endloop
 endfacet
 facet normal 0.97493 0.00000 -0.22252
  outer loop
   vertex 0.0975 1.7200 0.0223
   vertex 0.0782 1.7200 -0.0623
   vertex 0.0782 1.8800 -0.0623
  endloop
 endfacet
 facet normal 0.97493 0.00000 -0.22252
  outer loop
   vertex 0.0975 1.7200 0.0223
   vertex 0.0782 1.8800 -0.0623
   vertex 0.0975 1.8800 0.0223
  endloop
 endfacet
 facet normal 0.00000 -1.00000 0.00000
  outer loop
   vertex 0.0000 1.7200 0.0000
   vertex 0.0782 1.7200 -0.0623
   vertex 0.0975 1.7200 0.0223
  endloop
 endfacet
 facet normal 0.00000 1.00000 0.00000
  outer loop
   vertex 0.0000 1.8800 0.0000
   vertex 0.0975 1.8800 0.0223
   vertex 0.0782 1.8800 -0.0623
  endloop
 endfacet
 facet normal 0.43388 0.00000 -0.90097
  outer loop
   vertex 0.0782 1.7200 -0.0623
   vertex 0.0000 1.7200 -0.1000
   vertex 0.0000 1.8800 -0.1000
  endloop
 endfacet
 facet normal 0.43388 0.00000 -0.90097
  outer loop
   vertex 0.0782 1.7200 -0.0623
   vertex 0.0000 1.8800 -0.1000
   vertex 0.0782 1.8800 -0.0623
  endloop
 endfacet
 facet normal 0.00000 -1.00000 0.00000
  outer loop
   vertex 0.0000 1.7200 0.0000
   vertex 0.0000 1.7200 -0.1000
   vertex 0.0782 1.7200 -0.0623
  endloop
 endfacet
 facet normal 0.00000 1.00000 0.00000
  outer loop
   vertex 0.0000 1.8800 0.0000
   vertex 0.0782 1.8800 -0.0623
   vertex 0.0000 1.8800 -0.1000
  endloop
 endfacet
 facet normal -0.29812 -0.94776 -0.11344
  outer loop
   vertex 0.0000 2.3100 0.0000
   vertex 0.1150 2.2738 0.0000
   vertex 0.0881 2.2738 0.0707
  endloop
 endfacet
 facet normal -0.15816 -0.94497 -0.28639
  outer loop
   vertex 0.0000 2.3100 0.0000
   vertex 0.0881 2.2738 0.0707
   vertex 0.0200 2.2738 0.1083
  endloop
 endfacet
 facet normal 0.05487 -0.94400 -0.32534
  outer loop
   vertex 0.0000 2.3100 0.0000
   vertex 0.0200 2.2738 0.1083
   vertex -0.0575 2.2738 0.0953
  endloop
 endfacet
 facet normal 0.24269 -0.94645 -0.21290
  outer loop
   vertex 0.0000 2.3100 0.0000
   vertex -0.0575 2.2738 0.0953
   vertex -0.1081 2.2738 0.0376
  endloop
 endfacet
 facet normal 0.31742 -0.94828 0.00000
  outer loop
   vertex 0.0000 2.3100 0.0000
   vertex -0.1081 2.2738 0.0376
   vertex -0.1081 2.2738 -0.0376
  endloop
 endfacet
 facet normal 0.24269 -0.94645 0.21290
  outer loop
   vertex 0.0000 2.3100 0.0000
   vertex -0.1081 2.2738 -0.0376
   vertex -0.0575 2.2738 -0.0953
  endloop
 endfacet
 facet normal 0.05487 -0.94400 0.32534
  outer loop
   vertex 0.0000 2.3100 0.0000
   vertex -0.0575 2.2738 -0.0953
   vertex 0.0200 2.2738 -0.1083
  endloop
 endfacet
 facet normal -0.15816 -0.94497 0.28639
  outer loop
   vertex 0.0000 2.3100 0.0000
   vertex 0.0200 2.2738 -0.1083
   vertex 0.0881 2.2738 -0.0707
  endloop
 endfacet
 facet normal -0.29812 -0.94776 0.11344
  outer loop
   vertex 0.0000 2.3100 0.0000
   vertex 0.0881 2.2738 -0.0707
   vertex 0.1150 2.2738 -0.0000
  endloop
 endfacet
 facet normal -0.73119 -0.62286 -0.27823
  outer loop
   vertex 0.1150 2.2738 0.0000
   vertex 0.1992 2.1750 0.0000
   vertex 0.0881 2.2738 0.0707
  endloop
 endfacet
 facet normal -0.73119 -0.62286 -0.27823
  outer loop
   vertex 0.0881 2.2738 0.0707
   vertex 0.1992 2.1750 0.0000
   vertex 0.1526 2.1750 0.1225
  endloop
 endfacet
 facet normal -0.38230 -0.61205 -0.69227
  outer loop
   vertex 0.0881 2.2738 0.0707
   vertex 0.1526 2.1750 0.1225
   vertex 0.0200 2.2738 0.1083
  endloop
 endfacet
 facet normal -0.38230 -0.61205 -0.69227
  outer loop
   vertex 0.0200 2.2738 0.1083
   vertex 0.1526 2.1750 0.1225
   vertex 0.0346 2.1750 0.1876
  endloop
 endfacet
 facet normal 0.13199 -0.60843 -0.78256
  outer loop
   vertex 0.0200 2.2738 0.1083
   vertex 0.0346 2.1750 0.1876
   vertex -0.0575 2.2738 0.0953
  endloop
 endfacet
 facet normal 0.13199 -0.60843 -0.78256
  outer loop
   vertex -0.0575 2.2738 0.0953
   vertex 0.0346 2.1750 0.1876
   vertex -0.0996 2.1750 0.1650
  endloop
 endfacet
 facet normal 0.59116 -0.61773 -0.51859
  outer loop
   vertex -0.0575 2.2738 0.0953
   vertex -0.0996 2.1750 0.1650
   vertex -0.1081 2.2738 0.0376
  endloop
 endfacet
 facet normal 0.59116 -0.61773 -0.51859
  outer loop
   vertex -0.1081 2.2738 0.0376
   vertex -0.0996 2.1750 0.1650
   vertex -0.1872 2.1750 0.0652
  endloop
 endfacet
 facet normal 0.78069 -0.62492 -0.00000
  outer loop
   vertex -0.1081 2.2738 0.0376
   vertex -0.1872 2.1750 0.0652
   vertex -0.1081 2.2738 -0.0376
  endloop
 endfacet
 facet normal 0.78069 -0.62492 -0.00000
  outer loop
   vertex -0.1081 2.2738 -0.0376
   vertex -0.1872 2.1750 0.0652
   vertex -0.1872 2.1750 -0.0652
  endloop
 endfacet
 facet normal 0.59116 -0.61773 0.51859
  outer loop
   vertex -0.1081 2.2738 -0.0376
   vertex -0.1872 2.1750 -0.0652
   vertex -0.0575 2.2738 -0.0953
  endloop
 endfacet
 facet normal 0.59116 -0.61773 0.51859
  outer loop
   vertex -0.0575 2.2738 -0.0953
   vertex -0.1872 2.1750 -0.0652
   vertex -0.0996 2.1750 -0.1650
  endloop
 endfacet
 facet normal 0.13199 -0.60843 0.78256
  outer loop
   vertex -0.0575 2.2738 -0.0953
   vertex -0.0996 2.1750 -0.1650
   vertex 0.0200 2.2738 -0.1083
  endloop
 endfacet
 facet normal 0.13199 -0.60843 0.78256
  outer loop
   vertex 0.0200 2.2738 -0.1083
   vertex -0.0996 2.1750 -0.1650
   vertex 0.0346 2.1750 -0.1876
  endloop
 endfacet
 facet normal -0.38230 -0.61205 0.69227
  outer loop
   vertex 0.0200 2.2738 -0.1083
   vertex 0.0346 2.1750 -0.1876
   vertex 0.0881 2.2738 -0.0707
  endloop
 endfacet
 facet normal -0.38230 -0.61205 0.69227
  outer loop
   vertex 0.0881 2.2738 -0.0707
   vertex 0.0346 2.1750 -0.1876
   vertex 0.1526 2.1750 -0.1225
  endloop
 endfacet
 facet normal -0.73119 -0.62286 0.27823
  outer loop
   vertex 0.0881 2.2738 -0.0707
   vertex 0.1526 2.1750 -0.1225
   vertex 0.1150 2.2738 -0.0000
  endloop
 endfacet
 facet normal -0.73119 -0.62286 0.27823
  outer loop
   vertex 0.1150 2.2738 -0.0000
   vertex 0.1526 2.1750 -0.1225
   vertex 0.1992 2.1750 -0.0000
  endloop
 endfacet
 facet normal -0.91406 -0.20864 -0.34781
  outer loop
   vertex 0.1992 2.1750 0.0000
   vertex 0.2300 2.0400 0.0000
   vertex 0.1526 2.1750 0.1225
  endloop
 endfacet
 facet normal -0.91406 -0.20864 -0.34781
  outer loop
   vertex 0.1526 2.1750 0.1225
   vertex 0.2300 2.0400 0.0000
   vertex 0.1762 2.0400 0.1414
  endloop
 endfacet
 facet normal -0.47336 -0.20306 -0.85715
  outer loop
   vertex 0.1526 2.1750 0.1225
   vertex 0.1762 2.0400 0.1414
   vertex 0.0346 2.1750 0.1876
  endloop
 endfacet
 facet normal -0.47336 -0.20306 -0.85715
  outer loop
   vertex 0.0346 2.1750 0.1876
   vertex 0.1762 2.0400 0.1414
   vertex 0.0399 2.0400 0.2167
  endloop
 endfacet
 facet normal 0.16291 -0.20122 -0.96590
  outer loop
   vertex 0.0346 2.1750 0.1876
   vertex 0.0399 2.0400 0.2167
   vertex -0.0996 2.1750 0.1650
  endloop
 endfacet
 facet normal 0.16291 -0.20122 -0.96590
  outer loop
   vertex -0.0996 2.1750 0.1650
   vertex 0.0399 2.0400 0.2167
   vertex -0.1150 2.0400 0.1905
  endloop
 endfacet
 facet normal 0.73562 -0.20597 -0.64532
  outer loop
   vertex -0.0996 2.1750 0.1650
   vertex -0.1150 2.0400 0.1905
   vertex -0.1872 2.1750 0.0652
  endloop
 endfacet
 facet normal 0.73562 -0.20597 -0.64532
  outer loop
   vertex -0.1872 2.1750 0.0652
   vertex -0.1150 2.0400 0.1905
   vertex -0.2161 2.0400 0.0752
  endloop
 endfacet
 facet normal 0.97776 -0.20972 -0.00000
  outer loop
   vertex -0.1872 2.1750 0.0652
   vertex -0.2161 2.0400 0.0752
   vertex -0.1872 2.1750 -0.0652
  endloop
 endfacet
 facet normal 0.97776 -0.20972 -0.00000
  outer loop
   vertex -0.1872 2.1750 -0.0652
   vertex -0.2161 2.0400 0.0752
   vertex -0.2161 2.0400 -0.0752
  endloop
 endfacet
 facet normal 0.73562 -0.20597 0.64532
  outer loop
   vertex -0.1872 2.1750 -0.0652
   vertex -0.2161 2.0400 -0.0752
   vertex -0.0996 2.1750 -0.1650
  endloop
 endfacet
 facet normal 0.73562 -0.20597 0.64532
  outer loop
   vertex -0.0996 2.1750 -0.1650
   vertex -0.2161 2.0400 -0.0752
   vertex -0.1150 2.0400 -0.1905
  endloop
 endfacet
 facet normal 0.16291 -0.20122 0.96590
  outer loop
   vertex -0.0996 2.1750 -0.1650
   vertex -0.1150 2.0400 -0.1905
   vertex 0.0346 2.1750 -0.1876
  endloop
 endfacet
 facet normal 0.16291 -0.20122 0.96590
  outer loop
   vertex 0.0346 2.1750 -0.1876
   vertex -0.1150 2.0400 -0.1905
   vertex 0.0399 2.0400 -0.2167
  endloop
 endfacet
 facet normal -0.47336 -0.20306 0.85715
  outer loop
   vertex 0.0346 2.1750 -0.1876
   vertex 0.0399 2.0400 -0.2167
   vertex 0.1526 2.1750 -0.1225
  endloop
 endfacet
 facet normal -0.47336 -0.20306 0.85715
  outer loop
   vertex 0.1526 2.1750 -0.1225
   vertex 0.0399 2.0400 -0.2167
   vertex 0.1762 2.0400 -0.1414
  endloop
 endfacet
 facet normal -0.91406 -0.20864 0.34781
  outer loop
   vertex 0.1526 2.1750 -0.1225
   vertex 0.1762 2.0400 -0.1414
   vertex 0.1992 2.1750 -0.0000
  endloop
 endfacet
 facet normal -0.91406 -0.20864 0.34781
  outer loop
   vertex 0.1992 2.1750 -0.0000
   vertex 0.1762 2.0400 -0.1414
   vertex 0.2300 2.0400 -0.0000
  endloop
 endfacet
 facet normal -0.91406 0.20864 -0.34781
  outer loop
   vertex 0.2300 2.0400 0.0000
   vertex 0.1992 1.9050 0.0000
   vertex 0.1762 2.0400 0.1414
  endloop
 endfacet
 facet normal -0.91406 0.20864 -0.34781
  outer loop
   vertex 0.1762 2.0400 0.1414
   vertex 0.1992 1.9050 0.0000
   vertex 0.1526 1.9050 0.1225
  endloop
 endfacet
 facet normal -0.47336 0.20306 -0.85715
  outer loop
   vertex 0.1762 2.0400 0.1414
   vertex 0.1526 1.9050 0.1225
   vertex 0.0399 2.0400 0.2167
  endloop
 endfacet
 facet normal -0.47336 0.20306 -0.85715
  outer loop
   vertex 0.0399 2.0400 0.2167
   vertex 0.1526 1.9050 0.1225
   vertex 0.0346 1.9050 0.1876
  endloop
 endfacet
 facet normal 0.16291 0.20122 -0.96590
  outer loop
   vertex 0.0399 2.0400 0.2167
   vertex 0.0346 1.9050 0.1876
   vertex -0.1150 2.0400 0.1905
  endloop
 endfacet
 facet normal 0.16291 0.20122 -0.96590
  outer loop
   vertex -0.1150 2.0400 0.1905
   vertex 0.0346 1.9050 0.1876
   vertex -0.0996 1.9050 0.1650
  endloop
 endfacet
 facet normal 0.73562 0.20597 -0.64532
  outer loop
   vertex -0.1150 2.0400 0.1905
   vertex -0.0996 1.9050 0.1650
   vertex -0.2161 2.0400 0.0752
  endloop
 endfacet
 facet normal 0.73562 0.20597 -0.64532
  outer loop
   vertex -0.2161 2.0400 0.0752
   vertex -0.0996 1.9050 0.1650
   vertex -0.1872 1.9050 0.0652
  endloop
 endfacet
 facet normal 0.97776 0.20972 -0.00000
  outer loop
   vertex -0.2161 2.0400 0.0752
   vertex -0.1872 1.9050 0.0652
   vertex -0.2161 2.0400 -0.0752
  endloop
 endfacet
 facet normal 0.97776 0.20972 -0.00000
  outer loop
   vertex -0.2161 2.0400 -0.0752
   vertex -0.1872 1.9050 0.0652
   vertex -0.1872 1.9050 -0.0652
  endloop
 endfacet
 facet normal 0.73562 0.20597 0.64532
  outer loop
   vertex -0.2161 2.0400 -0.0752
   vertex -0.1872 1.9050 -0.0652
   vertex -0.1150 2.0400 -0.1905
  endloop
 endfacet
 facet normal 0.73562 0.20597 0.64532
  outer loop
   vertex -0.1150 2.0400 -0.1905
   vertex -0.1872 1.9050 -0.0652
   vertex -0.0996 1.9050 -0.1650
  endloop
 endfacet
 facet normal 0.16291 0.20122 0.96590
  outer loop
   vertex -0.1150 2.0400 -0.1905
   vertex -0.0996 1.9050 -0.1650
   vertex 0.0399 2.0400 -0.2167
  endloop
 endfacet
 facet normal 0.16291 0.20122 0.96590
  outer loop
   vertex 0.0399 2.0400 -0.2167
   vertex -0.0996 1.9050 -0.1650
   vertex 0.0346 1.9050 -0.1876
  endloop
 endfacet
 facet normal -0.47336 0.20306 0.85715
  outer loop
   vertex 0.0399 2.0400 -0.2167
   vertex 0.0346 1.9050 -0.1876
   vertex 0.1762 2.0400 -0.1414
  endloop
 endfacet
 facet normal -0.47336 0.20306 0.85715
  outer loop
   vertex 0.1762 2.0400 -0.1414
   vertex 0.0346 1.9050 -0.1876
   vertex 0.1526 1.9050 -0.1225
  endloop
 endfacet
 facet normal -0.91406 0.20864 0.34781
  outer loop
   vertex 0.1762 2.0400 -0.1414
   vertex 0.1526 1.9050 -0.1225
   vertex 0.2300 2.0400 -0.0000
  endloop
 endfacet
 facet normal -0.91406 0.20864 0.34781
  outer loop
   vertex 0.2300 2.0400 -0.0000
   vertex 0.1526 1.9050 -0.1225
   vertex 0.1992 1.9050 -0.0000
  endloop
 endfacet
 facet normal -0.73119 0.62286 -0.27823
  outer loop
   vertex 0.1992 1.9050 0.0000
   vertex 0.1150 1.8062 0.0000
   vertex 0.1526 1.9050 0.1225
  endloop
 endfacet
 facet normal -0.73119 0.62286 -0.27823
  outer loop
   vertex 0.1526 1.9050 0.1225
   vertex 0.1150 1.8062 0.0000
   vertex 0.0881 1.8062 0.0707
  endloop
 endfacet
 facet normal -0.38230 0.61205 -0.69227
  outer loop
   vertex 0.1526 1.9050 0.1225
   vertex 0.0881 1.8062 0.0707
   vertex 0.0346 1.9050 0.1876
  endloop
 endfacet
 facet normal -0.38230 0.61205 -0.69227
  outer loop
   vertex 0.0346 1.9050 0.1876
   vertex 0.0881 1.8062 0.0707
   vertex 0.0200 1.8062 0.1083
  endloop
 endfacet
 facet normal 0.13199 0.60843 -0.78256
  outer loop
   vertex 0.0346 1.9050 0.1876
   vertex 0.0200 1.8062 0.1083
   vertex -0.0996 1.9050 0.1650
  endloop
 endfacet
 facet normal 0.13199 0.60843 -0.78256
  outer loop
   vertex -0.0996 1.9050 0.1650
   vertex 0.0200 1.8062 0.1083
   vertex -0.0575 1.8062 0.0953
  endloop
 endfacet
 facet normal 0.59116 0.61773 -0.51859
  outer loop
   vertex -0.0996 1.9050 0.1650
   vertex -0.0575 1.8062 0.0953
   vertex -0.1872 1.9050 0.0652
  endloop
 endfacet
 facet normal 0.59116 0.61773 -0.51859
  outer loop
   vertex -0.1872 1.9050 0.0652
   vertex -0.0575 1.8062 0.0953
   vertex -0.1081 1.8062 0.0376
  endloop
 endfacet
 facet normal 0.78069 0.62492 -0.00000
  outer loop
   vertex -0.1872 1.9050 0.0652
   vertex -0.1081 1.8062 0.0376
   vertex -0.1872 1.9050 -0.0652
  endloop
 endfacet
 facet normal 0.78069 0.62492 -0.00000
  outer loop
   vertex -0.1872 1.9050 -0.0652
   vertex -0.1081 1.8062 0.0376
   vertex -0.1081 1.8062 -0.0376
  endloop
 endfacet
 facet normal 0.59116 0.61773 0.51859
  outer loop
   vertex -0.1872 1.9050 -0.0652
   vertex -0.1081 1.8062 -0.0376
   vertex -0.0996 1.9050 -0.1650
  endloop
 endfacet
 facet normal 0.59116 0.61773 0.51859
  outer loop
   vertex -0.0996 1.9050 -0.1650
   vertex -0.1081 1.8062 -0.0376
   vertex -0.0575 1.8062 -0.0953
  endloop
 endfacet
 facet normal 0.13199 0.60843 0.78256
  outer loop
   vertex -0.0996 1.9050 -0.1650
   vertex -0.0575 1.8062 -0.0953
   vertex 0.0346 1.9050 -0.1876
  endloop
 endfacet
 facet normal 0.13199 0.60843 0.78256
  outer loop
   vertex 0.0346 1.9050 -0.1876
   vertex -0.0575 1.8062 -0.0953
   vertex 0.0200 1.8062 -0.1083
  endloop
 endfacet
 facet normal -0.38230 0.61205 0.69227
  outer loop
   vertex 0.0346 1.9050 -0.1876
   vertex 0.0200 1.8062 -0.1083
   vertex 0.1526 1.9050 -0.1225
  endloop
 endfacet
 facet normal -0.38230 0.61205 0.69227
  outer loop
   vertex 0.1526 1.9050 -0.1225
   vertex 0.0200 1.8062 -0.1083
   vertex 0.0881 1.8062 -0.0707
  endloop
 endfacet
 facet normal -0.73119 0.62286 0.27823
  outer loop
   vertex 0.1526 1.9050 -0.1225
   vertex 0.0881 1.8062 -0.0707
   vertex 0.1992 1.9050 -0.0000
  endloop
 endfacet
 facet normal -0.73119 0.62286 0.27823
  outer loop
   vertex 0.1992 1.9050 -0.0000
   vertex 0.0881 1.8062 -0.0707
   vertex 0.1150 1.8062 -0.0000
  endloop
 endfacet
 facet normal -0.29812 0.94776 -0.11344
  outer loop
   vertex 0.1150 1.8062 0.0000
   vertex 0.0000 1.7700 0.0000
   vertex 0.0881 1.8062 0.0707
  endloop
 endfacet
 facet normal -0.15816 0.94497 -0.28639
  outer loop
   vertex 0.0881 1.8062 0.0707
   vertex 0.0000 1.7700 0.0000
   vertex 0.0200 1.8062 0.1083
  endloop
 endfacet
 facet normal 0.05487 0.94400 -0.32534
  outer loop
   vertex 0.0200 1.8062 0.1083
   vertex 0.0000 1.7700 0.0000
   vertex -0.0575 1.8062 0.0953
  endloop
 endfacet
 facet normal 0.24269 0.94645 -0.21290
  outer loop
   vertex -0.0575 1.8062 0.0953
   vertex -0.0000 1.7700 0.0000
   vertex -0.1081 1.8062 0.0376
  endloop
 endfacet
 facet normal 0.31742 0.94828 -0.00000
  outer loop
   vertex -0.1081 1.8062 0.0376
   vertex -0.0000 1.7700 0.0000
   vertex -0.1081 1.8062 -0.0376
  endloop
 endfacet
 facet normal 0.24269 0.94645 0.21290
  outer loop
   vertex -0.1081 1.8062 -0.0376
   vertex -0.0000 1.7700 -0.0000
   vertex -0.0575 1.8062 -0.0953
  endloop
 endfacet
 facet normal 0.05487 0.94400 0.32534
  outer loop
   vertex -0.0575 1.8062 -0.0953
   vertex -0.0000 1.7700 -0.0000
   vertex 0.0200 1.8062 -0.1083
  endloop
 endfacet
 facet normal -0.15816 0.94497 0.28639
  outer loop
   vertex 0.0200 1.8062 -0.1083
   vertex 0.0000 1.7700 -0.0000
   vertex 0.0881 1.8062 -0.0707
  endloop
 endfacet
 facet normal -0.29812 0.94776 0.11344
  outer loop
   vertex 0.0881 1.8062 -0.0707
   vertex 0.0000 1.7700 -0.0000
   vertex 0.1150 1.8062 -0.0000
  endloop
 endfacet
 facet normal -0.44745 -0.80269 -0.39430
  outer loop
   vertex -0.0800 2.0780 0.1830
   vertex -0.0549 2.0640 0.1830
   vertex -0.0674 2.0640 0.1972
  endloop
 endfacet
 facet normal -0.00000 -0.71334 -0.70082
  outer loop
   vertex -0.0800 2.0780 0.1830
   vertex -0.0674 2.0640 0.1972
   vertex -0.0926 2.0640 0.1973
  endloop
 endfacet
 facet normal 0.44745 -0.80269 -0.39430
  outer loop
   vertex -0.0800 2.0780 0.1830
   vertex -0.0926 2.0640 0.1973
   vertex -0.1051 2.0640 0.1830
  endloop
 endfacet
 facet normal 0.44745 -0.80269 0.39430
  outer loop
   vertex -0.0800 2.0780 0.1830
   vertex -0.1051 2.0640 0.1830
   vertex -0.0926 2.0640 0.1688
  endloop
 endfacet
 facet normal 0.00000 -0.71334 0.70082
  outer loop
   vertex -0.0800 2.0780 0.1830
   vertex -0.0926 2.0640 0.1688
   vertex -0.0674 2.0640 0.1688
  endloop
 endfacet
 facet normal -0.44745 -0.80269 0.39430
  outer loop
   vertex -0.0800 2.0780 0.1830
   vertex -0.0674 2.0640 0.1688
   vertex -0.0549 2.0640 0.1830
  endloop
 endfacet
 facet normal -0.75026 -0.00000 -0.66114
  outer loop
   vertex -0.0549 2.0640 0.1830
   vertex -0.0549 2.0360 0.1830
   vertex -0.0674 2.0640 0.1972
  endloop
 endfacet
 facet normal -0.75026 0.00000 -0.66114
  outer loop
   vertex -0.0674 2.0640 0.1972
   vertex -0.0549 2.0360 0.1830
   vertex -0.0674 2.0360 0.1972
  endloop
 endfacet
 facet normal -0.00000 0.00000 -1.00000
  outer loop
   vertex -0.0674 2.0640 0.1972
   vertex -0.0674 2.0360 0.1972
   vertex -0.0926 2.0640 0.1973
  endloop
 endfacet
 facet normal -0.00000 0.00000 -1.00000
  outer loop
   vertex -0.0926 2.0640 0.1973
   vertex -0.0674 2.0360 0.1972
   vertex -0.0926 2.0360 0.1973
  endloop
 endfacet
 facet normal 0.75026 0.00000 -0.66114
  outer loop
   vertex -0.0926 2.0640 0.1973
   vertex -0.0926 2.0360 0.1973
   vertex -0.1051 2.0640 0.1830
  endloop
 endfacet
 facet normal 0.75026 0.00000 -0.66114
  outer loop
   vertex -0.1051 2.0640 0.1830
   vertex -0.0926 2.0360 0.1973
   vertex -0.1051 2.0360 0.1830
  endloop
 endfacet
 facet normal 0.75026 0.00000 0.66114
  outer loop
   vertex -0.1051 2.0640 0.1830
   vertex -0.1051 2.0360 0.1830
   vertex -0.0926 2.0640 0.1688
  endloop
 endfacet
 facet normal 0.75026 -0.00000 0.66114
  outer loop
   vertex -0.0926 2.0640 0.1688
   vertex -0.1051 2.0360 0.1830
   vertex -0.0926 2.0360 0.1688
  endloop
 endfacet
 facet normal 0.00000 0.00000 1.00000
  outer loop
   vertex -0.0926 2.0640 0.1688
   vertex -0.0926 2.0360 0.1688
   vertex -0.0674 2.0640 0.1688
  endloop
 endfacet
 facet normal 0.00000 0.00000 1.00000
  outer loop
   vertex -0.0674 2.0640 0.1688
   vertex -0.0926 2.0360 0.1688
   vertex -0.0674 2.0360 0.1688
  endloop
 endfacet
 facet normal -0.75026 0.00000 0.66114
  outer loop
   vertex -0.0674 2.0640 0.1688
   vertex -0.0674 2.0360 0.1688
   vertex -0.0549 2.0640 0.1830
  endloop
 endfacet
 facet normal -0.75026 -0.00000 0.66114
  outer loop
   vertex -0.0549 2.0640 0.1830
   vertex -0.0674 2.0360 0.1688
   vertex -0.0549 2.0360 0.1830
  endloop
 endfacet
 facet normal -0.44745 0.80269 -0.39430
  outer loop
   vertex -0.0549 2.0360 0.1830
   vertex -0.0800 2.0220 0.1830
   vertex -0.0674 2.0360 0.1972
  endloop
 endfacet
 facet normal -0.00000 0.71334 -0.70082
  outer loop
   vertex -0.0674 2.0360 0.1972
   vertex -0.0800 2.0220 0.1830
   vertex -0.0926 2.0360 0.1973
  endloop
 endfacet
 facet normal 0.44745 0.80269 -0.39430
  outer loop
   vertex -0.0926 2.0360 0.1973
   vertex -0.0800 2.0220 0.1830
   vertex -0.1051 2.0360 0.1830
  endloop
 endfacet
 facet normal 0.44745 0.80269 0.39430
  outer loop
   vertex -0.1051 2.0360 0.1830
   vertex -0.0800 2.0220 0.1830
   vertex -0.0926 2.0360 0.1688
  endloop
 endfacet
 facet normal 0.00000 0.71334 0.70082
  outer loop
   vertex -0.0926 2.0360 0.1688
   vertex -0.0800 2.0220 0.1830
   vertex -0.0674 2.0360 0.1688
  endloop
 endfacet
 facet normal -0.44745 0.80269 0.39430
  outer loop
   vertex -0.0674 2.0360 0.1688
   vertex -0.0800 2.0220 0.1830
   vertex -0.0549 2.0360 0.1830
  endloop
 endfacet
 facet normal -0.51321 -0.76192 -0.39507
  outer loop
   vertex -0.0800 2.0640 0.1980
   vertex -0.0696 2.0570 0.1980
   vertex -0.0748 2.0570 0.2048
  endloop
 endfacet
 facet normal 0.00000 -0.69414 -0.71984
  outer loop
   vertex -0.0800 2.0640 0.1980
   vertex -0.0748 2.0570 0.2048
   vertex -0.0852 2.0570 0.2048
  endloop
 endfacet
 facet normal 0.51321 -0.76192 -0.39507
  outer loop
   vertex -0.0800 2.0640 0.1980
   vertex -0.0852 2.0570 0.2048
   vertex -0.0904 2.0570 0.1980
  endloop
 endfacet
 facet normal 0.51321 -0.76192 0.39507
  outer loop
   vertex -0.0800 2.0640 0.1980
   vertex -0.0904 2.0570 0.1980
   vertex -0.0852 2.0570 0.1913
  endloop
 endfacet
 facet normal 0.00000 -0.69414 0.71984
  outer loop
   vertex -0.0800 2.0640 0.1980
   vertex -0.0852 2.0570 0.1913
   vertex -0.0748 2.0570 0.1913
  endloop
 endfacet
 facet normal -0.51321 -0.76192 0.39507
  outer loop
   vertex -0.0800 2.0640 0.1980
   vertex -0.0748 2.0570 0.1913
   vertex -0.0696 2.0570 0.1980
  endloop
 endfacet
 facet normal -0.79241 -0.00000 -0.60999
  outer loop
   vertex -0.0696 2.0570 0.1980
   vertex -0.0696 2.0430 0.1980
   vertex -0.0748 2.0570 0.2048
  endloop
 endfacet
 facet normal -0.79241 0.00000 -0.60999
  outer loop
   vertex -0.0748 2.0570 0.2048
   vertex -0.0696 2.0430 0.1980
   vertex -0.0748 2.0430 0.2048
  endloop
 endfacet
 facet normal 0.00000 0.00000 -1.00000
  outer loop
   vertex -0.0748 2.0570 0.2048
   vertex -0.0748 2.0430 0.2048
   vertex -0.0852 2.0570 0.2048
  endloop
 endfacet
 facet normal 0.00000 0.00000 -1.00000
  outer loop
   vertex -0.0852 2.0570 0.2048
   vertex -0.0748 2.0430 0.2048
   vertex -0.0852 2.0430 0.2048
  endloop
 endfacet
 facet normal 0.79241 0.00000 -0.60999
  outer loop
   vertex -0.0852 2.0570 0.2048
   vertex -0.0852 2.0430 0.2048
   vertex -0.0904 2.0570 0.1980
  endloop
 endfacet
 facet normal 0.79241 -0.00000 -0.60999
  outer loop
   vertex -0.0904 2.0570 0.1980
   vertex -0.0852 2.0430 0.2048
   vertex -0.0904 2.0430 0.1980
  endloop
 endfacet
 facet normal 0.79241 -0.00000 0.60999
  outer loop
   vertex -0.0904 2.0570 0.1980
   vertex -0.0904 2.0430 0.1980
   vertex -0.0852 2.0570 0.1913
  endloop
 endfacet
 facet normal 0.79241 0.00000 0.60999
  outer loop
   vertex -0.0852 2.0570 0.1913
   vertex -0.0904 2.0430 0.1980
   vertex -0.0852 2.0430 0.1913
  endloop
 endfacet
 facet normal 0.00000 0.00000 1.00000
  outer loop
   vertex -0.0852 2.0570 0.1913
   vertex -0.0852 2.0430 0.1913
   vertex -0.0748 2.0570 0.1913
  endloop
 endfacet
 facet normal 0.00000 0.00000 1.00000
  outer loop
   vertex -0.0748 2.0570 0.1913
   vertex -0.0852 2.0430 0.1913
   vertex -0.0748 2.0430 0.1913
  endloop
 endfacet
 facet normal -0.79241 0.00000 0.60999
  outer loop
   vertex -0.0748 2.0570 0.1913
   vertex -0.0748 2.0430 0.1913
   vertex -0.0696 2.0570 0.1980
  endloop
 endfacet
 facet normal -0.79241 -0.00000 0.60999
  outer loop
   vertex -0.0696 2.0570 0.1980
   vertex -0.0748 2.0430 0.1913
   vertex -0.0696 2.0430 0.1980
  endloop
 endfacet
 facet normal -0.51321 0.76192 -0.39507
  outer loop
   vertex -0.0696 2.0430 0.1980
   vertex -0.0800 2.0360 0.1980
   vertex -0.0748 2.0430 0.2048
  endloop
 endfacet
 facet normal 0.00000 0.69414 -0.71984
  outer loop
   vertex -0.0748 2.0430 0.2048
   vertex -0.0800 2.0360 0.1980
   vertex -0.0852 2.0430 0.2048
  endloop
 endfacet
 facet normal 0.51321 0.76192 -0.39507
  outer loop
   vertex -0.0852 2.0430 0.2048
   vertex -0.0800 2.0360 0.1980
   vertex -0.0904 2.0430 0.1980
  endloop
 endfacet
 facet normal 0.51321 0.76192 0.39507
  outer loop
   vertex -0.0904 2.0430 0.1980
   vertex -0.0800 2.0360 0.1980
   vertex -0.0852 2.0430 0.1913
  endloop
 endfacet
 facet normal 0.00000 0.69414 0.71984
  outer loop
   vertex -0.0852 2.0430 0.1913
   vertex -0.0800 2.0360 0.1980
   vertex -0.0748 2.0430 0.1913
  endloop
 endfacet
 facet normal -0.51321 0.76192 0.39507
  outer loop
   vertex -0.0748 2.0430 0.1913
   vertex -0.0800 2.0360 0.1980
   vertex -0.0696 2.0430 0.1980
  endloop
 endfacet
 facet normal -0.44745 -0.80269 -0.39430
  outer loop
   vertex 0.0800 2.0780 0.1830
   vertex 0.1051 2.0640 0.1830
   vertex 0.0926 2.0640 0.1972
  endloop
 endfacet
 facet normal -0.00000 -0.71334 -0.70082
  outer loop
   vertex 0.0800 2.0780 0.1830
   vertex 0.0926 2.0640 0.1972
   vertex 0.0674 2.0640 0.1973
  endloop
 endfacet
 facet normal 0.44745 -0.80269 -0.39430
  outer loop
   vertex 0.0800 2.0780 0.1830
   vertex 0.0674 2.0640 0.1973
   vertex 0.0549 2.0640 0.1830
  endloop
 endfacet
 facet normal 0.44745 -0.80269 0.39430
  outer loop
   vertex 0.0800 2.0780 0.1830
   vertex 0.0549 2.0640 0.1830
   vertex 0.0674 2.0640 0.1688
  endloop
 endfacet
 facet normal 0.00000 -0.71334 0.70082
  outer loop
   vertex 0.0800 2.0780 0.1830
   vertex 0.0674 2.0640 0.1688
   vertex 0.0926 2.0640 0.1688
  endloop
 endfacet
 facet normal -0.44745 -0.80269 0.39430
  outer loop
   vertex 0.0800 2.0780 0.1830
   vertex 0.0926 2.0640 0.1688
   vertex 0.1051 2.0640 0.1830
  endloop
 endfacet
 facet normal -0.75026 0.00000 -0.66114
  outer loop
   vertex 0.1051 2.0640 0.1830
   vertex 0.1051 2.0360 0.1830
   vertex 0.0926 2.0640 0.1972
  endloop
 endfacet
 facet normal -0.75026 0.00000 -0.66114
  outer loop
   vertex 0.0926 2.0640 0.1972
   vertex 0.1051 2.0360 0.1830
   vertex 0.0926 2.0360 0.1972
  endloop
 endfacet
 facet normal -0.00000 0.00000 -1.00000
  outer loop
   vertex 0.0926 2.0640 0.1972
   vertex 0.0926 2.0360 0.1972
   vertex 0.0674 2.0640 0.1973
  endloop
 endfacet
 facet normal -0.00000 0.00000 -1.00000
  outer loop
   vertex 0.0674 2.0640 0.1973
   vertex 0.0926 2.0360 0.1972
   vertex 0.0674 2.0360 0.1973
  endloop
 endfacet
 facet normal 0.75026 0.00000 -0.66114
  outer loop
   vertex 0.0674 2.0640 0.1973
   vertex 0.0674 2.0360 0.1973
   vertex 0.0549 2.0640 0.1830
  endloop
 endfacet
 facet normal 0.75026 -0.00000 -0.66114
  outer loop
   vertex 0.0549 2.0640 0.1830
   vertex 0.0674 2.0360 0.1973
   vertex 0.0549 2.0360 0.1830
  endloop
 endfacet
 facet normal 0.75026 -0.00000 0.66114
  outer loop
   vertex 0.0549 2.0640 0.1830
   vertex 0.0549 2.0360 0.1830
   vertex 0.0674 2.0640 0.1688
  endloop
 endfacet
 facet normal 0.75026 -0.00000 0.66114
  outer loop
   vertex 0.0674 2.0640 0.1688
   vertex 0.0549 2.0360 0.1830
   vertex 0.0674 2.0360 0.1688
  endloop
 endfacet
 facet normal 0.00000 0.00000 1.00000
  outer loop
   vertex 0.0674 2.0640 0.1688
   vertex 0.0674 2.0360 0.1688
   vertex 0.0926 2.0640 0.1688
  endloop
 endfacet
 facet normal 0.00000 0.00000 1.00000
  outer loop
   vertex 0.0926 2.0640 0.1688
   vertex 0.0674 2.0360 0.1688
   vertex 0.0926 2.0360 0.1688
  endloop
 endfacet
 facet normal -0.75026 0.00000 0.66114
  outer loop
   vertex 0.0926 2.0640 0.1688
   vertex 0.0926 2.0360 0.1688
   vertex 0.1051 2.0640 0.1830
  endloop
 endfacet
 facet normal -0.75026 0.00000 0.66114
  outer loop
   vertex 0.1051 2.0640 0.1830
   vertex 0.0926 2.0360 0.1688
   vertex 0.1051 2.0360 0.1830
  endloop
 endfacet
 facet normal -0.44745 0.80269 -0.39430
  outer loop
   vertex 0.1051 2.0360 0.1830
   vertex 0.0800 2.0220 0.1830
   vertex 0.0926 2.0360 0.1972
  endloop
 endfacet
 facet normal -0.00000 0.71334 -0.70082
  outer loop
   vertex 0.0926 2.0360 0.1972
   vertex 0.0800 2.0220 0.1830
   vertex 0.0674 2.0360 0.1973
  endloop
 endfacet
 facet normal 0.44745 0.80269 -0.39430
  outer loop
   vertex 0.0674 2.0360 0.1973
   vertex 0.0800 2.0220 0.1830
   vertex 0.0549 2.0360 0.1830
  endloop
 endfacet
 facet normal 0.44745 0.80269 0.39430
  outer loop
   vertex 0.0549 2.0360 0.1830
   vertex 0.0800 2.0220 0.1830
   vertex 0.0674 2.0360 0.1688
  endloop
 endfacet
 facet normal 0.00000 0.71334 0.70082
  outer loop
   vertex 0.0674 2.0360 0.1688
   vertex 0.0800 2.0220 0.1830
   vertex 0.0926 2.0360 0.1688
  endloop
 endfacet
 facet normal -0.44745 0.80269 0.39430
  outer loop
   vertex 0.0926 2.0360 0.1688
   vertex 0.0800 2.0220 0.1830
   vertex 0.1051 2.0360 0.1830
  endloop
 endfacet
 facet normal -0.51321 -0.76192 -0.39507
  outer loop
   vertex 0.0800 2.0640 0.1980
   vertex 0.0904 2.0570 0.1980
   vertex 0.0852 2.0570 0.2048
  endloop
 endfacet
 facet normal 0.00000 -0.69414 -0.71984
  outer loop
   vertex 0.0800 2.0640 0.1980
   vertex 0.0852 2.0570 0.2048
   vertex 0.0748 2.0570 0.2048
  endloop
 endfacet
 facet normal 0.51321 -0.76192 -0.39507
  outer loop
   vertex 0.0800 2.0640 0.1980
   vertex 0.0748 2.0570 0.2048
   vertex 0.0696 2.0570 0.1980
  endloop
 endfacet
 facet normal 0.51321 -0.76192 0.39507
  outer loop
   vertex 0.0800 2.0640 0.1980
   vertex 0.0696 2.0570 0.1980
   vertex 0.0748 2.0570 0.1913
  endloop
 endfacet
 facet normal 0.00000 -0.69414 0.71984
  outer loop
   vertex 0.0800 2.0640 0.1980
   vertex 0.0748 2.0570 0.1913
   vertex 0.0852 2.0570 0.1913
  endloop
 endfacet
 facet normal -0.51321 -0.76192 0.39507
  outer loop
   vertex 0.0800 2.0640 0.1980
   vertex 0.0852 2.0570 0.1913
   vertex 0.0904 2.0570 0.1980
  endloop
 endfacet
 facet normal -0.79241 -0.00000 -0.60999
  outer loop
   vertex 0.0904 2.0570 0.1980
   vertex 0.0904 2.0430 0.1980
   vertex 0.0852 2.0570 0.2048
  endloop
 endfacet
 facet normal -0.79241 0.00000 -0.60999
  outer loop
   vertex 0.0852 2.0570 0.2048
   vertex 0.0904 2.0430 0.1980
   vertex 0.0852 2.0430 0.2048
  endloop
 endfacet
 facet normal 0.00000 0.00000 -1.00000
  outer loop
   vertex 0.0852 2.0570 0.2048
   vertex 0.0852 2.0430 0.2048
   vertex 0.0748 2.0570 0.2048
  endloop
 endfacet
 facet normal 0.00000 0.00000 -1.00000
  outer loop
   vertex 0.0748 2.0570 0.2048
   vertex 0.0852 2.0430 0.2048
   vertex 0.0748 2.0430 0.2048
  endloop
 endfacet
 facet normal 0.79241 0.00000 -0.60999
  outer loop
   vertex 0.0748 2.0570 0.2048
   vertex 0.0748 2.0430 0.2048
   vertex 0.0696 2.0570 0.1980
  endloop
 endfacet
 facet normal 0.79241 -0.00000 -0.60999
  outer loop
   vertex 0.0696 2.0570 0.1980
   vertex 0.0748 2.0430 0.2048
   vertex 0.0696 2.0430 0.1980
  endloop
 endfacet
 facet normal 0.79241 -0.00000 0.60999
  outer loop
   vertex 0.0696 2.0570 0.1980
   vertex 0.0696 2.0430 0.1980
   vertex 0.0748 2.0570 0.1913
  endloop
 endfacet
 facet normal 0.79241 0.00000 0.60999
  outer loop
   vertex 0.0748 2.0570 0.1913
   vertex 0.0696 2.0430 0.1980
   vertex 0.0748 2.0430 0.1913
  endloop
 endfacet
 facet normal 0.00000 0.00000 1.00000
  outer loop
   vertex 0.0748 2.0570 0.1913
   vertex 0.0748 2.0430 0.1913
   vertex 0.0852 2.0570 0.1913
  endloop
 endfacet
 facet normal 0.00000 0.00000 1.00000
  outer loop
   vertex 0.0852 2.0570 0.1913
   vertex 0.0748 2.0430 0.1913
   vertex 0.0852 2.0430 0.1913
  endloop
 endfacet
 facet normal -0.79241 0.00000 0.60999
  outer loop
   vertex 0.0852 2.0570 0.1913
   vertex 0.0852 2.0430 0.1913
   vertex 0.0904 2.0570 0.1980
  endloop
 endfacet
 facet normal -0.79241 -0.00000 0.60999
  outer loop
   vertex 0.0904 2.0570 0.1980
   vertex 0.0852 2.0430 0.1913
   vertex 0.0904 2.0430 0.1980
  endloop
 endfacet
 facet normal -0.51321 0.76192 -0.39507
  outer loop
   vertex 0.0904 2.0430 0.1980
   vertex 0.0800 2.0360 0.1980
   vertex 0.0852 2.0430 0.2048
  endloop
 endfacet
 facet normal 0.00000 0.69414 -0.71984
  outer loop
   vertex 0.0852 2.0430 0.2048
   vertex 0.0800 2.0360 0.1980
   vertex 0.0748 2.0430 0.2048
  endloop
 endfacet
 facet normal 0.51321 0.76192 -0.39507
  outer loop
   vertex 0.0748 2.0430 0.2048
   vertex 0.0800 2.0360 0.1980
   vertex 0.0696 2.0430 0.1980
  endloop
 endfacet
 facet normal 0.51321 0.76192 0.39507
  outer loop
   vertex 0.0696 2.0430 0.1980
   vertex 0.0800 2.0360 0.1980
   vertex 0.0748 2.0430 0.1913
  endloop
 endfacet
 facet normal 0.00000 0.69414 0.71984
  outer loop
   vertex 0.0748 2.0430 0.1913
   vertex 0.0800 2.0360 0.1980
   vertex 0.0852 2.0430 0.1913
  endloop
 endfacet
 facet normal -0.51321 0.76192 0.39507
  outer loop
   vertex 0.0852 2.0430 0.1913
   vertex 0.0800 2.0360 0.1980
   vertex 0.0904 2.0430 0.1980
  endloop
 endfacet
 facet normal -0.17774 -0.98079 -0.08031
  outer loop
   vertex 0.0000 2.3050 -0.0350
   vertex 0.1697 2.2742 -0.0350
   vertex 0.1200 2.2742 0.0750
  endloop
 endfacet
 facet normal -0.07344 -0.97836 -0.19342
  outer loop
   vertex 0.0000 2.3050 -0.0350
   vertex 0.1200 2.2742 0.0750
   vertex 0.0000 2.2742 0.1206
  endloop
 endfacet
 facet normal 0.07344 -0.97836 -0.19342
  outer loop
   vertex 0.0000 2.3050 -0.0350
   vertex 0.0000 2.2742 0.1206
   vertex -0.1200 2.2742 0.0750
  endloop
 endfacet
 facet normal 0.17774 -0.98079 -0.08031
  outer loop
   vertex 0.0000 2.3050 -0.0350
   vertex -0.1200 2.2742 0.0750
   vertex -0.1697 2.2742 -0.0350
  endloop
 endfacet
 facet normal 0.17774 -0.98079 0.08031
  outer loop
   vertex 0.0000 2.3050 -0.0350
   vertex -0.1697 2.2742 -0.0350
   vertex -0.1200 2.2742 -0.1450
  endloop
 endfacet
 facet normal 0.07344 -0.97836 0.19342
  outer loop
   vertex 0.0000 2.3050 -0.0350
   vertex -0.1200 2.2742 -0.1450
   vertex -0.0000 2.2742 -0.1906
  endloop
 endfacet
 facet normal -0.07344 -0.97836 0.19342
  outer loop
   vertex 0.0000 2.3050 -0.0350
   vertex -0.0000 2.2742 -0.1906
   vertex 0.1200 2.2742 -0.1450
  endloop
 endfacet
 facet normal -0.17774 -0.98079 0.08031
  outer loop
   vertex 0.0000 2.3050 -0.0350
   vertex 0.1200 2.2742 -0.1450
   vertex 0.1697 2.2742 -0.0350
  endloop
 endfacet
 facet normal -0.68997 -0.65325 -0.31178
  outer loop
   vertex 0.1697 2.2742 -0.0350
   vertex 0.2400 2.2000 -0.0350
   vertex 0.1200 2.2742 0.0750
  endloop
 endfacet
 facet normal -0.68997 -0.65325 -0.31178
  outer loop
   vertex 0.1200 2.2742 0.0750
   vertex 0.2400 2.2000 -0.0350
   vertex 0.1697 2.2000 0.1206
  endloop
 endfacet
 facet normal -0.27565 -0.63006 -0.72598
  outer loop
   vertex 0.1200 2.2742 0.0750
   vertex 0.1697 2.2000 0.1206
   vertex 0.0000 2.2742 0.1206
  endloop
 endfacet
 facet normal -0.27565 -0.63006 -0.72598
  outer loop
   vertex 0.0000 2.2742 0.1206
   vertex 0.1697 2.2000 0.1206
   vertex 0.0000 2.2000 0.1850
  endloop
 endfacet
 facet normal 0.27565 -0.63006 -0.72598
  outer loop
   vertex 0.0000 2.2742 0.1206
   vertex 0.0000 2.2000 0.1850
   vertex -0.1200 2.2742 0.0750
  endloop
 endfacet
 facet normal 0.27565 -0.63006 -0.72598
  outer loop
   vertex -0.1200 2.2742 0.0750
   vertex 0.0000 2.2000 0.1850
   vertex -0.1697 2.2000 0.1206
  endloop
 endfacet
 facet normal 0.68997 -0.65325 -0.31178
  outer loop
   vertex -0.1200 2.2742 0.0750
   vertex -0.1697 2.2000 0.1206
   vertex -0.1697 2.2742 -0.0350
  endloop
 endfacet
 facet normal 0.68997 -0.65325 -0.31178
  outer loop
   vertex -0.1697 2.2742 -0.0350
   vertex -0.1697 2.2000 0.1206
   vertex -0.2400 2.2000 -0.0350
  endloop
 endfacet
 facet normal 0.68997 -0.65325 0.31178
  outer loop
   vertex -0.1697 2.2742 -0.0350
   vertex -0.2400 2.2000 -0.0350
   vertex -0.1200 2.2742 -0.1450
  endloop
 endfacet
 facet normal 0.68997 -0.65325 0.31178
  outer loop
   vertex -0.1200 2.2742 -0.1450
   vertex -0.2400 2.2000 -0.0350
   vertex -0.1697 2.2000 -0.1906
  endloop
 endfacet
 facet normal 0.27565 -0.63006 0.72598
  outer loop
   vertex -0.1200 2.2742 -0.1450
   vertex -0.1697 2.2000 -0.1906
   vertex -0.0000 2.2742 -0.1906
  endloop
 endfacet
 facet normal 0.27565 -0.63006 0.72598
  outer loop
   vertex -0.0000 2.2742 -0.1906
   vertex -0.1697 2.2000 -0.1906
   vertex -0.0000 2.2000 -0.2550
  endloop
 endfacet
 facet normal -0.27565 -0.63006 0.72598
  outer loop
   vertex -0.0000 2.2742 -0.1906
   vertex -0.0000 2.2000 -0.2550
   vertex 0.1200 2.2742 -0.1450
  endloop
 endfacet
 facet normal -0.27565 -0.63006 0.72598
  outer loop
   vertex 0.1200 2.2742 -0.1450
   vertex -0.0000 2.2000 -0.2550
   vertex 0.1697 2.2000 -0.1906
  endloop
 endfacet
 facet normal -0.68997 -0.65325 0.31178
  outer loop
   vertex 0.1200 2.2742 -0.1450
   vertex 0.1697 2.2000 -0.1906
   vertex 0.1697 2.2742 -0.0350
  endloop
 endfacet
 facet normal -0.68997 -0.65325 0.31178
  outer loop
   vertex 0.1697 2.2742 -0.0350
   vertex 0.1697 2.2000 -0.1906
   vertex 0.2400 2.2000 -0.0350
  endloop
 endfacet
 facet normal -0.68997 0.65325 -0.31178
  outer loop
   vertex 0.2400 2.2000 -0.0350
   vertex 0.1697 2.1258 -0.0350
   vertex 0.1697 2.2000 0.1206
  endloop
 endfacet
 facet normal -0.68997 0.65325 -0.31178
  outer loop
   vertex 0.1697 2.2000 0.1206
   vertex 0.1697 2.1258 -0.0350
   vertex 0.1200 2.1258 0.0750
  endloop
 endfacet
 facet normal -0.27565 0.63006 -0.72598
  outer loop
   vertex 0.1697 2.2000 0.1206
   vertex 0.1200 2.1258 0.0750
   vertex 0.0000 2.2000 0.1850
  endloop
 endfacet
 facet normal -0.27565 0.63006 -0.72598
  outer loop
   vertex 0.0000 2.2000 0.1850
   vertex 0.1200 2.1258 0.0750
   vertex 0.0000 2.1258 0.1206
  endloop
 endfacet
 facet normal 0.27565 0.63006 -0.72598
  outer loop
   vertex 0.0000 2.2000 0.1850
   vertex 0.0000 2.1258 0.1206
   vertex -0.1697 2.2000 0.1206
  endloop
 endfacet
 facet normal 0.27565 0.63006 -0.72598
  outer loop
   vertex -0.1697 2.2000 0.1206
   vertex 0.0000 2.1258 0.1206
   vertex -0.1200 2.1258 0.0750
  endloop
 endfacet
 facet normal 0.68997 0.65325 -0.31178
  outer loop
   vertex -0.1697 2.2000 0.1206
   vertex -0.1200 2.1258 0.0750
   vertex -0.2400 2.2000 -0.0350
  endloop
 endfacet
 facet normal 0.68997 0.65325 -0.31178
  outer loop
   vertex -0.2400 2.2000 -0.0350
   vertex -0.1200 2.1258 0.0750
   vertex -0.1697 2.1258 -0.0350
  endloop
 endfacet
 facet normal 0.68997 0.65325 0.31178
  outer loop
   vertex -0.2400 2.2000 -0.0350
   vertex -0.1697 2.1258 -0.0350
   vertex -0.1697 2.2000 -0.1906
  endloop
 endfacet
 facet normal 0.68997 0.65325 0.31178
  outer loop
   vertex -0.1697 2.2000 -0.1906
   vertex -0.1697 2.1258 -0.0350
   vertex -0.1200 2.1258 -0.1450
  endloop
 endfacet
 facet normal 0.27565 0.63006 0.72598
  outer loop
   vertex -0.1697 2.2000 -0.1906
   vertex -0.1200 2.1258 -0.1450
   vertex -0.0000 2.2000 -0.2550
  endloop
 endfacet
 facet normal 0.27565 0.63006 0.72598
  outer loop
   vertex -0.0000 2.2000 -0.2550
   vertex -0.1200 2.1258 -0.1450
   vertex -0.0000 2.1258 -0.1906
  endloop
 endfacet
 facet normal -0.27565 0.63006 0.72598
  outer loop
   vertex -0.0000 2.2000 -0.2550
   vertex -0.0000 2.1258 -0.1906
   vertex 0.1697 2.2000 -0.1906
  endloop
 endfacet
 facet normal -0.27565 0.63006 0.72598
  outer loop
   vertex 0.1697 2.2000 -0.1906
   vertex -0.0000 2.1258 -0.1906
   vertex 0.1200 2.1258 -0.1450
  endloop
 endfacet
 facet normal -0.68997 0.65325 0.31178
  outer loop
   vertex 0.1697 2.2000 -0.1906
   vertex 0.1200 2.1258 -0.1450
   vertex 0.2400 2.2000 -0.0350
  endloop
 endfacet
 facet normal -0.68997 0.65325 0.31178
  outer loop
   vertex 0.2400 2.2000 -0.0350
   vertex 0.1200 2.1258 -0.1450
   vertex 0.1697 2.1258 -0.0350
  endloop
 endfacet
 facet normal -0.17774 0.98079 -0.08031
  outer loop
   vertex 0.1697 2.1258 -0.0350
   vertex 0.0000 2.0950 -0.0350
   vertex 0.1200 2.1258 0.0750
  endloop
 endfacet
 facet normal -0.07344 0.97836 -0.19342
  outer loop
   vertex 0.1200 2.1258 0.0750
   vertex 0.0000 2.0950 -0.0350
   vertex 0.0000 2.1258 0.1206
  endloop
 endfacet
 facet normal 0.07344 0.97836 -0.19342
  outer loop
   vertex 0.0000 2.1258 0.1206
   vertex 0.0000 2.0950 -0.0350
   vertex -0.1200 2.1258 0.0750
  endloop
 endfacet
 facet normal 0.17774 0.98079 -0.08031
  outer loop
   vertex -0.1200 2.1258 0.0750
   vertex -0.0000 2.0950 -0.0350
   vertex -0.1697 2.1258 -0.0350
  endloop
 endfacet
 facet normal 0.17774 0.98079 0.08031
  outer loop
   vertex -0.1697 2.1258 -0.0350
   vertex -0.0000 2.0950 -0.0350
   vertex -0.1200 2.1258 -0.1450
  endloop
 endfacet
 facet normal 0.07344 0.97836 0.19342
  outer loop
   vertex -0.1200 2.1258 -0.1450
   vertex -0.0000 2.0950 -0.0350
   vertex -0.0000 2.1258 -0.1906
  endloop
 endfacet
 facet normal -0.07344 0.97836 0.19342
  outer loop
   vertex -0.0000 2.1258 -0.1906
   vertex -0.0000 2.0950 -0.0350
   vertex 0.1200 2.1258 -0.1450
  endloop
 endfacet
 facet normal -0.17774 0.98079 0.08031
  outer loop
   vertex 0.1200 2.1258 -0.1450
   vertex 0.0000 2.0950 -0.0350
   vertex 0.1697 2.1258 -0.0350
  endloop
 endfacet
 facet normal 0.00000 0.00000 1.00000
  outer loop
   vertex -0.2425 1.5700 -0.1550
   vertex -0.1375 1.5700 -0.1550
   vertex -0.1375 2.0900 -0.1550
  endloop
 endfacet
 facet normal 0.00000 0.00000 1.00000
  outer loop
   vertex -0.2425 1.5700 -0.1550
   vertex -0.1375 2.0900 -0.1550
   vertex -0.2425 2.0900 -0.1550
  endloop
 endfacet
 facet normal 0.00000 0.00000 -1.00000
  outer loop
   vertex -0.1375 1.5700 0.0050
   vertex -0.2425 1.5700 0.0050
   vertex -0.2425 2.0900 0.0050
  endloop
 endfacet
 facet normal 0.00000 0.00000 -1.00000
  outer loop
   vertex -0.1375 1.5700 0.0050
   vertex -0.2425 2.0900 0.0050
   vertex -0.1375 2.0900 0.0050
  endloop
 endfacet
 facet normal 1.00000 0.00000 0.00000
  outer loop
   vertex -0.2425 1.5700 0.0050
   vertex -0.2425 1.5700 -0.1550
   vertex -0.2425 2.0900 -0.1550
  endloop
 endfacet
 facet normal 1.00000 0.00000 0.00000
  outer loop
   vertex -0.2425 1.5700 0.0050
   vertex -0.2425 2.0900 -0.1550
   vertex -0.2425 2.0900 0.0050
  endloop
 endfacet
 facet normal -1.00000 0.00000 0.00000
  outer loop
   vertex -0.1375 1.5700 -0.1550
   vertex -0.1375 1.5700 0.0050
   vertex -0.1375 2.0900 0.0050
  endloop
 endfacet
 facet normal -1.00000 0.00000 0.00000
  outer loop
   vertex -0.1375 1.5700 -0.1550
   vertex -0.1375 2.0900 0.0050
   vertex -0.1375 2.0900 -0.1550
  endloop
 endfacet
 facet normal 0.00000 -1.00000 0.00000
  outer loop
   vertex -0.2425 2.0900 -0.1550
   vertex -0.1375 2.0900 -0.1550
   vertex -0.1375 2.0900 0.0050
  endloop
 endfacet
 facet normal 0.00000 -1.00000 0.00000
  outer loop
   vertex -0.2425 2.0900 -0.1550
   vertex -0.1375 2.0900 0.0050
   vertex -0.2425 2.0900 0.0050
  endloop
 endfacet
 facet normal 0.00000 1.00000 0.00000
  outer loop
   vertex -0.2425 1.5700 0.0050
   vertex -0.1375 1.5700 0.0050
   vertex -0.1375 1.5700 -0.1550
  endloop
 endfacet
 facet normal 0.00000 1.00000 0.00000
  outer loop
   vertex -0.2425 1.5700 0.0050
   vertex -0.1375 1.5700 -0.1550
   vertex -0.2425 1.5700 -0.1550
  endloop
 endfacet
 facet normal 0.00000 0.00000 1.00000
  outer loop
   vertex 0.1375 1.5700 -0.1550
   vertex 0.2425 1.5700 -0.1550
   vertex 0.2425 2.0900 -0.1550
  endloop
 endfacet
 facet normal 0.00000 0.00000 1.00000
  outer loop
   vertex 0.1375 1.5700 -0.1550
   vertex 0.2425 2.0900 -0.1550
   vertex 0.1375 2.0900 -0.1550
  endloop
 endfacet
 facet normal 0.00000 0.00000 -1.00000
  outer loop
   vertex 0.2425 1.5700 0.0050
   vertex 0.1375 1.5700 0.0050
   vertex 0.1375 2.0900 0.0050
  endloop
 endfacet
 facet normal 0.00000 0.00000 -1.00000
  outer loop
   vertex 0.2425 1.5700 0.0050
   vertex 0.1375 2.0900 0.0050
   vertex 0.2425 2.0900 0.0050
  endloop
 endfacet
 facet normal 1.00000 0.00000 0.00000
  outer loop
   vertex 0.1375 1.5700 0.0050
   vertex 0.1375 1.5700 -0.1550
   vertex 0.1375 2.0900 -0.1550
  endloop
 endfacet
 facet normal 1.00000 0.00000 0.00000
  outer loop
   vertex 0.1375 1.5700 0.0050
   vertex 0.1375 2.0900 -0.1550
   vertex 0.1375 2.0900 0.0050
  endloop
 endfacet
 facet normal -1.00000 0.00000 0.00000
  outer loop
   vertex 0.2425 1.5700 -0.1550
   vertex 0.2425 1.5700 0.0050
   vertex 0.2425 2.0900 0.0050
  endloop
 endfacet
 facet normal -1.00000 0.00000 0.00000
  outer loop
   vertex 0.2425 1.5700 -0.1550
   vertex 0.2425 2.0900 0.0050
   vertex 0.2425 2.0900 -0.1550
  endloop
 endfacet
 facet normal 0.00000 -1.00000 0.00000
  outer loop
   vertex 0.1375 2.0900 -0.1550
   vertex 0.2425 2.0900 -0.1550
   vertex 0.2425 2.0900 0.0050
  endloop
 endfacet
 facet normal 0.00000 -1.00000 0.00000
  outer loop
   vertex 0.1375 2.0900 -0.1550
   vertex 0.2425 2.0900 0.0050
   vertex 0.1375 2.0900 0.0050
  endloop
 endfacet
 facet normal 0.00000 1.00000 0.00000
  outer loop
   vertex 0.1375 1.5700 0.0050
   vertex 0.2425 1.5700 0.0050
   vertex 0.2425 1.5700 -0.1550
  endloop
 endfacet
 facet normal 0.00000 1.00000 0.00000
  outer loop
   vertex 0.1375 1.5700 0.0050
   vertex 0.2425 1.5700 -0.1550
   vertex 0.1375 1.5700 -0.1550
  endloop
 endfacet
 facet normal -0.42280 -0.27712 0.86281
  outer loop
   vertex 0.0200 2.1449 -0.1265
   vertex -0.0371 2.1377 -0.1569
   vertex 0.0429 1.7977 -0.2269
  endloop
 endfacet
 facet normal -0.42280 -0.27712 0.86281
  outer loop
   vertex 0.0200 2.1449 -0.1265
   vertex 0.0429 1.7977 -0.2269
   vertex 0.1000 1.8049 -0.1965
  endloop
 endfacet
 facet normal -0.22457 0.95444 0.19650
  outer loop
   vertex 0.0200 2.1600 -0.2000
   vertex -0.0371 2.1377 -0.1569
   vertex 0.0200 2.1449 -0.1265
  endloop
 endfacet
 facet normal 0.22457 -0.95444 -0.19650
  outer loop
   vertex 0.1000 1.8200 -0.2700
   vertex 0.1000 1.8049 -0.1965
   vertex 0.0429 1.7977 -0.2269
  endloop
 endfacet
 facet normal -0.95003 -0.25932 0.17380
  outer loop
   vertex -0.0371 2.1377 -0.1569
   vertex -0.0513 2.1473 -0.2197
   vertex 0.0287 1.8073 -0.2897
  endloop
 endfacet
 facet normal -0.95003 -0.25932 0.17380
  outer loop
   vertex -0.0371 2.1377 -0.1569
   vertex 0.0287 1.8073 -0.2897
   vertex 0.0429 1.7977 -0.2269
  endloop
 endfacet
 facet normal -0.22457 0.95444 0.19650
  outer loop
   vertex 0.0200 2.1600 -0.2000
   vertex -0.0513 2.1473 -0.2197
   vertex -0.0371 2.1377 -0.1569
  endloop
 endfacet
 facet normal 0.22457 -0.95444 -0.19650
  outer loop
   vertex 0.1000 1.8200 -0.2700
   vertex 0.0429 1.7977 -0.2269
   vertex 0.0287 1.8073 -0.2897
  endloop
 endfacet
 facet normal -0.76186 -0.04624 -0.64609
  outer loop
   vertex -0.0513 2.1473 -0.2197
   vertex -0.0117 2.1665 -0.2677
   vertex 0.0683 1.8265 -0.3377
  endloop
 endfacet
 facet normal -0.76186 -0.04624 -0.64609
  outer loop
   vertex -0.0513 2.1473 -0.2197
   vertex 0.0683 1.8265 -0.3377
   vertex 0.0287 1.8073 -0.2897
  endloop
 endfacet
 facet normal -0.22457 0.95444 0.19650
  outer loop
   vertex 0.0200 2.1600 -0.2000
   vertex -0.0117 2.1665 -0.2677
   vertex -0.0513 2.1473 -0.2197
  endloop
 endfacet
 facet normal 0.22457 -0.95444 -0.19650
  outer loop
   vertex 0.1000 1.8200 -0.2700
   vertex 0.0287 1.8073 -0.2897
   vertex 0.0683 1.8265 -0.3377
  endloop
 endfacet
 facet normal 0.00000 0.20165 -0.97946
  outer loop
   vertex -0.0117 2.1665 -0.2677
   vertex 0.0517 2.1808 -0.2647
   vertex 0.1317 1.8408 -0.3347
  endloop
 endfacet
 facet normal 0.00000 0.20165 -0.97946
  outer loop
   vertex -0.0117 2.1665 -0.2677
   vertex 0.1317 1.8408 -0.3347
   vertex 0.0683 1.8265 -0.3377
  endloop
 endfacet
 facet normal -0.22457 0.95444 0.19650
  outer loop
   vertex 0.0200 2.1600 -0.2000
   vertex 0.0517 2.1808 -0.2647
   vertex -0.0117 2.1665 -0.2677
  endloop
 endfacet
 facet normal 0.22457 -0.95444 -0.19650
  outer loop
   vertex 0.1000 1.8200 -0.2700
   vertex 0.0683 1.8265 -0.3377
   vertex 0.1317 1.8408 -0.3347
  endloop
 endfacet
 facet normal 0.76186 0.29770 -0.57528
  outer loop
   vertex 0.0517 2.1808 -0.2647
   vertex 0.0913 2.1794 -0.2130
   vertex 0.1713 1.8394 -0.2830
  endloop
 endfacet
 facet normal 0.76186 0.29770 -0.57528
  outer loop
   vertex 0.0517 2.1808 -0.2647
   vertex 0.1713 1.8394 -0.2830
   vertex 0.1317 1.8408 -0.3347
  endloop
 endfacet
 facet normal -0.22457 0.95444 0.19650
  outer loop
   vertex 0.0200 2.1600 -0.2000
   vertex 0.0913 2.1794 -0.2130
   vertex 0.0517 2.1808 -0.2647
  endloop
 endfacet
 facet normal 0.22457 -0.95444 -0.19650
  outer loop
   vertex 0.1000 1.8200 -0.2700
   vertex 0.1317 1.8408 -0.3347
   vertex 0.1713 1.8394 -0.2830
  endloop
 endfacet
 facet normal 0.95003 0.16957 0.26210
  outer loop
   vertex 0.0913 2.1794 -0.2130
   vertex 0.0771 2.1635 -0.1515
   vertex 0.1571 1.8235 -0.2215
  endloop
 endfacet
 facet normal 0.95003 0.16957 0.26210
  outer loop
   vertex 0.0913 2.1794 -0.2130
   vertex 0.1571 1.8235 -0.2215
   vertex 0.1713 1.8394 -0.2830
  endloop
 endfacet
 facet normal -0.22457 0.95444 0.19650
  outer loop
   vertex 0.0200 2.1600 -0.2000
   vertex 0.0771 2.1635 -0.1515
   vertex 0.0913 2.1794 -0.2130
  endloop
 endfacet
 facet normal 0.22457 -0.95444 -0.19650
  outer loop
   vertex 0.1000 1.8200 -0.2700
   vertex 0.1713 1.8394 -0.2830
   vertex 0.1571 1.8235 -0.2215
  endloop
 endfacet
 facet normal 0.42280 -0.08625 0.90211
  outer loop
   vertex 0.0771 2.1635 -0.1515
   vertex 0.0200 2.1449 -0.1265
   vertex 0.1000 1.8049 -0.1965
  endloop
 endfacet
 facet normal 0.42280 -0.08625 0.90211
  outer loop
   vertex 0.0771 2.1635 -0.1515
   vertex 0.1000 1.8049 -0.1965
   vertex 0.1571 1.8235 -0.2215
  endloop
 endfacet
 facet normal -0.22457 0.95444 0.19650
  outer loop
   vertex 0.0200 2.1600 -0.2000
   vertex 0.0200 2.1449 -0.1265
   vertex 0.0771 2.1635 -0.1515
  endloop
 endfacet
 facet normal 0.22457 -0.95444 -0.19650
  outer loop
   vertex 0.1000 1.8200 -0.2700
   vertex 0.1571 1.8235 -0.2215
   vertex 0.1000 1.8049 -0.1965
  endloop
 endfacet
 facet normal -0.47086 -0.85257 -0.22675
  outer loop
   vertex 0.1000 1.8800 -0.2700
   vertex 0.1530 1.8507 -0.2700
   vertex 0.1331 1.8507 -0.2285
  endloop
 endfacet
 facet normal -0.11629 -0.85257 -0.50951
  outer loop
   vertex 0.1000 1.8800 -0.2700
   vertex 0.1331 1.8507 -0.2285
   vertex 0.0882 1.8507 -0.2183
  endloop
 endfacet
 facet normal 0.32585 -0.85257 -0.40860
  outer loop
   vertex 0.1000 1.8800 -0.2700
   vertex 0.0882 1.8507 -0.2183
   vertex 0.0522 1.8507 -0.2470
  endloop
 endfacet
 facet normal 0.52262 -0.85257 0.00000
  outer loop
   vertex 0.1000 1.8800 -0.2700
   vertex 0.0522 1.8507 -0.2470
   vertex 0.0522 1.8507 -0.2930
  endloop
 endfacet
 facet normal 0.32585 -0.85257 0.40860
  outer loop
   vertex 0.1000 1.8800 -0.2700
   vertex 0.0522 1.8507 -0.2930
   vertex 0.0882 1.8507 -0.3217
  endloop
 endfacet
 facet normal -0.11629 -0.85257 0.50951
  outer loop
   vertex 0.1000 1.8800 -0.2700
   vertex 0.0882 1.8507 -0.3217
   vertex 0.1331 1.8507 -0.3115
  endloop
 endfacet
 facet normal -0.47086 -0.85257 0.22675
  outer loop
   vertex 0.1000 1.8800 -0.2700
   vertex 0.1331 1.8507 -0.3115
   vertex 0.1530 1.8507 -0.2700
  endloop
 endfacet
 facet normal -0.86762 -0.26954 -0.41783
  outer loop
   vertex 0.1530 1.8507 -0.2700
   vertex 0.1750 1.7800 -0.2700
   vertex 0.1331 1.8507 -0.2285
  endloop
 endfacet
 facet normal -0.86762 -0.26954 -0.41783
  outer loop
   vertex 0.1331 1.8507 -0.2285
   vertex 0.1750 1.7800 -0.2700
   vertex 0.1468 1.7800 -0.2114
  endloop
 endfacet
 facet normal -0.21429 -0.26954 -0.93885
  outer loop
   vertex 0.1331 1.8507 -0.2285
   vertex 0.1468 1.7800 -0.2114
   vertex 0.0882 1.8507 -0.2183
  endloop
 endfacet
 facet normal -0.21429 -0.26954 -0.93885
  outer loop
   vertex 0.0882 1.8507 -0.2183
   vertex 0.1468 1.7800 -0.2114
   vertex 0.0833 1.7800 -0.1969
  endloop
 endfacet
 facet normal 0.60041 -0.26954 -0.75290
  outer loop
   vertex 0.0882 1.8507 -0.2183
   vertex 0.0833 1.7800 -0.1969
   vertex 0.0522 1.8507 -0.2470
  endloop
 endfacet
 facet normal 0.60041 -0.26954 -0.75290
  outer loop
   vertex 0.0522 1.8507 -0.2470
   vertex 0.0833 1.7800 -0.1969
   vertex 0.0324 1.7800 -0.2375
  endloop
 endfacet
 facet normal 0.96299 -0.26954 0.00000
  outer loop
   vertex 0.0522 1.8507 -0.2470
   vertex 0.0324 1.7800 -0.2375
   vertex 0.0522 1.8507 -0.2930
  endloop
 endfacet
 facet normal 0.96299 -0.26954 -0.00000
  outer loop
   vertex 0.0522 1.8507 -0.2930
   vertex 0.0324 1.7800 -0.2375
   vertex 0.0324 1.7800 -0.3025
  endloop
 endfacet
 facet normal 0.60041 -0.26954 0.75290
  outer loop
   vertex 0.0522 1.8507 -0.2930
   vertex 0.0324 1.7800 -0.3025
   vertex 0.0882 1.8507 -0.3217
  endloop
 endfacet
 facet normal 0.60041 -0.26954 0.75290
  outer loop
   vertex 0.0882 1.8507 -0.3217
   vertex 0.0324 1.7800 -0.3025
   vertex 0.0833 1.7800 -0.3431
  endloop
 endfacet
 facet normal -0.21429 -0.26954 0.93885
  outer loop
   vertex 0.0882 1.8507 -0.3217
   vertex 0.0833 1.7800 -0.3431
   vertex 0.1331 1.8507 -0.3115
  endloop
 endfacet
 facet normal -0.21429 -0.26954 0.93885
  outer loop
   vertex 0.1331 1.8507 -0.3115
   vertex 0.0833 1.7800 -0.3431
   vertex 0.1468 1.7800 -0.3286
  endloop
 endfacet
 facet normal -0.86762 -0.26954 0.41783
  outer loop
   vertex 0.1331 1.8507 -0.3115
   vertex 0.1468 1.7800 -0.3286
   vertex 0.1530 1.8507 -0.2700
  endloop
 endfacet
 facet normal -0.86762 -0.26954 0.41783
  outer loop
   vertex 0.1530 1.8507 -0.2700
   vertex 0.1468 1.7800 -0.3286
   vertex 0.1750 1.7800 -0.2700
  endloop
 endfacet
 facet normal -0.86762 0.26954 -0.41783
  outer loop
   vertex 0.1750 1.7800 -0.2700
   vertex 0.1530 1.7093 -0.2700
   vertex 0.1468 1.7800 -0.2114
  endloop
 endfacet
 facet normal -0.86762 0.26954 -0.41783
  outer loop
   vertex 0.1468 1.7800 -0.2114
   vertex 0.1530 1.7093 -0.2700
   vertex 0.1331 1.7093 -0.2285
  endloop
 endfacet
 facet normal -0.21429 0.26954 -0.93885
  outer loop
   vertex 0.1468 1.7800 -0.2114
   vertex 0.1331 1.7093 -0.2285
   vertex 0.0833 1.7800 -0.1969
  endloop
 endfacet
 facet normal -0.21429 0.26954 -0.93885
  outer loop
   vertex 0.0833 1.7800 -0.1969
   vertex 0.1331 1.7093 -0.2285
   vertex 0.0882 1.7093 -0.2183
  endloop
 endfacet
 facet normal 0.60041 0.26954 -0.75290
  outer loop
   vertex 0.0833 1.7800 -0.1969
   vertex 0.0882 1.7093 -0.2183
   vertex 0.0324 1.7800 -0.2375
  endloop
 endfacet
 facet normal 0.60041 0.26954 -0.75290
  outer loop
   vertex 0.0324 1.7800 -0.2375
   vertex 0.0882 1.7093 -0.2183
   vertex 0.0522 1.7093 -0.2470
  endloop
 endfacet
 facet normal 0.96299 0.26954 -0.00000
  outer loop
   vertex 0.0324 1.7800 -0.2375
   vertex 0.0522 1.7093 -0.2470
   vertex 0.0324 1.7800 -0.3025
  endloop
 endfacet
 facet normal 0.96299 0.26954 -0.00000
  outer loop
   vertex 0.0324 1.7800 -0.3025
   vertex 0.0522 1.7093 -0.2470
   vertex 0.0522 1.7093 -0.2930
  endloop
 endfacet
 facet normal 0.60041 0.26954 0.75290
  outer loop
   vertex 0.0324 1.7800 -0.3025
   vertex 0.0522 1.7093 -0.2930
   vertex 0.0833 1.7800 -0.3431
  endloop
 endfacet
 facet normal 0.60041 0.26954 0.75290
  outer loop
   vertex 0.0833 1.7800 -0.3431
   vertex 0.0522 1.7093 -0.2930
   vertex 0.0882 1.7093 -0.3217
  endloop
 endfacet
 facet normal -0.21429 0.26954 0.93885
  outer loop
   vertex 0.0833 1.7800 -0.3431
   vertex 0.0882 1.7093 -0.3217
   vertex 0.1468 1.7800 -0.3286
  endloop
 endfacet
 facet normal -0.21429 0.26954 0.93885
  outer loop
   vertex 0.1468 1.7800 -0.3286
   vertex 0.0882 1.7093 -0.3217
   vertex 0.1331 1.7093 -0.3115
  endloop
 endfacet
 facet normal -0.86762 0.26954 0.41783
  outer loop
   vertex 0.1468 1.7800 -0.3286
   vertex 0.1331 1.7093 -0.3115
   vertex 0.1750 1.7800 -0.2700
  endloop
 endfacet
 facet normal -0.86762 0.26954 0.41783
  outer loop
   vertex 0.1750 1.7800 -0.2700
   vertex 0.1331 1.7093 -0.3115
   vertex 0.1530 1.7093 -0.2700
  endloop
 endfacet
 facet normal -0.47086 0.85257 -0.22675
  outer loop
   vertex 0.1530 1.7093 -0.2700
   vertex 0.1000 1.6800 -0.2700
   vertex 0.1331 1.7093 -0.2285
  endloop
 endfacet
 facet normal -0.11629 0.85257 -0.50951
  outer loop
   vertex 0.1331 1.7093 -0.2285
   vertex 0.1000 1.6800 -0.2700
   vertex 0.0882 1.7093 -0.2183
  endloop
 endfacet
 facet normal 0.32585 0.85257 -0.40860
  outer loop
   vertex 0.0882 1.7093 -0.2183
   vertex 0.1000 1.6800 -0.2700
   vertex 0.0522 1.7093 -0.2470
  endloop
 endfacet
 facet normal 0.52262 0.85257 -0.00000
  outer loop
   vertex 0.0522 1.7093 -0.2470
   vertex 0.1000 1.6800 -0.2700
   vertex 0.0522 1.7093 -0.2930
  endloop
 endfacet
 facet normal 0.32585 0.85257 0.40860
  outer loop
   vertex 0.0522 1.7093 -0.2930
   vertex 0.1000 1.6800 -0.2700
   vertex 0.0882 1.7093 -0.3217
  endloop
 endfacet
 facet normal -0.11629 0.85257 0.50951
  outer loop
   vertex 0.0882 1.7093 -0.3217
   vertex 0.1000 1.6800 -0.2700
   vertex 0.1331 1.7093 -0.3115
  endloop
 endfacet
 facet normal -0.47086 0.85257 0.22675
  outer loop
   vertex 0.1331 1.7093 -0.3115
   vertex 0.1000 1.6800 -0.2700
   vertex 0.1530 1.7093 -0.2700
  endloop
 endfacet
 facet normal 0.00000 0.00000 1.00000
  outer loop
   vertex -0.2150 1.2450 0.1525
   vertex 0.2150 1.2450 0.1525
   vertex 0.2150 1.3350 0.1525
  endloop
 endfacet
 facet normal 0.00000 0.00000 1.00000
  outer loop
   vertex -0.2150 1.2450 0.1525
   vertex 0.2150 1.3350 0.1525
   vertex -0.2150 1.3350 0.1525
  endloop
 endfacet
 facet normal 0.00000 0.00000 -1.00000
  outer loop
   vertex 0.2150 1.2450 0.1875
   vertex -0.2150 1.2450 0.1875
   vertex -0.2150 1.3350 0.1875
  endloop
 endfacet
 facet normal 0.00000 0.00000 -1.00000
  outer loop
   vertex 0.2150 1.2450 0.1875
   vertex -0.2150 1.3350 0.1875
   vertex 0.2150 1.3350 0.1875
  endloop
 endfacet
 facet normal 1.00000 0.00000 0.00000
  outer loop
   vertex -0.2150 1.2450 0.1875
   vertex -0.2150 1.2450 0.1525
   vertex -0.2150 1.3350 0.1525
  endloop
 endfacet
 facet normal 1.00000 0.00000 0.00000
  outer loop
   vertex -0.2150 1.2450 0.1875
   vertex -0.2150 1.3350 0.1525
   vertex -0.2150 1.3350 0.1875
  endloop
 endfacet
 facet normal -1.00000 0.00000 0.00000
  outer loop
   vertex 0.2150 1.2450 0.1525
   vertex 0.2150 1.2450 0.1875
   vertex 0.2150 1.3350 0.1875
  endloop
 endfacet
 facet normal -1.00000 0.00000 0.00000
  outer loop
   vertex 0.2150 1.2450 0.1525
   vertex 0.2150 1.3350 0.1875
   vertex 0.2150 1.3350 0.1525
  endloop
 endfacet
 facet normal 0.00000 -1.00000 0.00000
  outer loop
   vertex -0.2150 1.3350 0.1525
   vertex 0.2150 1.3350 0.1525
   vertex 0.2150 1.3350 0.1875
  endloop
 endfacet
 facet normal 0.00000 -1.00000 0.00000
  outer loop
   vertex -0.2150 1.3350 0.1525
   vertex 0.2150 1.3350 0.1875
   vertex -0.2150 1.3350 0.1875
  endloop
 endfacet
 facet normal 0.00000 1.00000 0.00000
  outer loop
   vertex -0.2150 1.2450 0.1875
   vertex 0.2150 1.2450 0.1875
   vertex 0.2150 1.2450 0.1525
  endloop
 endfacet
 facet normal 0.00000 1.00000 0.00000
  outer loop
   vertex -0.2150 1.2450 0.1875
   vertex 0.2150 1.2450 0.1525
   vertex -0.2150 1.2450 0.1525
  endloop
 endfacet
 facet normal 0.00000 0.00000 1.00000
  outer loop
   vertex -0.2650 1.2700 0.1575
   vertex -0.1750 1.2700 0.1575
   vertex -0.1750 1.4500 0.1575
  endloop
 endfacet
 facet normal 0.00000 0.00000 1.00000
  outer loop
   vertex -0.2650 1.2700 0.1575
   vertex -0.1750 1.4500 0.1575
   vertex -0.2650 1.4500 0.1575
  endloop
 endfacet
 facet normal 0.00000 0.00000 -1.00000
  outer loop
   vertex -0.1750 1.2700 0.2025
   vertex -0.2650 1.2700 0.2025
   vertex -0.2650 1.4500 0.2025
  endloop
 endfacet
 facet normal 0.00000 0.00000 -1.00000
  outer loop
   vertex -0.1750 1.2700 0.2025
   vertex -0.2650 1.4500 0.2025
   vertex -0.1750 1.4500 0.2025
  endloop
 endfacet
 facet normal 1.00000 0.00000 0.00000
  outer loop
   vertex -0.2650 1.2700 0.2025
   vertex -0.2650 1.2700 0.1575
   vertex -0.2650 1.4500 0.1575
  endloop
 endfacet
 facet normal 1.00000 0.00000 0.00000
  outer loop
   vertex -0.2650 1.2700 0.2025
   vertex -0.2650 1.4500 0.1575
   vertex -0.2650 1.4500 0.2025
  endloop
 endfacet
 facet normal -1.00000 0.00000 0.00000
  outer loop
   vertex -0.1750 1.2700 0.1575
   vertex -0.1750 1.2700 0.2025
   vertex -0.1750 1.4500 0.2025
  endloop
 endfacet
 facet normal -1.00000 0.00000 0.00000
  outer loop
   vertex -0.1750 1.2700 0.1575
   vertex -0.1750 1.4500 0.2025
   vertex -0.1750 1.4500 0.1575
  endloop
 endfacet
 facet normal 0.00000 -1.00000 0.00000
  outer loop
   vertex -0.2650 1.4500 0.1575
   vertex -0.1750 1.4500 0.1575
   vertex -0.1750 1.4500 0.2025
  endloop
 endfacet
 facet normal 0.00000 -1.00000 0.00000
  outer loop
   vertex -0.2650 1.4500 0.1575
   vertex -0.1750 1.4500 0.2025
   vertex -0.2650 1.4500 0.2025
  endloop
 endfacet
 facet normal 0.00000 1.00000 0.00000
  outer loop
   vertex -0.2650 1.2700 0.2025
   vertex -0.1750 1.2700 0.2025
   vertex -0.1750 1.2700 0.1575
  endloop
 endfacet
 facet normal 0.00000 1.00000 0.00000
  outer loop
   vertex -0.2650 1.2700 0.2025
   vertex -0.1750 1.2700 0.1575
   vertex -0.2650 1.2700 0.1575
  endloop
 endfacet
 facet normal 0.00000 0.00000 1.00000
  outer loop
   vertex -0.0275 1.3350 0.1625
   vertex 0.0275 1.3350 0.1625
   vertex 0.0275 1.6050 0.1625
  endloop
 endfacet
 facet normal 0.00000 0.00000 1.00000
  outer loop
   vertex -0.0275 1.3350 0.1625
   vertex 0.0275 1.6050 0.1625
   vertex -0.0275 1.6050 0.1625
  endloop
 endfacet
 facet normal 0.00000 0.00000 -1.00000
  outer loop
   vertex 0.0275 1.3350 0.1875
   vertex -0.0275 1.3350 0.1875
   vertex -0.0275 1.6050 0.1875
  endloop
 endfacet
 facet normal 0.00000 0.00000 -1.00000
  outer loop
   vertex 0.0275 1.3350 0.1875
   vertex -0.0275 1.6050 0.1875
   vertex 0.0275 1.6050 0.1875
  endloop
 endfacet
 facet normal 1.00000 0.00000 0.00000
  outer loop
   vertex -0.0275 1.3350 0.1875
   vertex -0.0275 1.3350 0.1625
   vertex -0.0275 1.6050 0.1625
  endloop
 endfacet
 facet normal 1.00000 0.00000 0.00000
  outer loop
   vertex -0.0275 1.3350 0.1875
   vertex -0.0275 1.6050 0.1625
   vertex -0.0275 1.6050 0.1875
  endloop
 endfacet
 facet normal -1.00000 0.00000 0.00000
  outer loop
   vertex 0.0275 1.3350 0.1625
   vertex 0.0275 1.3350 0.1875
   vertex 0.0275 1.6050 0.1875
  endloop
 endfacet
 facet normal -1.00000 0.00000 0.00000
  outer loop
   vertex 0.0275 1.3350 0.1625
   vertex 0.0275 1.6050 0.1875
   vertex 0.0275 1.6050 0.1625
  endloop
 endfacet
 facet normal 0.00000 -1.00000 0.00000
  outer loop
   vertex -0.0275 1.6050 0.1625
   vertex 0.0275 1.6050 0.1625
   vertex 0.0275 1.6050 0.1875
  endloop
 endfacet
 facet normal 0.00000 -1.00000 0.00000
  outer loop
   vertex -0.0275 1.6050 0.1625
   vertex 0.0275 1.6050 0.1875
   vertex -0.0275 1.6050 0.1875
  endloop
 endfacet
 facet normal 0.00000 1.00000 0.00000
  outer loop
   vertex -0.0275 1.3350 0.1875
   vertex 0.0275 1.3350 0.1875
   vertex 0.0275 1.3350 0.1625
  endloop
 endfacet
 facet normal 0.00000 1.00000 0.00000
  outer loop
   vertex -0.0275 1.3350 0.1875
   vertex 0.0275 1.3350 0.1625
   vertex -0.0275 1.3350 0.1625
  endloop
 endfacet
endsolid superviviente_mujer
