solid zombi_corredor
 facet normal -0.43339 0.06345 0.89897
  outer loop
   vertex -0.1700 0.9352 0.1099
   vertex -0.2559 0.9373 0.0683
   vertex -0.2759 0.5173 0.0883
  endloop
 endfacet
 facet normal -0.43339 0.06345 0.89897
  outer loop
   vertex -0.1700 0.9352 0.1099
   vertex -0.2759 0.5173 0.0883
   vertex -0.1900 0.5152 0.1299
  endloop
 endfacet
 facet normal 0.04751 0.99774 -0.04751
  outer loop
   vertex -0.1700 0.9300 0.0000
   vertex -0.2559 0.9373 0.0683
   vertex -0.1700 0.9352 0.1099
  endloop
 endfacet
 facet normal -0.04751 -0.99774 0.04751
  outer loop
   vertex -0.1900 0.5100 0.0200
   vertex -0.1900 0.5152 0.1299
   vertex -0.2759 0.5173 0.0883
  endloop
 endfacet
 facet normal -0.97383 0.05685 0.22007
  outer loop
   vertex -0.2559 0.9373 0.0683
   vertex -0.2771 0.9339 -0.0247
   vertex -0.2971 0.5139 -0.0047
  endloop
 endfacet
 facet normal -0.97383 0.05685 0.22007
  outer loop
   vertex -0.2559 0.9373 0.0683
   vertex -0.2971 0.5139 -0.0047
   vertex -0.2759 0.5173 0.0883
  endloop
 endfacet
 facet normal 0.04751 0.99774 -0.04751
  outer loop
   vertex -0.1700 0.9300 0.0000
   vertex -0.2771 0.9339 -0.0247
   vertex -0.2559 0.9373 0.0683
  endloop
 endfacet
 facet normal -0.04751 -0.99774 0.04751
  outer loop
   vertex -0.1900 0.5100 0.0200
   vertex -0.2759 0.5173 0.0883
   vertex -0.2971 0.5139 -0.0047
  endloop
 endfacet
 facet normal -0.78095 0.00745 -0.62455
  outer loop
   vertex -0.2771 0.9339 -0.0247
   vertex -0.2177 0.9276 -0.0991
   vertex -0.2377 0.5076 -0.0791
  endloop
 endfacet
 facet normal -0.78095 0.00745 -0.62455
  outer loop
   vertex -0.2771 0.9339 -0.0247
   vertex -0.2377 0.5076 -0.0791
   vertex -0.2971 0.5139 -0.0047
  endloop
 endfacet
 facet normal 0.04751 0.99774 -0.04751
  outer loop
   vertex -0.1700 0.9300 0.0000
   vertex -0.2177 0.9276 -0.0991
   vertex -0.2771 0.9339 -0.0247
  endloop
 endfacet
 facet normal -0.04751 -0.99774 0.04751
  outer loop
   vertex -0.1900 0.5100 0.0200
   vertex -0.2971 0.5139 -0.0047
   vertex -0.2377 0.5076 -0.0791
  endloop
 endfacet
 facet normal 0.00000 -0.04757 -0.99887
  outer loop
   vertex -0.2177 0.9276 -0.0991
   vertex -0.1223 0.9230 -0.0989
   vertex -0.1423 0.5030 -0.0789
  endloop
 endfacet
 facet normal 0.00000 -0.04757 -0.99887
  outer loop
   vertex -0.2177 0.9276 -0.0991
   vertex -0.1423 0.5030 -0.0789
   vertex -0.2377 0.5076 -0.0791
  endloop
 endfacet
 facet normal 0.04751 0.99774 -0.04751
  outer loop
   vertex -0.1700 0.9300 0.0000
   vertex -0.1223 0.9230 -0.0989
   vertex -0.2177 0.9276 -0.0991
  endloop
 endfacet
 facet normal -0.04751 -0.99774 0.04751
  outer loop
   vertex -0.1900 0.5100 0.0200
   vertex -0.2377 0.5076 -0.0791
   vertex -0.1423 0.5030 -0.0789
  endloop
 endfacet
 facet normal 0.78095 -0.06676 -0.62102
  outer loop
   vertex -0.1223 0.9230 -0.0989
   vertex -0.0629 0.9237 -0.0242
   vertex -0.0829 0.5037 -0.0042
  endloop
 endfacet
 facet normal 0.78095 -0.06676 -0.62102
  outer loop
   vertex -0.1223 0.9230 -0.0989
   vertex -0.0829 0.5037 -0.0042
   vertex -0.1423 0.5030 -0.0789
  endloop
 endfacet
 facet normal 0.04751 0.99774 -0.04751
  outer loop
   vertex -0.1700 0.9300 0.0000
   vertex -0.0629 0.9237 -0.0242
   vertex -0.1223 0.9230 -0.0989
  endloop
 endfacet
 facet normal -0.04751 -0.99774 0.04751
  outer loop
   vertex -0.1900 0.5100 0.0200
   vertex -0.1423 0.5030 -0.0789
   vertex -0.0829 0.5037 -0.0042
  endloop
 endfacet
 facet normal 0.97383 -0.03568 0.22447
  outer loop
   vertex -0.0629 0.9237 -0.0242
   vertex -0.0841 0.9292 0.0687
   vertex -0.1041 0.5092 0.0887
  endloop
 endfacet
 facet normal 0.97383 -0.03568 0.22447
  outer loop
   vertex -0.0629 0.9237 -0.0242
   vertex -0.1041 0.5092 0.0887
   vertex -0.0829 0.5037 -0.0042
  endloop
 endfacet
 facet normal 0.04751 0.99774 -0.04751
  outer loop
   vertex -0.1700 0.9300 0.0000
   vertex -0.0841 0.9292 0.0687
   vertex -0.0629 0.9237 -0.0242
  endloop
 endfacet
 facet normal -0.04751 -0.99774 0.04751
  outer loop
   vertex -0.1900 0.5100 0.0200
   vertex -0.0829 0.5037 -0.0042
   vertex -0.1041 0.5092 0.0887
  endloop
 endfacet
 facet normal 0.43339 0.02226 0.90093
  outer loop
   vertex -0.0841 0.9292 0.0687
   vertex -0.1700 0.9352 0.1099
   vertex -0.1900 0.5152 0.1299
  endloop
 endfacet
 facet normal 0.43339 0.02226 0.90093
  outer loop
   vertex -0.0841 0.9292 0.0687
   vertex -0.1900 0.5152 0.1299
   vertex -0.1041 0.5092 0.0887
  endloop
 endfacet
 facet normal 0.04751 0.99774 -0.04751
  outer loop
   vertex -0.1700 0.9300 0.0000
   vertex -0.1700 0.9352 0.1099
   vertex -0.0841 0.9292 0.0687
  endloop
 endfacet
 facet normal -0.04751 -0.99774 0.04751
  outer loop
   vertex -0.1900 0.5100 0.0200
   vertex -0.1041 0.5092 0.0887
   vertex -0.1900 0.5152 0.1299
  endloop
 endfacet
 facet normal -0.43369 0.06760 0.89853
  outer loop
   vertex -0.1900 0.5151 0.1048
   vertex -0.2564 0.5152 0.0728
   vertex -0.2664 0.1852 0.0928
  endloop
 endfacet
 facet normal -0.43369 0.06760 0.89853
  outer loop
   vertex -0.1900 0.5151 0.1048
   vertex -0.2664 0.1852 0.0928
   vertex -0.2000 0.1851 0.1248
  endloop
 endfacet
 facet normal 0.03023 0.99771 -0.06047
  outer loop
   vertex -0.1900 0.5100 0.0200
   vertex -0.2564 0.5152 0.0728
   vertex -0.1900 0.5151 0.1048
  endloop
 endfacet
 facet normal -0.03023 -0.99771 0.06047
  outer loop
   vertex -0.2000 0.1800 0.0400
   vertex -0.2000 0.1851 0.1248
   vertex -0.2664 0.1852 0.0928
  endloop
 endfacet
 facet normal -0.97448 0.04288 0.22033
  outer loop
   vertex -0.2564 0.5152 0.0728
   vertex -0.2728 0.5114 0.0010
   vertex -0.2828 0.1814 0.0210
  endloop
 endfacet
 facet normal -0.97448 0.04288 0.22033
  outer loop
   vertex -0.2564 0.5152 0.0728
   vertex -0.2828 0.1814 0.0210
   vertex -0.2664 0.1852 0.0928
  endloop
 endfacet
 facet normal 0.03023 0.99771 -0.06047
  outer loop
   vertex -0.1900 0.5100 0.0200
   vertex -0.2728 0.5114 0.0010
   vertex -0.2564 0.5152 0.0728
  endloop
 endfacet
 facet normal -0.03023 -0.99771 0.06047
  outer loop
   vertex -0.2000 0.1800 0.0400
   vertex -0.2664 0.1852 0.0928
   vertex -0.2828 0.1814 0.0210
  endloop
 endfacet
 facet normal -0.78147 -0.01412 -0.62378
  outer loop
   vertex -0.2728 0.5114 0.0010
   vertex -0.2269 0.5065 -0.0565
   vertex -0.2369 0.1765 -0.0365
  endloop
 endfacet
 facet normal -0.78147 -0.01412 -0.62378
  outer loop
   vertex -0.2728 0.5114 0.0010
   vertex -0.2369 0.1765 -0.0365
   vertex -0.2828 0.1814 0.0210
  endloop
 endfacet
 facet normal 0.03023 0.99771 -0.06047
  outer loop
   vertex -0.1900 0.5100 0.0200
   vertex -0.2269 0.5065 -0.0565
   vertex -0.2728 0.5114 0.0010
  endloop
 endfacet
 facet normal -0.03023 -0.99771 0.06047
  outer loop
   vertex -0.2000 0.1800 0.0400
   vertex -0.2828 0.1814 0.0210
   vertex -0.2369 0.1765 -0.0365
  endloop
 endfacet
 facet normal -0.00000 -0.06050 -0.99817
  outer loop
   vertex -0.2269 0.5065 -0.0565
   vertex -0.1531 0.5043 -0.0564
   vertex -0.1631 0.1743 -0.0364
  endloop
 endfacet
 facet normal -0.00000 -0.06050 -0.99817
  outer loop
   vertex -0.2269 0.5065 -0.0565
   vertex -0.1631 0.1743 -0.0364
   vertex -0.2369 0.1765 -0.0365
  endloop
 endfacet
 facet normal 0.03023 0.99771 -0.06047
  outer loop
   vertex -0.1900 0.5100 0.0200
   vertex -0.1531 0.5043 -0.0564
   vertex -0.2269 0.5065 -0.0565
  endloop
 endfacet
 facet normal -0.03023 -0.99771 0.06047
  outer loop
   vertex -0.2000 0.1800 0.0400
   vertex -0.2369 0.1765 -0.0365
   vertex -0.1631 0.1743 -0.0364
  endloop
 endfacet
 facet normal 0.78147 -0.06131 -0.62092
  outer loop
   vertex -0.1531 0.5043 -0.0564
   vertex -0.1072 0.5064 0.0013
   vertex -0.1172 0.1764 0.0213
  endloop
 endfacet
 facet normal 0.78147 -0.06131 -0.62092
  outer loop
   vertex -0.1531 0.5043 -0.0564
   vertex -0.1172 0.1764 0.0213
   vertex -0.1631 0.1743 -0.0364
  endloop
 endfacet
 facet normal 0.03023 0.99771 -0.06047
  outer loop
   vertex -0.1900 0.5100 0.0200
   vertex -0.1072 0.5064 0.0013
   vertex -0.1531 0.5043 -0.0564
  endloop
 endfacet
 facet normal -0.03023 -0.99771 0.06047
  outer loop
   vertex -0.2000 0.1800 0.0400
   vertex -0.1631 0.1743 -0.0364
   vertex -0.1172 0.1764 0.0213
  endloop
 endfacet
 facet normal 0.97448 -0.01596 0.22390
  outer loop
   vertex -0.1072 0.5064 0.0013
   vertex -0.1236 0.5112 0.0730
   vertex -0.1336 0.1812 0.0930
  endloop
 endfacet
 facet normal 0.97448 -0.01596 0.22390
  outer loop
   vertex -0.1072 0.5064 0.0013
   vertex -0.1336 0.1812 0.0930
   vertex -0.1172 0.1764 0.0213
  endloop
 endfacet
 facet normal 0.03023 0.99771 -0.06047
  outer loop
   vertex -0.1900 0.5100 0.0200
   vertex -0.1236 0.5112 0.0730
   vertex -0.1072 0.5064 0.0013
  endloop
 endfacet
 facet normal -0.03023 -0.99771 0.06047
  outer loop
   vertex -0.2000 0.1800 0.0400
   vertex -0.1172 0.1764 0.0213
   vertex -0.1336 0.1812 0.0930
  endloop
 endfacet
 facet normal 0.43369 0.04141 0.90011
  outer loop
   vertex -0.1236 0.5112 0.0730
   vertex -0.1900 0.5151 0.1048
   vertex -0.2000 0.1851 0.1248
  endloop
 endfacet
 facet normal 0.43369 0.04141 0.90011
  outer loop
   vertex -0.1236 0.5112 0.0730
   vertex -0.2000 0.1851 0.1248
   vertex -0.1336 0.1812 0.0930
  endloop
 endfacet
 facet normal 0.03023 0.99771 -0.06047
  outer loop
   vertex -0.1900 0.5100 0.0200
   vertex -0.1900 0.5151 0.1048
   vertex -0.1236 0.5112 0.0730
  endloop
 endfacet
 facet normal -0.03023 -0.99771 0.06047
  outer loop
   vertex -0.2000 0.1800 0.0400
   vertex -0.1336 0.1812 0.0930
   vertex -0.2000 0.1851 0.1248
  endloop
 endfacet
 facet normal 0.00000 0.00000 1.00000
  outer loop
   vertex -0.3200 0.0100 -0.0900
   vertex -0.0800 0.0100 -0.0900
   vertex -0.0800 0.1700 -0.0900
  endloop
 endfacet
 facet normal 0.00000 0.00000 1.00000
  outer loop
   vertex -0.3200 0.0100 -0.0900
   vertex -0.0800 0.1700 -0.0900
   vertex -0.3200 0.1700 -0.0900
  endloop
 endfacet
 facet normal 0.00000 0.00000 -1.00000
  outer loop
   vertex -0.0800 0.0100 0.2500
   vertex -0.3200 0.0100 0.2500
   vertex -0.3200 0.1700 0.2500
  endloop
 endfacet
 facet normal 0.00000 0.00000 -1.00000
  outer loop
   vertex -0.0800 0.0100 0.2500
   vertex -0.3200 0.1700 0.2500
   vertex -0.0800 0.1700 0.2500
  endloop
 endfacet
 facet normal 1.00000 0.00000 0.00000
  outer loop
   vertex -0.3200 0.0100 0.2500
   vertex -0.3200 0.0100 -0.0900
   vertex -0.3200 0.1700 -0.0900
  endloop
 endfacet
 facet normal 1.00000 0.00000 0.00000
  outer loop
   vertex -0.3200 0.0100 0.2500
   vertex -0.3200 0.1700 -0.0900
   vertex -0.3200 0.1700 0.2500
  endloop
 endfacet
 facet normal -1.00000 0.00000 0.00000
  outer loop
   vertex -0.0800 0.0100 -0.0900
   vertex -0.0800 0.0100 0.2500
   vertex -0.0800 0.1700 0.2500
  endloop
 endfacet
 facet normal -1.00000 0.00000 0.00000
  outer loop
   vertex -0.0800 0.0100 -0.0900
   vertex -0.0800 0.1700 0.2500
   vertex -0.0800 0.1700 -0.0900
  endloop
 endfacet
 facet normal 0.00000 -1.00000 0.00000
  outer loop
   vertex -0.3200 0.1700 -0.0900
   vertex -0.0800 0.1700 -0.0900
   vertex -0.0800 0.1700 0.2500
  endloop
 endfacet
 facet normal 0.00000 -1.00000 0.00000
  outer loop
   vertex -0.3200 0.1700 -0.0900
   vertex -0.0800 0.1700 0.2500
   vertex -0.3200 0.1700 0.2500
  endloop
 endfacet
 facet normal 0.00000 1.00000 0.00000
  outer loop
   vertex -0.3200 0.0100 0.2500
   vertex -0.0800 0.0100 0.2500
   vertex -0.0800 0.0100 -0.0900
  endloop
 endfacet
 facet normal 0.00000 1.00000 0.00000
  outer loop
   vertex -0.3200 0.0100 0.2500
   vertex -0.0800 0.0100 -0.0900
   vertex -0.3200 0.0100 -0.0900
  endloop
 endfacet
 facet normal -0.43346 0.32030 0.84233
  outer loop
   vertex 0.1700 0.9713 0.1020
   vertex 0.0841 0.9522 0.0650
   vertex 0.1041 0.5322 0.2350
  endloop
 endfacet
 facet normal -0.43346 0.32030 0.84233
  outer loop
   vertex 0.1700 0.9713 0.1020
   vertex 0.1041 0.5322 0.2350
   vertex 0.1900 0.5513 0.2720
  endloop
 endfacet
 facet normal -0.04410 0.92605 -0.37483
  outer loop
   vertex 0.1700 0.9300 0.0000
   vertex 0.0841 0.9522 0.0650
   vertex 0.1700 0.9713 0.1020
  endloop
 endfacet
 facet normal 0.04410 -0.92605 0.37483
  outer loop
   vertex 0.1900 0.5100 0.1700
   vertex 0.1900 0.5513 0.2720
   vertex 0.1041 0.5322 0.2350
  endloop
 endfacet
 facet normal -0.97398 0.04364 0.22240
  outer loop
   vertex 0.0841 0.9522 0.0650
   vertex 0.0629 0.9164 -0.0209
   vertex 0.0829 0.4964 0.1491
  endloop
 endfacet
 facet normal -0.97398 0.04364 0.22240
  outer loop
   vertex 0.0841 0.9522 0.0650
   vertex 0.0829 0.4964 0.1491
   vertex 0.1041 0.5322 0.2350
  endloop
 endfacet
 facet normal -0.04410 0.92605 -0.37483
  outer loop
   vertex 0.1700 0.9300 0.0000
   vertex 0.0629 0.9164 -0.0209
   vertex 0.0841 0.9522 0.0650
  endloop
 endfacet
 facet normal 0.04410 -0.92605 0.37483
  outer loop
   vertex 0.1900 0.5100 0.1700
   vertex 0.1041 0.5322 0.2350
   vertex 0.0829 0.4964 0.1491
  endloop
 endfacet
 facet normal -0.78107 -0.26589 -0.56501
  outer loop
   vertex 0.0629 0.9164 -0.0209
   vertex 0.1223 0.8909 -0.0911
   vertex 0.1423 0.4709 0.0789
  endloop
 endfacet
 facet normal -0.78107 -0.26589 -0.56501
  outer loop
   vertex 0.0629 0.9164 -0.0209
   vertex 0.1423 0.4709 0.0789
   vertex 0.0829 0.4964 0.1491
  endloop
 endfacet
 facet normal -0.04410 0.92605 -0.37483
  outer loop
   vertex 0.1700 0.9300 0.0000
   vertex 0.1223 0.8909 -0.0911
   vertex 0.0629 0.9164 -0.0209
  endloop
 endfacet
 facet normal 0.04410 -0.92605 0.37483
  outer loop
   vertex 0.1900 0.5100 0.1700
   vertex 0.0829 0.4964 0.1491
   vertex 0.1423 0.4709 0.0789
  endloop
 endfacet
 facet normal -0.00000 -0.37519 -0.92695
  outer loop
   vertex 0.1223 0.8909 -0.0911
   vertex 0.2177 0.8948 -0.0927
   vertex 0.2377 0.4748 0.0773
  endloop
 endfacet
 facet normal 0.00000 -0.37519 -0.92695
  outer loop
   vertex 0.1223 0.8909 -0.0911
   vertex 0.2377 0.4748 0.0773
   vertex 0.1423 0.4709 0.0789
  endloop
 endfacet
 facet normal -0.04410 0.92605 -0.37483
  outer loop
   vertex 0.1700 0.9300 0.0000
   vertex 0.2177 0.8948 -0.0927
   vertex 0.1223 0.8909 -0.0911
  endloop
 endfacet
 facet normal 0.04410 -0.92605 0.37483
  outer loop
   vertex 0.1900 0.5100 0.1700
   vertex 0.1423 0.4709 0.0789
   vertex 0.2377 0.4748 0.0773
  endloop
 endfacet
 facet normal 0.78107 -0.20197 -0.59088
  outer loop
   vertex 0.2177 0.8948 -0.0927
   vertex 0.2771 0.9252 -0.0245
   vertex 0.2971 0.5052 0.1455
  endloop
 endfacet
 facet normal 0.78107 -0.20197 -0.59088
  outer loop
   vertex 0.2177 0.8948 -0.0927
   vertex 0.2971 0.5052 0.1455
   vertex 0.2377 0.4748 0.0773
  endloop
 endfacet
 facet normal -0.04410 0.92605 -0.37483
  outer loop
   vertex 0.1700 0.9300 0.0000
   vertex 0.2771 0.9252 -0.0245
   vertex 0.2177 0.8948 -0.0927
  endloop
 endfacet
 facet normal 0.04410 -0.92605 0.37483
  outer loop
   vertex 0.1900 0.5100 0.1700
   vertex 0.2377 0.4748 0.0773
   vertex 0.2971 0.5052 0.1455
  endloop
 endfacet
 facet normal 0.97398 0.12334 0.19013
  outer loop
   vertex 0.2771 0.9252 -0.0245
   vertex 0.2559 0.9592 0.0622
   vertex 0.2759 0.5392 0.2322
  endloop
 endfacet
 facet normal 0.97398 0.12334 0.19013
  outer loop
   vertex 0.2771 0.9252 -0.0245
   vertex 0.2759 0.5392 0.2322
   vertex 0.2971 0.5052 0.1455
  endloop
 endfacet
 facet normal -0.04410 0.92605 -0.37483
  outer loop
   vertex 0.1700 0.9300 0.0000
   vertex 0.2559 0.9592 0.0622
   vertex 0.2771 0.9252 -0.0245
  endloop
 endfacet
 facet normal 0.04410 -0.92605 0.37483
  outer loop
   vertex 0.1900 0.5100 0.1700
   vertex 0.2971 0.5052 0.1455
   vertex 0.2759 0.5392 0.2322
  endloop
 endfacet
 facet normal 0.43346 0.35577 0.82797
  outer loop
   vertex 0.2559 0.9592 0.0622
   vertex 0.1700 0.9713 0.1020
   vertex 0.1900 0.5513 0.2720
  endloop
 endfacet
 facet normal 0.43346 0.35577 0.82797
  outer loop
   vertex 0.2559 0.9592 0.0622
   vertex 0.1900 0.5513 0.2720
   vertex 0.2759 0.5392 0.2322
  endloop
 endfacet
 facet normal -0.04410 0.92605 -0.37483
  outer loop
   vertex 0.1700 0.9300 0.0000
   vertex 0.1700 0.9713 0.1020
   vertex 0.2559 0.9592 0.0622
  endloop
 endfacet
 facet normal 0.04410 -0.92605 0.37483
  outer loop
   vertex 0.1900 0.5100 0.1700
   vertex 0.2759 0.5392 0.2322
   vertex 0.1900 0.5513 0.2720
  endloop
 endfacet
 facet normal -0.43371 0.31885 0.84275
  outer loop
   vertex 0.1900 0.5412 0.2491
   vertex 0.1236 0.5277 0.2200
   vertex 0.1336 0.1977 0.3500
  endloop
 endfacet
 facet normal -0.43371 0.31885 0.84275
  outer loop
   vertex 0.1900 0.5412 0.2491
   vertex 0.1336 0.1977 0.3500
   vertex 0.2000 0.2112 0.3791
  endloop
 endfacet
 facet normal -0.02818 0.93004 -0.36638
  outer loop
   vertex 0.1900 0.5100 0.1700
   vertex 0.1236 0.5277 0.2200
   vertex 0.1900 0.5412 0.2491
  endloop
 endfacet
 facet normal 0.02818 -0.93004 0.36638
  outer loop
   vertex 0.2000 0.1800 0.3000
   vertex 0.2000 0.2112 0.3791
   vertex 0.1336 0.1977 0.3500
  endloop
 endfacet
 facet normal -0.97454 0.05600 0.21711
  outer loop
   vertex 0.1236 0.5277 0.2200
   vertex 0.1072 0.5009 0.1533
   vertex 0.1172 0.1709 0.2833
  endloop
 endfacet
 facet normal -0.97454 0.05600 0.21711
  outer loop
   vertex 0.1236 0.5277 0.2200
   vertex 0.1172 0.1709 0.2833
   vertex 0.1336 0.1977 0.3500
  endloop
 endfacet
 facet normal -0.02818 0.93004 -0.36638
  outer loop
   vertex 0.1900 0.5100 0.1700
   vertex 0.1072 0.5009 0.1533
   vertex 0.1236 0.5277 0.2200
  endloop
 endfacet
 facet normal 0.02818 -0.93004 0.36638
  outer loop
   vertex 0.2000 0.1800 0.3000
   vertex 0.1336 0.1977 0.3500
   vertex 0.1172 0.1709 0.2833
  endloop
 endfacet
 facet normal -0.78152 -0.24903 -0.57202
  outer loop
   vertex 0.1072 0.5009 0.1533
   vertex 0.1531 0.4810 0.0991
   vertex 0.1631 0.1510 0.2291
  endloop
 endfacet
 facet normal -0.78152 -0.24903 -0.57202
  outer loop
   vertex 0.1072 0.5009 0.1533
   vertex 0.1631 0.1510 0.2291
   vertex 0.1172 0.1709 0.2833
  endloop
 endfacet
 facet normal -0.02818 0.93004 -0.36638
  outer loop
   vertex 0.1900 0.5100 0.1700
   vertex 0.1531 0.4810 0.0991
   vertex 0.1072 0.5009 0.1533
  endloop
 endfacet
 facet normal 0.02818 -0.93004 0.36638
  outer loop
   vertex 0.2000 0.1800 0.3000
   vertex 0.1172 0.1709 0.2833
   vertex 0.1631 0.1510 0.2291
  endloop
 endfacet
 facet normal -0.00000 -0.36652 -0.93041
  outer loop
   vertex 0.1531 0.4810 0.0991
   vertex 0.2269 0.4829 0.0984
   vertex 0.2369 0.1529 0.2284
  endloop
 endfacet
 facet normal -0.00000 -0.36652 -0.93041
  outer loop
   vertex 0.1531 0.4810 0.0991
   vertex 0.2369 0.1529 0.2284
   vertex 0.1631 0.1510 0.2291
  endloop
 endfacet
 facet normal -0.02818 0.93004 -0.36638
  outer loop
   vertex 0.1900 0.5100 0.1700
   vertex 0.2269 0.4829 0.0984
   vertex 0.1531 0.4810 0.0991
  endloop
 endfacet
 facet normal 0.02818 -0.93004 0.36638
  outer loop
   vertex 0.2000 0.1800 0.3000
   vertex 0.1631 0.1510 0.2291
   vertex 0.2369 0.1529 0.2284
  endloop
 endfacet
 facet normal 0.78152 -0.20802 -0.58818
  outer loop
   vertex 0.2269 0.4829 0.0984
   vertex 0.2728 0.5052 0.1515
   vertex 0.2828 0.1752 0.2815
  endloop
 endfacet
 facet normal 0.78152 -0.20802 -0.58818
  outer loop
   vertex 0.2269 0.4829 0.0984
   vertex 0.2828 0.1752 0.2815
   vertex 0.2369 0.1529 0.2284
  endloop
 endfacet
 facet normal -0.02818 0.93004 -0.36638
  outer loop
   vertex 0.1900 0.5100 0.1700
   vertex 0.2728 0.5052 0.1515
   vertex 0.2269 0.4829 0.0984
  endloop
 endfacet
 facet normal 0.02818 -0.93004 0.36638
  outer loop
   vertex 0.2000 0.1800 0.3000
   vertex 0.2369 0.1529 0.2284
   vertex 0.2828 0.1752 0.2815
  endloop
 endfacet
 facet normal 0.97454 0.10712 0.19696
  outer loop
   vertex 0.2728 0.5052 0.1515
   vertex 0.2564 0.5312 0.2186
   vertex 0.2664 0.2012 0.3486
  endloop
 endfacet
 facet normal 0.97454 0.10712 0.19696
  outer loop
   vertex 0.2728 0.5052 0.1515
   vertex 0.2664 0.2012 0.3486
   vertex 0.2828 0.1752 0.2815
  endloop
 endfacet
 facet normal -0.02818 0.93004 -0.36638
  outer loop
   vertex 0.1900 0.5100 0.1700
   vertex 0.2564 0.5312 0.2186
   vertex 0.2728 0.5052 0.1515
  endloop
 endfacet
 facet normal 0.02818 -0.93004 0.36638
  outer loop
   vertex 0.2000 0.1800 0.3000
   vertex 0.2828 0.1752 0.2815
   vertex 0.2664 0.2012 0.3486
  endloop
 endfacet
 facet normal 0.43371 0.34160 0.83379
  outer loop
   vertex 0.2564 0.5312 0.2186
   vertex 0.1900 0.5412 0.2491
   vertex 0.2000 0.2112 0.3791
  endloop
 endfacet
 facet normal 0.43371 0.34160 0.83379
  outer loop
   vertex 0.2564 0.5312 0.2186
   vertex 0.2000 0.2112 0.3791
   vertex 0.2664 0.2012 0.3486
  endloop
 endfacet
 facet normal -0.02818 0.93004 -0.36638
  outer loop
   vertex 0.1900 0.5100 0.1700
   vertex 0.1900 0.5412 0.2491
   vertex 0.2564 0.5312 0.2186
  endloop
 endfacet
 facet normal 0.02818 -0.93004 0.36638
  outer loop
   vertex 0.2000 0.1800 0.3000
   vertex 0.2664 0.2012 0.3486
   vertex 0.2000 0.2112 0.3791
  endloop
 endfacet
 facet normal 0.00000 0.00000 1.00000
  outer loop
   vertex 0.0800 0.0100 0.1700
   vertex 0.3200 0.0100 0.1700
   vertex 0.3200 0.1700 0.1700
  endloop
 endfacet
 facet normal 0.00000 0.00000 1.00000
  outer loop
   vertex 0.0800 0.0100 0.1700
   vertex 0.3200 0.1700 0.1700
   vertex 0.0800 0.1700 0.1700
  endloop
 endfacet
 facet normal 0.00000 0.00000 -1.00000
  outer loop
   vertex 0.3200 0.0100 0.5100
   vertex 0.0800 0.0100 0.5100
   vertex 0.0800 0.1700 0.5100
  endloop
 endfacet
 facet normal 0.00000 0.00000 -1.00000
  outer loop
   vertex 0.3200 0.0100 0.5100
   vertex 0.0800 0.1700 0.5100
   vertex 0.3200 0.1700 0.5100
  endloop
 endfacet
 facet normal 1.00000 0.00000 0.00000
  outer loop
   vertex 0.0800 0.0100 0.5100
   vertex 0.0800 0.0100 0.1700
   vertex 0.0800 0.1700 0.1700
  endloop
 endfacet
 facet normal 1.00000 0.00000 0.00000
  outer loop
   vertex 0.0800 0.0100 0.5100
   vertex 0.0800 0.1700 0.1700
   vertex 0.0800 0.1700 0.5100
  endloop
 endfacet
 facet normal -1.00000 0.00000 0.00000
  outer loop
   vertex 0.3200 0.0100 0.1700
   vertex 0.3200 0.0100 0.5100
   vertex 0.3200 0.1700 0.5100
  endloop
 endfacet
 facet normal -1.00000 0.00000 0.00000
  outer loop
   vertex 0.3200 0.0100 0.1700
   vertex 0.3200 0.1700 0.5100
   vertex 0.3200 0.1700 0.1700
  endloop
 endfacet
 facet normal 0.00000 -1.00000 0.00000
  outer loop
   vertex 0.0800 0.1700 0.1700
   vertex 0.3200 0.1700 0.1700
   vertex 0.3200 0.1700 0.5100
  endloop
 endfacet
 facet normal 0.00000 -1.00000 0.00000
  outer loop
   vertex 0.0800 0.1700 0.1700
   vertex 0.3200 0.1700 0.5100
   vertex 0.0800 0.1700 0.5100
  endloop
 endfacet
 facet normal 0.00000 1.00000 0.00000
  outer loop
   vertex 0.0800 0.0100 0.5100
   vertex 0.3200 0.0100 0.5100
   vertex 0.3200 0.0100 0.1700
  endloop
 endfacet
 facet normal 0.00000 1.00000 0.00000
  outer loop
   vertex 0.0800 0.0100 0.5100
   vertex 0.3200 0.0100 0.1700
   vertex 0.0800 0.0100 0.1700
  endloop
 endfacet
 facet normal 0.00000 0.00000 1.00000
  outer loop
   vertex -0.2800 1.0000 -0.0300
   vertex 0.2800 1.0000 -0.0300
   vertex 0.2800 1.7600 -0.0300
  endloop
 endfacet
 facet normal 0.00000 0.00000 1.00000
  outer loop
   vertex -0.2800 1.0000 -0.0300
   vertex 0.2800 1.7600 -0.0300
   vertex -0.2800 1.7600 -0.0300
  endloop
 endfacet
 facet normal 0.00000 0.00000 -1.00000
  outer loop
   vertex 0.2800 1.0000 0.3100
   vertex -0.2800 1.0000 0.3100
   vertex -0.2800 1.7600 0.3100
  endloop
 endfacet
 facet normal 0.00000 0.00000 -1.00000
  outer loop
   vertex 0.2800 1.0000 0.3100
   vertex -0.2800 1.7600 0.3100
   vertex 0.2800 1.7600 0.3100
  endloop
 endfacet
 facet normal 1.00000 0.00000 0.00000
  outer loop
   vertex -0.2800 1.0000 0.3100
   vertex -0.2800 1.0000 -0.0300
   vertex -0.2800 1.7600 -0.0300
  endloop
 endfacet
 facet normal 1.00000 0.00000 0.00000
  outer loop
   vertex -0.2800 1.0000 0.3100
   vertex -0.2800 1.7600 -0.0300
   vertex -0.2800 1.7600 0.3100
  endloop
 endfacet
 facet normal -1.00000 0.00000 0.00000
  outer loop
   vertex 0.2800 1.0000 -0.0300
   vertex 0.2800 1.0000 0.3100
   vertex 0.2800 1.7600 0.3100
  endloop
 endfacet
 facet normal -1.00000 0.00000 0.00000
  outer loop
   vertex 0.2800 1.0000 -0.0300
   vertex 0.2800 1.7600 0.3100
   vertex 0.2800 1.7600 -0.0300
  endloop
 endfacet
 facet normal 0.00000 -1.00000 0.00000
  outer loop
   vertex -0.2800 1.7600 -0.0300
   vertex 0.2800 1.7600 -0.0300
   vertex 0.2800 1.7600 0.3100
  endloop
 endfacet
 facet normal 0.00000 -1.00000 0.00000
  outer loop
   vertex -0.2800 1.7600 -0.0300
   vertex 0.2800 1.7600 0.3100
   vertex -0.2800 1.7600 0.3100
  endloop
 endfacet
 facet normal 0.00000 1.00000 0.00000
  outer loop
   vertex -0.2800 1.0000 0.3100
   vertex 0.2800 1.0000 0.3100
   vertex 0.2800 1.0000 -0.0300
  endloop
 endfacet
 facet normal 0.00000 1.00000 0.00000
  outer loop
   vertex -0.2800 1.0000 0.3100
   vertex 0.2800 1.0000 -0.0300
   vertex -0.2800 1.0000 -0.0300
  endloop
 endfacet
 facet normal 0.00000 0.00000 1.00000
  outer loop
   vertex -0.2400 0.9000 -0.1500
   vertex 0.2400 0.9000 -0.1500
   vertex 0.2400 1.1400 -0.1500
  endloop
 endfacet
 facet normal 0.00000 0.00000 1.00000
  outer loop
   vertex -0.2400 0.9000 -0.1500
   vertex 0.2400 1.1400 -0.1500
   vertex -0.2400 1.1400 -0.1500
  endloop
 endfacet
 facet normal 0.00000 0.00000 -1.00000
  outer loop
   vertex 0.2400 0.9000 0.1500
   vertex -0.2400 0.9000 0.1500
   vertex -0.2400 1.1400 0.1500
  endloop
 endfacet
 facet normal 0.00000 0.00000 -1.00000
  outer loop
   vertex 0.2400 0.9000 0.1500
   vertex -0.2400 1.1400 0.1500
   vertex 0.2400 1.1400 0.1500
  endloop
 endfacet
 facet normal 1.00000 0.00000 0.00000
  outer loop
   vertex -0.2400 0.9000 0.1500
   vertex -0.2400 0.9000 -0.1500
   vertex -0.2400 1.1400 -0.1500
  endloop
 endfacet
 facet normal 1.00000 0.00000 0.00000
  outer loop
   vertex -0.2400 0.9000 0.1500
   vertex -0.2400 1.1400 -0.1500
   vertex -0.2400 1.1400 0.1500
  endloop
 endfacet
 facet normal -1.00000 0.00000 0.00000
  outer loop
   vertex 0.2400 0.9000 -0.1500
   vertex 0.2400 0.9000 0.1500
   vertex 0.2400 1.1400 0.1500
  endloop
 endfacet
 facet normal -1.00000 0.00000 0.00000
  outer loop
   vertex 0.2400 0.9000 -0.1500
   vertex 0.2400 1.1400 0.1500
   vertex 0.2400 1.1400 -0.1500
  endloop
 endfacet
 facet normal 0.00000 -1.00000 0.00000
  outer loop
   vertex -0.2400 1.1400 -0.1500
   vertex 0.2400 1.1400 -0.1500
   vertex 0.2400 1.1400 0.1500
  endloop
 endfacet
 facet normal 0.00000 -1.00000 0.00000
  outer loop
   vertex -0.2400 1.1400 -0.1500
   vertex 0.2400 1.1400 0.1500
   vertex -0.2400 1.1400 0.1500
  endloop
 endfacet
 facet normal 0.00000 1.00000 0.00000
  outer loop
   vertex -0.2400 0.9000 0.1500
   vertex 0.2400 0.9000 0.1500
   vertex 0.2400 0.9000 -0.1500
  endloop
 endfacet
 facet normal 0.00000 1.00000 0.00000
  outer loop
   vertex -0.2400 0.9000 0.1500
   vertex 0.2400 0.9000 -0.1500
   vertex -0.2400 0.9000 -0.1500
  endloop
 endfacet
 facet normal -0.40009 0.25060 0.88155
  outer loop
   vertex -0.2688 1.6493 0.2396
   vertex -0.3409 1.6759 0.1993
   vertex -0.5221 1.2459 0.2393
  endloop
 endfacet
 facet normal -0.40009 0.25060 0.88155
  outer loop
   vertex -0.2688 1.6493 0.2396
   vertex -0.5221 1.2459 0.2393
   vertex -0.4500 1.2193 0.2796
  endloop
 endfacet
 facet normal 0.38691 0.91816 -0.08541
  outer loop
   vertex -0.2688 1.6400 0.1400
   vertex -0.3409 1.6759 0.1993
   vertex -0.2688 1.6493 0.2396
  endloop
 endfacet
 facet normal -0.38691 -0.91816 0.08541
  outer loop
   vertex -0.4500 1.2100 0.1800
   vertex -0.4500 1.2193 0.2796
   vertex -0.5221 1.2459 0.2393
  endloop
 endfacet
 facet normal -0.89900 0.39619 0.18663
  outer loop
   vertex -0.3409 1.6759 0.1993
   vertex -0.3587 1.6755 0.1143
   vertex -0.5399 1.2455 0.1543
  endloop
 endfacet
 facet normal -0.89900 0.39619 0.18663
  outer loop
   vertex -0.3409 1.6759 0.1993
   vertex -0.5399 1.2455 0.1543
   vertex -0.5221 1.2459 0.2393
  endloop
 endfacet
 facet normal 0.38691 0.91816 -0.08541
  outer loop
   vertex -0.2688 1.6400 0.1400
   vertex -0.3587 1.6755 0.1143
   vertex -0.3409 1.6759 0.1993
  endloop
 endfacet
 facet normal -0.38691 -0.91816 0.08541
  outer loop
   vertex -0.4500 1.2100 0.1800
   vertex -0.5221 1.2459 0.2393
   vertex -0.5399 1.2455 0.1543
  endloop
 endfacet
 facet normal -0.72094 0.24345 -0.64883
  outer loop
   vertex -0.3587 1.6755 0.1143
   vertex -0.3088 1.6484 0.0487
   vertex -0.4900 1.2184 0.0887
  endloop
 endfacet
 facet normal -0.72094 0.24345 -0.64883
  outer loop
   vertex -0.3587 1.6755 0.1143
   vertex -0.4900 1.2184 0.0887
   vertex -0.5399 1.2455 0.1543
  endloop
 endfacet
 facet normal 0.38691 0.91816 -0.08541
  outer loop
   vertex -0.2688 1.6400 0.1400
   vertex -0.3088 1.6484 0.0487
   vertex -0.3587 1.6755 0.1143
  endloop
 endfacet
 facet normal -0.38691 -0.91816 0.08541
  outer loop
   vertex -0.4500 1.2100 0.1800
   vertex -0.5399 1.2455 0.1543
   vertex -0.4900 1.2184 0.0887
  endloop
 endfacet
 facet normal -0.00000 -0.09262 -0.99570
  outer loop
   vertex -0.3088 1.6484 0.0487
   vertex -0.2288 1.6149 0.0518
   vertex -0.4100 1.1849 0.0918
  endloop
 endfacet
 facet normal -0.00000 -0.09262 -0.99570
  outer loop
   vertex -0.3088 1.6484 0.0487
   vertex -0.4100 1.1849 0.0918
   vertex -0.4900 1.2184 0.0887
  endloop
 endfacet
 facet normal 0.38691 0.91816 -0.08541
  outer loop
   vertex -0.2688 1.6400 0.1400
   vertex -0.2288 1.6149 0.0518
   vertex -0.3088 1.6484 0.0487
  endloop
 endfacet
 facet normal -0.38691 -0.91816 0.08541
  outer loop
   vertex -0.4500 1.2100 0.1800
   vertex -0.4900 1.2184 0.0887
   vertex -0.4100 1.1849 0.0918
  endloop
 endfacet
 facet normal 0.72094 -0.35894 -0.59279
  outer loop
   vertex -0.2288 1.6149 0.0518
   vertex -0.1789 1.6004 0.1213
   vertex -0.3601 1.1704 0.1613
  endloop
 endfacet
 facet normal 0.72094 -0.35894 -0.59279
  outer loop
   vertex -0.2288 1.6149 0.0518
   vertex -0.3601 1.1704 0.1613
   vertex -0.4100 1.1849 0.0918
  endloop
 endfacet
 facet normal 0.38691 0.91816 -0.08541
  outer loop
   vertex -0.2688 1.6400 0.1400
   vertex -0.1789 1.6004 0.1213
   vertex -0.2288 1.6149 0.0518
  endloop
 endfacet
 facet normal -0.38691 -0.91816 0.08541
  outer loop
   vertex -0.4500 1.2100 0.1800
   vertex -0.4100 1.1849 0.0918
   vertex -0.3601 1.1704 0.1613
  endloop
 endfacet
 facet normal 0.89900 -0.35497 0.25650
  outer loop
   vertex -0.1789 1.6004 0.1213
   vertex -0.1967 1.6157 0.2049
   vertex -0.3779 1.1857 0.2449
  endloop
 endfacet
 facet normal 0.89900 -0.35497 0.25650
  outer loop
   vertex -0.1789 1.6004 0.1213
   vertex -0.3779 1.1857 0.2449
   vertex -0.3601 1.1704 0.1613
  endloop
 endfacet
 facet normal 0.38691 0.91816 -0.08541
  outer loop
   vertex -0.2688 1.6400 0.1400
   vertex -0.1967 1.6157 0.2049
   vertex -0.1789 1.6004 0.1213
  endloop
 endfacet
 facet normal -0.38691 -0.91816 0.08541
  outer loop
   vertex -0.4500 1.2100 0.1800
   vertex -0.3601 1.1704 0.1613
   vertex -0.3779 1.1857 0.2449
  endloop
 endfacet
 facet normal 0.40009 -0.08370 0.91264
  outer loop
   vertex -0.1967 1.6157 0.2049
   vertex -0.2688 1.6493 0.2396
   vertex -0.4500 1.2193 0.2796
  endloop
 endfacet
 facet normal 0.40009 -0.08370 0.91264
  outer loop
   vertex -0.1967 1.6157 0.2049
   vertex -0.4500 1.2193 0.2796
   vertex -0.3779 1.1857 0.2449
  endloop
 endfacet
 facet normal 0.38691 0.91816 -0.08541
  outer loop
   vertex -0.2688 1.6400 0.1400
   vertex -0.2688 1.6493 0.2396
   vertex -0.1967 1.6157 0.2049
  endloop
 endfacet
 facet normal -0.38691 -0.91816 0.08541
  outer loop
   vertex -0.4500 1.2100 0.1800
   vertex -0.3779 1.1857 0.2449
   vertex -0.4500 1.2193 0.2796
  endloop
 endfacet
 facet normal -0.78589 -0.28337 -0.54962
  outer loop
   vertex -0.5321 1.2100 0.1581
   vertex -0.4882 1.1666 0.1177
   vertex -0.5282 0.9866 0.2677
  endloop
 endfacet
 facet normal -0.78589 -0.28337 -0.54962
  outer loop
   vertex -0.5321 1.2100 0.1581
   vertex -0.5282 0.9866 0.2677
   vertex -0.5721 1.0300 0.3081
  endloop
 endfacet
 facet normal 0.16828 0.75727 -0.63105
  outer loop
   vertex -0.4500 1.2100 0.1800
   vertex -0.4882 1.1666 0.1177
   vertex -0.5321 1.2100 0.1581
  endloop
 endfacet
 facet normal -0.16828 -0.75727 0.63105
  outer loop
   vertex -0.4900 1.0300 0.3300
   vertex -0.5721 1.0300 0.3081
   vertex -0.5282 0.9866 0.2677
  endloop
 endfacet
 facet normal -0.02478 -0.63673 -0.77069
  outer loop
   vertex -0.4882 1.1666 0.1177
   vertex -0.4156 1.1559 0.1242
   vertex -0.4556 0.9759 0.2742
  endloop
 endfacet
 facet normal -0.02478 -0.63673 -0.77069
  outer loop
   vertex -0.4882 1.1666 0.1177
   vertex -0.4556 0.9759 0.2742
   vertex -0.5282 0.9866 0.2677
  endloop
 endfacet
 facet normal 0.16828 0.75727 -0.63105
  outer loop
   vertex -0.4500 1.2100 0.1800
   vertex -0.4156 1.1559 0.1242
   vertex -0.4882 1.1666 0.1177
  endloop
 endfacet
 facet normal -0.16828 -0.75727 0.63105
  outer loop
   vertex -0.4900 1.0300 0.3300
   vertex -0.5282 0.9866 0.2677
   vertex -0.4556 0.9759 0.2742
  endloop
 endfacet
 facet normal 0.75499 -0.51062 -0.41141
  outer loop
   vertex -0.4156 1.1559 0.1242
   vertex -0.3688 1.1859 0.1727
   vertex -0.4088 1.0059 0.3227
  endloop
 endfacet
 facet normal 0.75499 -0.51062 -0.41141
  outer loop
   vertex -0.4156 1.1559 0.1242
   vertex -0.4088 1.0059 0.3227
   vertex -0.4556 0.9759 0.2742
  endloop
 endfacet
 facet normal 0.16828 0.75727 -0.63105
  outer loop
   vertex -0.4500 1.2100 0.1800
   vertex -0.3688 1.1859 0.1727
   vertex -0.4156 1.1559 0.1242
  endloop
 endfacet
 facet normal -0.16828 -0.75727 0.63105
  outer loop
   vertex -0.4900 1.0300 0.3300
   vertex -0.4556 0.9759 0.2742
   vertex -0.4088 1.0059 0.3227
  endloop
 endfacet
 facet normal 0.96623 -0.00000 0.25766
  outer loop
   vertex -0.3688 1.1859 0.1727
   vertex -0.3832 1.2341 0.2267
   vertex -0.4232 1.0541 0.3767
  endloop
 endfacet
 facet normal 0.96623 -0.00000 0.25766
  outer loop
   vertex -0.3688 1.1859 0.1727
   vertex -0.4232 1.0541 0.3767
   vertex -0.4088 1.0059 0.3227
  endloop
 endfacet
 facet normal 0.16828 0.75727 -0.63105
  outer loop
   vertex -0.4500 1.2100 0.1800
   vertex -0.3832 1.2341 0.2267
   vertex -0.3688 1.1859 0.1727
  endloop
 endfacet
 facet normal -0.16828 -0.75727 0.63105
  outer loop
   vertex -0.4900 1.0300 0.3300
   vertex -0.4088 1.0059 0.3227
   vertex -0.4232 1.0541 0.3767
  endloop
 endfacet
 facet normal 0.44989 0.51062 0.73271
  outer loop
   vertex -0.3832 1.2341 0.2267
   vertex -0.4479 1.2641 0.2455
   vertex -0.4879 1.0841 0.3955
  endloop
 endfacet
 facet normal 0.44989 0.51062 0.73271
  outer loop
   vertex -0.3832 1.2341 0.2267
   vertex -0.4879 1.0841 0.3955
   vertex -0.4232 1.0541 0.3767
  endloop
 endfacet
 facet normal 0.16828 0.75727 -0.63105
  outer loop
   vertex -0.4500 1.2100 0.1800
   vertex -0.4479 1.2641 0.2455
   vertex -0.3832 1.2341 0.2267
  endloop
 endfacet
 facet normal -0.16828 -0.75727 0.63105
  outer loop
   vertex -0.4900 1.0300 0.3300
   vertex -0.4232 1.0541 0.3767
   vertex -0.4879 1.0841 0.3955
  endloop
 endfacet
 facet normal -0.40523 0.63673 0.65602
  outer loop
   vertex -0.4479 1.2641 0.2455
   vertex -0.5142 1.2534 0.2150
   vertex -0.5542 1.0734 0.3650
  endloop
 endfacet
 facet normal -0.40523 0.63673 0.65602
  outer loop
   vertex -0.4479 1.2641 0.2455
   vertex -0.5542 1.0734 0.3650
   vertex -0.4879 1.0841 0.3955
  endloop
 endfacet
 facet normal 0.16828 0.75727 -0.63105
  outer loop
   vertex -0.4500 1.2100 0.1800
   vertex -0.5142 1.2534 0.2150
   vertex -0.4479 1.2641 0.2455
  endloop
 endfacet
 facet normal -0.16828 -0.75727 0.63105
  outer loop
   vertex -0.4900 1.0300 0.3300
   vertex -0.4879 1.0841 0.3955
   vertex -0.5542 1.0734 0.3650
  endloop
 endfacet
 facet normal -0.95521 0.28337 0.08533
  outer loop
   vertex -0.5142 1.2534 0.2150
   vertex -0.5321 1.2100 0.1581
   vertex -0.5721 1.0300 0.3081
  endloop
 endfacet
 facet normal -0.95521 0.28337 0.08533
  outer loop
   vertex -0.5142 1.2534 0.2150
   vertex -0.5721 1.0300 0.3081
   vertex -0.5542 1.0734 0.3650
  endloop
 endfacet
 facet normal 0.16828 0.75727 -0.63105
  outer loop
   vertex -0.4500 1.2100 0.1800
   vertex -0.5321 1.2100 0.1581
   vertex -0.5142 1.2534 0.2150
  endloop
 endfacet
 facet normal -0.16828 -0.75727 0.63105
  outer loop
   vertex -0.4900 1.0300 0.3300
   vertex -0.5542 1.0734 0.3650
   vertex -0.5721 1.0300 0.3081
  endloop
 endfacet
 facet normal -0.37490 -0.90510 -0.20060
  outer loop
   vertex -0.4900 1.1300 0.3300
   vertex -0.4193 1.1007 0.3300
   vertex -0.4459 1.1007 0.3798
  endloop
 endfacet
 facet normal -0.09119 -0.89141 -0.44394
  outer loop
   vertex -0.4900 1.1300 0.3300
   vertex -0.4459 1.1007 0.3798
   vertex -0.5057 1.1007 0.3920
  endloop
 endfacet
 facet normal 0.25724 -0.89742 -0.35841
  outer loop
   vertex -0.4900 1.1300 0.3300
   vertex -0.5057 1.1007 0.3920
   vertex -0.5537 1.1007 0.3576
  endloop
 endfacet
 facet normal 0.41771 -0.90858 -0.00000
  outer loop
   vertex -0.4900 1.1300 0.3300
   vertex -0.5537 1.1007 0.3576
   vertex -0.5537 1.1007 0.3024
  endloop
 endfacet
 facet normal 0.25724 -0.89742 0.35841
  outer loop
   vertex -0.4900 1.1300 0.3300
   vertex -0.5537 1.1007 0.3024
   vertex -0.5057 1.1007 0.2680
  endloop
 endfacet
 facet normal -0.09119 -0.89141 0.44394
  outer loop
   vertex -0.4900 1.1300 0.3300
   vertex -0.5057 1.1007 0.2680
   vertex -0.4459 1.1007 0.2802
  endloop
 endfacet
 facet normal -0.37490 -0.90510 0.20060
  outer loop
   vertex -0.4900 1.1300 0.3300
   vertex -0.4459 1.1007 0.2802
   vertex -0.4193 1.1007 0.3300
  endloop
 endfacet
 facet normal -0.82821 -0.34305 -0.44316
  outer loop
   vertex -0.4193 1.1007 0.3300
   vertex -0.3900 1.0300 0.3300
   vertex -0.4459 1.1007 0.3798
  endloop
 endfacet
 facet normal -0.82821 -0.34305 -0.44316
  outer loop
   vertex -0.4459 1.1007 0.3798
   vertex -0.3900 1.0300 0.3300
   vertex -0.4277 1.0300 0.4004
  endloop
 endfacet
 facet normal -0.19065 -0.31975 -0.92812
  outer loop
   vertex -0.4459 1.1007 0.3798
   vertex -0.4277 1.0300 0.4004
   vertex -0.5057 1.1007 0.3920
  endloop
 endfacet
 facet normal -0.19065 -0.31975 -0.92812
  outer loop
   vertex -0.5057 1.1007 0.3920
   vertex -0.4277 1.0300 0.4004
   vertex -0.5123 1.0300 0.4177
  endloop
 endfacet
 facet normal 0.55052 -0.32952 -0.76704
  outer loop
   vertex -0.5057 1.1007 0.3920
   vertex -0.5123 1.0300 0.4177
   vertex -0.5537 1.1007 0.3576
  endloop
 endfacet
 facet normal 0.55052 -0.32952 -0.76704
  outer loop
   vertex -0.5537 1.1007 0.3576
   vertex -0.5123 1.0300 0.4177
   vertex -0.5801 1.0300 0.3690
  endloop
 endfacet
 facet normal 0.93688 -0.34964 -0.00000
  outer loop
   vertex -0.5537 1.1007 0.3576
   vertex -0.5801 1.0300 0.3690
   vertex -0.5537 1.1007 0.3024
  endloop
 endfacet
 facet normal 0.93688 -0.34964 0.00000
  outer loop
   vertex -0.5537 1.1007 0.3024
   vertex -0.5801 1.0300 0.3690
   vertex -0.5801 1.0300 0.2910
  endloop
 endfacet
 facet normal 0.55052 -0.32952 0.76704
  outer loop
   vertex -0.5537 1.1007 0.3024
   vertex -0.5801 1.0300 0.2910
   vertex -0.5057 1.1007 0.2680
  endloop
 endfacet
 facet normal 0.55052 -0.32952 0.76704
  outer loop
   vertex -0.5057 1.1007 0.2680
   vertex -0.5801 1.0300 0.2910
   vertex -0.5123 1.0300 0.2423
  endloop
 endfacet
 facet normal -0.19065 -0.31975 0.92812
  outer loop
   vertex -0.5057 1.1007 0.2680
   vertex -0.5123 1.0300 0.2423
   vertex -0.4459 1.1007 0.2802
  endloop
 endfacet
 facet normal -0.19065 -0.31975 0.92812
  outer loop
   vertex -0.4459 1.1007 0.2802
   vertex -0.5123 1.0300 0.2423
   vertex -0.4277 1.0300 0.2596
  endloop
 endfacet
 facet normal -0.82821 -0.34305 0.44316
  outer loop
   vertex -0.4459 1.1007 0.2802
   vertex -0.4277 1.0300 0.2596
   vertex -0.4193 1.1007 0.3300
  endloop
 endfacet
 facet normal -0.82821 -0.34305 0.44316
  outer loop
   vertex -0.4193 1.1007 0.3300
   vertex -0.4277 1.0300 0.2596
   vertex -0.3900 1.0300 0.3300
  endloop
 endfacet
 facet normal -0.82821 0.34305 -0.44316
  outer loop
   vertex -0.3900 1.0300 0.3300
   vertex -0.4193 0.9593 0.3300
   vertex -0.4277 1.0300 0.4004
  endloop
 endfacet
 facet normal -0.82821 0.34305 -0.44316
  outer loop
   vertex -0.4277 1.0300 0.4004
   vertex -0.4193 0.9593 0.3300
   vertex -0.4459 0.9593 0.3798
  endloop
 endfacet
 facet normal -0.19065 0.31975 -0.92812
  outer loop
   vertex -0.4277 1.0300 0.4004
   vertex -0.4459 0.9593 0.3798
   vertex -0.5123 1.0300 0.4177
  endloop
 endfacet
 facet normal -0.19065 0.31975 -0.92812
  outer loop
   vertex -0.5123 1.0300 0.4177
   vertex -0.4459 0.9593 0.3798
   vertex -0.5057 0.9593 0.3920
  endloop
 endfacet
 facet normal 0.55052 0.32952 -0.76704
  outer loop
   vertex -0.5123 1.0300 0.4177
   vertex -0.5057 0.9593 0.3920
   vertex -0.5801 1.0300 0.3690
  endloop
 endfacet
 facet normal 0.55052 0.32952 -0.76704
  outer loop
   vertex -0.5801 1.0300 0.3690
   vertex -0.5057 0.9593 0.3920
   vertex -0.5537 0.9593 0.3576
  endloop
 endfacet
 facet normal 0.93688 0.34964 0.00000
  outer loop
   vertex -0.5801 1.0300 0.3690
   vertex -0.5537 0.9593 0.3576
   vertex -0.5801 1.0300 0.2910
  endloop
 endfacet
 facet normal 0.93688 0.34964 0.00000
  outer loop
   vertex -0.5801 1.0300 0.2910
   vertex -0.5537 0.9593 0.3576
   vertex -0.5537 0.9593 0.3024
  endloop
 endfacet
 facet normal 0.55052 0.32952 0.76704
  outer loop
   vertex -0.5801 1.0300 0.2910
   vertex -0.5537 0.9593 0.3024
   vertex -0.5123 1.0300 0.2423
  endloop
 endfacet
 facet normal 0.55052 0.32952 0.76704
  outer loop
   vertex -0.5123 1.0300 0.2423
   vertex -0.5537 0.9593 0.3024
   vertex -0.5057 0.9593 0.2680
  endloop
 endfacet
 facet normal -0.19065 0.31975 0.92812
  outer loop
   vertex -0.5123 1.0300 0.2423
   vertex -0.5057 0.9593 0.2680
   vertex -0.4277 1.0300 0.2596
  endloop
 endfacet
 facet normal -0.19065 0.31975 0.92812
  outer loop
   vertex -0.4277 1.0300 0.2596
   vertex -0.5057 0.9593 0.2680
   vertex -0.4459 0.9593 0.2802
  endloop
 endfacet
 facet normal -0.82821 0.34305 0.44316
  outer loop
   vertex -0.4277 1.0300 0.2596
   vertex -0.4459 0.9593 0.2802
   vertex -0.3900 1.0300 0.3300
  endloop
 endfacet
 facet normal -0.82821 0.34305 0.44316
  outer loop
   vertex -0.3900 1.0300 0.3300
   vertex -0.4459 0.9593 0.2802
   vertex -0.4193 0.9593 0.3300
  endloop
 endfacet
 facet normal -0.37490 0.90510 -0.20060
  outer loop
   vertex -0.4193 0.9593 0.3300
   vertex -0.4900 0.9300 0.3300
   vertex -0.4459 0.9593 0.3798
  endloop
 endfacet
 facet normal -0.09119 0.89141 -0.44394
  outer loop
   vertex -0.4459 0.9593 0.3798
   vertex -0.4900 0.9300 0.3300
   vertex -0.5057 0.9593 0.3920
  endloop
 endfacet
 facet normal 0.25724 0.89742 -0.35841
  outer loop
   vertex -0.5057 0.9593 0.3920
   vertex -0.4900 0.9300 0.3300
   vertex -0.5537 0.9593 0.3576
  endloop
 endfacet
 facet normal 0.41771 0.90858 0.00000
  outer loop
   vertex -0.5537 0.9593 0.3576
   vertex -0.4900 0.9300 0.3300
   vertex -0.5537 0.9593 0.3024
  endloop
 endfacet
 facet normal 0.25724 0.89742 0.35841
  outer loop
   vertex -0.5537 0.9593 0.3024
   vertex -0.4900 0.9300 0.3300
   vertex -0.5057 0.9593 0.2680
  endloop
 endfacet
 facet normal -0.09119 0.89141 0.44394
  outer loop
   vertex -0.5057 0.9593 0.2680
   vertex -0.4900 0.9300 0.3300
   vertex -0.4459 0.9593 0.2802
  endloop
 endfacet
 facet normal -0.37490 0.90510 0.20060
  outer loop
   vertex -0.4459 0.9593 0.2802
   vertex -0.4900 0.9300 0.3300
   vertex -0.4193 0.9593 0.3300
  endloop
 endfacet
 facet normal -0.37635 -0.90858 -0.18124
  outer loop
   vertex -0.2688 1.7800 0.1400
   vertex -0.1698 1.7390 0.1400
   vertex -0.2071 1.7390 0.2174
  endloop
 endfacet
 facet normal -0.09295 -0.90858 -0.40724
  outer loop
   vertex -0.2688 1.7800 0.1400
   vertex -0.2071 1.7390 0.2174
   vertex -0.2908 1.7390 0.2365
  endloop
 endfacet
 facet normal 0.26044 -0.90858 -0.32658
  outer loop
   vertex -0.2688 1.7800 0.1400
   vertex -0.2908 1.7390 0.2365
   vertex -0.3580 1.7390 0.1830
  endloop
 endfacet
 facet normal 0.41771 -0.90858 0.00000
  outer loop
   vertex -0.2688 1.7800 0.1400
   vertex -0.3580 1.7390 0.1830
   vertex -0.3580 1.7390 0.0970
  endloop
 endfacet
 facet normal 0.26044 -0.90858 0.32658
  outer loop
   vertex -0.2688 1.7800 0.1400
   vertex -0.3580 1.7390 0.0970
   vertex -0.2908 1.7390 0.0435
  endloop
 endfacet
 facet normal -0.09295 -0.90858 0.40724
  outer loop
   vertex -0.2688 1.7800 0.1400
   vertex -0.2908 1.7390 0.0435
   vertex -0.2071 1.7390 0.0626
  endloop
 endfacet
 facet normal -0.37635 -0.90858 0.18124
  outer loop
   vertex -0.2688 1.7800 0.1400
   vertex -0.2071 1.7390 0.0626
   vertex -0.1698 1.7390 0.1400
  endloop
 endfacet
 facet normal -0.84410 -0.34964 -0.40650
  outer loop
   vertex -0.1698 1.7390 0.1400
   vertex -0.1288 1.6400 0.1400
   vertex -0.2071 1.7390 0.2174
  endloop
 endfacet
 facet normal -0.84410 -0.34964 -0.40650
  outer loop
   vertex -0.2071 1.7390 0.2174
   vertex -0.1288 1.6400 0.1400
   vertex -0.1815 1.6400 0.2495
  endloop
 endfacet
 facet normal -0.20848 -0.34964 -0.91339
  outer loop
   vertex -0.2071 1.7390 0.2174
   vertex -0.1815 1.6400 0.2495
   vertex -0.2908 1.7390 0.2365
  endloop
 endfacet
 facet normal -0.20848 -0.34964 -0.91339
  outer loop
   vertex -0.2908 1.7390 0.2365
   vertex -0.1815 1.6400 0.2495
   vertex -0.3000 1.6400 0.2765
  endloop
 endfacet
 facet normal 0.58414 -0.34964 -0.73249
  outer loop
   vertex -0.2908 1.7390 0.2365
   vertex -0.3000 1.6400 0.2765
   vertex -0.3580 1.7390 0.1830
  endloop
 endfacet
 facet normal 0.58414 -0.34964 -0.73249
  outer loop
   vertex -0.3580 1.7390 0.1830
   vertex -0.3000 1.6400 0.2765
   vertex -0.3949 1.6400 0.2007
  endloop
 endfacet
 facet normal 0.93688 -0.34964 0.00000
  outer loop
   vertex -0.3580 1.7390 0.1830
   vertex -0.3949 1.6400 0.2007
   vertex -0.3580 1.7390 0.0970
  endloop
 endfacet
 facet normal 0.93688 -0.34964 0.00000
  outer loop
   vertex -0.3580 1.7390 0.0970
   vertex -0.3949 1.6400 0.2007
   vertex -0.3949 1.6400 0.0793
  endloop
 endfacet
 facet normal 0.58414 -0.34964 0.73249
  outer loop
   vertex -0.3580 1.7390 0.0970
   vertex -0.3949 1.6400 0.0793
   vertex -0.2908 1.7390 0.0435
  endloop
 endfacet
 facet normal 0.58414 -0.34964 0.73249
  outer loop
   vertex -0.2908 1.7390 0.0435
   vertex -0.3949 1.6400 0.0793
   vertex -0.3000 1.6400 0.0035
  endloop
 endfacet
 facet normal -0.20848 -0.34964 0.91339
  outer loop
   vertex -0.2908 1.7390 0.0435
   vertex -0.3000 1.6400 0.0035
   vertex -0.2071 1.7390 0.0626
  endloop
 endfacet
 facet normal -0.20848 -0.34964 0.91339
  outer loop
   vertex -0.2071 1.7390 0.0626
   vertex -0.3000 1.6400 0.0035
   vertex -0.1815 1.6400 0.0305
  endloop
 endfacet
 facet normal -0.84410 -0.34964 0.40650
  outer loop
   vertex -0.2071 1.7390 0.0626
   vertex -0.1815 1.6400 0.0305
   vertex -0.1698 1.7390 0.1400
  endloop
 endfacet
 facet normal -0.84410 -0.34964 0.40650
  outer loop
   vertex -0.1698 1.7390 0.1400
   vertex -0.1815 1.6400 0.0305
   vertex -0.1288 1.6400 0.1400
  endloop
 endfacet
 facet normal -0.84410 0.34964 -0.40650
  outer loop
   vertex -0.1288 1.6400 0.1400
   vertex -0.1698 1.5410 0.1400
   vertex -0.1815 1.6400 0.2495
  endloop
 endfacet
 facet normal -0.84410 0.34964 -0.40650
  outer loop
   vertex -0.1815 1.6400 0.2495
   vertex -0.1698 1.5410 0.1400
   vertex -0.2071 1.5410 0.2174
  endloop
 endfacet
 facet normal -0.20848 0.34964 -0.91339
  outer loop
   vertex -0.1815 1.6400 0.2495
   vertex -0.2071 1.5410 0.2174
   vertex -0.3000 1.6400 0.2765
  endloop
 endfacet
 facet normal -0.20848 0.34964 -0.91339
  outer loop
   vertex -0.3000 1.6400 0.2765
   vertex -0.2071 1.5410 0.2174
   vertex -0.2908 1.5410 0.2365
  endloop
 endfacet
 facet normal 0.58414 0.34964 -0.73249
  outer loop
   vertex -0.3000 1.6400 0.2765
   vertex -0.2908 1.5410 0.2365
   vertex -0.3949 1.6400 0.2007
  endloop
 endfacet
 facet normal 0.58414 0.34964 -0.73249
  outer loop
   vertex -0.3949 1.6400 0.2007
   vertex -0.2908 1.5410 0.2365
   vertex -0.3580 1.5410 0.1830
  endloop
 endfacet
 facet normal 0.93688 0.34964 0.00000
  outer loop
   vertex -0.3949 1.6400 0.2007
   vertex -0.3580 1.5410 0.1830
   vertex -0.3949 1.6400 0.0793
  endloop
 endfacet
 facet normal 0.93688 0.34964 -0.00000
  outer loop
   vertex -0.3949 1.6400 0.0793
   vertex -0.3580 1.5410 0.1830
   vertex -0.3580 1.5410 0.0970
  endloop
 endfacet
 facet normal 0.58414 0.34964 0.73249
  outer loop
   vertex -0.3949 1.6400 0.0793
   vertex -0.3580 1.5410 0.0970
   vertex -0.3000 1.6400 0.0035
  endloop
 endfacet
 facet normal 0.58414 0.34964 0.73249
  outer loop
   vertex -0.3000 1.6400 0.0035
   vertex -0.3580 1.5410 0.0970
   vertex -0.2908 1.5410 0.0435
  endloop
 endfacet
 facet normal -0.20848 0.34964 0.91339
  outer loop
   vertex -0.3000 1.6400 0.0035
   vertex -0.2908 1.5410 0.0435
   vertex -0.1815 1.6400 0.0305
  endloop
 endfacet
 facet normal -0.20848 0.34964 0.91339
  outer loop
   vertex -0.1815 1.6400 0.0305
   vertex -0.2908 1.5410 0.0435
   vertex -0.2071 1.5410 0.0626
  endloop
 endfacet
 facet normal -0.84410 0.34964 0.40650
  outer loop
   vertex -0.1815 1.6400 0.0305
   vertex -0.2071 1.5410 0.0626
   vertex -0.1288 1.6400 0.1400
  endloop
 endfacet
 facet normal -0.84410 0.34964 0.40650
  outer loop
   vertex -0.1288 1.6400 0.1400
   vertex -0.2071 1.5410 0.0626
   vertex -0.1698 1.5410 0.1400
  endloop
 endfacet
 facet normal -0.37635 0.90858 -0.18124
  outer loop
   vertex -0.1698 1.5410 0.1400
   vertex -0.2688 1.5000 0.1400
   vertex -0.2071 1.5410 0.2174
  endloop
 endfacet
 facet normal -0.09295 0.90858 -0.40724
  outer loop
   vertex -0.2071 1.5410 0.2174
   vertex -0.2688 1.5000 0.1400
   vertex -0.2908 1.5410 0.2365
  endloop
 endfacet
 facet normal 0.26044 0.90858 -0.32658
  outer loop
   vertex -0.2908 1.5410 0.2365
   vertex -0.2688 1.5000 0.1400
   vertex -0.3580 1.5410 0.1830
  endloop
 endfacet
 facet normal 0.41771 0.90858 -0.00000
  outer loop
   vertex -0.3580 1.5410 0.1830
   vertex -0.2688 1.5000 0.1400
   vertex -0.3580 1.5410 0.0970
  endloop
 endfacet
 facet normal 0.26044 0.90858 0.32658
  outer loop
   vertex -0.3580 1.5410 0.0970
   vertex -0.2688 1.5000 0.1400
   vertex -0.2908 1.5410 0.0435
  endloop
 endfacet
 facet normal -0.09295 0.90858 0.40724
  outer loop
   vertex -0.2908 1.5410 0.0435
   vertex -0.2688 1.5000 0.1400
   vertex -0.2071 1.5410 0.0626
  endloop
 endfacet
 facet normal -0.37635 0.90858 0.18124
  outer loop
   vertex -0.2071 1.5410 0.0626
   vertex -0.2688 1.5000 0.1400
   vertex -0.1698 1.5410 0.1400
  endloop
 endfacet
 facet normal -0.40009 -0.08370 0.91264
  outer loop
   vertex 0.2688 1.6493 0.2396
   vertex 0.1967 1.6157 0.2049
   vertex 0.3779 1.1857 0.2449
  endloop
 endfacet
 facet normal -0.40009 -0.08370 0.91264
  outer loop
   vertex 0.2688 1.6493 0.2396
   vertex 0.3779 1.1857 0.2449
   vertex 0.4500 1.2193 0.2796
  endloop
 endfacet
 facet normal -0.38691 0.91816 -0.08541
  outer loop
   vertex 0.2688 1.6400 0.1400
   vertex 0.1967 1.6157 0.2049
   vertex 0.2688 1.6493 0.2396
  endloop
 endfacet
 facet normal 0.38691 -0.91816 0.08541
  outer loop
   vertex 0.4500 1.2100 0.1800
   vertex 0.4500 1.2193 0.2796
   vertex 0.3779 1.1857 0.2449
  endloop
 endfacet
 facet normal -0.89900 -0.35497 0.25650
  outer loop
   vertex 0.1967 1.6157 0.2049
   vertex 0.1789 1.6004 0.1213
   vertex 0.3601 1.1704 0.1613
  endloop
 endfacet
 facet normal -0.89900 -0.35497 0.25650
  outer loop
   vertex 0.1967 1.6157 0.2049
   vertex 0.3601 1.1704 0.1613
   vertex 0.3779 1.1857 0.2449
  endloop
 endfacet
 facet normal -0.38691 0.91816 -0.08541
  outer loop
   vertex 0.2688 1.6400 0.1400
   vertex 0.1789 1.6004 0.1213
   vertex 0.1967 1.6157 0.2049
  endloop
 endfacet
 facet normal 0.38691 -0.91816 0.08541
  outer loop
   vertex 0.4500 1.2100 0.1800
   vertex 0.3779 1.1857 0.2449
   vertex 0.3601 1.1704 0.1613
  endloop
 endfacet
 facet normal -0.72094 -0.35894 -0.59279
  outer loop
   vertex 0.1789 1.6004 0.1213
   vertex 0.2288 1.6149 0.0518
   vertex 0.4100 1.1849 0.0918
  endloop
 endfacet
 facet normal -0.72094 -0.35894 -0.59279
  outer loop
   vertex 0.1789 1.6004 0.1213
   vertex 0.4100 1.1849 0.0918
   vertex 0.3601 1.1704 0.1613
  endloop
 endfacet
 facet normal -0.38691 0.91816 -0.08541
  outer loop
   vertex 0.2688 1.6400 0.1400
   vertex 0.2288 1.6149 0.0518
   vertex 0.1789 1.6004 0.1213
  endloop
 endfacet
 facet normal 0.38691 -0.91816 0.08541
  outer loop
   vertex 0.4500 1.2100 0.1800
   vertex 0.3601 1.1704 0.1613
   vertex 0.4100 1.1849 0.0918
  endloop
 endfacet
 facet normal 0.00000 -0.09262 -0.99570
  outer loop
   vertex 0.2288 1.6149 0.0518
   vertex 0.3088 1.6484 0.0487
   vertex 0.4900 1.2184 0.0887
  endloop
 endfacet
 facet normal 0.00000 -0.09262 -0.99570
  outer loop
   vertex 0.2288 1.6149 0.0518
   vertex 0.4900 1.2184 0.0887
   vertex 0.4100 1.1849 0.0918
  endloop
 endfacet
 facet normal -0.38691 0.91816 -0.08541
  outer loop
   vertex 0.2688 1.6400 0.1400
   vertex 0.3088 1.6484 0.0487
   vertex 0.2288 1.6149 0.0518
  endloop
 endfacet
 facet normal 0.38691 -0.91816 0.08541
  outer loop
   vertex 0.4500 1.2100 0.1800
   vertex 0.4100 1.1849 0.0918
   vertex 0.4900 1.2184 0.0887
  endloop
 endfacet
 facet normal 0.72094 0.24345 -0.64883
  outer loop
   vertex 0.3088 1.6484 0.0487
   vertex 0.3587 1.6755 0.1143
   vertex 0.5399 1.2455 0.1543
  endloop
 endfacet
 facet normal 0.72094 0.24345 -0.64883
  outer loop
   vertex 0.3088 1.6484 0.0487
   vertex 0.5399 1.2455 0.1543
   vertex 0.4900 1.2184 0.0887
  endloop
 endfacet
 facet normal -0.38691 0.91816 -0.08541
  outer loop
   vertex 0.2688 1.6400 0.1400
   vertex 0.3587 1.6755 0.1143
   vertex 0.3088 1.6484 0.0487
  endloop
 endfacet
 facet normal 0.38691 -0.91816 0.08541
  outer loop
   vertex 0.4500 1.2100 0.1800
   vertex 0.4900 1.2184 0.0887
   vertex 0.5399 1.2455 0.1543
  endloop
 endfacet
 facet normal 0.89900 0.39619 0.18663
  outer loop
   vertex 0.3587 1.6755 0.1143
   vertex 0.3409 1.6759 0.1993
   vertex 0.5221 1.2459 0.2393
  endloop
 endfacet
 facet normal 0.89900 0.39619 0.18663
  outer loop
   vertex 0.3587 1.6755 0.1143
   vertex 0.5221 1.2459 0.2393
   vertex 0.5399 1.2455 0.1543
  endloop
 endfacet
 facet normal -0.38691 0.91816 -0.08541
  outer loop
   vertex 0.2688 1.6400 0.1400
   vertex 0.3409 1.6759 0.1993
   vertex 0.3587 1.6755 0.1143
  endloop
 endfacet
 facet normal 0.38691 -0.91816 0.08541
  outer loop
   vertex 0.4500 1.2100 0.1800
   vertex 0.5399 1.2455 0.1543
   vertex 0.5221 1.2459 0.2393
  endloop
 endfacet
 facet normal 0.40009 0.25060 0.88155
  outer loop
   vertex 0.3409 1.6759 0.1993
   vertex 0.2688 1.6493 0.2396
   vertex 0.4500 1.2193 0.2796
  endloop
 endfacet
 facet normal 0.40009 0.25060 0.88155
  outer loop
   vertex 0.3409 1.6759 0.1993
   vertex 0.4500 1.2193 0.2796
   vertex 0.5221 1.2459 0.2393
  endloop
 endfacet
 facet normal -0.38691 0.91816 -0.08541
  outer loop
   vertex 0.2688 1.6400 0.1400
   vertex 0.2688 1.6493 0.2396
   vertex 0.3409 1.6759 0.1993
  endloop
 endfacet
 facet normal 0.38691 -0.91816 0.08541
  outer loop
   vertex 0.4500 1.2100 0.1800
   vertex 0.5221 1.2459 0.2393
   vertex 0.4500 1.2193 0.2796
  endloop
 endfacet
 facet normal -0.95521 -0.28337 -0.08533
  outer loop
   vertex 0.3679 1.2100 0.2019
   vertex 0.3858 1.1666 0.1450
   vertex 0.4258 0.9866 0.2950
  endloop
 endfacet
 facet normal -0.95521 -0.28337 -0.08533
  outer loop
   vertex 0.3679 1.2100 0.2019
   vertex 0.4258 0.9866 0.2950
   vertex 0.4079 1.0300 0.3519
  endloop
 endfacet
 facet normal -0.16828 0.75727 -0.63105
  outer loop
   vertex 0.4500 1.2100 0.1800
   vertex 0.3858 1.1666 0.1450
   vertex 0.3679 1.2100 0.2019
  endloop
 endfacet
 facet normal 0.16828 -0.75727 0.63105
  outer loop
   vertex 0.4900 1.0300 0.3300
   vertex 0.4079 1.0300 0.3519
   vertex 0.4258 0.9866 0.2950
  endloop
 endfacet
 facet normal -0.40523 -0.63673 -0.65602
  outer loop
   vertex 0.3858 1.1666 0.1450
   vertex 0.4521 1.1559 0.1145
   vertex 0.4921 0.9759 0.2645
  endloop
 endfacet
 facet normal -0.40523 -0.63673 -0.65602
  outer loop
   vertex 0.3858 1.1666 0.1450
   vertex 0.4921 0.9759 0.2645
   vertex 0.4258 0.9866 0.2950
  endloop
 endfacet
 facet normal -0.16828 0.75727 -0.63105
  outer loop
   vertex 0.4500 1.2100 0.1800
   vertex 0.4521 1.1559 0.1145
   vertex 0.3858 1.1666 0.1450
  endloop
 endfacet
 facet normal 0.16828 -0.75727 0.63105
  outer loop
   vertex 0.4900 1.0300 0.3300
   vertex 0.4258 0.9866 0.2950
   vertex 0.4921 0.9759 0.2645
  endloop
 endfacet
 facet normal 0.44989 -0.51062 -0.73271
  outer loop
   vertex 0.4521 1.1559 0.1145
   vertex 0.5168 1.1859 0.1333
   vertex 0.5568 1.0059 0.2833
  endloop
 endfacet
 facet normal 0.44989 -0.51062 -0.73271
  outer loop
   vertex 0.4521 1.1559 0.1145
   vertex 0.5568 1.0059 0.2833
   vertex 0.4921 0.9759 0.2645
  endloop
 endfacet
 facet normal -0.16828 0.75727 -0.63105
  outer loop
   vertex 0.4500 1.2100 0.1800
   vertex 0.5168 1.1859 0.1333
   vertex 0.4521 1.1559 0.1145
  endloop
 endfacet
 facet normal 0.16828 -0.75727 0.63105
  outer loop
   vertex 0.4900 1.0300 0.3300
   vertex 0.4921 0.9759 0.2645
   vertex 0.5568 1.0059 0.2833
  endloop
 endfacet
 facet normal 0.96623 -0.00000 -0.25766
  outer loop
   vertex 0.5168 1.1859 0.1333
   vertex 0.5312 1.2341 0.1873
   vertex 0.5712 1.0541 0.3373
  endloop
 endfacet
 facet normal 0.96623 0.00000 -0.25766
  outer loop
   vertex 0.5168 1.1859 0.1333
   vertex 0.5712 1.0541 0.3373
   vertex 0.5568 1.0059 0.2833
  endloop
 endfacet
 facet normal -0.16828 0.75727 -0.63105
  outer loop
   vertex 0.4500 1.2100 0.1800
   vertex 0.5312 1.2341 0.1873
   vertex 0.5168 1.1859 0.1333
  endloop
 endfacet
 facet normal 0.16828 -0.75727 0.63105
  outer loop
   vertex 0.4900 1.0300 0.3300
   vertex 0.5568 1.0059 0.2833
   vertex 0.5712 1.0541 0.3373
  endloop
 endfacet
 facet normal 0.75499 0.51062 0.41141
  outer loop
   vertex 0.5312 1.2341 0.1873
   vertex 0.4844 1.2641 0.2358
   vertex 0.5244 1.0841 0.3858
  endloop
 endfacet
 facet normal 0.75499 0.51062 0.41141
  outer loop
   vertex 0.5312 1.2341 0.1873
   vertex 0.5244 1.0841 0.3858
   vertex 0.5712 1.0541 0.3373
  endloop
 endfacet
 facet normal -0.16828 0.75727 -0.63105
  outer loop
   vertex 0.4500 1.2100 0.1800
   vertex 0.4844 1.2641 0.2358
   vertex 0.5312 1.2341 0.1873
  endloop
 endfacet
 facet normal 0.16828 -0.75727 0.63105
  outer loop
   vertex 0.4900 1.0300 0.3300
   vertex 0.5712 1.0541 0.3373
   vertex 0.5244 1.0841 0.3858
  endloop
 endfacet
 facet normal -0.02478 0.63673 0.77069
  outer loop
   vertex 0.4844 1.2641 0.2358
   vertex 0.4118 1.2534 0.2423
   vertex 0.4518 1.0734 0.3923
  endloop
 endfacet
 facet normal -0.02478 0.63673 0.77069
  outer loop
   vertex 0.4844 1.2641 0.2358
   vertex 0.4518 1.0734 0.3923
   vertex 0.5244 1.0841 0.3858
  endloop
 endfacet
 facet normal -0.16828 0.75727 -0.63105
  outer loop
   vertex 0.4500 1.2100 0.1800
   vertex 0.4118 1.2534 0.2423
   vertex 0.4844 1.2641 0.2358
  endloop
 endfacet
 facet normal 0.16828 -0.75727 0.63105
  outer loop
   vertex 0.4900 1.0300 0.3300
   vertex 0.5244 1.0841 0.3858
   vertex 0.4518 1.0734 0.3923
  endloop
 endfacet
 facet normal -0.78589 0.28337 0.54962
  outer loop
   vertex 0.4118 1.2534 0.2423
   vertex 0.3679 1.2100 0.2019
   vertex 0.4079 1.0300 0.3519
  endloop
 endfacet
 facet normal -0.78589 0.28337 0.54962
  outer loop
   vertex 0.4118 1.2534 0.2423
   vertex 0.4079 1.0300 0.3519
   vertex 0.4518 1.0734 0.3923
  endloop
 endfacet
 facet normal -0.16828 0.75727 -0.63105
  outer loop
   vertex 0.4500 1.2100 0.1800
   vertex 0.3679 1.2100 0.2019
   vertex 0.4118 1.2534 0.2423
  endloop
 endfacet
 facet normal 0.16828 -0.75727 0.63105
  outer loop
   vertex 0.4900 1.0300 0.3300
   vertex 0.4518 1.0734 0.3923
   vertex 0.4079 1.0300 0.3519
  endloop
 endfacet
 facet normal -0.37490 -0.90510 -0.20060
  outer loop
   vertex 0.4900 1.1300 0.3300
   vertex 0.5607 1.1007 0.3300
   vertex 0.5341 1.1007 0.3798
  endloop
 endfacet
 facet normal -0.09119 -0.89141 -0.44394
  outer loop
   vertex 0.4900 1.1300 0.3300
   vertex 0.5341 1.1007 0.3798
   vertex 0.4743 1.1007 0.3920
  endloop
 endfacet
 facet normal 0.25724 -0.89742 -0.35841
  outer loop
   vertex 0.4900 1.1300 0.3300
   vertex 0.4743 1.1007 0.3920
   vertex 0.4263 1.1007 0.3576
  endloop
 endfacet
 facet normal 0.41771 -0.90858 0.00000
  outer loop
   vertex 0.4900 1.1300 0.3300
   vertex 0.4263 1.1007 0.3576
   vertex 0.4263 1.1007 0.3024
  endloop
 endfacet
 facet normal 0.25724 -0.89742 0.35841
  outer loop
   vertex 0.4900 1.1300 0.3300
   vertex 0.4263 1.1007 0.3024
   vertex 0.4743 1.1007 0.2680
  endloop
 endfacet
 facet normal -0.09119 -0.89141 0.44394
  outer loop
   vertex 0.4900 1.1300 0.3300
   vertex 0.4743 1.1007 0.2680
   vertex 0.5341 1.1007 0.2802
  endloop
 endfacet
 facet normal -0.37490 -0.90510 0.20060
  outer loop
   vertex 0.4900 1.1300 0.3300
   vertex 0.5341 1.1007 0.2802
   vertex 0.5607 1.1007 0.3300
  endloop
 endfacet
 facet normal -0.82821 -0.34305 -0.44316
  outer loop
   vertex 0.5607 1.1007 0.3300
   vertex 0.5900 1.0300 0.3300
   vertex 0.5341 1.1007 0.3798
  endloop
 endfacet
 facet normal -0.82821 -0.34305 -0.44316
  outer loop
   vertex 0.5341 1.1007 0.3798
   vertex 0.5900 1.0300 0.3300
   vertex 0.5523 1.0300 0.4004
  endloop
 endfacet
 facet normal -0.19065 -0.31975 -0.92812
  outer loop
   vertex 0.5341 1.1007 0.3798
   vertex 0.5523 1.0300 0.4004
   vertex 0.4743 1.1007 0.3920
  endloop
 endfacet
 facet normal -0.19065 -0.31975 -0.92812
  outer loop
   vertex 0.4743 1.1007 0.3920
   vertex 0.5523 1.0300 0.4004
   vertex 0.4677 1.0300 0.4177
  endloop
 endfacet
 facet normal 0.55052 -0.32952 -0.76704
  outer loop
   vertex 0.4743 1.1007 0.3920
   vertex 0.4677 1.0300 0.4177
   vertex 0.4263 1.1007 0.3576
  endloop
 endfacet
 facet normal 0.55052 -0.32952 -0.76704
  outer loop
   vertex 0.4263 1.1007 0.3576
   vertex 0.4677 1.0300 0.4177
   vertex 0.3999 1.0300 0.3690
  endloop
 endfacet
 facet normal 0.93688 -0.34964 0.00000
  outer loop
   vertex 0.4263 1.1007 0.3576
   vertex 0.3999 1.0300 0.3690
   vertex 0.4263 1.1007 0.3024
  endloop
 endfacet
 facet normal 0.93688 -0.34964 0.00000
  outer loop
   vertex 0.4263 1.1007 0.3024
   vertex 0.3999 1.0300 0.3690
   vertex 0.3999 1.0300 0.2910
  endloop
 endfacet
 facet normal 0.55052 -0.32952 0.76704
  outer loop
   vertex 0.4263 1.1007 0.3024
   vertex 0.3999 1.0300 0.2910
   vertex 0.4743 1.1007 0.2680
  endloop
 endfacet
 facet normal 0.55052 -0.32952 0.76704
  outer loop
   vertex 0.4743 1.1007 0.2680
   vertex 0.3999 1.0300 0.2910
   vertex 0.4677 1.0300 0.2423
  endloop
 endfacet
 facet normal -0.19065 -0.31975 0.92812
  outer loop
   vertex 0.4743 1.1007 0.2680
   vertex 0.4677 1.0300 0.2423
   vertex 0.5341 1.1007 0.2802
  endloop
 endfacet
 facet normal -0.19065 -0.31975 0.92812
  outer loop
   vertex 0.5341 1.1007 0.2802
   vertex 0.4677 1.0300 0.2423
   vertex 0.5523 1.0300 0.2596
  endloop
 endfacet
 facet normal -0.82821 -0.34305 0.44316
  outer loop
   vertex 0.5341 1.1007 0.2802
   vertex 0.5523 1.0300 0.2596
   vertex 0.5607 1.1007 0.3300
  endloop
 endfacet
 facet normal -0.82821 -0.34305 0.44316
  outer loop
   vertex 0.5607 1.1007 0.3300
   vertex 0.5523 1.0300 0.2596
   vertex 0.5900 1.0300 0.3300
  endloop
 endfacet
 facet normal -0.82821 0.34305 -0.44316
  outer loop
   vertex 0.5900 1.0300 0.3300
   vertex 0.5607 0.9593 0.3300
   vertex 0.5523 1.0300 0.4004
  endloop
 endfacet
 facet normal -0.82821 0.34305 -0.44316
  outer loop
   vertex 0.5523 1.0300 0.4004
   vertex 0.5607 0.9593 0.3300
   vertex 0.5341 0.9593 0.3798
  endloop
 endfacet
 facet normal -0.19065 0.31975 -0.92812
  outer loop
   vertex 0.5523 1.0300 0.4004
   vertex 0.5341 0.9593 0.3798
   vertex 0.4677 1.0300 0.4177
  endloop
 endfacet
 facet normal -0.19065 0.31975 -0.92812
  outer loop
   vertex 0.4677 1.0300 0.4177
   vertex 0.5341 0.9593 0.3798
   vertex 0.4743 0.9593 0.3920
  endloop
 endfacet
 facet normal 0.55052 0.32952 -0.76704
  outer loop
   vertex 0.4677 1.0300 0.4177
   vertex 0.4743 0.9593 0.3920
   vertex 0.3999 1.0300 0.3690
  endloop
 endfacet
 facet normal 0.55052 0.32952 -0.76704
  outer loop
   vertex 0.3999 1.0300 0.3690
   vertex 0.4743 0.9593 0.3920
   vertex 0.4263 0.9593 0.3576
  endloop
 endfacet
 facet normal 0.93688 0.34964 0.00000
  outer loop
   vertex 0.3999 1.0300 0.3690
   vertex 0.4263 0.9593 0.3576
   vertex 0.3999 1.0300 0.2910
  endloop
 endfacet
 facet normal 0.93688 0.34964 0.00000
  outer loop
   vertex 0.3999 1.0300 0.2910
   vertex 0.4263 0.9593 0.3576
   vertex 0.4263 0.9593 0.3024
  endloop
 endfacet
 facet normal 0.55052 0.32952 0.76704
  outer loop
   vertex 0.3999 1.0300 0.2910
   vertex 0.4263 0.9593 0.3024
   vertex 0.4677 1.0300 0.2423
  endloop
 endfacet
 facet normal 0.55052 0.32952 0.76704
  outer loop
   vertex 0.4677 1.0300 0.2423
   vertex 0.4263 0.9593 0.3024
   vertex 0.4743 0.9593 0.2680
  endloop
 endfacet
 facet normal -0.19065 0.31975 0.92812
  outer loop
   vertex 0.4677 1.0300 0.2423
   vertex 0.4743 0.9593 0.2680
   vertex 0.5523 1.0300 0.2596
  endloop
 endfacet
 facet normal -0.19065 0.31975 0.92812
  outer loop
   vertex 0.5523 1.0300 0.2596
   vertex 0.4743 0.9593 0.2680
   vertex 0.5341 0.9593 0.2802
  endloop
 endfacet
 facet normal -0.82821 0.34305 0.44316
  outer loop
   vertex 0.5523 1.0300 0.2596
   vertex 0.5341 0.9593 0.2802
   vertex 0.5900 1.0300 0.3300
  endloop
 endfacet
 facet normal -0.82821 0.34305 0.44316
  outer loop
   vertex 0.5900 1.0300 0.3300
   vertex 0.5341 0.9593 0.2802
   vertex 0.5607 0.9593 0.3300
  endloop
 endfacet
 facet normal -0.37490 0.90510 -0.20060
  outer loop
   vertex 0.5607 0.9593 0.3300
   vertex 0.4900 0.9300 0.3300
   vertex 0.5341 0.9593 0.3798
  endloop
 endfacet
 facet normal -0.09119 0.89141 -0.44394
  outer loop
   vertex 0.5341 0.9593 0.3798
   vertex 0.4900 0.9300 0.3300
   vertex 0.4743 0.9593 0.3920
  endloop
 endfacet
 facet normal 0.25724 0.89742 -0.35841
  outer loop
   vertex 0.4743 0.9593 0.3920
   vertex 0.4900 0.9300 0.3300
   vertex 0.4263 0.9593 0.3576
  endloop
 endfacet
 facet normal 0.41771 0.90858 0.00000
  outer loop
   vertex 0.4263 0.9593 0.3576
   vertex 0.4900 0.9300 0.3300
   vertex 0.4263 0.9593 0.3024
  endloop
 endfacet
 facet normal 0.25724 0.89742 0.35841
  outer loop
   vertex 0.4263 0.9593 0.3024
   vertex 0.4900 0.9300 0.3300
   vertex 0.4743 0.9593 0.2680
  endloop
 endfacet
 facet normal -0.09119 0.89141 0.44394
  outer loop
   vertex 0.4743 0.9593 0.2680
   vertex 0.4900 0.9300 0.3300
   vertex 0.5341 0.9593 0.2802
  endloop
 endfacet
 facet normal -0.37490 0.90510 0.20060
  outer loop
   vertex 0.5341 0.9593 0.2802
   vertex 0.4900 0.9300 0.3300
   vertex 0.5607 0.9593 0.3300
  endloop
 endfacet
 facet normal -0.37635 -0.90858 -0.18124
  outer loop
   vertex 0.2688 1.7800 0.1400
   vertex 0.3678 1.7390 0.1400
   vertex 0.3305 1.7390 0.2174
  endloop
 endfacet
 facet normal -0.09295 -0.90858 -0.40724
  outer loop
   vertex 0.2688 1.7800 0.1400
   vertex 0.3305 1.7390 0.2174
   vertex 0.2468 1.7390 0.2365
  endloop
 endfacet
 facet normal 0.26044 -0.90858 -0.32658
  outer loop
   vertex 0.2688 1.7800 0.1400
   vertex 0.2468 1.7390 0.2365
   vertex 0.1796 1.7390 0.1830
  endloop
 endfacet
 facet normal 0.41771 -0.90858 0.00000
  outer loop
   vertex 0.2688 1.7800 0.1400
   vertex 0.1796 1.7390 0.1830
   vertex 0.1796 1.7390 0.0970
  endloop
 endfacet
 facet normal 0.26044 -0.90858 0.32658
  outer loop
   vertex 0.2688 1.7800 0.1400
   vertex 0.1796 1.7390 0.0970
   vertex 0.2468 1.7390 0.0435
  endloop
 endfacet
 facet normal -0.09295 -0.90858 0.40724
  outer loop
   vertex 0.2688 1.7800 0.1400
   vertex 0.2468 1.7390 0.0435
   vertex 0.3305 1.7390 0.0626
  endloop
 endfacet
 facet normal -0.37635 -0.90858 0.18124
  outer loop
   vertex 0.2688 1.7800 0.1400
   vertex 0.3305 1.7390 0.0626
   vertex 0.3678 1.7390 0.1400
  endloop
 endfacet
 facet normal -0.84410 -0.34964 -0.40650
  outer loop
   vertex 0.3678 1.7390 0.1400
   vertex 0.4088 1.6400 0.1400
   vertex 0.3305 1.7390 0.2174
  endloop
 endfacet
 facet normal -0.84410 -0.34964 -0.40650
  outer loop
   vertex 0.3305 1.7390 0.2174
   vertex 0.4088 1.6400 0.1400
   vertex 0.3561 1.6400 0.2495
  endloop
 endfacet
 facet normal -0.20848 -0.34964 -0.91339
  outer loop
   vertex 0.3305 1.7390 0.2174
   vertex 0.3561 1.6400 0.2495
   vertex 0.2468 1.7390 0.2365
  endloop
 endfacet
 facet normal -0.20848 -0.34964 -0.91339
  outer loop
   vertex 0.2468 1.7390 0.2365
   vertex 0.3561 1.6400 0.2495
   vertex 0.2376 1.6400 0.2765
  endloop
 endfacet
 facet normal 0.58414 -0.34964 -0.73249
  outer loop
   vertex 0.2468 1.7390 0.2365
   vertex 0.2376 1.6400 0.2765
   vertex 0.1796 1.7390 0.1830
  endloop
 endfacet
 facet normal 0.58414 -0.34964 -0.73249
  outer loop
   vertex 0.1796 1.7390 0.1830
   vertex 0.2376 1.6400 0.2765
   vertex 0.1427 1.6400 0.2007
  endloop
 endfacet
 facet normal 0.93688 -0.34964 0.00000
  outer loop
   vertex 0.1796 1.7390 0.1830
   vertex 0.1427 1.6400 0.2007
   vertex 0.1796 1.7390 0.0970
  endloop
 endfacet
 facet normal 0.93688 -0.34964 0.00000
  outer loop
   vertex 0.1796 1.7390 0.0970
   vertex 0.1427 1.6400 0.2007
   vertex 0.1427 1.6400 0.0793
  endloop
 endfacet
 facet normal 0.58414 -0.34964 0.73249
  outer loop
   vertex 0.1796 1.7390 0.0970
   vertex 0.1427 1.6400 0.0793
   vertex 0.2468 1.7390 0.0435
  endloop
 endfacet
 facet normal 0.58414 -0.34964 0.73249
  outer loop
   vertex 0.2468 1.7390 0.0435
   vertex 0.1427 1.6400 0.0793
   vertex 0.2376 1.6400 0.0035
  endloop
 endfacet
 facet normal -0.20848 -0.34964 0.91339
  outer loop
   vertex 0.2468 1.7390 0.0435
   vertex 0.2376 1.6400 0.0035
   vertex 0.3305 1.7390 0.0626
  endloop
 endfacet
 facet normal -0.20848 -0.34964 0.91339
  outer loop
   vertex 0.3305 1.7390 0.0626
   vertex 0.2376 1.6400 0.0035
   vertex 0.3561 1.6400 0.0305
  endloop
 endfacet
 facet normal -0.84410 -0.34964 0.40650
  outer loop
   vertex 0.3305 1.7390 0.0626
   vertex 0.3561 1.6400 0.0305
   vertex 0.3678 1.7390 0.1400
  endloop
 endfacet
 facet normal -0.84410 -0.34964 0.40650
  outer loop
   vertex 0.3678 1.7390 0.1400
   vertex 0.3561 1.6400 0.0305
   vertex 0.4088 1.6400 0.1400
  endloop
 endfacet
 facet normal -0.84410 0.34964 -0.40650
  outer loop
   vertex 0.4088 1.6400 0.1400
   vertex 0.3678 1.5410 0.1400
   vertex 0.3561 1.6400 0.2495
  endloop
 endfacet
 facet normal -0.84410 0.34964 -0.40650
  outer loop
   vertex 0.3561 1.6400 0.2495
   vertex 0.3678 1.5410 0.1400
   vertex 0.3305 1.5410 0.2174
  endloop
 endfacet
 facet normal -0.20848 0.34964 -0.91339
  outer loop
   vertex 0.3561 1.6400 0.2495
   vertex 0.3305 1.5410 0.2174
   vertex 0.2376 1.6400 0.2765
  endloop
 endfacet
 facet normal -0.20848 0.34964 -0.91339
  outer loop
   vertex 0.2376 1.6400 0.2765
   vertex 0.3305 1.5410 0.2174
   vertex 0.2468 1.5410 0.2365
  endloop
 endfacet
 facet normal 0.58414 0.34964 -0.73249
  outer loop
   vertex 0.2376 1.6400 0.2765
   vertex 0.2468 1.5410 0.2365
   vertex 0.1427 1.6400 0.2007
  endloop
 endfacet
 facet normal 0.58414 0.34964 -0.73249
  outer loop
   vertex 0.1427 1.6400 0.2007
   vertex 0.2468 1.5410 0.2365
   vertex 0.1796 1.5410 0.1830
  endloop
 endfacet
 facet normal 0.93688 0.34964 0.00000
  outer loop
   vertex 0.1427 1.6400 0.2007
   vertex 0.1796 1.5410 0.1830
   vertex 0.1427 1.6400 0.0793
  endloop
 endfacet
 facet normal 0.93688 0.34964 -0.00000
  outer loop
   vertex 0.1427 1.6400 0.0793
   vertex 0.1796 1.5410 0.1830
   vertex 0.1796 1.5410 0.0970
  endloop
 endfacet
 facet normal 0.58414 0.34964 0.73249
  outer loop
   vertex 0.1427 1.6400 0.0793
   vertex 0.1796 1.5410 0.0970
   vertex 0.2376 1.6400 0.0035
  endloop
 endfacet
 facet normal 0.58414 0.34964 0.73249
  outer loop
   vertex 0.2376 1.6400 0.0035
   vertex 0.1796 1.5410 0.0970
   vertex 0.2468 1.5410 0.0435
  endloop
 endfacet
 facet normal -0.20848 0.34964 0.91339
  outer loop
   vertex 0.2376 1.6400 0.0035
   vertex 0.2468 1.5410 0.0435
   vertex 0.3561 1.6400 0.0305
  endloop
 endfacet
 facet normal -0.20848 0.34964 0.91339
  outer loop
   vertex 0.3561 1.6400 0.0305
   vertex 0.2468 1.5410 0.0435
   vertex 0.3305 1.5410 0.0626
  endloop
 endfacet
 facet normal -0.84410 0.34964 0.40650
  outer loop
   vertex 0.3561 1.6400 0.0305
   vertex 0.3305 1.5410 0.0626
   vertex 0.4088 1.6400 0.1400
  endloop
 endfacet
 facet normal -0.84410 0.34964 0.40650
  outer loop
   vertex 0.4088 1.6400 0.1400
   vertex 0.3305 1.5410 0.0626
   vertex 0.3678 1.5410 0.1400
  endloop
 endfacet
 facet normal -0.37635 0.90858 -0.18124
  outer loop
   vertex 0.3678 1.5410 0.1400
   vertex 0.2688 1.5000 0.1400
   vertex 0.3305 1.5410 0.2174
  endloop
 endfacet
 facet normal -0.09295 0.90858 -0.40724
  outer loop
   vertex 0.3305 1.5410 0.2174
   vertex 0.2688 1.5000 0.1400
   vertex 0.2468 1.5410 0.2365
  endloop
 endfacet
 facet normal 0.26044 0.90858 -0.32658
  outer loop
   vertex 0.2468 1.5410 0.2365
   vertex 0.2688 1.5000 0.1400
   vertex 0.1796 1.5410 0.1830
  endloop
 endfacet
 facet normal 0.41771 0.90858 -0.00000
  outer loop
   vertex 0.1796 1.5410 0.1830
   vertex 0.2688 1.5000 0.1400
   vertex 0.1796 1.5410 0.0970
  endloop
 endfacet
 facet normal 0.26044 0.90858 0.32658
  outer loop
   vertex 0.1796 1.5410 0.0970
   vertex 0.2688 1.5000 0.1400
   vertex 0.2468 1.5410 0.0435
  endloop
 endfacet
 facet normal -0.09295 0.90858 0.40724
  outer loop
   vertex 0.2468 1.5410 0.0435
   vertex 0.2688 1.5000 0.1400
   vertex 0.3305 1.5410 0.0626
  endloop
 endfacet
 facet normal -0.37635 0.90858 0.18124
  outer loop
   vertex 0.3305 1.5410 0.0626
   vertex 0.2688 1.5000 0.1400
   vertex 0.3678 1.5410 0.1400
  endloop
 endfacet
 facet normal -0.43388 0.00000 -0.90097
  outer loop
   vertex 0.0000 1.7350 -0.1000
   vertex -0.0782 1.7350 -0.0623
   vertex -0.0782 1.9250 -0.0623
  endloop
 endfacet
 facet normal -0.43388 0.00000 -0.90097
  outer loop
   vertex 0.0000 1.7350 -0.1000
   vertex -0.0782 1.9250 -0.0623
   vertex 0.0000 1.9250 -0.1000
  endloop
 endfacet
 facet normal 0.00000 -1.00000 0.00000
  outer loop
   vertex 0.0000 1.7350 0.0000
   vertex -0.0782 1.7350 -0.0623
   vertex 0.0000 1.7350 -0.1000
  endloop
 endfacet
 facet normal 0.00000 1.00000 0.00000
  outer loop
   vertex 0.0000 1.9250 0.0000
   vertex 0.0000 1.9250 -0.1000
   vertex -0.0782 1.9250 -0.0623
  endloop
 endfacet
 facet normal -0.97493 0.00000 -0.22252
  outer loop
   vertex -0.0782 1.7350 -0.0623
   vertex -0.0975 1.7350 0.0223
   vertex -0.0975 1.9250 0.0223
  endloop
 endfacet
 facet normal -0.97493 0.00000 -0.22252
  outer loop
   vertex -0.0782 1.7350 -0.0623
   vertex -0.0975 1.9250 0.0223
   vertex -0.0782 1.9250 -0.0623
  endloop
 endfacet
 facet normal 0.00000 -1.00000 0.00000
  outer loop
   vertex 0.0000 1.7350 0.0000
   vertex -0.0975 1.7350 0.0223
   vertex -0.0782 1.7350 -0.0623
  endloop
 endfacet
 facet normal 0.00000 1.00000 0.00000
  outer loop
   vertex 0.0000 1.9250 0.0000
   vertex -0.0782 1.9250 -0.0623
   vertex -0.0975 1.9250 0.0223
  endloop
 endfacet
 facet normal -0.78183 0.00000 0.62349
  outer loop
   vertex -0.0975 1.7350 0.0223
   vertex -0.0434 1.7350 0.0901
   vertex -0.0434 1.9250 0.0901
  endloop
 endfacet
 facet normal -0.78183 0.00000 0.62349
  outer loop
   vertex -0.0975 1.7350 0.0223
   vertex -0.0434 1.9250 0.0901
   vertex -0.0975 1.9250 0.0223
  endloop
 endfacet
 facet normal 0.00000 -1.00000 0.00000
  outer loop
   vertex 0.0000 1.7350 0.0000
   vertex -0.0434 1.7350 0.0901
   vertex -0.0975 1.7350 0.0223
  endloop
 endfacet
 facet normal 0.00000 1.00000 0.00000
  outer loop
   vertex 0.0000 1.9250 0.0000
   vertex -0.0975 1.9250 0.0223
   vertex -0.0434 1.9250 0.0901
  endloop
 endfacet
 facet normal 0.00000 0.00000 1.00000
  outer loop
   vertex -0.0434 1.7350 0.0901
   vertex 0.0434 1.7350 0.0901
   vertex 0.0434 1.9250 0.0901
  endloop
 endfacet
 facet normal 0.00000 0.00000 1.00000
  outer loop
   vertex -0.0434 1.7350 0.0901
   vertex 0.0434 1.9250 0.0901
   vertex -0.0434 1.9250 0.0901
  endloop
 endfacet
 facet normal 0.00000 -1.00000 0.00000
  outer loop
   vertex 0.0000 1.7350 0.0000
   vertex 0.0434 1.7350 0.0901
   vertex -0.0434 1.7350 0.0901
  endloop
 endfacet
 facet normal 0.00000 1.00000 0.00000
  outer loop
   vertex 0.0000 1.9250 0.0000
   vertex -0.0434 1.9250 0.0901
   vertex 0.0434 1.9250 0.0901
  endloop
 endfacet
 facet normal 0.78183 0.00000 0.62349
  outer loop
   vertex 0.0434 1.7350 0.0901
   vertex 0.0975 1.7350 0.0223
   vertex 0.0975 1.9250 0.0223
  endloop
 endfacet
 facet normal 0.78183 0.00000 0.62349
  outer loop
   vertex 0.0434 1.7350 0.0901
   vertex 0.0975 1.9250 0.0223
   vertex 0.0434 1.9250 0.0901
  endloop
 endfacet
 facet normal 0.00000 -1.00000 0.00000
  outer loop
   vertex 0.0000 1.7350 0.0000
   vertex 0.0975 1.7350 0.0223
   vertex 0.0434 1.7350 0.0901
  endloop
 endfacet
 facet normal 0.00000 1.00000 0.00000
  outer loop
   vertex 0.0000 1.9250 0.0000
   vertex 0.0434 1.9250 0.0901
   vertex 0.0975 1.9250 0.0223
  endloop
 endfacet
 facet normal 0.97493 0.00000 -0.22252
  outer loop
   vertex 0.0975 1.7350 0.0223
   vertex 0.0782 1.7350 -0.0623
   vertex 0.0782 1.9250 -0.0623
  endloop
 endfacet
 facet normal 0.97493 0.00000 -0.22252
  outer loop
   vertex 0.0975 1.7350 0.0223
   vertex 0.0782 1.9250 -0.0623
   vertex 0.0975 1.9250 0.0223
  endloop
 endfacet
 facet normal 0.00000 -1.00000 0.00000
  outer loop
   vertex 0.0000 1.7350 0.0000
   vertex 0.0782 1.7350 -0.0623
   vertex 0.0975 1.7350 0.0223
  endloop
 endfacet
 facet normal 0.00000 1.00000 0.00000
  outer loop
   vertex 0.0000 1.9250 0.0000
   vertex 0.0975 1.9250 0.0223
   vertex 0.0782 1.9250 -0.0623
  endloop
 endfacet
 facet normal 0.43388 0.00000 -0.90097
  outer loop
   vertex 0.0782 1.7350 -0.0623
   vertex 0.0000 1.7350 -0.1000
   vertex 0.0000 1.9250 -0.1000
  endloop
 endfacet
 facet normal 0.43388 0.00000 -0.90097
  outer loop
   vertex 0.0782 1.7350 -0.0623
   vertex 0.0000 1.9250 -0.1000
   vertex 0.0782 1.9250 -0.0623
  endloop
 endfacet
 facet normal 0.00000 -1.00000 0.00000
  outer loop
   vertex 0.0000 1.7350 0.0000
   vertex 0.0000 1.7350 -0.1000
   vertex 0.0782 1.7350 -0.0623
  endloop
 endfacet
 facet normal 0.00000 1.00000 0.00000
  outer loop
   vertex 0.0000 1.9250 0.0000
   vertex 0.0782 1.9250 -0.0623
   vertex 0.0000 1.9250 -0.1000
  endloop
 endfacet
 facet normal -0.29812 -0.94776 -0.11344
  outer loop
   vertex 0.0000 2.2200 0.0000
   vertex 0.1150 2.1838 0.0000
   vertex 0.0881 2.1838 0.0707
  endloop
 endfacet
 facet normal -0.15816 -0.94497 -0.28639
  outer loop
   vertex 0.0000 2.2200 0.0000
   vertex 0.0881 2.1838 0.0707
   vertex 0.0200 2.1838 0.1083
  endloop
 endfacet
 facet normal 0.05487 -0.94400 -0.32534
  outer loop
   vertex 0.0000 2.2200 0.0000
   vertex 0.0200 2.1838 0.1083
   vertex -0.0575 2.1838 0.0953
  endloop
 endfacet
 facet normal 0.24269 -0.94645 -0.21290
  outer loop
   vertex 0.0000 2.2200 0.0000
   vertex -0.0575 2.1838 0.0953
   vertex -0.1081 2.1838 0.0376
  endloop
 endfacet
 facet normal 0.31742 -0.94828 0.00000
  outer loop
   vertex 0.0000 2.2200 0.0000
   vertex -0.1081 2.1838 0.0376
   vertex -0.1081 2.1838 -0.0376
  endloop
 endfacet
 facet normal 0.24269 -0.94645 0.21290
  outer loop
   vertex 0.0000 2.2200 0.0000
   vertex -0.1081 2.1838 -0.0376
   vertex -0.0575 2.1838 -0.0953
  endloop
 endfacet
 facet normal 0.05487 -0.94400 0.32534
  outer loop
   vertex 0.0000 2.2200 0.0000
   vertex -0.0575 2.1838 -0.0953
   vertex 0.0200 2.1838 -0.1083
  endloop
 endfacet
 facet normal -0.15816 -0.94497 0.28639
  outer loop
   vertex 0.0000 2.2200 0.0000
   vertex 0.0200 2.1838 -0.1083
   vertex 0.0881 2.1838 -0.0707
  endloop
 endfacet
 facet normal -0.29812 -0.94776 0.11344
  outer loop
   vertex 0.0000 2.2200 0.0000
   vertex 0.0881 2.1838 -0.0707
   vertex 0.1150 2.1838 -0.0000
  endloop
 endfacet
 facet normal -0.73119 -0.62286 -0.27823
  outer loop
   vertex 0.1150 2.1838 0.0000
   vertex 0.1992 2.0850 0.0000
   vertex 0.0881 2.1838 0.0707
  endloop
 endfacet
 facet normal -0.73119 -0.62286 -0.27823
  outer loop
   vertex 0.0881 2.1838 0.0707
   vertex 0.1992 2.0850 0.0000
   vertex 0.1526 2.0850 0.1225
  endloop
 endfacet
 facet normal -0.38230 -0.61205 -0.69227
  outer loop
   vertex 0.0881 2.1838 0.0707
   vertex 0.1526 2.0850 0.1225
   vertex 0.0200 2.1838 0.1083
  endloop
 endfacet
 facet normal -0.38230 -0.61205 -0.69227
  outer loop
   vertex 0.0200 2.1838 0.1083
   vertex 0.1526 2.0850 0.1225
   vertex 0.0346 2.0850 0.1876
  endloop
 endfacet
 facet normal 0.13199 -0.60843 -0.78256
  outer loop
   vertex 0.0200 2.1838 0.1083
   vertex 0.0346 2.0850 0.1876
   vertex -0.0575 2.1838 0.0953
  endloop
 endfacet
 facet normal 0.13199 -0.60843 -0.78256
  outer loop
   vertex -0.0575 2.1838 0.0953
   vertex 0.0346 2.0850 0.1876
   vertex -0.0996 2.0850 0.1650
  endloop
 endfacet
 facet normal 0.59116 -0.61773 -0.51859
  outer loop
   vertex -0.0575 2.1838 0.0953
   vertex -0.0996 2.0850 0.1650
   vertex -0.1081 2.1838 0.0376
  endloop
 endfacet
 facet normal 0.59116 -0.61773 -0.51859
  outer loop
   vertex -0.1081 2.1838 0.0376
   vertex -0.0996 2.0850 0.1650
   vertex -0.1872 2.0850 0.0652
  endloop
 endfacet
 facet normal 0.78069 -0.62492 -0.00000
  outer loop
   vertex -0.1081 2.1838 0.0376
   vertex -0.1872 2.0850 0.0652
   vertex -0.1081 2.1838 -0.0376
  endloop
 endfacet
 facet normal 0.78069 -0.62492 -0.00000
  outer loop
   vertex -0.1081 2.1838 -0.0376
   vertex -0.1872 2.0850 0.0652
   vertex -0.1872 2.0850 -0.0652
  endloop
 endfacet
 facet normal 0.59116 -0.61773 0.51859
  outer loop
   vertex -0.1081 2.1838 -0.0376
   vertex -0.1872 2.0850 -0.0652
   vertex -0.0575 2.1838 -0.0953
  endloop
 endfacet
 facet normal 0.59116 -0.61773 0.51859
  outer loop
   vertex -0.0575 2.1838 -0.0953
   vertex -0.1872 2.0850 -0.0652
   vertex -0.0996 2.0850 -0.1650
  endloop
 endfacet
 facet normal 0.13199 -0.60843 0.78256
  outer loop
   vertex -0.0575 2.1838 -0.0953
   vertex -0.0996 2.0850 -0.1650
   vertex 0.0200 2.1838 -0.1083
  endloop
 endfacet
 facet normal 0.13199 -0.60843 0.78256
  outer loop
   vertex 0.0200 2.1838 -0.1083
   vertex -0.0996 2.0850 -0.1650
   vertex 0.0346 2.0850 -0.1876
  endloop
 endfacet
 facet normal -0.38230 -0.61205 0.69227
  outer loop
   vertex 0.0200 2.1838 -0.1083
   vertex 0.0346 2.0850 -0.1876
   vertex 0.0881 2.1838 -0.0707
  endloop
 endfacet
 facet normal -0.38230 -0.61205 0.69227
  outer loop
   vertex 0.0881 2.1838 -0.0707
   vertex 0.0346 2.0850 -0.1876
   vertex 0.1526 2.0850 -0.1225
  endloop
 endfacet
 facet normal -0.73119 -0.62286 0.27823
  outer loop
   vertex 0.0881 2.1838 -0.0707
   vertex 0.1526 2.0850 -0.1225
   vertex 0.1150 2.1838 -0.0000
  endloop
 endfacet
 facet normal -0.73119 -0.62286 0.27823
  outer loop
   vertex 0.1150 2.1838 -0.0000
   vertex 0.1526 2.0850 -0.1225
   vertex 0.1992 2.0850 -0.0000
  endloop
 endfacet
 facet normal -0.91406 -0.20864 -0.34781
  outer loop
   vertex 0.1992 2.0850 0.0000
   vertex 0.2300 1.9500 0.0000
   vertex 0.1526 2.0850 0.1225
  endloop
 endfacet
 facet normal -0.91406 -0.20864 -0.34781
  outer loop
   vertex 0.1526 2.0850 0.1225
   vertex 0.2300 1.9500 0.0000
   vertex 0.1762 1.9500 0.1414
  endloop
 endfacet
 facet normal -0.47336 -0.20306 -0.85715
  outer loop
   vertex 0.1526 2.0850 0.1225
   vertex 0.1762 1.9500 0.1414
   vertex 0.0346 2.0850 0.1876
  endloop
 endfacet
 facet normal -0.47336 -0.20306 -0.85715
  outer loop
   vertex 0.0346 2.0850 0.1876
   vertex 0.1762 1.9500 0.1414
   vertex 0.0399 1.9500 0.2167
  endloop
 endfacet
 facet normal 0.16291 -0.20122 -0.96590
  outer loop
   vertex 0.0346 2.0850 0.1876
   vertex 0.0399 1.9500 0.2167
   vertex -0.0996 2.0850 0.1650
  endloop
 endfacet
 facet normal 0.16291 -0.20122 -0.96590
  outer loop
   vertex -0.0996 2.0850 0.1650
   vertex 0.0399 1.9500 0.2167
   vertex -0.1150 1.9500 0.1905
  endloop
 endfacet
 facet normal 0.73562 -0.20597 -0.64532
  outer loop
   vertex -0.0996 2.0850 0.1650
   vertex -0.1150 1.9500 0.1905
   vertex -0.1872 2.0850 0.0652
  endloop
 endfacet
 facet normal 0.73562 -0.20597 -0.64532
  outer loop
   vertex -0.1872 2.0850 0.0652
   vertex -0.1150 1.9500 0.1905
   vertex -0.2161 1.9500 0.0752
  endloop
 endfacet
 facet normal 0.97776 -0.20972 -0.00000
  outer loop
   vertex -0.1872 2.0850 0.0652
   vertex -0.2161 1.9500 0.0752
   vertex -0.1872 2.0850 -0.0652
  endloop
 endfacet
 facet normal 0.97776 -0.20972 -0.00000
  outer loop
   vertex -0.1872 2.0850 -0.0652
   vertex -0.2161 1.9500 0.0752
   vertex -0.2161 1.9500 -0.0752
  endloop
 endfacet
 facet normal 0.73562 -0.20597 0.64532
  outer loop
   vertex -0.1872 2.0850 -0.0652
   vertex -0.2161 1.9500 -0.0752
   vertex -0.0996 2.0850 -0.1650
  endloop
 endfacet
 facet normal 0.73562 -0.20597 0.64532
  outer loop
   vertex -0.0996 2.0850 -0.1650
   vertex -0.2161 1.9500 -0.0752
   vertex -0.1150 1.9500 -0.1905
  endloop
 endfacet
 facet normal 0.16291 -0.20122 0.96590
  outer loop
   vertex -0.0996 2.0850 -0.1650
   vertex -0.1150 1.9500 -0.1905
   vertex 0.0346 2.0850 -0.1876
  endloop
 endfacet
 facet normal 0.16291 -0.20122 0.96590
  outer loop
   vertex 0.0346 2.0850 -0.1876
   vertex -0.1150 1.9500 -0.1905
   vertex 0.0399 1.9500 -0.2167
  endloop
 endfacet
 facet normal -0.47336 -0.20306 0.85715
  outer loop
   vertex 0.0346 2.0850 -0.1876
   vertex 0.0399 1.9500 -0.2167
   vertex 0.1526 2.0850 -0.1225
  endloop
 endfacet
 facet normal -0.47336 -0.20306 0.85715
  outer loop
   vertex 0.1526 2.0850 -0.1225
   vertex 0.0399 1.9500 -0.2167
   vertex 0.1762 1.9500 -0.1414
  endloop
 endfacet
 facet normal -0.91406 -0.20864 0.34781
  outer loop
   vertex 0.1526 2.0850 -0.1225
   vertex 0.1762 1.9500 -0.1414
   vertex 0.1992 2.0850 -0.0000
  endloop
 endfacet
 facet normal -0.91406 -0.20864 0.34781
  outer loop
   vertex 0.1992 2.0850 -0.0000
   vertex 0.1762 1.9500 -0.1414
   vertex 0.2300 1.9500 -0.0000
  endloop
 endfacet
 facet normal -0.91406 0.20864 -0.34781
  outer loop
   vertex 0.2300 1.9500 0.0000
   vertex 0.1992 1.8150 0.0000
   vertex 0.1762 1.9500 0.1414
  endloop
 endfacet
 facet normal -0.91406 0.20864 -0.34781
  outer loop
   vertex 0.1762 1.9500 0.1414
   vertex 0.1992 1.8150 0.0000
   vertex 0.1526 1.8150 0.1225
  endloop
 endfacet
 facet normal -0.47336 0.20306 -0.85715
  outer loop
   vertex 0.1762 1.9500 0.1414
   vertex 0.1526 1.8150 0.1225
   vertex 0.0399 1.9500 0.2167
  endloop
 endfacet
 facet normal -0.47336 0.20306 -0.85715
  outer loop
   vertex 0.0399 1.9500 0.2167
   vertex 0.1526 1.8150 0.1225
   vertex 0.0346 1.8150 0.1876
  endloop
 endfacet
 facet normal 0.16291 0.20122 -0.96590
  outer loop
   vertex 0.0399 1.9500 0.2167
   vertex 0.0346 1.8150 0.1876
   vertex -0.1150 1.9500 0.1905
  endloop
 endfacet
 facet normal 0.16291 0.20122 -0.96590
  outer loop
   vertex -0.1150 1.9500 0.1905
   vertex 0.0346 1.8150 0.1876
   vertex -0.0996 1.8150 0.1650
  endloop
 endfacet
 facet normal 0.73562 0.20597 -0.64532
  outer loop
   vertex -0.1150 1.9500 0.1905
   vertex -0.0996 1.8150 0.1650
   vertex -0.2161 1.9500 0.0752
  endloop
 endfacet
 facet normal 0.73562 0.20597 -0.64532
  outer loop
   vertex -0.2161 1.9500 0.0752
   vertex -0.0996 1.8150 0.1650
   vertex -0.1872 1.8150 0.0652
  endloop
 endfacet
 facet normal 0.97776 0.20972 -0.00000
  outer loop
   vertex -0.2161 1.9500 0.0752
   vertex -0.1872 1.8150 0.0652
   vertex -0.2161 1.9500 -0.0752
  endloop
 endfacet
 facet normal 0.97776 0.20972 -0.00000
  outer loop
   vertex -0.2161 1.9500 -0.0752
   vertex -0.1872 1.8150 0.0652
   vertex -0.1872 1.8150 -0.0652
  endloop
 endfacet
 facet normal 0.73562 0.20597 0.64532
  outer loop
   vertex -0.2161 1.9500 -0.0752
   vertex -0.1872 1.8150 -0.0652
   vertex -0.1150 1.9500 -0.1905
  endloop
 endfacet
 facet normal 0.73562 0.20597 0.64532
  outer loop
   vertex -0.1150 1.9500 -0.1905
   vertex -0.1872 1.8150 -0.0652
   vertex -0.0996 1.8150 -0.1650
  endloop
 endfacet
 facet normal 0.16291 0.20122 0.96590
  outer loop
   vertex -0.1150 1.9500 -0.1905
   vertex -0.0996 1.8150 -0.1650
   vertex 0.0399 1.9500 -0.2167
  endloop
 endfacet
 facet normal 0.16291 0.20122 0.96590
  outer loop
   vertex 0.0399 1.9500 -0.2167
   vertex -0.0996 1.8150 -0.1650
   vertex 0.0346 1.8150 -0.1876
  endloop
 endfacet
 facet normal -0.47336 0.20306 0.85715
  outer loop
   vertex 0.0399 1.9500 -0.2167
   vertex 0.0346 1.8150 -0.1876
   vertex 0.1762 1.9500 -0.1414
  endloop
 endfacet
 facet normal -0.47336 0.20306 0.85715
  outer loop
   vertex 0.1762 1.9500 -0.1414
   vertex 0.0346 1.8150 -0.1876
   vertex 0.1526 1.8150 -0.1225
  endloop
 endfacet
 facet normal -0.91406 0.20864 0.34781
  outer loop
   vertex 0.1762 1.9500 -0.1414
   vertex 0.1526 1.8150 -0.1225
   vertex 0.2300 1.9500 -0.0000
  endloop
 endfacet
 facet normal -0.91406 0.20864 0.34781
  outer loop
   vertex 0.2300 1.9500 -0.0000
   vertex 0.1526 1.8150 -0.1225
   vertex 0.1992 1.8150 -0.0000
  endloop
 endfacet
 facet normal -0.73119 0.62286 -0.27823
  outer loop
   vertex 0.1992 1.8150 0.0000
   vertex 0.1150 1.7162 0.0000
   vertex 0.1526 1.8150 0.1225
  endloop
 endfacet
 facet normal -0.73119 0.62286 -0.27823
  outer loop
   vertex 0.1526 1.8150 0.1225
   vertex 0.1150 1.7162 0.0000
   vertex 0.0881 1.7162 0.0707
  endloop
 endfacet
 facet normal -0.38230 0.61205 -0.69227
  outer loop
   vertex 0.1526 1.8150 0.1225
   vertex 0.0881 1.7162 0.0707
   vertex 0.0346 1.8150 0.1876
  endloop
 endfacet
 facet normal -0.38230 0.61205 -0.69227
  outer loop
   vertex 0.0346 1.8150 0.1876
   vertex 0.0881 1.7162 0.0707
   vertex 0.0200 1.7162 0.1083
  endloop
 endfacet
 facet normal 0.13199 0.60843 -0.78256
  outer loop
   vertex 0.0346 1.8150 0.1876
   vertex 0.0200 1.7162 0.1083
   vertex -0.0996 1.8150 0.1650
  endloop
 endfacet
 facet normal 0.13199 0.60843 -0.78256
  outer loop
   vertex -0.0996 1.8150 0.1650
   vertex 0.0200 1.7162 0.1083
   vertex -0.0575 1.7162 0.0953
  endloop
 endfacet
 facet normal 0.59116 0.61773 -0.51859
  outer loop
   vertex -0.0996 1.8150 0.1650
   vertex -0.0575 1.7162 0.0953
   vertex -0.1872 1.8150 0.0652
  endloop
 endfacet
 facet normal 0.59116 0.61773 -0.51859
  outer loop
   vertex -0.1872 1.8150 0.0652
   vertex -0.0575 1.7162 0.0953
   vertex -0.1081 1.7162 0.0376
  endloop
 endfacet
 facet normal 0.78069 0.62492 -0.00000
  outer loop
   vertex -0.1872 1.8150 0.0652
   vertex -0.1081 1.7162 0.0376
   vertex -0.1872 1.8150 -0.0652
  endloop
 endfacet
 facet normal 0.78069 0.62492 -0.00000
  outer loop
   vertex -0.1872 1.8150 -0.0652
   vertex -0.1081 1.7162 0.0376
   vertex -0.1081 1.7162 -0.0376
  endloop
 endfacet
 facet normal 0.59116 0.61773 0.51859
  outer loop
   vertex -0.1872 1.8150 -0.0652
   vertex -0.1081 1.7162 -0.0376
   vertex -0.0996 1.8150 -0.1650
  endloop
 endfacet
 facet normal 0.59116 0.61773 0.51859
  outer loop
   vertex -0.0996 1.8150 -0.1650
   vertex -0.1081 1.7162 -0.0376
   vertex -0.0575 1.7162 -0.0953
  endloop
 endfacet
 facet normal 0.13199 0.60843 0.78256
  outer loop
   vertex -0.0996 1.8150 -0.1650
   vertex -0.0575 1.7162 -0.0953
   vertex 0.0346 1.8150 -0.1876
  endloop
 endfacet
 facet normal 0.13199 0.60843 0.78256
  outer loop
   vertex 0.0346 1.8150 -0.1876
   vertex -0.0575 1.7162 -0.0953
   vertex 0.0200 1.7162 -0.1083
  endloop
 endfacet
 facet normal -0.38230 0.61205 0.69227
  outer loop
   vertex 0.0346 1.8150 -0.1876
   vertex 0.0200 1.7162 -0.1083
   vertex 0.1526 1.8150 -0.1225
  endloop
 endfacet
 facet normal -0.38230 0.61205 0.69227
  outer loop
   vertex 0.1526 1.8150 -0.1225
   vertex 0.0200 1.7162 -0.1083
   vertex 0.0881 1.7162 -0.0707
  endloop
 endfacet
 facet normal -0.73119 0.62286 0.27823
  outer loop
   vertex 0.1526 1.8150 -0.1225
   vertex 0.0881 1.7162 -0.0707
   vertex 0.1992 1.8150 -0.0000
  endloop
 endfacet
 facet normal -0.73119 0.62286 0.27823
  outer loop
   vertex 0.1992 1.8150 -0.0000
   vertex 0.0881 1.7162 -0.0707
   vertex 0.1150 1.7162 -0.0000
  endloop
 endfacet
 facet normal -0.29812 0.94776 -0.11344
  outer loop
   vertex 0.1150 1.7162 0.0000
   vertex 0.0000 1.6800 0.0000
   vertex 0.0881 1.7162 0.0707
  endloop
 endfacet
 facet normal -0.15816 0.94497 -0.28639
  outer loop
   vertex 0.0881 1.7162 0.0707
   vertex 0.0000 1.6800 0.0000
   vertex 0.0200 1.7162 0.1083
  endloop
 endfacet
 facet normal 0.05487 0.94400 -0.32534
  outer loop
   vertex 0.0200 1.7162 0.1083
   vertex 0.0000 1.6800 0.0000
   vertex -0.0575 1.7162 0.0953
  endloop
 endfacet
 facet normal 0.24269 0.94645 -0.21290
  outer loop
   vertex -0.0575 1.7162 0.0953
   vertex -0.0000 1.6800 0.0000
   vertex -0.1081 1.7162 0.0376
  endloop
 endfacet
 facet normal 0.31742 0.94828 -0.00000
  outer loop
   vertex -0.1081 1.7162 0.0376
   vertex -0.0000 1.6800 0.0000
   vertex -0.1081 1.7162 -0.0376
  endloop
 endfacet
 facet normal 0.24269 0.94645 0.21290
  outer loop
   vertex -0.1081 1.7162 -0.0376
   vertex -0.0000 1.6800 -0.0000
   vertex -0.0575 1.7162 -0.0953
  endloop
 endfacet
 facet normal 0.05487 0.94400 0.32534
  outer loop
   vertex -0.0575 1.7162 -0.0953
   vertex -0.0000 1.6800 -0.0000
   vertex 0.0200 1.7162 -0.1083
  endloop
 endfacet
 facet normal -0.15816 0.94497 0.28639
  outer loop
   vertex 0.0200 1.7162 -0.1083
   vertex 0.0000 1.6800 -0.0000
   vertex 0.0881 1.7162 -0.0707
  endloop
 endfacet
 facet normal -0.29812 0.94776 0.11344
  outer loop
   vertex 0.0881 1.7162 -0.0707
   vertex 0.0000 1.6800 -0.0000
   vertex 0.1150 1.7162 -0.0000
  endloop
 endfacet
 facet normal -0.17672 -0.98128 -0.07653
  outer loop
   vertex 0.0000 2.2200 -0.0400
   vertex 0.1626 2.1907 -0.0400
   vertex 0.1150 2.1907 0.0700
  endloop
 endfacet
 facet normal -0.07311 -0.98010 -0.18453
  outer loop
   vertex 0.0000 2.2200 -0.0400
   vertex 0.1150 2.1907 0.0700
   vertex 0.0000 2.1907 0.1156
  endloop
 endfacet
 facet normal 0.07311 -0.98010 -0.18453
  outer loop
   vertex 0.0000 2.2200 -0.0400
   vertex 0.0000 2.1907 0.1156
   vertex -0.1150 2.1907 0.0700
  endloop
 endfacet
 facet normal 0.17672 -0.98128 -0.07653
  outer loop
   vertex 0.0000 2.2200 -0.0400
   vertex -0.1150 2.1907 0.0700
   vertex -0.1626 2.1907 -0.0400
  endloop
 endfacet
 facet normal 0.17672 -0.98128 0.07653
  outer loop
   vertex 0.0000 2.2200 -0.0400
   vertex -0.1626 2.1907 -0.0400
   vertex -0.1150 2.1907 -0.1500
  endloop
 endfacet
 facet normal 0.07311 -0.98010 0.18453
  outer loop
   vertex 0.0000 2.2200 -0.0400
   vertex -0.1150 2.1907 -0.1500
   vertex -0.0000 2.1907 -0.1956
  endloop
 endfacet
 facet normal -0.07311 -0.98010 0.18453
  outer loop
   vertex 0.0000 2.2200 -0.0400
   vertex -0.0000 2.1907 -0.1956
   vertex 0.1150 2.1907 -0.1500
  endloop
 endfacet
 facet normal -0.17672 -0.98128 0.07653
  outer loop
   vertex 0.0000 2.2200 -0.0400
   vertex 0.1150 2.1907 -0.1500
   vertex 0.1626 2.1907 -0.0400
  endloop
 endfacet
 facet normal -0.69086 -0.65818 -0.29917
  outer loop
   vertex 0.1626 2.1907 -0.0400
   vertex 0.2300 2.1200 -0.0400
   vertex 0.1150 2.1907 0.0700
  endloop
 endfacet
 facet normal -0.69086 -0.65818 -0.29917
  outer loop
   vertex 0.1150 2.1907 0.0700
   vertex 0.2300 2.1200 -0.0400
   vertex 0.1626 2.1200 0.1156
  endloop
 endfacet
 facet normal -0.28105 -0.64641 -0.70935
  outer loop
   vertex 0.1150 2.1907 0.0700
   vertex 0.1626 2.1200 0.1156
   vertex 0.0000 2.1907 0.1156
  endloop
 endfacet
 facet normal -0.28105 -0.64641 -0.70935
  outer loop
   vertex 0.0000 2.1907 0.1156
   vertex 0.1626 2.1200 0.1156
   vertex 0.0000 2.1200 0.1800
  endloop
 endfacet
 facet normal 0.28105 -0.64641 -0.70935
  outer loop
   vertex 0.0000 2.1907 0.1156
   vertex 0.0000 2.1200 0.1800
   vertex -0.1150 2.1907 0.0700
  endloop
 endfacet
 facet normal 0.28105 -0.64641 -0.70935
  outer loop
   vertex -0.1150 2.1907 0.0700
   vertex 0.0000 2.1200 0.1800
   vertex -0.1626 2.1200 0.1156
  endloop
 endfacet
 facet normal 0.69086 -0.65818 -0.29917
  outer loop
   vertex -0.1150 2.1907 0.0700
   vertex -0.1626 2.1200 0.1156
   vertex -0.1626 2.1907 -0.0400
  endloop
 endfacet
 facet normal 0.69086 -0.65818 -0.29917
  outer loop
   vertex -0.1626 2.1907 -0.0400
   vertex -0.1626 2.1200 0.1156
   vertex -0.2300 2.1200 -0.0400
  endloop
 endfacet
 facet normal 0.69086 -0.65818 0.29917
  outer loop
   vertex -0.1626 2.1907 -0.0400
   vertex -0.2300 2.1200 -0.0400
   vertex -0.1150 2.1907 -0.1500
  endloop
 endfacet
 facet normal 0.69086 -0.65818 0.29917
  outer loop
   vertex -0.1150 2.1907 -0.1500
   vertex -0.2300 2.1200 -0.0400
   vertex -0.1626 2.1200 -0.1956
  endloop
 endfacet
 facet normal 0.28105 -0.64641 0.70935
  outer loop
   vertex -0.1150 2.1907 -0.1500
   vertex -0.1626 2.1200 -0.1956
   vertex -0.0000 2.1907 -0.1956
  endloop
 endfacet
 facet normal 0.28105 -0.64641 0.70935
  outer loop
   vertex -0.0000 2.1907 -0.1956
   vertex -0.1626 2.1200 -0.1956
   vertex -0.0000 2.1200 -0.2600
  endloop
 endfacet
 facet normal -0.28105 -0.64641 0.70935
  outer loop
   vertex -0.0000 2.1907 -0.1956
   vertex -0.0000 2.1200 -0.2600
   vertex 0.1150 2.1907 -0.1500
  endloop
 endfacet
 facet normal -0.28105 -0.64641 0.70935
  outer loop
   vertex 0.1150 2.1907 -0.1500
   vertex -0.0000 2.1200 -0.2600
   vertex 0.1626 2.1200 -0.1956
  endloop
 endfacet
 facet normal -0.69086 -0.65818 0.29917
  outer loop
   vertex 0.1150 2.1907 -0.1500
   vertex 0.1626 2.1200 -0.1956
   vertex 0.1626 2.1907 -0.0400
  endloop
 endfacet
 facet normal -0.69086 -0.65818 0.29917
  outer loop
   vertex 0.1626 2.1907 -0.0400
   vertex 0.1626 2.1200 -0.1956
   vertex 0.2300 2.1200 -0.0400
  endloop
 endfacet
 facet normal -0.69086 0.65818 -0.29917
  outer loop
   vertex 0.2300 2.1200 -0.0400
   vertex 0.1626 2.0493 -0.0400
   vertex 0.1626 2.1200 0.1156
  endloop
 endfacet
 facet normal -0.69086 0.65818 -0.29917
  outer loop
   vertex 0.1626 2.1200 0.1156
   vertex 0.1626 2.0493 -0.0400
   vertex 0.1150 2.0493 0.0700
  endloop
 endfacet
 facet normal -0.28105 0.64641 -0.70935
  outer loop
   vertex 0.1626 2.1200 0.1156
   vertex 0.1150 2.0493 0.0700
   vertex 0.0000 2.1200 0.1800
  endloop
 endfacet
 facet normal -0.28105 0.64641 -0.70935
  outer loop
   vertex 0.0000 2.1200 0.1800
   vertex 0.1150 2.0493 0.0700
   vertex 0.0000 2.0493 0.1156
  endloop
 endfacet
 facet normal 0.28105 0.64641 -0.70935
  outer loop
   vertex 0.0000 2.1200 0.1800
   vertex 0.0000 2.0493 0.1156
   vertex -0.1626 2.1200 0.1156
  endloop
 endfacet
 facet normal 0.28105 0.64641 -0.70935
  outer loop
   vertex -0.1626 2.1200 0.1156
   vertex 0.0000 2.0493 0.1156
   vertex -0.1150 2.0493 0.0700
  endloop
 endfacet
 facet normal 0.69086 0.65818 -0.29917
  outer loop
   vertex -0.1626 2.1200 0.1156
   vertex -0.1150 2.0493 0.0700
   vertex -0.2300 2.1200 -0.0400
  endloop
 endfacet
 facet normal 0.69086 0.65818 -0.29917
  outer loop
   vertex -0.2300 2.1200 -0.0400
   vertex -0.1150 2.0493 0.0700
   vertex -0.1626 2.0493 -0.0400
  endloop
 endfacet
 facet normal 0.69086 0.65818 0.29917
  outer loop
   vertex -0.2300 2.1200 -0.0400
   vertex -0.1626 2.0493 -0.0400
   vertex -0.1626 2.1200 -0.1956
  endloop
 endfacet
 facet normal 0.69086 0.65818 0.29917
  outer loop
   vertex -0.1626 2.1200 -0.1956
   vertex -0.1626 2.0493 -0.0400
   vertex -0.1150 2.0493 -0.1500
  endloop
 endfacet
 facet normal 0.28105 0.64641 0.70935
  outer loop
   vertex -0.1626 2.1200 -0.1956
   vertex -0.1150 2.0493 -0.1500
   vertex -0.0000 2.1200 -0.2600
  endloop
 endfacet
 facet normal 0.28105 0.64641 0.70935
  outer loop
   vertex -0.0000 2.1200 -0.2600
   vertex -0.1150 2.0493 -0.1500
   vertex -0.0000 2.0493 -0.1956
  endloop
 endfacet
 facet normal -0.28105 0.64641 0.70935
  outer loop
   vertex -0.0000 2.1200 -0.2600
   vertex -0.0000 2.0493 -0.1956
   vertex 0.1626 2.1200 -0.1956
  endloop
 endfacet
 facet normal -0.28105 0.64641 0.70935
  outer loop
   vertex 0.1626 2.1200 -0.1956
   vertex -0.0000 2.0493 -0.1956
   vertex 0.1150 2.0493 -0.1500
  endloop
 endfacet
 facet normal -0.69086 0.65818 0.29917
  outer loop
   vertex 0.1626 2.1200 -0.1956
   vertex 0.1150 2.0493 -0.1500
   vertex 0.2300 2.1200 -0.0400
  endloop
 endfacet
 facet normal -0.69086 0.65818 0.29917
  outer loop
   vertex 0.2300 2.1200 -0.0400
   vertex 0.1150 2.0493 -0.1500
   vertex 0.1626 2.0493 -0.0400
  endloop
 endfacet
 facet normal -0.17672 0.98128 -0.07653
  outer loop
   vertex 0.1626 2.0493 -0.0400
   vertex 0.0000 2.0200 -0.0400
   vertex 0.1150 2.0493 0.0700
  endloop
 endfacet
 facet normal -0.07311 0.98010 -0.18453
  outer loop
   vertex 0.1150 2.0493 0.0700
   vertex 0.0000 2.0200 -0.0400
   vertex 0.0000 2.0493 0.1156
  endloop
 endfacet
 facet normal 0.07311 0.98010 -0.18453
  outer loop
   vertex 0.0000 2.0493 0.1156
   vertex 0.0000 2.0200 -0.0400
   vertex -0.1150 2.0493 0.0700
  endloop
 endfacet
 facet normal 0.17672 0.98128 -0.07653
  outer loop
   vertex -0.1150 2.0493 0.0700
   vertex -0.0000 2.0200 -0.0400
   vertex -0.1626 2.0493 -0.0400
  endloop
 endfacet
 facet normal 0.17672 0.98128 0.07653
  outer loop
   vertex -0.1626 2.0493 -0.0400
   vertex -0.0000 2.0200 -0.0400
   vertex -0.1150 2.0493 -0.1500
  endloop
 endfacet
 facet normal 0.07311 0.98010 0.18453
  outer loop
   vertex -0.1150 2.0493 -0.1500
   vertex -0.0000 2.0200 -0.0400
   vertex -0.0000 2.0493 -0.1956
  endloop
 endfacet
 facet normal -0.07311 0.98010 0.18453
  outer loop
   vertex -0.0000 2.0493 -0.1956
   vertex -0.0000 2.0200 -0.0400
   vertex 0.1150 2.0493 -0.1500
  endloop
 endfacet
 facet normal -0.17672 0.98128 0.07653
  outer loop
   vertex 0.1150 2.0493 -0.1500
   vertex 0.0000 2.0200 -0.0400
   vertex 0.1626 2.0493 -0.0400
  endloop
 endfacet
 facet normal -0.46542 -0.80613 -0.36544
  outer loop
   vertex -0.0800 2.0040 0.1900
   vertex -0.0506 1.9870 0.1900
   vertex -0.0653 1.9870 0.2087
  endloop
 endfacet
 facet normal 0.00000 -0.74083 -0.67169
  outer loop
   vertex -0.0800 2.0040 0.1900
   vertex -0.0653 1.9870 0.2087
   vertex -0.0947 1.9870 0.2087
  endloop
 endfacet
 facet normal 0.46542 -0.80613 -0.36544
  outer loop
   vertex -0.0800 2.0040 0.1900
   vertex -0.0947 1.9870 0.2087
   vertex -0.1094 1.9870 0.1900
  endloop
 endfacet
 facet normal 0.46542 -0.80613 0.36544
  outer loop
   vertex -0.0800 2.0040 0.1900
   vertex -0.1094 1.9870 0.1900
   vertex -0.0947 1.9870 0.1713
  endloop
 endfacet
 facet normal 0.00000 -0.74083 0.67169
  outer loop
   vertex -0.0800 2.0040 0.1900
   vertex -0.0947 1.9870 0.1713
   vertex -0.0653 1.9870 0.1713
  endloop
 endfacet
 facet normal -0.46542 -0.80613 0.36544
  outer loop
   vertex -0.0800 2.0040 0.1900
   vertex -0.0653 1.9870 0.1713
   vertex -0.0506 1.9870 0.1900
  endloop
 endfacet
 facet normal -0.78652 0.00000 -0.61757
  outer loop
   vertex -0.0506 1.9870 0.1900
   vertex -0.0506 1.9530 0.1900
   vertex -0.0653 1.9870 0.2087
  endloop
 endfacet
 facet normal -0.78652 0.00000 -0.61757
  outer loop
   vertex -0.0653 1.9870 0.2087
   vertex -0.0506 1.9530 0.1900
   vertex -0.0653 1.9530 0.2087
  endloop
 endfacet
 facet normal 0.00000 0.00000 -1.00000
  outer loop
   vertex -0.0653 1.9870 0.2087
   vertex -0.0653 1.9530 0.2087
   vertex -0.0947 1.9870 0.2087
  endloop
 endfacet
 facet normal 0.00000 0.00000 -1.00000
  outer loop
   vertex -0.0947 1.9870 0.2087
   vertex -0.0653 1.9530 0.2087
   vertex -0.0947 1.9530 0.2087
  endloop
 endfacet
 facet normal 0.78652 -0.00000 -0.61757
  outer loop
   vertex -0.0947 1.9870 0.2087
   vertex -0.0947 1.9530 0.2087
   vertex -0.1094 1.9870 0.1900
  endloop
 endfacet
 facet normal 0.78652 0.00000 -0.61757
  outer loop
   vertex -0.1094 1.9870 0.1900
   vertex -0.0947 1.9530 0.2087
   vertex -0.1094 1.9530 0.1900
  endloop
 endfacet
 facet normal 0.78652 0.00000 0.61757
  outer loop
   vertex -0.1094 1.9870 0.1900
   vertex -0.1094 1.9530 0.1900
   vertex -0.0947 1.9870 0.1713
  endloop
 endfacet
 facet normal 0.78652 0.00000 0.61757
  outer loop
   vertex -0.0947 1.9870 0.1713
   vertex -0.1094 1.9530 0.1900
   vertex -0.0947 1.9530 0.1713
  endloop
 endfacet
 facet normal 0.00000 0.00000 1.00000
  outer loop
   vertex -0.0947 1.9870 0.1713
   vertex -0.0947 1.9530 0.1713
   vertex -0.0653 1.9870 0.1713
  endloop
 endfacet
 facet normal 0.00000 0.00000 1.00000
  outer loop
   vertex -0.0653 1.9870 0.1713
   vertex -0.0947 1.9530 0.1713
   vertex -0.0653 1.9530 0.1713
  endloop
 endfacet
 facet normal -0.78652 0.00000 0.61757
  outer loop
   vertex -0.0653 1.9870 0.1713
   vertex -0.0653 1.9530 0.1713
   vertex -0.0506 1.9870 0.1900
  endloop
 endfacet
 facet normal -0.78652 0.00000 0.61757
  outer loop
   vertex -0.0506 1.9870 0.1900
   vertex -0.0653 1.9530 0.1713
   vertex -0.0506 1.9530 0.1900
  endloop
 endfacet
 facet normal -0.46542 0.80613 -0.36544
  outer loop
   vertex -0.0506 1.9530 0.1900
   vertex -0.0800 1.9360 0.1900
   vertex -0.0653 1.9530 0.2087
  endloop
 endfacet
 facet normal 0.00000 0.74083 -0.67169
  outer loop
   vertex -0.0653 1.9530 0.2087
   vertex -0.0800 1.9360 0.1900
   vertex -0.0947 1.9530 0.2087
  endloop
 endfacet
 facet normal 0.46542 0.80613 -0.36544
  outer loop
   vertex -0.0947 1.9530 0.2087
   vertex -0.0800 1.9360 0.1900
   vertex -0.1094 1.9530 0.1900
  endloop
 endfacet
 facet normal 0.46542 0.80613 0.36544
  outer loop
   vertex -0.1094 1.9530 0.1900
   vertex -0.0800 1.9360 0.1900
   vertex -0.0947 1.9530 0.1713
  endloop
 endfacet
 facet normal 0.00000 0.74083 0.67169
  outer loop
   vertex -0.0947 1.9530 0.1713
   vertex -0.0800 1.9360 0.1900
   vertex -0.0653 1.9530 0.1713
  endloop
 endfacet
 facet normal -0.46542 0.80613 0.36544
  outer loop
   vertex -0.0653 1.9530 0.1713
   vertex -0.0800 1.9360 0.1900
   vertex -0.0506 1.9530 0.1900
  endloop
 endfacet
 facet normal -0.46542 -0.80613 -0.36544
  outer loop
   vertex 0.0800 2.0040 0.1900
   vertex 0.1094 1.9870 0.1900
   vertex 0.0947 1.9870 0.2087
  endloop
 endfacet
 facet normal 0.00000 -0.74083 -0.67169
  outer loop
   vertex 0.0800 2.0040 0.1900
   vertex 0.0947 1.9870 0.2087
   vertex 0.0653 1.9870 0.2087
  endloop
 endfacet
 facet normal 0.46542 -0.80613 -0.36544
  outer loop
   vertex 0.0800 2.0040 0.1900
   vertex 0.0653 1.9870 0.2087
   vertex 0.0506 1.9870 0.1900
  endloop
 endfacet
 facet normal 0.46542 -0.80613 0.36544
  outer loop
   vertex 0.0800 2.0040 0.1900
   vertex 0.0506 1.9870 0.1900
   vertex 0.0653 1.9870 0.1713
  endloop
 endfacet
 facet normal 0.00000 -0.74083 0.67169
  outer loop
   vertex 0.0800 2.0040 0.1900
   vertex 0.0653 1.9870 0.1713
   vertex 0.0947 1.9870 0.1713
  endloop
 endfacet
 facet normal -0.46542 -0.80613 0.36544
  outer loop
   vertex 0.0800 2.0040 0.1900
   vertex 0.0947 1.9870 0.1713
   vertex 0.1094 1.9870 0.1900
  endloop
 endfacet
 facet normal -0.78652 0.00000 -0.61757
  outer loop
   vertex 0.1094 1.9870 0.1900
   vertex 0.1094 1.9530 0.1900
   vertex 0.0947 1.9870 0.2087
  endloop
 endfacet
 facet normal -0.78652 0.00000 -0.61757
  outer loop
   vertex 0.0947 1.9870 0.2087
   vertex 0.1094 1.9530 0.1900
   vertex 0.0947 1.9530 0.2087
  endloop
 endfacet
 facet normal 0.00000 0.00000 -1.00000
  outer loop
   vertex 0.0947 1.9870 0.2087
   vertex 0.0947 1.9530 0.2087
   vertex 0.0653 1.9870 0.2087
  endloop
 endfacet
 facet normal 0.00000 0.00000 -1.00000
  outer loop
   vertex 0.0653 1.9870 0.2087
   vertex 0.0947 1.9530 0.2087
   vertex 0.0653 1.9530 0.2087
  endloop
 endfacet
 facet normal 0.78652 -0.00000 -0.61757
  outer loop
   vertex 0.0653 1.9870 0.2087
   vertex 0.0653 1.9530 0.2087
   vertex 0.0506 1.9870 0.1900
  endloop
 endfacet
 facet normal 0.78652 0.00000 -0.61757
  outer loop
   vertex 0.0506 1.9870 0.1900
   vertex 0.0653 1.9530 0.2087
   vertex 0.0506 1.9530 0.1900
  endloop
 endfacet
 facet normal 0.78652 0.00000 0.61757
  outer loop
   vertex 0.0506 1.9870 0.1900
   vertex 0.0506 1.9530 0.1900
   vertex 0.0653 1.9870 0.1713
  endloop
 endfacet
 facet normal 0.78652 0.00000 0.61757
  outer loop
   vertex 0.0653 1.9870 0.1713
   vertex 0.0506 1.9530 0.1900
   vertex 0.0653 1.9530 0.1713
  endloop
 endfacet
 facet normal 0.00000 0.00000 1.00000
  outer loop
   vertex 0.0653 1.9870 0.1713
   vertex 0.0653 1.9530 0.1713
   vertex 0.0947 1.9870 0.1713
  endloop
 endfacet
 facet normal 0.00000 0.00000 1.00000
  outer loop
   vertex 0.0947 1.9870 0.1713
   vertex 0.0653 1.9530 0.1713
   vertex 0.0947 1.9530 0.1713
  endloop
 endfacet
 facet normal -0.78652 0.00000 0.61757
  outer loop
   vertex 0.0947 1.9870 0.1713
   vertex 0.0947 1.9530 0.1713
   vertex 0.1094 1.9870 0.1900
  endloop
 endfacet
 facet normal -0.78652 0.00000 0.61757
  outer loop
   vertex 0.1094 1.9870 0.1900
   vertex 0.0947 1.9530 0.1713
   vertex 0.1094 1.9530 0.1900
  endloop
 endfacet
 facet normal -0.46542 0.80613 -0.36544
  outer loop
   vertex 0.1094 1.9530 0.1900
   vertex 0.0800 1.9360 0.1900
   vertex 0.0947 1.9530 0.2087
  endloop
 endfacet
 facet normal 0.00000 0.74083 -0.67169
  outer loop
   vertex 0.0947 1.9530 0.2087
   vertex 0.0800 1.9360 0.1900
   vertex 0.0653 1.9530 0.2087
  endloop
 endfacet
 facet normal 0.46542 0.80613 -0.36544
  outer loop
   vertex 0.0653 1.9530 0.2087
   vertex 0.0800 1.9360 0.1900
   vertex 0.0506 1.9530 0.1900
  endloop
 endfacet
 facet normal 0.46542 0.80613 0.36544
  outer loop
   vertex 0.0506 1.9530 0.1900
   vertex 0.0800 1.9360 0.1900
   vertex 0.0653 1.9530 0.1713
  endloop
 endfacet
 facet normal 0.00000 0.74083 0.67169
  outer loop
   vertex 0.0653 1.9530 0.1713
   vertex 0.0800 1.9360 0.1900
   vertex 0.0947 1.9530 0.1713
  endloop
 endfacet
 facet normal -0.46542 0.80613 0.36544
  outer loop
   vertex 0.0947 1.9530 0.1713
   vertex 0.0800 1.9360 0.1900
   vertex 0.1094 1.9530 0.1900
  endloop
 endfacet
 facet normal -0.33235 -0.30686 0.89184
  outer loop
   vertex -0.1610 1.5700 0.2050
   vertex -0.1800 1.5506 0.1913
   vertex 0.1700 1.2006 0.2013
  endloop
 endfacet
 facet normal -0.33235 -0.30686 0.89184
  outer loop
   vertex -0.1610 1.5700 0.2050
   vertex 0.1700 1.2006 0.2013
   vertex 0.1890 1.2200 0.2150
  endloop
 endfacet
 facet normal -0.70696 0.70696 -0.02020
  outer loop
   vertex -0.1600 1.5700 0.1700
   vertex -0.1800 1.5506 0.1913
   vertex -0.1610 1.5700 0.2050
  endloop
 endfacet
 facet normal 0.70696 -0.70696 0.02020
  outer loop
   vertex 0.1900 1.2200 0.1800
   vertex 0.1890 1.2200 0.2150
   vertex 0.1700 1.2006 0.2013
  endloop
 endfacet
 facet normal -0.69531 -0.68952 0.20275
  outer loop
   vertex -0.1800 1.5506 0.1913
   vertex -0.1839 1.5459 0.1615
   vertex 0.1661 1.1959 0.1715
  endloop
 endfacet
 facet normal -0.69531 -0.68952 0.20275
  outer loop
   vertex -0.1800 1.5506 0.1913
   vertex 0.1661 1.1959 0.1715
   vertex 0.1700 1.2006 0.2013
  endloop
 endfacet
 facet normal -0.70696 0.70696 -0.02020
  outer loop
   vertex -0.1600 1.5700 0.1700
   vertex -0.1839 1.5459 0.1615
   vertex -0.1800 1.5506 0.1913
  endloop
 endfacet
 facet normal 0.70696 -0.70696 0.02020
  outer loop
   vertex 0.1900 1.2200 0.1800
   vertex 0.1700 1.2006 0.2013
   vertex 0.1661 1.1959 0.1715
  endloop
 endfacet
 facet normal -0.53469 -0.55295 -0.63902
  outer loop
   vertex -0.1839 1.5459 0.1615
   vertex -0.1698 1.5593 0.1382
   vertex 0.1802 1.2093 0.1482
  endloop
 endfacet
 facet normal -0.53469 -0.55295 -0.63902
  outer loop
   vertex -0.1839 1.5459 0.1615
   vertex 0.1802 1.2093 0.1482
   vertex 0.1661 1.1959 0.1715
  endloop
 endfacet
 facet normal -0.70696 0.70696 -0.02020
  outer loop
   vertex -0.1600 1.5700 0.1700
   vertex -0.1698 1.5593 0.1382
   vertex -0.1839 1.5459 0.1615
  endloop
 endfacet
 facet normal 0.70696 -0.70696 0.02020
  outer loop
   vertex 0.1900 1.2200 0.1800
   vertex 0.1661 1.1959 0.1715
   vertex 0.1802 1.2093 0.1482
  endloop
 endfacet
 facet normal 0.02856 -0.00000 -0.99959
  outer loop
   vertex -0.1698 1.5593 0.1382
   vertex -0.1484 1.5807 0.1388
   vertex 0.2016 1.2307 0.1488
  endloop
 endfacet
 facet normal 0.02856 -0.00000 -0.99959
  outer loop
   vertex -0.1698 1.5593 0.1382
   vertex 0.2016 1.2307 0.1488
   vertex 0.1802 1.2093 0.1482
  endloop
 endfacet
 facet normal -0.70696 0.70696 -0.02020
  outer loop
   vertex -0.1600 1.5700 0.1700
   vertex -0.1484 1.5807 0.1388
   vertex -0.1698 1.5593 0.1382
  endloop
 endfacet
 facet normal 0.70696 -0.70696 0.02020
  outer loop
   vertex 0.1900 1.2200 0.1800
   vertex 0.1802 1.2093 0.1482
   vertex 0.2016 1.2307 0.1488
  endloop
 endfacet
 facet normal 0.57031 0.55295 -0.60745
  outer loop
   vertex -0.1484 1.5807 0.1388
   vertex -0.1357 1.5941 0.1629
   vertex 0.2143 1.2441 0.1729
  endloop
 endfacet
 facet normal 0.57031 0.55295 -0.60745
  outer loop
   vertex -0.1484 1.5807 0.1388
   vertex 0.2143 1.2441 0.1729
   vertex 0.2016 1.2307 0.1488
  endloop
 endfacet
 facet normal -0.70696 0.70696 -0.02020
  outer loop
   vertex -0.1600 1.5700 0.1700
   vertex -0.1357 1.5941 0.1629
   vertex -0.1484 1.5807 0.1388
  endloop
 endfacet
 facet normal 0.70696 -0.70696 0.02020
  outer loop
   vertex 0.1900 1.2200 0.1800
   vertex 0.2016 1.2307 0.1488
   vertex 0.2143 1.2441 0.1729
  endloop
 endfacet
 facet normal 0.68260 0.68952 0.24211
  outer loop
   vertex -0.1357 1.5941 0.1629
   vertex -0.1413 1.5894 0.1924
   vertex 0.2087 1.2394 0.2024
  endloop
 endfacet
 facet normal 0.68260 0.68952 0.24211
  outer loop
   vertex -0.1357 1.5941 0.1629
   vertex 0.2087 1.2394 0.2024
   vertex 0.2143 1.2441 0.1729
  endloop
 endfacet
 facet normal -0.70696 0.70696 -0.02020
  outer loop
   vertex -0.1600 1.5700 0.1700
   vertex -0.1413 1.5894 0.1924
   vertex -0.1357 1.5941 0.1629
  endloop
 endfacet
 facet normal 0.70696 -0.70696 0.02020
  outer loop
   vertex 0.1900 1.2200 0.1800
   vertex 0.2143 1.2441 0.1729
   vertex 0.2087 1.2394 0.2024
  endloop
 endfacet
 facet normal 0.28088 0.30686 0.90936
  outer loop
   vertex -0.1413 1.5894 0.1924
   vertex -0.1610 1.5700 0.2050
   vertex 0.1890 1.2200 0.2150
  endloop
 endfacet
 facet normal 0.28088 0.30686 0.90936
  outer loop
   vertex -0.1413 1.5894 0.1924
   vertex 0.1890 1.2200 0.2150
   vertex 0.2087 1.2394 0.2024
  endloop
 endfacet
 facet normal -0.70696 0.70696 -0.02020
  outer loop
   vertex -0.1600 1.5700 0.1700
   vertex -0.1610 1.5700 0.2050
   vertex -0.1413 1.5894 0.1924
  endloop
 endfacet
 facet normal 0.70696 -0.70696 0.02020
  outer loop
   vertex 0.1900 1.2200 0.1800
   vertex 0.2087 1.2394 0.2024
   vertex 0.1890 1.2200 0.2150
  endloop
 endfacet
endsolid zombi_corredor
