solid zombi_bruto
 facet normal -0.43339 0.06345 0.89897
  outer loop
   vertex -0.1989 1.0825 0.1286
   vertex -0.2994 1.0850 0.0799
   vertex -0.3228 0.5936 0.1033
  endloop
 endfacet
 facet normal -0.43339 0.06345 0.89897
  outer loop
   vertex -0.1989 1.0825 0.1286
   vertex -0.3228 0.5936 0.1033
   vertex -0.2223 0.5911 0.1520
  endloop
 endfacet
 facet normal 0.04751 0.99774 -0.04751
  outer loop
   vertex -0.1989 1.0764 0.0000
   vertex -0.2994 1.0850 0.0799
   vertex -0.1989 1.0825 0.1286
  endloop
 endfacet
 facet normal -0.04751 -0.99774 0.04751
  outer loop
   vertex -0.2223 0.5850 0.0234
   vertex -0.2223 0.5911 0.1520
   vertex -0.3228 0.5936 0.1033
  endloop
 endfacet
 facet normal -0.97383 0.05685 0.22007
  outer loop
   vertex -0.2994 1.0850 0.0799
   vertex -0.3242 1.0810 -0.0289
   vertex -0.3476 0.5896 -0.0055
  endloop
 endfacet
 facet normal -0.97383 0.05685 0.22007
  outer loop
   vertex -0.2994 1.0850 0.0799
   vertex -0.3476 0.5896 -0.0055
   vertex -0.3228 0.5936 0.1033
  endloop
 endfacet
 facet normal 0.04751 0.99774 -0.04751
  outer loop
   vertex -0.1989 1.0764 0.0000
   vertex -0.3242 1.0810 -0.0289
   vertex -0.2994 1.0850 0.0799
  endloop
 endfacet
 facet normal -0.04751 -0.99774 0.04751
  outer loop
   vertex -0.2223 0.5850 0.0234
   vertex -0.3228 0.5936 0.1033
   vertex -0.3476 0.5896 -0.0055
  endloop
 endfacet
 facet normal -0.78095 0.00745 -0.62455
  outer loop
   vertex -0.3242 1.0810 -0.0289
   vertex -0.2547 1.0735 -0.1159
   vertex -0.2781 0.5821 -0.0925
  endloop
 endfacet
 facet normal -0.78095 0.00745 -0.62455
  outer loop
   vertex -0.3242 1.0810 -0.0289
   vertex -0.2781 0.5821 -0.0925
   vertex -0.3476 0.5896 -0.0055
  endloop
 endfacet
 facet normal 0.04751 0.99774 -0.04751
  outer loop
   vertex -0.1989 1.0764 0.0000
   vertex -0.2547 1.0735 -0.1159
   vertex -0.3242 1.0810 -0.0289
  endloop
 endfacet
 facet normal -0.04751 -0.99774 0.04751
  outer loop
   vertex -0.2223 0.5850 0.0234
   vertex -0.3476 0.5896 -0.0055
   vertex -0.2781 0.5821 -0.0925
  endloop
 endfacet
 facet normal -0.00000 -0.04757 -0.99887
  outer loop
   vertex -0.2547 1.0735 -0.1159
   vertex -0.1431 1.0682 -0.1157
   vertex -0.1665 0.5768 -0.0923
  endloop
 endfacet
 facet normal -0.00000 -0.04757 -0.99887
  outer loop
   vertex -0.2547 1.0735 -0.1159
   vertex -0.1665 0.5768 -0.0923
   vertex -0.2781 0.5821 -0.0925
  endloop
 endfacet
 facet normal 0.04751 0.99774 -0.04751
  outer loop
   vertex -0.1989 1.0764 0.0000
   vertex -0.1431 1.0682 -0.1157
   vertex -0.2547 1.0735 -0.1159
  endloop
 endfacet
 facet normal -0.04751 -0.99774 0.04751
  outer loop
   vertex -0.2223 0.5850 0.0234
   vertex -0.2781 0.5821 -0.0925
   vertex -0.1665 0.5768 -0.0923
  endloop
 endfacet
 facet normal 0.78095 -0.06676 -0.62102
  outer loop
   vertex -0.1431 1.0682 -0.1157
   vertex -0.0736 1.0691 -0.0283
   vertex -0.0970 0.5777 -0.0049
  endloop
 endfacet
 facet normal 0.78095 -0.06676 -0.62102
  outer loop
   vertex -0.1431 1.0682 -0.1157
   vertex -0.0970 0.5777 -0.0049
   vertex -0.1665 0.5768 -0.0923
  endloop
 endfacet
 facet normal 0.04751 0.99774 -0.04751
  outer loop
   vertex -0.1989 1.0764 0.0000
   vertex -0.0736 1.0691 -0.0283
   vertex -0.1431 1.0682 -0.1157
  endloop
 endfacet
 facet normal -0.04751 -0.99774 0.04751
  outer loop
   vertex -0.2223 0.5850 0.0234
   vertex -0.1665 0.5768 -0.0923
   vertex -0.0970 0.5777 -0.0049
  endloop
 endfacet
 facet normal 0.97383 -0.03568 0.22447
  outer loop
   vertex -0.0736 1.0691 -0.0283
   vertex -0.0984 1.0754 0.0804
   vertex -0.1218 0.5840 0.1038
  endloop
 endfacet
 facet normal 0.97383 -0.03568 0.22447
  outer loop
   vertex -0.0736 1.0691 -0.0283
   vertex -0.1218 0.5840 0.1038
   vertex -0.0970 0.5777 -0.0049
  endloop
 endfacet
 facet normal 0.04751 0.99774 -0.04751
  outer loop
   vertex -0.1989 1.0764 0.0000
   vertex -0.0984 1.0754 0.0804
   vertex -0.0736 1.0691 -0.0283
  endloop
 endfacet
 facet normal -0.04751 -0.99774 0.04751
  outer loop
   vertex -0.2223 0.5850 0.0234
   vertex -0.0970 0.5777 -0.0049
   vertex -0.1218 0.5840 0.1038
  endloop
 endfacet
 facet normal 0.43339 0.02226 0.90093
  outer loop
   vertex -0.0984 1.0754 0.0804
   vertex -0.1989 1.0825 0.1286
   vertex -0.2223 0.5911 0.1520
  endloop
 endfacet
 facet normal 0.43339 0.02226 0.90093
  outer loop
   vertex -0.0984 1.0754 0.0804
   vertex -0.2223 0.5911 0.1520
   vertex -0.1218 0.5840 0.1038
  endloop
 endfacet
 facet normal 0.04751 0.99774 -0.04751
  outer loop
   vertex -0.1989 1.0764 0.0000
   vertex -0.1989 1.0825 0.1286
   vertex -0.0984 1.0754 0.0804
  endloop
 endfacet
 facet normal -0.04751 -0.99774 0.04751
  outer loop
   vertex -0.2223 0.5850 0.0234
   vertex -0.1218 0.5840 0.1038
   vertex -0.2223 0.5911 0.1520
  endloop
 endfacet
 facet normal -0.43388 0.05450 0.89932
  outer loop
   vertex -0.2223 0.5910 0.1227
   vertex -0.3001 0.5888 0.0853
   vertex -0.3001 0.2027 0.1087
  endloop
 endfacet
 facet normal -0.43388 0.05450 0.89932
  outer loop
   vertex -0.2223 0.5910 0.1227
   vertex -0.3001 0.2027 0.1087
   vertex -0.2223 0.2049 0.1461
  endloop
 endfacet
 facet normal 0.00000 0.99817 -0.06050
  outer loop
   vertex -0.2223 0.5850 0.0234
   vertex -0.3001 0.5888 0.0853
   vertex -0.2223 0.5910 0.1227
  endloop
 endfacet
 facet normal 0.00000 -0.99817 0.06050
  outer loop
   vertex -0.2223 0.1989 0.0468
   vertex -0.2223 0.2049 0.1461
   vertex -0.3001 0.2027 0.1087
  endloop
 endfacet
 facet normal -0.97493 0.01346 0.22211
  outer loop
   vertex -0.3001 0.5888 0.0853
   vertex -0.3193 0.5837 0.0013
   vertex -0.3193 0.1976 0.0247
  endloop
 endfacet
 facet normal -0.97493 0.01346 0.22211
  outer loop
   vertex -0.3001 0.5888 0.0853
   vertex -0.3193 0.1976 0.0247
   vertex -0.3001 0.2027 0.1087
  endloop
 endfacet
 facet normal 0.00000 0.99817 -0.06050
  outer loop
   vertex -0.2223 0.5850 0.0234
   vertex -0.3193 0.5837 0.0013
   vertex -0.3001 0.5888 0.0853
  endloop
 endfacet
 facet normal -0.00000 -0.99817 0.06050
  outer loop
   vertex -0.2223 0.1989 0.0468
   vertex -0.3001 0.2027 0.1087
   vertex -0.3193 0.1976 0.0247
  endloop
 endfacet
 facet normal -0.78183 -0.03772 -0.62235
  outer loop
   vertex -0.3193 0.5837 0.0013
   vertex -0.2654 0.5796 -0.0660
   vertex -0.2654 0.1935 -0.0426
  endloop
 endfacet
 facet normal -0.78183 -0.03772 -0.62235
  outer loop
   vertex -0.3193 0.5837 0.0013
   vertex -0.2654 0.1935 -0.0426
   vertex -0.3193 0.1976 0.0247
  endloop
 endfacet
 facet normal 0.00000 0.99817 -0.06050
  outer loop
   vertex -0.2223 0.5850 0.0234
   vertex -0.2654 0.5796 -0.0660
   vertex -0.3193 0.5837 0.0013
  endloop
 endfacet
 facet normal -0.00000 -0.99817 0.06050
  outer loop
   vertex -0.2223 0.1989 0.0468
   vertex -0.3193 0.1976 0.0247
   vertex -0.2654 0.1935 -0.0426
  endloop
 endfacet
 facet normal -0.00000 -0.06050 -0.99817
  outer loop
   vertex -0.2654 0.5796 -0.0660
   vertex -0.1792 0.5796 -0.0660
   vertex -0.1792 0.1935 -0.0426
  endloop
 endfacet
 facet normal -0.00000 -0.06050 -0.99817
  outer loop
   vertex -0.2654 0.5796 -0.0660
   vertex -0.1792 0.1935 -0.0426
   vertex -0.2654 0.1935 -0.0426
  endloop
 endfacet
 facet normal -0.00000 0.99817 -0.06050
  outer loop
   vertex -0.2223 0.5850 0.0234
   vertex -0.1792 0.5796 -0.0660
   vertex -0.2654 0.5796 -0.0660
  endloop
 endfacet
 facet normal 0.00000 -0.99817 0.06050
  outer loop
   vertex -0.2223 0.1989 0.0468
   vertex -0.2654 0.1935 -0.0426
   vertex -0.1792 0.1935 -0.0426
  endloop
 endfacet
 facet normal 0.78183 -0.03772 -0.62235
  outer loop
   vertex -0.1792 0.5796 -0.0660
   vertex -0.1253 0.5837 0.0013
   vertex -0.1253 0.1976 0.0247
  endloop
 endfacet
 facet normal 0.78183 -0.03772 -0.62235
  outer loop
   vertex -0.1792 0.5796 -0.0660
   vertex -0.1253 0.1976 0.0247
   vertex -0.1792 0.1935 -0.0426
  endloop
 endfacet
 facet normal -0.00000 0.99817 -0.06050
  outer loop
   vertex -0.2223 0.5850 0.0234
   vertex -0.1253 0.5837 0.0013
   vertex -0.1792 0.5796 -0.0660
  endloop
 endfacet
 facet normal 0.00000 -0.99817 0.06050
  outer loop
   vertex -0.2223 0.1989 0.0468
   vertex -0.1792 0.1935 -0.0426
   vertex -0.1253 0.1976 0.0247
  endloop
 endfacet
 facet normal 0.97493 0.01346 0.22211
  outer loop
   vertex -0.1253 0.5837 0.0013
   vertex -0.1445 0.5888 0.0853
   vertex -0.1445 0.2027 0.1087
  endloop
 endfacet
 facet normal 0.97493 0.01346 0.22211
  outer loop
   vertex -0.1253 0.5837 0.0013
   vertex -0.1445 0.2027 0.1087
   vertex -0.1253 0.1976 0.0247
  endloop
 endfacet
 facet normal -0.00000 0.99817 -0.06050
  outer loop
   vertex -0.2223 0.5850 0.0234
   vertex -0.1445 0.5888 0.0853
   vertex -0.1253 0.5837 0.0013
  endloop
 endfacet
 facet normal 0.00000 -0.99817 0.06050
  outer loop
   vertex -0.2223 0.1989 0.0468
   vertex -0.1253 0.1976 0.0247
   vertex -0.1445 0.2027 0.1087
  endloop
 endfacet
 facet normal 0.43388 0.05450 0.89932
  outer loop
   vertex -0.1445 0.5888 0.0853
   vertex -0.2223 0.5910 0.1227
   vertex -0.2223 0.2049 0.1461
  endloop
 endfacet
 facet normal 0.43388 0.05450 0.89932
  outer loop
   vertex -0.1445 0.5888 0.0853
   vertex -0.2223 0.2049 0.1461
   vertex -0.1445 0.2027 0.1087
  endloop
 endfacet
 facet normal -0.00000 0.99817 -0.06050
  outer loop
   vertex -0.2223 0.5850 0.0234
   vertex -0.2223 0.5910 0.1227
   vertex -0.1445 0.5888 0.0853
  endloop
 endfacet
 facet normal 0.00000 -0.99817 0.06050
  outer loop
   vertex -0.2223 0.1989 0.0468
   vertex -0.1445 0.2027 0.1087
   vertex -0.2223 0.2049 0.1461
  endloop
 endfacet
 facet normal 0.00000 0.00000 1.00000
  outer loop
   vertex -0.3569 0.0117 -0.0702
   vertex -0.0877 0.0117 -0.0702
   vertex -0.0877 0.1989 -0.0702
  endloop
 endfacet
 facet normal 0.00000 0.00000 1.00000
  outer loop
   vertex -0.3569 0.0117 -0.0702
   vertex -0.0877 0.1989 -0.0702
   vertex -0.3569 0.1989 -0.0702
  endloop
 endfacet
 facet normal 0.00000 0.00000 -1.00000
  outer loop
   vertex -0.0877 0.0117 0.3276
   vertex -0.3569 0.0117 0.3276
   vertex -0.3569 0.1989 0.3276
  endloop
 endfacet
 facet normal 0.00000 0.00000 -1.00000
  outer loop
   vertex -0.0877 0.0117 0.3276
   vertex -0.3569 0.1989 0.3276
   vertex -0.0877 0.1989 0.3276
  endloop
 endfacet
 facet normal 1.00000 0.00000 0.00000
  outer loop
   vertex -0.3569 0.0117 0.3276
   vertex -0.3569 0.0117 -0.0702
   vertex -0.3569 0.1989 -0.0702
  endloop
 endfacet
 facet normal 1.00000 0.00000 0.00000
  outer loop
   vertex -0.3569 0.0117 0.3276
   vertex -0.3569 0.1989 -0.0702
   vertex -0.3569 0.1989 0.3276
  endloop
 endfacet
 facet normal -1.00000 0.00000 0.00000
  outer loop
   vertex -0.0877 0.0117 -0.0702
   vertex -0.0877 0.0117 0.3276
   vertex -0.0877 0.1989 0.3276
  endloop
 endfacet
 facet normal -1.00000 0.00000 0.00000
  outer loop
   vertex -0.0877 0.0117 -0.0702
   vertex -0.0877 0.1989 0.3276
   vertex -0.0877 0.1989 -0.0702
  endloop
 endfacet
 facet normal 0.00000 -1.00000 0.00000
  outer loop
   vertex -0.3569 0.1989 -0.0702
   vertex -0.0877 0.1989 -0.0702
   vertex -0.0877 0.1989 0.3276
  endloop
 endfacet
 facet normal 0.00000 -1.00000 0.00000
  outer loop
   vertex -0.3569 0.1989 -0.0702
   vertex -0.0877 0.1989 0.3276
   vertex -0.3569 0.1989 0.3276
  endloop
 endfacet
 facet normal 0.00000 1.00000 0.00000
  outer loop
   vertex -0.3569 0.0117 0.3276
   vertex -0.0877 0.0117 0.3276
   vertex -0.0877 0.0117 -0.0702
  endloop
 endfacet
 facet normal 0.00000 1.00000 0.00000
  outer loop
   vertex -0.3569 0.0117 0.3276
   vertex -0.0877 0.0117 -0.0702
   vertex -0.3569 0.0117 -0.0702
  endloop
 endfacet
 facet normal -0.43339 0.02226 0.90093
  outer loop
   vertex 0.1989 1.0825 0.1286
   vertex 0.0984 1.0754 0.0804
   vertex 0.1218 0.5840 0.1038
  endloop
 endfacet
 facet normal -0.43339 0.02226 0.90093
  outer loop
   vertex 0.1989 1.0825 0.1286
   vertex 0.1218 0.5840 0.1038
   vertex 0.2223 0.5911 0.1520
  endloop
 endfacet
 facet normal -0.04751 0.99774 -0.04751
  outer loop
   vertex 0.1989 1.0764 0.0000
   vertex 0.0984 1.0754 0.0804
   vertex 0.1989 1.0825 0.1286
  endloop
 endfacet
 facet normal 0.04751 -0.99774 0.04751
  outer loop
   vertex 0.2223 0.5850 0.0234
   vertex 0.2223 0.5911 0.1520
   vertex 0.1218 0.5840 0.1038
  endloop
 endfacet
 facet normal -0.97383 -0.03568 0.22447
  outer loop
   vertex 0.0984 1.0754 0.0804
   vertex 0.0736 1.0691 -0.0283
   vertex 0.0970 0.5777 -0.0049
  endloop
 endfacet
 facet normal -0.97383 -0.03568 0.22447
  outer loop
   vertex 0.0984 1.0754 0.0804
   vertex 0.0970 0.5777 -0.0049
   vertex 0.1218 0.5840 0.1038
  endloop
 endfacet
 facet normal -0.04751 0.99774 -0.04751
  outer loop
   vertex 0.1989 1.0764 0.0000
   vertex 0.0736 1.0691 -0.0283
   vertex 0.0984 1.0754 0.0804
  endloop
 endfacet
 facet normal 0.04751 -0.99774 0.04751
  outer loop
   vertex 0.2223 0.5850 0.0234
   vertex 0.1218 0.5840 0.1038
   vertex 0.0970 0.5777 -0.0049
  endloop
 endfacet
 facet normal -0.78095 -0.06676 -0.62102
  outer loop
   vertex 0.0736 1.0691 -0.0283
   vertex 0.1431 1.0682 -0.1157
   vertex 0.1665 0.5768 -0.0923
  endloop
 endfacet
 facet normal -0.78095 -0.06676 -0.62102
  outer loop
   vertex 0.0736 1.0691 -0.0283
   vertex 0.1665 0.5768 -0.0923
   vertex 0.0970 0.5777 -0.0049
  endloop
 endfacet
 facet normal -0.04751 0.99774 -0.04751
  outer loop
   vertex 0.1989 1.0764 0.0000
   vertex 0.1431 1.0682 -0.1157
   vertex 0.0736 1.0691 -0.0283
  endloop
 endfacet
 facet normal 0.04751 -0.99774 0.04751
  outer loop
   vertex 0.2223 0.5850 0.0234
   vertex 0.0970 0.5777 -0.0049
   vertex 0.1665 0.5768 -0.0923
  endloop
 endfacet
 facet normal 0.00000 -0.04757 -0.99887
  outer loop
   vertex 0.1431 1.0682 -0.1157
   vertex 0.2547 1.0735 -0.1159
   vertex 0.2781 0.5821 -0.0925
  endloop
 endfacet
 facet normal 0.00000 -0.04757 -0.99887
  outer loop
   vertex 0.1431 1.0682 -0.1157
   vertex 0.2781 0.5821 -0.0925
   vertex 0.1665 0.5768 -0.0923
  endloop
 endfacet
 facet normal -0.04751 0.99774 -0.04751
  outer loop
   vertex 0.1989 1.0764 0.0000
   vertex 0.2547 1.0735 -0.1159
   vertex 0.1431 1.0682 -0.1157
  endloop
 endfacet
 facet normal 0.04751 -0.99774 0.04751
  outer loop
   vertex 0.2223 0.5850 0.0234
   vertex 0.1665 0.5768 -0.0923
   vertex 0.2781 0.5821 -0.0925
  endloop
 endfacet
 facet normal 0.78095 0.00745 -0.62455
  outer loop
   vertex 0.2547 1.0735 -0.1159
   vertex 0.3242 1.0810 -0.0289
   vertex 0.3476 0.5896 -0.0055
  endloop
 endfacet
 facet normal 0.78095 0.00745 -0.62455
  outer loop
   vertex 0.2547 1.0735 -0.1159
   vertex 0.3476 0.5896 -0.0055
   vertex 0.2781 0.5821 -0.0925
  endloop
 endfacet
 facet normal -0.04751 0.99774 -0.04751
  outer loop
   vertex 0.1989 1.0764 0.0000
   vertex 0.3242 1.0810 -0.0289
   vertex 0.2547 1.0735 -0.1159
  endloop
 endfacet
 facet normal 0.04751 -0.99774 0.04751
  outer loop
   vertex 0.2223 0.5850 0.0234
   vertex 0.2781 0.5821 -0.0925
   vertex 0.3476 0.5896 -0.0055
  endloop
 endfacet
 facet normal 0.97383 0.05685 0.22007
  outer loop
   vertex 0.3242 1.0810 -0.0289
   vertex 0.2994 1.0850 0.0799
   vertex 0.3228 0.5936 0.1033
  endloop
 endfacet
 facet normal 0.97383 0.05685 0.22007
  outer loop
   vertex 0.3242 1.0810 -0.0289
   vertex 0.3228 0.5936 0.1033
   vertex 0.3476 0.5896 -0.0055
  endloop
 endfacet
 facet normal -0.04751 0.99774 -0.04751
  outer loop
   vertex 0.1989 1.0764 0.0000
   vertex 0.2994 1.0850 0.0799
   vertex 0.3242 1.0810 -0.0289
  endloop
 endfacet
 facet normal 0.04751 -0.99774 0.04751
  outer loop
   vertex 0.2223 0.5850 0.0234
   vertex 0.3476 0.5896 -0.0055
   vertex 0.3228 0.5936 0.1033
  endloop
 endfacet
 facet normal 0.43339 0.06345 0.89897
  outer loop
   vertex 0.2994 1.0850 0.0799
   vertex 0.1989 1.0825 0.1286
   vertex 0.2223 0.5911 0.1520
  endloop
 endfacet
 facet normal 0.43339 0.06345 0.89897
  outer loop
   vertex 0.2994 1.0850 0.0799
   vertex 0.2223 0.5911 0.1520
   vertex 0.3228 0.5936 0.1033
  endloop
 endfacet
 facet normal -0.04751 0.99774 -0.04751
  outer loop
   vertex 0.1989 1.0764 0.0000
   vertex 0.1989 1.0825 0.1286
   vertex 0.2994 1.0850 0.0799
  endloop
 endfacet
 facet normal 0.04751 -0.99774 0.04751
  outer loop
   vertex 0.2223 0.5850 0.0234
   vertex 0.3228 0.5936 0.1033
   vertex 0.2223 0.5911 0.1520
  endloop
 endfacet
 facet normal -0.43388 0.05450 0.89932
  outer loop
   vertex 0.2223 0.5910 0.1227
   vertex 0.1445 0.5888 0.0853
   vertex 0.1445 0.2027 0.1087
  endloop
 endfacet
 facet normal -0.43388 0.05450 0.89932
  outer loop
   vertex 0.2223 0.5910 0.1227
   vertex 0.1445 0.2027 0.1087
   vertex 0.2223 0.2049 0.1461
  endloop
 endfacet
 facet normal 0.00000 0.99817 -0.06050
  outer loop
   vertex 0.2223 0.5850 0.0234
   vertex 0.1445 0.5888 0.0853
   vertex 0.2223 0.5910 0.1227
  endloop
 endfacet
 facet normal 0.00000 -0.99817 0.06050
  outer loop
   vertex 0.2223 0.1989 0.0468
   vertex 0.2223 0.2049 0.1461
   vertex 0.1445 0.2027 0.1087
  endloop
 endfacet
 facet normal -0.97493 0.01346 0.22211
  outer loop
   vertex 0.1445 0.5888 0.0853
   vertex 0.1253 0.5837 0.0013
   vertex 0.1253 0.1976 0.0247
  endloop
 endfacet
 facet normal -0.97493 0.01346 0.22211
  outer loop
   vertex 0.1445 0.5888 0.0853
   vertex 0.1253 0.1976 0.0247
   vertex 0.1445 0.2027 0.1087
  endloop
 endfacet
 facet normal 0.00000 0.99817 -0.06050
  outer loop
   vertex 0.2223 0.5850 0.0234
   vertex 0.1253 0.5837 0.0013
   vertex 0.1445 0.5888 0.0853
  endloop
 endfacet
 facet normal -0.00000 -0.99817 0.06050
  outer loop
   vertex 0.2223 0.1989 0.0468
   vertex 0.1445 0.2027 0.1087
   vertex 0.1253 0.1976 0.0247
  endloop
 endfacet
 facet normal -0.78183 -0.03772 -0.62235
  outer loop
   vertex 0.1253 0.5837 0.0013
   vertex 0.1792 0.5796 -0.0660
   vertex 0.1792 0.1935 -0.0426
  endloop
 endfacet
 facet normal -0.78183 -0.03772 -0.62235
  outer loop
   vertex 0.1253 0.5837 0.0013
   vertex 0.1792 0.1935 -0.0426
   vertex 0.1253 0.1976 0.0247
  endloop
 endfacet
 facet normal 0.00000 0.99817 -0.06050
  outer loop
   vertex 0.2223 0.5850 0.0234
   vertex 0.1792 0.5796 -0.0660
   vertex 0.1253 0.5837 0.0013
  endloop
 endfacet
 facet normal -0.00000 -0.99817 0.06050
  outer loop
   vertex 0.2223 0.1989 0.0468
   vertex 0.1253 0.1976 0.0247
   vertex 0.1792 0.1935 -0.0426
  endloop
 endfacet
 facet normal -0.00000 -0.06050 -0.99817
  outer loop
   vertex 0.1792 0.5796 -0.0660
   vertex 0.2654 0.5796 -0.0660
   vertex 0.2654 0.1935 -0.0426
  endloop
 endfacet
 facet normal -0.00000 -0.06050 -0.99817
  outer loop
   vertex 0.1792 0.5796 -0.0660
   vertex 0.2654 0.1935 -0.0426
   vertex 0.1792 0.1935 -0.0426
  endloop
 endfacet
 facet normal -0.00000 0.99817 -0.06050
  outer loop
   vertex 0.2223 0.5850 0.0234
   vertex 0.2654 0.5796 -0.0660
   vertex 0.1792 0.5796 -0.0660
  endloop
 endfacet
 facet normal 0.00000 -0.99817 0.06050
  outer loop
   vertex 0.2223 0.1989 0.0468
   vertex 0.1792 0.1935 -0.0426
   vertex 0.2654 0.1935 -0.0426
  endloop
 endfacet
 facet normal 0.78183 -0.03772 -0.62235
  outer loop
   vertex 0.2654 0.5796 -0.0660
   vertex 0.3193 0.5837 0.0013
   vertex 0.3193 0.1976 0.0247
  endloop
 endfacet
 facet normal 0.78183 -0.03772 -0.62235
  outer loop
   vertex 0.2654 0.5796 -0.0660
   vertex 0.3193 0.1976 0.0247
   vertex 0.2654 0.1935 -0.0426
  endloop
 endfacet
 facet normal -0.00000 0.99817 -0.06050
  outer loop
   vertex 0.2223 0.5850 0.0234
   vertex 0.3193 0.5837 0.0013
   vertex 0.2654 0.5796 -0.0660
  endloop
 endfacet
 facet normal 0.00000 -0.99817 0.06050
  outer loop
   vertex 0.2223 0.1989 0.0468
   vertex 0.2654 0.1935 -0.0426
   vertex 0.3193 0.1976 0.0247
  endloop
 endfacet
 facet normal 0.97493 0.01346 0.22211
  outer loop
   vertex 0.3193 0.5837 0.0013
   vertex 0.3001 0.5888 0.0853
   vertex 0.3001 0.2027 0.1087
  endloop
 endfacet
 facet normal 0.97493 0.01346 0.22211
  outer loop
   vertex 0.3193 0.5837 0.0013
   vertex 0.3001 0.2027 0.1087
   vertex 0.3193 0.1976 0.0247
  endloop
 endfacet
 facet normal -0.00000 0.99817 -0.06050
  outer loop
   vertex 0.2223 0.5850 0.0234
   vertex 0.3001 0.5888 0.0853
   vertex 0.3193 0.5837 0.0013
  endloop
 endfacet
 facet normal 0.00000 -0.99817 0.06050
  outer loop
   vertex 0.2223 0.1989 0.0468
   vertex 0.3193 0.1976 0.0247
   vertex 0.3001 0.2027 0.1087
  endloop
 endfacet
 facet normal 0.43388 0.05450 0.89932
  outer loop
   vertex 0.3001 0.5888 0.0853
   vertex 0.2223 0.5910 0.1227
   vertex 0.2223 0.2049 0.1461
  endloop
 endfacet
 facet normal 0.43388 0.05450 0.89932
  outer loop
   vertex 0.3001 0.5888 0.0853
   vertex 0.2223 0.2049 0.1461
   vertex 0.3001 0.2027 0.1087
  endloop
 endfacet
 facet normal -0.00000 0.99817 -0.06050
  outer loop
   vertex 0.2223 0.5850 0.0234
   vertex 0.2223 0.5910 0.1227
   vertex 0.3001 0.5888 0.0853
  endloop
 endfacet
 facet normal 0.00000 -0.99817 0.06050
  outer loop
   vertex 0.2223 0.1989 0.0468
   vertex 0.3001 0.2027 0.1087
   vertex 0.2223 0.2049 0.1461
  endloop
 endfacet
 facet normal 0.00000 0.00000 1.00000
  outer loop
   vertex 0.0877 0.0117 -0.0702
   vertex 0.3569 0.0117 -0.0702
   vertex 0.3569 0.1989 -0.0702
  endloop
 endfacet
 facet normal 0.00000 0.00000 1.00000
  outer loop
   vertex 0.0877 0.0117 -0.0702
   vertex 0.3569 0.1989 -0.0702
   vertex 0.0877 0.1989 -0.0702
  endloop
 endfacet
 facet normal 0.00000 0.00000 -1.00000
  outer loop
   vertex 0.3569 0.0117 0.3276
   vertex 0.0877 0.0117 0.3276
   vertex 0.0877 0.1989 0.3276
  endloop
 endfacet
 facet normal 0.00000 0.00000 -1.00000
  outer loop
   vertex 0.3569 0.0117 0.3276
   vertex 0.0877 0.1989 0.3276
   vertex 0.3569 0.1989 0.3276
  endloop
 endfacet
 facet normal 1.00000 0.00000 0.00000
  outer loop
   vertex 0.0877 0.0117 0.3276
   vertex 0.0877 0.0117 -0.0702
   vertex 0.0877 0.1989 -0.0702
  endloop
 endfacet
 facet normal 1.00000 0.00000 0.00000
  outer loop
   vertex 0.0877 0.0117 0.3276
   vertex 0.0877 0.1989 -0.0702
   vertex 0.0877 0.1989 0.3276
  endloop
 endfacet
 facet normal -1.00000 0.00000 0.00000
  outer loop
   vertex 0.3569 0.0117 -0.0702
   vertex 0.3569 0.0117 0.3276
   vertex 0.3569 0.1989 0.3276
  endloop
 endfacet
 facet normal -1.00000 0.00000 0.00000
  outer loop
   vertex 0.3569 0.0117 -0.0702
   vertex 0.3569 0.1989 0.3276
   vertex 0.3569 0.1989 -0.0702
  endloop
 endfacet
 facet normal 0.00000 -1.00000 0.00000
  outer loop
   vertex 0.0877 0.1989 -0.0702
   vertex 0.3569 0.1989 -0.0702
   vertex 0.3569 0.1989 0.3276
  endloop
 endfacet
 facet normal 0.00000 -1.00000 0.00000
  outer loop
   vertex 0.0877 0.1989 -0.0702
   vertex 0.3569 0.1989 0.3276
   vertex 0.0877 0.1989 0.3276
  endloop
 endfacet
 facet normal 0.00000 1.00000 0.00000
  outer loop
   vertex 0.0877 0.0117 0.3276
   vertex 0.3569 0.0117 0.3276
   vertex 0.3569 0.0117 -0.0702
  endloop
 endfacet
 facet normal 0.00000 1.00000 0.00000
  outer loop
   vertex 0.0877 0.0117 0.3276
   vertex 0.3569 0.0117 -0.0702
   vertex 0.0877 0.0117 -0.0702
  endloop
 endfacet
 facet normal 0.00000 0.00000 1.00000
  outer loop
   vertex -0.4212 1.0472 -0.1930
   vertex 0.4212 1.0472 -0.1930
   vertex 0.4212 1.3397 -0.1930
  endloop
 endfacet
 facet normal 0.00000 0.00000 1.00000
  outer loop
   vertex -0.4212 1.0472 -0.1930
   vertex 0.4212 1.3397 -0.1930
   vertex -0.4212 1.3397 -0.1930
  endloop
 endfacet
 facet normal 0.00000 0.00000 -1.00000
  outer loop
   vertex 0.4212 1.0472 0.1930
   vertex -0.4212 1.0472 0.1930
   vertex -0.4212 1.3397 0.1930
  endloop
 endfacet
 facet normal 0.00000 0.00000 -1.00000
  outer loop
   vertex 0.4212 1.0472 0.1930
   vertex -0.4212 1.3397 0.1930
   vertex 0.4212 1.3397 0.1930
  endloop
 endfacet
 facet normal 1.00000 0.00000 0.00000
  outer loop
   vertex -0.4212 1.0472 0.1930
   vertex -0.4212 1.0472 -0.1930
   vertex -0.4212 1.3397 -0.1930
  endloop
 endfacet
 facet normal 1.00000 0.00000 0.00000
  outer loop
   vertex -0.4212 1.0472 0.1930
   vertex -0.4212 1.3397 -0.1930
   vertex -0.4212 1.3397 0.1930
  endloop
 endfacet
 facet normal -1.00000 0.00000 0.00000
  outer loop
   vertex 0.4212 1.0472 -0.1930
   vertex 0.4212 1.0472 0.1930
   vertex 0.4212 1.3397 0.1930
  endloop
 endfacet
 facet normal -1.00000 0.00000 0.00000
  outer loop
   vertex 0.4212 1.0472 -0.1930
   vertex 0.4212 1.3397 0.1930
   vertex 0.4212 1.3397 -0.1930
  endloop
 endfacet
 facet normal 0.00000 -1.00000 0.00000
  outer loop
   vertex -0.4212 1.3397 -0.1930
   vertex 0.4212 1.3397 -0.1930
   vertex 0.4212 1.3397 0.1930
  endloop
 endfacet
 facet normal 0.00000 -1.00000 0.00000
  outer loop
   vertex -0.4212 1.3397 -0.1930
   vertex 0.4212 1.3397 0.1930
   vertex -0.4212 1.3397 0.1930
  endloop
 endfacet
 facet normal 0.00000 1.00000 0.00000
  outer loop
   vertex -0.4212 1.0472 0.1930
   vertex 0.4212 1.0472 0.1930
   vertex 0.4212 1.0472 -0.1930
  endloop
 endfacet
 facet normal 0.00000 1.00000 0.00000
  outer loop
   vertex -0.4212 1.0472 0.1930
   vertex 0.4212 1.0472 -0.1930
   vertex -0.4212 1.0472 -0.1930
  endloop
 endfacet
 facet normal 0.00000 0.00000 1.00000
  outer loop
   vertex -0.4563 1.1700 -0.1989
   vertex 0.4563 1.1700 -0.1989
   vertex 0.4563 2.0592 -0.1989
  endloop
 endfacet
 facet normal 0.00000 0.00000 1.00000
  outer loop
   vertex -0.4563 1.1700 -0.1989
   vertex 0.4563 2.0592 -0.1989
   vertex -0.4563 2.0592 -0.1989
  endloop
 endfacet
 facet normal 0.00000 0.00000 -1.00000
  outer loop
   vertex 0.4563 1.1700 0.1989
   vertex -0.4563 1.1700 0.1989
   vertex -0.4563 2.0592 0.1989
  endloop
 endfacet
 facet normal 0.00000 0.00000 -1.00000
  outer loop
   vertex 0.4563 1.1700 0.1989
   vertex -0.4563 2.0592 0.1989
   vertex 0.4563 2.0592 0.1989
  endloop
 endfacet
 facet normal 1.00000 0.00000 0.00000
  outer loop
   vertex -0.4563 1.1700 0.1989
   vertex -0.4563 1.1700 -0.1989
   vertex -0.4563 2.0592 -0.1989
  endloop
 endfacet
 facet normal 1.00000 0.00000 0.00000
  outer loop
   vertex -0.4563 1.1700 0.1989
   vertex -0.4563 2.0592 -0.1989
   vertex -0.4563 2.0592 0.1989
  endloop
 endfacet
 facet normal -1.00000 0.00000 0.00000
  outer loop
   vertex 0.4563 1.1700 -0.1989
   vertex 0.4563 1.1700 0.1989
   vertex 0.4563 2.0592 0.1989
  endloop
 endfacet
 facet normal -1.00000 0.00000 0.00000
  outer loop
   vertex 0.4563 1.1700 -0.1989
   vertex 0.4563 2.0592 0.1989
   vertex 0.4563 2.0592 -0.1989
  endloop
 endfacet
 facet normal 0.00000 -1.00000 0.00000
  outer loop
   vertex -0.4563 2.0592 -0.1989
   vertex 0.4563 2.0592 -0.1989
   vertex 0.4563 2.0592 0.1989
  endloop
 endfacet
 facet normal 0.00000 -1.00000 0.00000
  outer loop
   vertex -0.4563 2.0592 -0.1989
   vertex 0.4563 2.0592 0.1989
   vertex -0.4563 2.0592 0.1989
  endloop
 endfacet
 facet normal 0.00000 1.00000 0.00000
  outer loop
   vertex -0.4563 1.1700 0.1989
   vertex 0.4563 1.1700 0.1989
   vertex 0.4563 1.1700 -0.1989
  endloop
 endfacet
 facet normal 0.00000 1.00000 0.00000
  outer loop
   vertex -0.4563 1.1700 0.1989
   vertex 0.4563 1.1700 -0.1989
   vertex -0.4563 1.1700 -0.1989
  endloop
 endfacet
 facet normal 0.00000 0.00000 1.00000
  outer loop
   vertex -0.3627 1.0472 -0.1813
   vertex 0.3627 1.0472 -0.1813
   vertex 0.3627 1.3397 -0.1813
  endloop
 endfacet
 facet normal 0.00000 0.00000 1.00000
  outer loop
   vertex -0.3627 1.0472 -0.1813
   vertex 0.3627 1.3397 -0.1813
   vertex -0.3627 1.3397 -0.1813
  endloop
 endfacet
 facet normal 0.00000 0.00000 -1.00000
  outer loop
   vertex 0.3627 1.0472 0.1813
   vertex -0.3627 1.0472 0.1813
   vertex -0.3627 1.3397 0.1813
  endloop
 endfacet
 facet normal 0.00000 0.00000 -1.00000
  outer loop
   vertex 0.3627 1.0472 0.1813
   vertex -0.3627 1.3397 0.1813
   vertex 0.3627 1.3397 0.1813
  endloop
 endfacet
 facet normal 1.00000 0.00000 0.00000
  outer loop
   vertex -0.3627 1.0472 0.1813
   vertex -0.3627 1.0472 -0.1813
   vertex -0.3627 1.3397 -0.1813
  endloop
 endfacet
 facet normal 1.00000 0.00000 0.00000
  outer loop
   vertex -0.3627 1.0472 0.1813
   vertex -0.3627 1.3397 -0.1813
   vertex -0.3627 1.3397 0.1813
  endloop
 endfacet
 facet normal -1.00000 0.00000 0.00000
  outer loop
   vertex 0.3627 1.0472 -0.1813
   vertex 0.3627 1.0472 0.1813
   vertex 0.3627 1.3397 0.1813
  endloop
 endfacet
 facet normal -1.00000 0.00000 0.00000
  outer loop
   vertex 0.3627 1.0472 -0.1813
   vertex 0.3627 1.3397 0.1813
   vertex 0.3627 1.3397 -0.1813
  endloop
 endfacet
 facet normal 0.00000 -1.00000 0.00000
  outer loop
   vertex -0.3627 1.3397 -0.1813
   vertex 0.3627 1.3397 -0.1813
   vertex 0.3627 1.3397 0.1813
  endloop
 endfacet
 facet normal 0.00000 -1.00000 0.00000
  outer loop
   vertex -0.3627 1.3397 -0.1813
   vertex 0.3627 1.3397 0.1813
   vertex -0.3627 1.3397 0.1813
  endloop
 endfacet
 facet normal 0.00000 1.00000 0.00000
  outer loop
   vertex -0.3627 1.0472 0.1813
   vertex 0.3627 1.0472 0.1813
   vertex 0.3627 1.0472 -0.1813
  endloop
 endfacet
 facet normal 0.00000 1.00000 0.00000
  outer loop
   vertex -0.3627 1.0472 0.1813
   vertex 0.3627 1.0472 -0.1813
   vertex -0.3627 1.0472 -0.1813
  endloop
 endfacet
 facet normal -0.42509 0.19159 0.88464
  outer loop
   vertex -0.4797 1.9276 0.1743
   vertex -0.6141 1.9472 0.1055
   vertex -0.6960 1.5494 0.1523
  endloop
 endfacet
 facet normal -0.42509 0.19159 0.88464
  outer loop
   vertex -0.4797 1.9276 0.1743
   vertex -0.6960 1.5494 0.1523
   vertex -0.5616 1.5298 0.2211
  endloop
 endfacet
 facet normal 0.20033 0.97302 -0.11447
  outer loop
   vertex -0.4797 1.9071 0.0000
   vertex -0.6141 1.9472 0.1055
   vertex -0.4797 1.9276 0.1743
  endloop
 endfacet
 facet normal -0.20033 -0.97302 0.11447
  outer loop
   vertex -0.5616 1.5093 0.0468
   vertex -0.5616 1.5298 0.2211
   vertex -0.6960 1.5494 0.1523
  endloop
 endfacet
 facet normal -0.95517 0.21997 0.19818
  outer loop
   vertex -0.6141 1.9472 0.1055
   vertex -0.6473 1.9366 -0.0428
   vertex -0.7292 1.5388 0.0040
  endloop
 endfacet
 facet normal -0.95517 0.21997 0.19818
  outer loop
   vertex -0.6141 1.9472 0.1055
   vertex -0.7292 1.5388 0.0040
   vertex -0.6960 1.5494 0.1523
  endloop
 endfacet
 facet normal 0.20033 0.97302 -0.11447
  outer loop
   vertex -0.4797 1.9071 0.0000
   vertex -0.6473 1.9366 -0.0428
   vertex -0.6141 1.9472 0.1055
  endloop
 endfacet
 facet normal -0.20033 -0.97302 0.11447
  outer loop
   vertex -0.5616 1.5093 0.0468
   vertex -0.6960 1.5494 0.1523
   vertex -0.7292 1.5388 0.0040
  endloop
 endfacet
 facet normal -0.76598 0.08270 -0.63752
  outer loop
   vertex -0.6473 1.9366 -0.0428
   vertex -0.5543 1.9038 -0.1588
   vertex -0.6362 1.5060 -0.1120
  endloop
 endfacet
 facet normal -0.76598 0.08270 -0.63752
  outer loop
   vertex -0.6473 1.9366 -0.0428
   vertex -0.6362 1.5060 -0.1120
   vertex -0.7292 1.5388 0.0040
  endloop
 endfacet
 facet normal 0.20033 0.97302 -0.11447
  outer loop
   vertex -0.4797 1.9071 0.0000
   vertex -0.5543 1.9038 -0.1588
   vertex -0.6473 1.9366 -0.0428
  endloop
 endfacet
 facet normal -0.20033 -0.97302 0.11447
  outer loop
   vertex -0.5616 1.5093 0.0468
   vertex -0.7292 1.5388 0.0040
   vertex -0.6362 1.5060 -0.1120
  endloop
 endfacet
 facet normal -0.00000 -0.11684 -0.99315
  outer loop
   vertex -0.5543 1.9038 -0.1588
   vertex -0.4051 1.8735 -0.1553
   vertex -0.4870 1.4757 -0.1085
  endloop
 endfacet
 facet normal -0.00000 -0.11684 -0.99315
  outer loop
   vertex -0.5543 1.9038 -0.1588
   vertex -0.4870 1.4757 -0.1085
   vertex -0.6362 1.5060 -0.1120
  endloop
 endfacet
 facet normal 0.20033 0.97302 -0.11447
  outer loop
   vertex -0.4797 1.9071 0.0000
   vertex -0.4051 1.8735 -0.1553
   vertex -0.5543 1.9038 -0.1588
  endloop
 endfacet
 facet normal -0.20033 -0.97302 0.11447
  outer loop
   vertex -0.5616 1.5093 0.0468
   vertex -0.6362 1.5060 -0.1120
   vertex -0.4870 1.4757 -0.1085
  endloop
 endfacet
 facet normal 0.76598 -0.22840 -0.60092
  outer loop
   vertex -0.4051 1.8735 -0.1553
   vertex -0.3121 1.8685 -0.0348
   vertex -0.3940 1.4707 0.0120
  endloop
 endfacet
 facet normal 0.76598 -0.22840 -0.60092
  outer loop
   vertex -0.4051 1.8735 -0.1553
   vertex -0.3940 1.4707 0.0120
   vertex -0.4870 1.4757 -0.1085
  endloop
 endfacet
 facet normal 0.20033 0.97302 -0.11447
  outer loop
   vertex -0.4797 1.9071 0.0000
   vertex -0.3121 1.8685 -0.0348
   vertex -0.4051 1.8735 -0.1553
  endloop
 endfacet
 facet normal -0.20033 -0.97302 0.11447
  outer loop
   vertex -0.5616 1.5093 0.0468
   vertex -0.4870 1.4757 -0.1085
   vertex -0.3940 1.4707 0.0120
  endloop
 endfacet
 facet normal 0.95517 -0.16797 0.24382
  outer loop
   vertex -0.3121 1.8685 -0.0348
   vertex -0.3453 1.8926 0.1119
   vertex -0.4272 1.4948 0.1587
  endloop
 endfacet
 facet normal 0.95517 -0.16797 0.24382
  outer loop
   vertex -0.3121 1.8685 -0.0348
   vertex -0.4272 1.4948 0.1587
   vertex -0.3940 1.4707 0.0120
  endloop
 endfacet
 facet normal 0.20033 0.97302 -0.11447
  outer loop
   vertex -0.4797 1.9071 0.0000
   vertex -0.3453 1.8926 0.1119
   vertex -0.3121 1.8685 -0.0348
  endloop
 endfacet
 facet normal -0.20033 -0.97302 0.11447
  outer loop
   vertex -0.5616 1.5093 0.0468
   vertex -0.3940 1.4707 0.0120
   vertex -0.4272 1.4948 0.1587
  endloop
 endfacet
 facet normal 0.42509 0.01895 0.90495
  outer loop
   vertex -0.3453 1.8926 0.1119
   vertex -0.4797 1.9276 0.1743
   vertex -0.5616 1.5298 0.2211
  endloop
 endfacet
 facet normal 0.42509 0.01895 0.90495
  outer loop
   vertex -0.3453 1.8926 0.1119
   vertex -0.5616 1.5298 0.2211
   vertex -0.4272 1.4948 0.1587
  endloop
 endfacet
 facet normal 0.20033 0.97302 -0.11447
  outer loop
   vertex -0.4797 1.9071 0.0000
   vertex -0.4797 1.9276 0.1743
   vertex -0.3453 1.8926 0.1119
  endloop
 endfacet
 facet normal -0.20033 -0.97302 0.11447
  outer loop
   vertex -0.5616 1.5093 0.0468
   vertex -0.4272 1.4948 0.1587
   vertex -0.5616 1.5298 0.2211
  endloop
 endfacet
 facet normal -0.42686 0.24048 0.87175
  outer loop
   vertex -0.5616 1.5263 0.1388
   vertex -0.6336 1.5328 0.1018
   vertex -0.6921 1.2169 0.1603
  endloop
 endfacet
 facet normal -0.42686 0.24048 0.87175
  outer loop
   vertex -0.5616 1.5263 0.1388
   vertex -0.6921 1.2169 0.1603
   vertex -0.6201 1.2104 0.1973
  endloop
 endfacet
 facet normal 0.17914 0.96738 -0.17914
  outer loop
   vertex -0.5616 1.5093 0.0468
   vertex -0.6336 1.5328 0.1018
   vertex -0.5616 1.5263 0.1388
  endloop
 endfacet
 facet normal -0.17914 -0.96738 0.17914
  outer loop
   vertex -0.6201 1.1934 0.1053
   vertex -0.6201 1.2104 0.1973
   vertex -0.6921 1.2169 0.1603
  endloop
 endfacet
 facet normal -0.95916 0.21225 0.18700
  outer loop
   vertex -0.6336 1.5328 0.1018
   vertex -0.6514 1.5216 0.0233
   vertex -0.7099 1.2057 0.0818
  endloop
 endfacet
 facet normal -0.95916 0.21225 0.18700
  outer loop
   vertex -0.6336 1.5328 0.1018
   vertex -0.7099 1.2057 0.0818
   vertex -0.6921 1.2169 0.1603
  endloop
 endfacet
 facet normal 0.17914 0.96738 -0.17914
  outer loop
   vertex -0.5616 1.5093 0.0468
   vertex -0.6514 1.5216 0.0233
   vertex -0.6336 1.5328 0.1018
  endloop
 endfacet
 facet normal -0.17914 -0.96738 0.17914
  outer loop
   vertex -0.6201 1.1934 0.1053
   vertex -0.6921 1.2169 0.1603
   vertex -0.7099 1.2057 0.0818
  endloop
 endfacet
 facet normal -0.76918 0.02419 -0.63857
  outer loop
   vertex -0.6514 1.5216 0.0233
   vertex -0.6016 1.5011 -0.0374
   vertex -0.6601 1.1852 0.0211
  endloop
 endfacet
 facet normal -0.76918 0.02419 -0.63857
  outer loop
   vertex -0.6514 1.5216 0.0233
   vertex -0.6601 1.1852 0.0211
   vertex -0.7099 1.2057 0.0818
  endloop
 endfacet
 facet normal 0.17914 0.96738 -0.17914
  outer loop
   vertex -0.5616 1.5093 0.0468
   vertex -0.6016 1.5011 -0.0374
   vertex -0.6514 1.5216 0.0233
  endloop
 endfacet
 facet normal -0.17914 -0.96738 0.17914
  outer loop
   vertex -0.6201 1.1934 0.1053
   vertex -0.7099 1.2057 0.0818
   vertex -0.6601 1.1852 0.0211
  endloop
 endfacet
 facet normal 0.00000 -0.18209 -0.98328
  outer loop
   vertex -0.6016 1.5011 -0.0374
   vertex -0.5216 1.4868 -0.0348
   vertex -0.5801 1.1709 0.0237
  endloop
 endfacet
 facet normal 0.00000 -0.18209 -0.98328
  outer loop
   vertex -0.6016 1.5011 -0.0374
   vertex -0.5801 1.1709 0.0237
   vertex -0.6601 1.1852 0.0211
  endloop
 endfacet
 facet normal 0.17914 0.96738 -0.17914
  outer loop
   vertex -0.5616 1.5093 0.0468
   vertex -0.5216 1.4868 -0.0348
   vertex -0.6016 1.5011 -0.0374
  endloop
 endfacet
 facet normal -0.17914 -0.96738 0.17914
  outer loop
   vertex -0.6201 1.1934 0.1053
   vertex -0.6601 1.1852 0.0211
   vertex -0.5801 1.1709 0.0237
  endloop
 endfacet
 facet normal 0.76918 -0.25125 -0.58756
  outer loop
   vertex -0.5216 1.4868 -0.0348
   vertex -0.4718 1.4894 0.0293
   vertex -0.5303 1.1735 0.0878
  endloop
 endfacet
 facet normal 0.76918 -0.25125 -0.58756
  outer loop
   vertex -0.5216 1.4868 -0.0348
   vertex -0.5303 1.1735 0.0878
   vertex -0.5801 1.1709 0.0237
  endloop
 endfacet
 facet normal 0.17914 0.96738 -0.17914
  outer loop
   vertex -0.5616 1.5093 0.0468
   vertex -0.4718 1.4894 0.0293
   vertex -0.5216 1.4868 -0.0348
  endloop
 endfacet
 facet normal -0.17914 -0.96738 0.17914
  outer loop
   vertex -0.6201 1.1934 0.1053
   vertex -0.5801 1.1709 0.0237
   vertex -0.5303 1.1735 0.0878
  endloop
 endfacet
 facet normal 0.95916 -0.13121 0.25060
  outer loop
   vertex -0.4718 1.4894 0.0293
   vertex -0.4896 1.5070 0.1066
   vertex -0.5481 1.1911 0.1651
  endloop
 endfacet
 facet normal 0.95916 -0.13121 0.25060
  outer loop
   vertex -0.4718 1.4894 0.0293
   vertex -0.5481 1.1911 0.1651
   vertex -0.5303 1.1735 0.0878
  endloop
 endfacet
 facet normal 0.17914 0.96738 -0.17914
  outer loop
   vertex -0.5616 1.5093 0.0468
   vertex -0.4896 1.5070 0.1066
   vertex -0.4718 1.4894 0.0293
  endloop
 endfacet
 facet normal -0.17914 -0.96738 0.17914
  outer loop
   vertex -0.6201 1.1934 0.1053
   vertex -0.5303 1.1735 0.0878
   vertex -0.5481 1.1911 0.1651
  endloop
 endfacet
 facet normal 0.42686 0.08763 0.90006
  outer loop
   vertex -0.4896 1.5070 0.1066
   vertex -0.5616 1.5263 0.1388
   vertex -0.6201 1.2104 0.1973
  endloop
 endfacet
 facet normal 0.42686 0.08763 0.90006
  outer loop
   vertex -0.4896 1.5070 0.1066
   vertex -0.6201 1.2104 0.1973
   vertex -0.5481 1.1911 0.1651
  endloop
 endfacet
 facet normal 0.17914 0.96738 -0.17914
  outer loop
   vertex -0.5616 1.5093 0.0468
   vertex -0.5616 1.5263 0.1388
   vertex -0.4896 1.5070 0.1066
  endloop
 endfacet
 facet normal -0.17914 -0.96738 0.17914
  outer loop
   vertex -0.6201 1.1934 0.1053
   vertex -0.5481 1.1911 0.1651
   vertex -0.6201 1.2104 0.1973
  endloop
 endfacet
 facet normal -0.37262 -0.89959 -0.22779
  outer loop
   vertex -0.6201 1.2987 0.1053
   vertex -0.5456 1.2679 0.1053
   vertex -0.5829 1.2679 0.1662
  endloop
 endfacet
 facet normal 0.00000 -0.89212 -0.45179
  outer loop
   vertex -0.6201 1.2987 0.1053
   vertex -0.5829 1.2679 0.1662
   vertex -0.6573 1.2679 0.1662
  endloop
 endfacet
 facet normal 0.37262 -0.89959 -0.22779
  outer loop
   vertex -0.6201 1.2987 0.1053
   vertex -0.6573 1.2679 0.1662
   vertex -0.6946 1.2679 0.1053
  endloop
 endfacet
 facet normal 0.37262 -0.89959 0.22779
  outer loop
   vertex -0.6201 1.2987 0.1053
   vertex -0.6946 1.2679 0.1053
   vertex -0.6573 1.2679 0.0444
  endloop
 endfacet
 facet normal 0.00000 -0.89212 0.45179
  outer loop
   vertex -0.6201 1.2987 0.1053
   vertex -0.6573 1.2679 0.0444
   vertex -0.5829 1.2679 0.0444
  endloop
 endfacet
 facet normal -0.37262 -0.89959 0.22779
  outer loop
   vertex -0.6201 1.2987 0.1053
   vertex -0.5829 1.2679 0.0444
   vertex -0.5456 1.2679 0.1053
  endloop
 endfacet
 facet normal -0.80445 -0.33321 -0.49177
  outer loop
   vertex -0.5456 1.2679 0.1053
   vertex -0.5148 1.1934 0.1053
   vertex -0.5829 1.2679 0.1662
  endloop
 endfacet
 facet normal -0.80445 -0.33321 -0.49177
  outer loop
   vertex -0.5829 1.2679 0.1662
   vertex -0.5148 1.1934 0.1053
   vertex -0.5675 1.1934 0.1914
  endloop
 endfacet
 facet normal 0.00000 -0.32088 -0.94712
  outer loop
   vertex -0.5829 1.2679 0.1662
   vertex -0.5675 1.1934 0.1914
   vertex -0.6573 1.2679 0.1662
  endloop
 endfacet
 facet normal 0.00000 -0.32088 -0.94712
  outer loop
   vertex -0.6573 1.2679 0.1662
   vertex -0.5675 1.1934 0.1914
   vertex -0.6727 1.1934 0.1914
  endloop
 endfacet
 facet normal 0.80445 -0.33321 -0.49177
  outer loop
   vertex -0.6573 1.2679 0.1662
   vertex -0.6727 1.1934 0.1914
   vertex -0.6946 1.2679 0.1053
  endloop
 endfacet
 facet normal 0.80445 -0.33321 -0.49177
  outer loop
   vertex -0.6946 1.2679 0.1053
   vertex -0.6727 1.1934 0.1914
   vertex -0.7254 1.1934 0.1053
  endloop
 endfacet
 facet normal 0.80445 -0.33321 0.49177
  outer loop
   vertex -0.6946 1.2679 0.1053
   vertex -0.7254 1.1934 0.1053
   vertex -0.6573 1.2679 0.0444
  endloop
 endfacet
 facet normal 0.80445 -0.33321 0.49177
  outer loop
   vertex -0.6573 1.2679 0.0444
   vertex -0.7254 1.1934 0.1053
   vertex -0.6728 1.1934 0.0192
  endloop
 endfacet
 facet normal 0.00000 -0.32088 0.94712
  outer loop
   vertex -0.6573 1.2679 0.0444
   vertex -0.6728 1.1934 0.0192
   vertex -0.5829 1.2679 0.0444
  endloop
 endfacet
 facet normal 0.00000 -0.32088 0.94712
  outer loop
   vertex -0.5829 1.2679 0.0444
   vertex -0.6728 1.1934 0.0192
   vertex -0.5675 1.1934 0.0192
  endloop
 endfacet
 facet normal -0.80445 -0.33321 0.49177
  outer loop
   vertex -0.5829 1.2679 0.0444
   vertex -0.5675 1.1934 0.0192
   vertex -0.5456 1.2679 0.1053
  endloop
 endfacet
 facet normal -0.80445 -0.33321 0.49177
  outer loop
   vertex -0.5456 1.2679 0.1053
   vertex -0.5675 1.1934 0.0192
   vertex -0.5148 1.1934 0.1053
  endloop
 endfacet
 facet normal -0.80445 0.33321 -0.49177
  outer loop
   vertex -0.5148 1.1934 0.1053
   vertex -0.5456 1.1189 0.1053
   vertex -0.5675 1.1934 0.1914
  endloop
 endfacet
 facet normal -0.80445 0.33321 -0.49177
  outer loop
   vertex -0.5675 1.1934 0.1914
   vertex -0.5456 1.1189 0.1053
   vertex -0.5829 1.1189 0.1662
  endloop
 endfacet
 facet normal 0.00000 0.32088 -0.94712
  outer loop
   vertex -0.5675 1.1934 0.1914
   vertex -0.5829 1.1189 0.1662
   vertex -0.6727 1.1934 0.1914
  endloop
 endfacet
 facet normal -0.00000 0.32088 -0.94712
  outer loop
   vertex -0.6727 1.1934 0.1914
   vertex -0.5829 1.1189 0.1662
   vertex -0.6573 1.1189 0.1662
  endloop
 endfacet
 facet normal 0.80445 0.33321 -0.49177
  outer loop
   vertex -0.6727 1.1934 0.1914
   vertex -0.6573 1.1189 0.1662
   vertex -0.7254 1.1934 0.1053
  endloop
 endfacet
 facet normal 0.80445 0.33321 -0.49177
  outer loop
   vertex -0.7254 1.1934 0.1053
   vertex -0.6573 1.1189 0.1662
   vertex -0.6946 1.1189 0.1053
  endloop
 endfacet
 facet normal 0.80445 0.33321 0.49177
  outer loop
   vertex -0.7254 1.1934 0.1053
   vertex -0.6946 1.1189 0.1053
   vertex -0.6728 1.1934 0.0192
  endloop
 endfacet
 facet normal 0.80445 0.33321 0.49177
  outer loop
   vertex -0.6728 1.1934 0.0192
   vertex -0.6946 1.1189 0.1053
   vertex -0.6573 1.1189 0.0444
  endloop
 endfacet
 facet normal 0.00000 0.32088 0.94712
  outer loop
   vertex -0.6728 1.1934 0.0192
   vertex -0.6573 1.1189 0.0444
   vertex -0.5675 1.1934 0.0192
  endloop
 endfacet
 facet normal 0.00000 0.32088 0.94712
  outer loop
   vertex -0.5675 1.1934 0.0192
   vertex -0.6573 1.1189 0.0444
   vertex -0.5829 1.1189 0.0444
  endloop
 endfacet
 facet normal -0.80445 0.33321 0.49177
  outer loop
   vertex -0.5675 1.1934 0.0192
   vertex -0.5829 1.1189 0.0444
   vertex -0.5148 1.1934 0.1053
  endloop
 endfacet
 facet normal -0.80445 0.33321 0.49177
  outer loop
   vertex -0.5148 1.1934 0.1053
   vertex -0.5829 1.1189 0.0444
   vertex -0.5456 1.1189 0.1053
  endloop
 endfacet
 facet normal -0.37262 0.89959 -0.22779
  outer loop
   vertex -0.5456 1.1189 0.1053
   vertex -0.6201 1.0881 0.1053
   vertex -0.5829 1.1189 0.1662
  endloop
 endfacet
 facet normal -0.00000 0.89212 -0.45179
  outer loop
   vertex -0.5829 1.1189 0.1662
   vertex -0.6201 1.0881 0.1053
   vertex -0.6573 1.1189 0.1662
  endloop
 endfacet
 facet normal 0.37262 0.89959 -0.22779
  outer loop
   vertex -0.6573 1.1189 0.1662
   vertex -0.6201 1.0881 0.1053
   vertex -0.6946 1.1189 0.1053
  endloop
 endfacet
 facet normal 0.37262 0.89959 0.22779
  outer loop
   vertex -0.6946 1.1189 0.1053
   vertex -0.6201 1.0881 0.1053
   vertex -0.6573 1.1189 0.0444
  endloop
 endfacet
 facet normal 0.00000 0.89212 0.45179
  outer loop
   vertex -0.6573 1.1189 0.0444
   vertex -0.6201 1.0881 0.1053
   vertex -0.5829 1.1189 0.0444
  endloop
 endfacet
 facet normal -0.37262 0.89959 0.22779
  outer loop
   vertex -0.5829 1.1189 0.0444
   vertex -0.6201 1.0881 0.1053
   vertex -0.5456 1.1189 0.1053
  endloop
 endfacet
 facet normal -0.34855 -0.91159 -0.21800
  outer loop
   vertex -0.4797 2.0475 0.0000
   vertex -0.3721 2.0064 0.0000
   vertex -0.4259 2.0064 0.0860
  endloop
 endfacet
 facet normal -0.00000 -0.90212 -0.43148
  outer loop
   vertex -0.4797 2.0475 0.0000
   vertex -0.4259 2.0064 0.0860
   vertex -0.5335 2.0064 0.0860
  endloop
 endfacet
 facet normal 0.34855 -0.91159 -0.21800
  outer loop
   vertex -0.4797 2.0475 0.0000
   vertex -0.5335 2.0064 0.0860
   vertex -0.5873 2.0064 0.0000
  endloop
 endfacet
 facet normal 0.34855 -0.91159 0.21800
  outer loop
   vertex -0.4797 2.0475 0.0000
   vertex -0.5873 2.0064 0.0000
   vertex -0.5335 2.0064 -0.0860
  endloop
 endfacet
 facet normal 0.00000 -0.90212 0.43148
  outer loop
   vertex -0.4797 2.0475 0.0000
   vertex -0.5335 2.0064 -0.0860
   vertex -0.4259 2.0064 -0.0860
  endloop
 endfacet
 facet normal -0.34855 -0.91159 0.21800
  outer loop
   vertex -0.4797 2.0475 0.0000
   vertex -0.4259 2.0064 -0.0860
   vertex -0.3721 2.0064 -0.0000
  endloop
 endfacet
 facet normal -0.79241 -0.35558 -0.49562
  outer loop
   vertex -0.3721 2.0064 0.0000
   vertex -0.3276 1.9071 0.0000
   vertex -0.4259 2.0064 0.0860
  endloop
 endfacet
 facet normal -0.79241 -0.35558 -0.49562
  outer loop
   vertex -0.4259 2.0064 0.0860
   vertex -0.3276 1.9071 0.0000
   vertex -0.4036 1.9071 0.1216
  endloop
 endfacet
 facet normal -0.00000 -0.33765 -0.94127
  outer loop
   vertex -0.4259 2.0064 0.0860
   vertex -0.4036 1.9071 0.1216
   vertex -0.5335 2.0064 0.0860
  endloop
 endfacet
 facet normal -0.00000 -0.33765 -0.94127
  outer loop
   vertex -0.5335 2.0064 0.0860
   vertex -0.4036 1.9071 0.1216
   vertex -0.5557 1.9071 0.1216
  endloop
 endfacet
 facet normal 0.79241 -0.35558 -0.49562
  outer loop
   vertex -0.5335 2.0064 0.0860
   vertex -0.5557 1.9071 0.1216
   vertex -0.5873 2.0064 0.0000
  endloop
 endfacet
 facet normal 0.79241 -0.35558 -0.49562
  outer loop
   vertex -0.5873 2.0064 0.0000
   vertex -0.5557 1.9071 0.1216
   vertex -0.6318 1.9071 0.0000
  endloop
 endfacet
 facet normal 0.79241 -0.35558 0.49562
  outer loop
   vertex -0.5873 2.0064 0.0000
   vertex -0.6318 1.9071 0.0000
   vertex -0.5335 2.0064 -0.0860
  endloop
 endfacet
 facet normal 0.79241 -0.35558 0.49562
  outer loop
   vertex -0.5335 2.0064 -0.0860
   vertex -0.6318 1.9071 0.0000
   vertex -0.5557 1.9071 -0.1216
  endloop
 endfacet
 facet normal 0.00000 -0.33765 0.94127
  outer loop
   vertex -0.5335 2.0064 -0.0860
   vertex -0.5557 1.9071 -0.1216
   vertex -0.4259 2.0064 -0.0860
  endloop
 endfacet
 facet normal 0.00000 -0.33765 0.94127
  outer loop
   vertex -0.4259 2.0064 -0.0860
   vertex -0.5557 1.9071 -0.1216
   vertex -0.4036 1.9071 -0.1216
  endloop
 endfacet
 facet normal -0.79241 -0.35558 0.49562
  outer loop
   vertex -0.4259 2.0064 -0.0860
   vertex -0.4036 1.9071 -0.1216
   vertex -0.3721 2.0064 -0.0000
  endloop
 endfacet
 facet normal -0.79241 -0.35558 0.49562
  outer loop
   vertex -0.3721 2.0064 -0.0000
   vertex -0.4036 1.9071 -0.1216
   vertex -0.3276 1.9071 -0.0000
  endloop
 endfacet
 facet normal -0.79241 0.35558 -0.49562
  outer loop
   vertex -0.3276 1.9071 0.0000
   vertex -0.3721 1.8078 0.0000
   vertex -0.4036 1.9071 0.1216
  endloop
 endfacet
 facet normal -0.79241 0.35558 -0.49562
  outer loop
   vertex -0.4036 1.9071 0.1216
   vertex -0.3721 1.8078 0.0000
   vertex -0.4259 1.8078 0.0860
  endloop
 endfacet
 facet normal -0.00000 0.33765 -0.94127
  outer loop
   vertex -0.4036 1.9071 0.1216
   vertex -0.4259 1.8078 0.0860
   vertex -0.5557 1.9071 0.1216
  endloop
 endfacet
 facet normal 0.00000 0.33765 -0.94127
  outer loop
   vertex -0.5557 1.9071 0.1216
   vertex -0.4259 1.8078 0.0860
   vertex -0.5335 1.8078 0.0860
  endloop
 endfacet
 facet normal 0.79241 0.35558 -0.49562
  outer loop
   vertex -0.5557 1.9071 0.1216
   vertex -0.5335 1.8078 0.0860
   vertex -0.6318 1.9071 0.0000
  endloop
 endfacet
 facet normal 0.79241 0.35558 -0.49562
  outer loop
   vertex -0.6318 1.9071 0.0000
   vertex -0.5335 1.8078 0.0860
   vertex -0.5873 1.8078 0.0000
  endloop
 endfacet
 facet normal 0.79241 0.35558 0.49562
  outer loop
   vertex -0.6318 1.9071 0.0000
   vertex -0.5873 1.8078 0.0000
   vertex -0.5557 1.9071 -0.1216
  endloop
 endfacet
 facet normal 0.79241 0.35558 0.49562
  outer loop
   vertex -0.5557 1.9071 -0.1216
   vertex -0.5873 1.8078 0.0000
   vertex -0.5335 1.8078 -0.0860
  endloop
 endfacet
 facet normal 0.00000 0.33765 0.94127
  outer loop
   vertex -0.5557 1.9071 -0.1216
   vertex -0.5335 1.8078 -0.0860
   vertex -0.4036 1.9071 -0.1216
  endloop
 endfacet
 facet normal 0.00000 0.33765 0.94127
  outer loop
   vertex -0.4036 1.9071 -0.1216
   vertex -0.5335 1.8078 -0.0860
   vertex -0.4259 1.8078 -0.0860
  endloop
 endfacet
 facet normal -0.79241 0.35558 0.49562
  outer loop
   vertex -0.4036 1.9071 -0.1216
   vertex -0.4259 1.8078 -0.0860
   vertex -0.3276 1.9071 -0.0000
  endloop
 endfacet
 facet normal -0.79241 0.35558 0.49562
  outer loop
   vertex -0.3276 1.9071 -0.0000
   vertex -0.4259 1.8078 -0.0860
   vertex -0.3721 1.8078 -0.0000
  endloop
 endfacet
 facet normal -0.34855 0.91159 -0.21800
  outer loop
   vertex -0.3721 1.8078 0.0000
   vertex -0.4797 1.7667 0.0000
   vertex -0.4259 1.8078 0.0860
  endloop
 endfacet
 facet normal 0.00000 0.90212 -0.43148
  outer loop
   vertex -0.4259 1.8078 0.0860
   vertex -0.4797 1.7667 0.0000
   vertex -0.5335 1.8078 0.0860
  endloop
 endfacet
 facet normal 0.34855 0.91159 -0.21800
  outer loop
   vertex -0.5335 1.8078 0.0860
   vertex -0.4797 1.7667 0.0000
   vertex -0.5873 1.8078 0.0000
  endloop
 endfacet
 facet normal 0.34855 0.91159 0.21800
  outer loop
   vertex -0.5873 1.8078 0.0000
   vertex -0.4797 1.7667 0.0000
   vertex -0.5335 1.8078 -0.0860
  endloop
 endfacet
 facet normal 0.00000 0.90212 0.43148
  outer loop
   vertex -0.5335 1.8078 -0.0860
   vertex -0.4797 1.7667 -0.0000
   vertex -0.4259 1.8078 -0.0860
  endloop
 endfacet
 facet normal -0.34855 0.91159 0.21800
  outer loop
   vertex -0.4259 1.8078 -0.0860
   vertex -0.4797 1.7667 -0.0000
   vertex -0.3721 1.8078 -0.0000
  endloop
 endfacet
 facet normal -0.42509 0.01895 0.90495
  outer loop
   vertex 0.4797 1.9276 0.1743
   vertex 0.3453 1.8926 0.1119
   vertex 0.4272 1.4948 0.1587
  endloop
 endfacet
 facet normal -0.42509 0.01895 0.90495
  outer loop
   vertex 0.4797 1.9276 0.1743
   vertex 0.4272 1.4948 0.1587
   vertex 0.5616 1.5298 0.2211
  endloop
 endfacet
 facet normal -0.20033 0.97302 -0.11447
  outer loop
   vertex 0.4797 1.9071 0.0000
   vertex 0.3453 1.8926 0.1119
   vertex 0.4797 1.9276 0.1743
  endloop
 endfacet
 facet normal 0.20033 -0.97302 0.11447
  outer loop
   vertex 0.5616 1.5093 0.0468
   vertex 0.5616 1.5298 0.2211
   vertex 0.4272 1.4948 0.1587
  endloop
 endfacet
 facet normal -0.95517 -0.16797 0.24382
  outer loop
   vertex 0.3453 1.8926 0.1119
   vertex 0.3121 1.8685 -0.0348
   vertex 0.3940 1.4707 0.0120
  endloop
 endfacet
 facet normal -0.95517 -0.16797 0.24382
  outer loop
   vertex 0.3453 1.8926 0.1119
   vertex 0.3940 1.4707 0.0120
   vertex 0.4272 1.4948 0.1587
  endloop
 endfacet
 facet normal -0.20033 0.97302 -0.11447
  outer loop
   vertex 0.4797 1.9071 0.0000
   vertex 0.3121 1.8685 -0.0348
   vertex 0.3453 1.8926 0.1119
  endloop
 endfacet
 facet normal 0.20033 -0.97302 0.11447
  outer loop
   vertex 0.5616 1.5093 0.0468
   vertex 0.4272 1.4948 0.1587
   vertex 0.3940 1.4707 0.0120
  endloop
 endfacet
 facet normal -0.76598 -0.22840 -0.60092
  outer loop
   vertex 0.3121 1.8685 -0.0348
   vertex 0.4051 1.8735 -0.1553
   vertex 0.4870 1.4757 -0.1085
  endloop
 endfacet
 facet normal -0.76598 -0.22840 -0.60092
  outer loop
   vertex 0.3121 1.8685 -0.0348
   vertex 0.4870 1.4757 -0.1085
   vertex 0.3940 1.4707 0.0120
  endloop
 endfacet
 facet normal -0.20033 0.97302 -0.11447
  outer loop
   vertex 0.4797 1.9071 0.0000
   vertex 0.4051 1.8735 -0.1553
   vertex 0.3121 1.8685 -0.0348
  endloop
 endfacet
 facet normal 0.20033 -0.97302 0.11447
  outer loop
   vertex 0.5616 1.5093 0.0468
   vertex 0.3940 1.4707 0.0120
   vertex 0.4870 1.4757 -0.1085
  endloop
 endfacet
 facet normal -0.00000 -0.11684 -0.99315
  outer loop
   vertex 0.4051 1.8735 -0.1553
   vertex 0.5543 1.9038 -0.1588
   vertex 0.6362 1.5060 -0.1120
  endloop
 endfacet
 facet normal -0.00000 -0.11684 -0.99315
  outer loop
   vertex 0.4051 1.8735 -0.1553
   vertex 0.6362 1.5060 -0.1120
   vertex 0.4870 1.4757 -0.1085
  endloop
 endfacet
 facet normal -0.20033 0.97302 -0.11447
  outer loop
   vertex 0.4797 1.9071 0.0000
   vertex 0.5543 1.9038 -0.1588
   vertex 0.4051 1.8735 -0.1553
  endloop
 endfacet
 facet normal 0.20033 -0.97302 0.11447
  outer loop
   vertex 0.5616 1.5093 0.0468
   vertex 0.4870 1.4757 -0.1085
   vertex 0.6362 1.5060 -0.1120
  endloop
 endfacet
 facet normal 0.76598 0.08270 -0.63752
  outer loop
   vertex 0.5543 1.9038 -0.1588
   vertex 0.6473 1.9366 -0.0428
   vertex 0.7292 1.5388 0.0040
  endloop
 endfacet
 facet normal 0.76598 0.08270 -0.63752
  outer loop
   vertex 0.5543 1.9038 -0.1588
   vertex 0.7292 1.5388 0.0040
   vertex 0.6362 1.5060 -0.1120
  endloop
 endfacet
 facet normal -0.20033 0.97302 -0.11447
  outer loop
   vertex 0.4797 1.9071 0.0000
   vertex 0.6473 1.9366 -0.0428
   vertex 0.5543 1.9038 -0.1588
  endloop
 endfacet
 facet normal 0.20033 -0.97302 0.11447
  outer loop
   vertex 0.5616 1.5093 0.0468
   vertex 0.6362 1.5060 -0.1120
   vertex 0.7292 1.5388 0.0040
  endloop
 endfacet
 facet normal 0.95517 0.21997 0.19818
  outer loop
   vertex 0.6473 1.9366 -0.0428
   vertex 0.6141 1.9472 0.1055
   vertex 0.6960 1.5494 0.1523
  endloop
 endfacet
 facet normal 0.95517 0.21997 0.19818
  outer loop
   vertex 0.6473 1.9366 -0.0428
   vertex 0.6960 1.5494 0.1523
   vertex 0.7292 1.5388 0.0040
  endloop
 endfacet
 facet normal -0.20033 0.97302 -0.11447
  outer loop
   vertex 0.4797 1.9071 0.0000
   vertex 0.6141 1.9472 0.1055
   vertex 0.6473 1.9366 -0.0428
  endloop
 endfacet
 facet normal 0.20033 -0.97302 0.11447
  outer loop
   vertex 0.5616 1.5093 0.0468
   vertex 0.7292 1.5388 0.0040
   vertex 0.6960 1.5494 0.1523
  endloop
 endfacet
 facet normal 0.42509 0.19159 0.88464
  outer loop
   vertex 0.6141 1.9472 0.1055
   vertex 0.4797 1.9276 0.1743
   vertex 0.5616 1.5298 0.2211
  endloop
 endfacet
 facet normal 0.42509 0.19159 0.88464
  outer loop
   vertex 0.6141 1.9472 0.1055
   vertex 0.5616 1.5298 0.2211
   vertex 0.6960 1.5494 0.1523
  endloop
 endfacet
 facet normal -0.20033 0.97302 -0.11447
  outer loop
   vertex 0.4797 1.9071 0.0000
   vertex 0.4797 1.9276 0.1743
   vertex 0.6141 1.9472 0.1055
  endloop
 endfacet
 facet normal 0.20033 -0.97302 0.11447
  outer loop
   vertex 0.5616 1.5093 0.0468
   vertex 0.6960 1.5494 0.1523
   vertex 0.5616 1.5298 0.2211
  endloop
 endfacet
 facet normal -0.42686 0.08763 0.90006
  outer loop
   vertex 0.5616 1.5263 0.1388
   vertex 0.4896 1.5070 0.1066
   vertex 0.5481 1.1911 0.1651
  endloop
 endfacet
 facet normal -0.42686 0.08763 0.90006
  outer loop
   vertex 0.5616 1.5263 0.1388
   vertex 0.5481 1.1911 0.1651
   vertex 0.6201 1.2104 0.1973
  endloop
 endfacet
 facet normal -0.17914 0.96738 -0.17914
  outer loop
   vertex 0.5616 1.5093 0.0468
   vertex 0.4896 1.5070 0.1066
   vertex 0.5616 1.5263 0.1388
  endloop
 endfacet
 facet normal 0.17914 -0.96738 0.17914
  outer loop
   vertex 0.6201 1.1934 0.1053
   vertex 0.6201 1.2104 0.1973
   vertex 0.5481 1.1911 0.1651
  endloop
 endfacet
 facet normal -0.95916 -0.13121 0.25060
  outer loop
   vertex 0.4896 1.5070 0.1066
   vertex 0.4718 1.4894 0.0293
   vertex 0.5303 1.1735 0.0878
  endloop
 endfacet
 facet normal -0.95916 -0.13121 0.25060
  outer loop
   vertex 0.4896 1.5070 0.1066
   vertex 0.5303 1.1735 0.0878
   vertex 0.5481 1.1911 0.1651
  endloop
 endfacet
 facet normal -0.17914 0.96738 -0.17914
  outer loop
   vertex 0.5616 1.5093 0.0468
   vertex 0.4718 1.4894 0.0293
   vertex 0.4896 1.5070 0.1066
  endloop
 endfacet
 facet normal 0.17914 -0.96738 0.17914
  outer loop
   vertex 0.6201 1.1934 0.1053
   vertex 0.5481 1.1911 0.1651
   vertex 0.5303 1.1735 0.0878
  endloop
 endfacet
 facet normal -0.76918 -0.25125 -0.58756
  outer loop
   vertex 0.4718 1.4894 0.0293
   vertex 0.5216 1.4868 -0.0348
   vertex 0.5801 1.1709 0.0237
  endloop
 endfacet
 facet normal -0.76918 -0.25125 -0.58756
  outer loop
   vertex 0.4718 1.4894 0.0293
   vertex 0.5801 1.1709 0.0237
   vertex 0.5303 1.1735 0.0878
  endloop
 endfacet
 facet normal -0.17914 0.96738 -0.17914
  outer loop
   vertex 0.5616 1.5093 0.0468
   vertex 0.5216 1.4868 -0.0348
   vertex 0.4718 1.4894 0.0293
  endloop
 endfacet
 facet normal 0.17914 -0.96738 0.17914
  outer loop
   vertex 0.6201 1.1934 0.1053
   vertex 0.5303 1.1735 0.0878
   vertex 0.5801 1.1709 0.0237
  endloop
 endfacet
 facet normal -0.00000 -0.18209 -0.98328
  outer loop
   vertex 0.5216 1.4868 -0.0348
   vertex 0.6016 1.5011 -0.0374
   vertex 0.6601 1.1852 0.0211
  endloop
 endfacet
 facet normal -0.00000 -0.18209 -0.98328
  outer loop
   vertex 0.5216 1.4868 -0.0348
   vertex 0.6601 1.1852 0.0211
   vertex 0.5801 1.1709 0.0237
  endloop
 endfacet
 facet normal -0.17914 0.96738 -0.17914
  outer loop
   vertex 0.5616 1.5093 0.0468
   vertex 0.6016 1.5011 -0.0374
   vertex 0.5216 1.4868 -0.0348
  endloop
 endfacet
 facet normal 0.17914 -0.96738 0.17914
  outer loop
   vertex 0.6201 1.1934 0.1053
   vertex 0.5801 1.1709 0.0237
   vertex 0.6601 1.1852 0.0211
  endloop
 endfacet
 facet normal 0.76918 0.02419 -0.63857
  outer loop
   vertex 0.6016 1.5011 -0.0374
   vertex 0.6514 1.5216 0.0233
   vertex 0.7099 1.2057 0.0818
  endloop
 endfacet
 facet normal 0.76918 0.02419 -0.63857
  outer loop
   vertex 0.6016 1.5011 -0.0374
   vertex 0.7099 1.2057 0.0818
   vertex 0.6601 1.1852 0.0211
  endloop
 endfacet
 facet normal -0.17914 0.96738 -0.17914
  outer loop
   vertex 0.5616 1.5093 0.0468
   vertex 0.6514 1.5216 0.0233
   vertex 0.6016 1.5011 -0.0374
  endloop
 endfacet
 facet normal 0.17914 -0.96738 0.17914
  outer loop
   vertex 0.6201 1.1934 0.1053
   vertex 0.6601 1.1852 0.0211
   vertex 0.7099 1.2057 0.0818
  endloop
 endfacet
 facet normal 0.95916 0.21225 0.18700
  outer loop
   vertex 0.6514 1.5216 0.0233
   vertex 0.6336 1.5328 0.1018
   vertex 0.6921 1.2169 0.1603
  endloop
 endfacet
 facet normal 0.95916 0.21225 0.18700
  outer loop
   vertex 0.6514 1.5216 0.0233
   vertex 0.6921 1.2169 0.1603
   vertex 0.7099 1.2057 0.0818
  endloop
 endfacet
 facet normal -0.17914 0.96738 -0.17914
  outer loop
   vertex 0.5616 1.5093 0.0468
   vertex 0.6336 1.5328 0.1018
   vertex 0.6514 1.5216 0.0233
  endloop
 endfacet
 facet normal 0.17914 -0.96738 0.17914
  outer loop
   vertex 0.6201 1.1934 0.1053
   vertex 0.7099 1.2057 0.0818
   vertex 0.6921 1.2169 0.1603
  endloop
 endfacet
 facet normal 0.42686 0.24048 0.87175
  outer loop
   vertex 0.6336 1.5328 0.1018
   vertex 0.5616 1.5263 0.1388
   vertex 0.6201 1.2104 0.1973
  endloop
 endfacet
 facet normal 0.42686 0.24048 0.87175
  outer loop
   vertex 0.6336 1.5328 0.1018
   vertex 0.6201 1.2104 0.1973
   vertex 0.6921 1.2169 0.1603
  endloop
 endfacet
 facet normal -0.17914 0.96738 -0.17914
  outer loop
   vertex 0.5616 1.5093 0.0468
   vertex 0.5616 1.5263 0.1388
   vertex 0.6336 1.5328 0.1018
  endloop
 endfacet
 facet normal 0.17914 -0.96738 0.17914
  outer loop
   vertex 0.6201 1.1934 0.1053
   vertex 0.6921 1.2169 0.1603
   vertex 0.6201 1.2104 0.1973
  endloop
 endfacet
 facet normal -0.37262 -0.89959 -0.22779
  outer loop
   vertex 0.6201 1.2987 0.1053
   vertex 0.6946 1.2679 0.1053
   vertex 0.6573 1.2679 0.1662
  endloop
 endfacet
 facet normal 0.00000 -0.89212 -0.45179
  outer loop
   vertex 0.6201 1.2987 0.1053
   vertex 0.6573 1.2679 0.1662
   vertex 0.5829 1.2679 0.1662
  endloop
 endfacet
 facet normal 0.37262 -0.89959 -0.22779
  outer loop
   vertex 0.6201 1.2987 0.1053
   vertex 0.5829 1.2679 0.1662
   vertex 0.5456 1.2679 0.1053
  endloop
 endfacet
 facet normal 0.37262 -0.89959 0.22779
  outer loop
   vertex 0.6201 1.2987 0.1053
   vertex 0.5456 1.2679 0.1053
   vertex 0.5829 1.2679 0.0444
  endloop
 endfacet
 facet normal 0.00000 -0.89212 0.45179
  outer loop
   vertex 0.6201 1.2987 0.1053
   vertex 0.5829 1.2679 0.0444
   vertex 0.6573 1.2679 0.0444
  endloop
 endfacet
 facet normal -0.37262 -0.89959 0.22779
  outer loop
   vertex 0.6201 1.2987 0.1053
   vertex 0.6573 1.2679 0.0444
   vertex 0.6946 1.2679 0.1053
  endloop
 endfacet
 facet normal -0.80445 -0.33321 -0.49177
  outer loop
   vertex 0.6946 1.2679 0.1053
   vertex 0.7254 1.1934 0.1053
   vertex 0.6573 1.2679 0.1662
  endloop
 endfacet
 facet normal -0.80445 -0.33321 -0.49177
  outer loop
   vertex 0.6573 1.2679 0.1662
   vertex 0.7254 1.1934 0.1053
   vertex 0.6727 1.1934 0.1914
  endloop
 endfacet
 facet normal 0.00000 -0.32088 -0.94712
  outer loop
   vertex 0.6573 1.2679 0.1662
   vertex 0.6727 1.1934 0.1914
   vertex 0.5829 1.2679 0.1662
  endloop
 endfacet
 facet normal 0.00000 -0.32088 -0.94712
  outer loop
   vertex 0.5829 1.2679 0.1662
   vertex 0.6727 1.1934 0.1914
   vertex 0.5675 1.1934 0.1914
  endloop
 endfacet
 facet normal 0.80445 -0.33321 -0.49177
  outer loop
   vertex 0.5829 1.2679 0.1662
   vertex 0.5675 1.1934 0.1914
   vertex 0.5456 1.2679 0.1053
  endloop
 endfacet
 facet normal 0.80445 -0.33321 -0.49177
  outer loop
   vertex 0.5456 1.2679 0.1053
   vertex 0.5675 1.1934 0.1914
   vertex 0.5148 1.1934 0.1053
  endloop
 endfacet
 facet normal 0.80445 -0.33321 0.49177
  outer loop
   vertex 0.5456 1.2679 0.1053
   vertex 0.5148 1.1934 0.1053
   vertex 0.5829 1.2679 0.0444
  endloop
 endfacet
 facet normal 0.80445 -0.33321 0.49177
  outer loop
   vertex 0.5829 1.2679 0.0444
   vertex 0.5148 1.1934 0.1053
   vertex 0.5674 1.1934 0.0192
  endloop
 endfacet
 facet normal 0.00000 -0.32088 0.94712
  outer loop
   vertex 0.5829 1.2679 0.0444
   vertex 0.5674 1.1934 0.0192
   vertex 0.6573 1.2679 0.0444
  endloop
 endfacet
 facet normal 0.00000 -0.32088 0.94712
  outer loop
   vertex 0.6573 1.2679 0.0444
   vertex 0.5674 1.1934 0.0192
   vertex 0.6727 1.1934 0.0192
  endloop
 endfacet
 facet normal -0.80445 -0.33321 0.49177
  outer loop
   vertex 0.6573 1.2679 0.0444
   vertex 0.6727 1.1934 0.0192
   vertex 0.6946 1.2679 0.1053
  endloop
 endfacet
 facet normal -0.80445 -0.33321 0.49177
  outer loop
   vertex 0.6946 1.2679 0.1053
   vertex 0.6727 1.1934 0.0192
   vertex 0.7254 1.1934 0.1053
  endloop
 endfacet
 facet normal -0.80445 0.33321 -0.49177
  outer loop
   vertex 0.7254 1.1934 0.1053
   vertex 0.6946 1.1189 0.1053
   vertex 0.6727 1.1934 0.1914
  endloop
 endfacet
 facet normal -0.80445 0.33321 -0.49177
  outer loop
   vertex 0.6727 1.1934 0.1914
   vertex 0.6946 1.1189 0.1053
   vertex 0.6573 1.1189 0.1662
  endloop
 endfacet
 facet normal 0.00000 0.32088 -0.94712
  outer loop
   vertex 0.6727 1.1934 0.1914
   vertex 0.6573 1.1189 0.1662
   vertex 0.5675 1.1934 0.1914
  endloop
 endfacet
 facet normal -0.00000 0.32088 -0.94712
  outer loop
   vertex 0.5675 1.1934 0.1914
   vertex 0.6573 1.1189 0.1662
   vertex 0.5829 1.1189 0.1662
  endloop
 endfacet
 facet normal 0.80445 0.33321 -0.49177
  outer loop
   vertex 0.5675 1.1934 0.1914
   vertex 0.5829 1.1189 0.1662
   vertex 0.5148 1.1934 0.1053
  endloop
 endfacet
 facet normal 0.80445 0.33321 -0.49177
  outer loop
   vertex 0.5148 1.1934 0.1053
   vertex 0.5829 1.1189 0.1662
   vertex 0.5456 1.1189 0.1053
  endloop
 endfacet
 facet normal 0.80445 0.33321 0.49177
  outer loop
   vertex 0.5148 1.1934 0.1053
   vertex 0.5456 1.1189 0.1053
   vertex 0.5674 1.1934 0.0192
  endloop
 endfacet
 facet normal 0.80445 0.33321 0.49177
  outer loop
   vertex 0.5674 1.1934 0.0192
   vertex 0.5456 1.1189 0.1053
   vertex 0.5829 1.1189 0.0444
  endloop
 endfacet
 facet normal 0.00000 0.32088 0.94712
  outer loop
   vertex 0.5674 1.1934 0.0192
   vertex 0.5829 1.1189 0.0444
   vertex 0.6727 1.1934 0.0192
  endloop
 endfacet
 facet normal 0.00000 0.32088 0.94712
  outer loop
   vertex 0.6727 1.1934 0.0192
   vertex 0.5829 1.1189 0.0444
   vertex 0.6573 1.1189 0.0444
  endloop
 endfacet
 facet normal -0.80445 0.33321 0.49177
  outer loop
   vertex 0.6727 1.1934 0.0192
   vertex 0.6573 1.1189 0.0444
   vertex 0.7254 1.1934 0.1053
  endloop
 endfacet
 facet normal -0.80445 0.33321 0.49177
  outer loop
   vertex 0.7254 1.1934 0.1053
   vertex 0.6573 1.1189 0.0444
   vertex 0.6946 1.1189 0.1053
  endloop
 endfacet
 facet normal -0.37262 0.89959 -0.22779
  outer loop
   vertex 0.6946 1.1189 0.1053
   vertex 0.6201 1.0881 0.1053
   vertex 0.6573 1.1189 0.1662
  endloop
 endfacet
 facet normal -0.00000 0.89212 -0.45179
  outer loop
   vertex 0.6573 1.1189 0.1662
   vertex 0.6201 1.0881 0.1053
   vertex 0.5829 1.1189 0.1662
  endloop
 endfacet
 facet normal 0.37262 0.89959 -0.22779
  outer loop
   vertex 0.5829 1.1189 0.1662
   vertex 0.6201 1.0881 0.1053
   vertex 0.5456 1.1189 0.1053
  endloop
 endfacet
 facet normal 0.37262 0.89959 0.22779
  outer loop
   vertex 0.5456 1.1189 0.1053
   vertex 0.6201 1.0881 0.1053
   vertex 0.5829 1.1189 0.0444
  endloop
 endfacet
 facet normal 0.00000 0.89212 0.45179
  outer loop
   vertex 0.5829 1.1189 0.0444
   vertex 0.6201 1.0881 0.1053
   vertex 0.6573 1.1189 0.0444
  endloop
 endfacet
 facet normal -0.37262 0.89959 0.22779
  outer loop
   vertex 0.6573 1.1189 0.0444
   vertex 0.6201 1.0881 0.1053
   vertex 0.6946 1.1189 0.1053
  endloop
 endfacet
 facet normal -0.34855 -0.91159 -0.21800
  outer loop
   vertex 0.4797 2.0475 0.0000
   vertex 0.5873 2.0064 0.0000
   vertex 0.5335 2.0064 0.0860
  endloop
 endfacet
 facet normal -0.00000 -0.90212 -0.43148
  outer loop
   vertex 0.4797 2.0475 0.0000
   vertex 0.5335 2.0064 0.0860
   vertex 0.4259 2.0064 0.0860
  endloop
 endfacet
 facet normal 0.34855 -0.91159 -0.21800
  outer loop
   vertex 0.4797 2.0475 0.0000
   vertex 0.4259 2.0064 0.0860
   vertex 0.3721 2.0064 0.0000
  endloop
 endfacet
 facet normal 0.34855 -0.91159 0.21800
  outer loop
   vertex 0.4797 2.0475 0.0000
   vertex 0.3721 2.0064 0.0000
   vertex 0.4259 2.0064 -0.0860
  endloop
 endfacet
 facet normal 0.00000 -0.90212 0.43148
  outer loop
   vertex 0.4797 2.0475 0.0000
   vertex 0.4259 2.0064 -0.0860
   vertex 0.5335 2.0064 -0.0860
  endloop
 endfacet
 facet normal -0.34855 -0.91159 0.21800
  outer loop
   vertex 0.4797 2.0475 0.0000
   vertex 0.5335 2.0064 -0.0860
   vertex 0.5873 2.0064 -0.0000
  endloop
 endfacet
 facet normal -0.79241 -0.35558 -0.49562
  outer loop
   vertex 0.5873 2.0064 0.0000
   vertex 0.6318 1.9071 0.0000
   vertex 0.5335 2.0064 0.0860
  endloop
 endfacet
 facet normal -0.79241 -0.35558 -0.49562
  outer loop
   vertex 0.5335 2.0064 0.0860
   vertex 0.6318 1.9071 0.0000
   vertex 0.5557 1.9071 0.1216
  endloop
 endfacet
 facet normal -0.00000 -0.33765 -0.94127
  outer loop
   vertex 0.5335 2.0064 0.0860
   vertex 0.5557 1.9071 0.1216
   vertex 0.4259 2.0064 0.0860
  endloop
 endfacet
 facet normal -0.00000 -0.33765 -0.94127
  outer loop
   vertex 0.4259 2.0064 0.0860
   vertex 0.5557 1.9071 0.1216
   vertex 0.4037 1.9071 0.1216
  endloop
 endfacet
 facet normal 0.79241 -0.35558 -0.49562
  outer loop
   vertex 0.4259 2.0064 0.0860
   vertex 0.4037 1.9071 0.1216
   vertex 0.3721 2.0064 0.0000
  endloop
 endfacet
 facet normal 0.79241 -0.35558 -0.49562
  outer loop
   vertex 0.3721 2.0064 0.0000
   vertex 0.4037 1.9071 0.1216
   vertex 0.3276 1.9071 0.0000
  endloop
 endfacet
 facet normal 0.79241 -0.35558 0.49562
  outer loop
   vertex 0.3721 2.0064 0.0000
   vertex 0.3276 1.9071 0.0000
   vertex 0.4259 2.0064 -0.0860
  endloop
 endfacet
 facet normal 0.79241 -0.35558 0.49562
  outer loop
   vertex 0.4259 2.0064 -0.0860
   vertex 0.3276 1.9071 0.0000
   vertex 0.4036 1.9071 -0.1216
  endloop
 endfacet
 facet normal 0.00000 -0.33765 0.94127
  outer loop
   vertex 0.4259 2.0064 -0.0860
   vertex 0.4036 1.9071 -0.1216
   vertex 0.5335 2.0064 -0.0860
  endloop
 endfacet
 facet normal 0.00000 -0.33765 0.94127
  outer loop
   vertex 0.5335 2.0064 -0.0860
   vertex 0.4036 1.9071 -0.1216
   vertex 0.5557 1.9071 -0.1216
  endloop
 endfacet
 facet normal -0.79241 -0.35558 0.49562
  outer loop
   vertex 0.5335 2.0064 -0.0860
   vertex 0.5557 1.9071 -0.1216
   vertex 0.5873 2.0064 -0.0000
  endloop
 endfacet
 facet normal -0.79241 -0.35558 0.49562
  outer loop
   vertex 0.5873 2.0064 -0.0000
   vertex 0.5557 1.9071 -0.1216
   vertex 0.6318 1.9071 -0.0000
  endloop
 endfacet
 facet normal -0.79241 0.35558 -0.49562
  outer loop
   vertex 0.6318 1.9071 0.0000
   vertex 0.5873 1.8078 0.0000
   vertex 0.5557 1.9071 0.1216
  endloop
 endfacet
 facet normal -0.79241 0.35558 -0.49562
  outer loop
   vertex 0.5557 1.9071 0.1216
   vertex 0.5873 1.8078 0.0000
   vertex 0.5335 1.8078 0.0860
  endloop
 endfacet
 facet normal -0.00000 0.33765 -0.94127
  outer loop
   vertex 0.5557 1.9071 0.1216
   vertex 0.5335 1.8078 0.0860
   vertex 0.4037 1.9071 0.1216
  endloop
 endfacet
 facet normal 0.00000 0.33765 -0.94127
  outer loop
   vertex 0.4037 1.9071 0.1216
   vertex 0.5335 1.8078 0.0860
   vertex 0.4259 1.8078 0.0860
  endloop
 endfacet
 facet normal 0.79241 0.35558 -0.49562
  outer loop
   vertex 0.4037 1.9071 0.1216
   vertex 0.4259 1.8078 0.0860
   vertex 0.3276 1.9071 0.0000
  endloop
 endfacet
 facet normal 0.79241 0.35558 -0.49562
  outer loop
   vertex 0.3276 1.9071 0.0000
   vertex 0.4259 1.8078 0.0860
   vertex 0.3721 1.8078 0.0000
  endloop
 endfacet
 facet normal 0.79241 0.35558 0.49562
  outer loop
   vertex 0.3276 1.9071 0.0000
   vertex 0.3721 1.8078 0.0000
   vertex 0.4036 1.9071 -0.1216
  endloop
 endfacet
 facet normal 0.79241 0.35558 0.49562
  outer loop
   vertex 0.4036 1.9071 -0.1216
   vertex 0.3721 1.8078 0.0000
   vertex 0.4259 1.8078 -0.0860
  endloop
 endfacet
 facet normal 0.00000 0.33765 0.94127
  outer loop
   vertex 0.4036 1.9071 -0.1216
   vertex 0.4259 1.8078 -0.0860
   vertex 0.5557 1.9071 -0.1216
  endloop
 endfacet
 facet normal 0.00000 0.33765 0.94127
  outer loop
   vertex 0.5557 1.9071 -0.1216
   vertex 0.4259 1.8078 -0.0860
   vertex 0.5335 1.8078 -0.0860
  endloop
 endfacet
 facet normal -0.79241 0.35558 0.49562
  outer loop
   vertex 0.5557 1.9071 -0.1216
   vertex 0.5335 1.8078 -0.0860
   vertex 0.6318 1.9071 -0.0000
  endloop
 endfacet
 facet normal -0.79241 0.35558 0.49562
  outer loop
   vertex 0.6318 1.9071 -0.0000
   vertex 0.5335 1.8078 -0.0860
   vertex 0.5873 1.8078 -0.0000
  endloop
 endfacet
 facet normal -0.34855 0.91159 -0.21800
  outer loop
   vertex 0.5873 1.8078 0.0000
   vertex 0.4797 1.7667 0.0000
   vertex 0.5335 1.8078 0.0860
  endloop
 endfacet
 facet normal 0.00000 0.90212 -0.43148
  outer loop
   vertex 0.5335 1.8078 0.0860
   vertex 0.4797 1.7667 0.0000
   vertex 0.4259 1.8078 0.0860
  endloop
 endfacet
 facet normal 0.34855 0.91159 -0.21800
  outer loop
   vertex 0.4259 1.8078 0.0860
   vertex 0.4797 1.7667 0.0000
   vertex 0.3721 1.8078 0.0000
  endloop
 endfacet
 facet normal 0.34855 0.91159 0.21800
  outer loop
   vertex 0.3721 1.8078 0.0000
   vertex 0.4797 1.7667 0.0000
   vertex 0.4259 1.8078 -0.0860
  endloop
 endfacet
 facet normal 0.00000 0.90212 0.43148
  outer loop
   vertex 0.4259 1.8078 -0.0860
   vertex 0.4797 1.7667 -0.0000
   vertex 0.5335 1.8078 -0.0860
  endloop
 endfacet
 facet normal -0.34855 0.91159 0.21800
  outer loop
   vertex 0.5335 1.8078 -0.0860
   vertex 0.4797 1.7667 -0.0000
   vertex 0.5873 1.8078 -0.0000
  endloop
 endfacet
 facet normal -0.43388 0.00000 -0.90097
  outer loop
   vertex 0.0000 2.0124 -0.1170
   vertex -0.0915 2.0124 -0.0729
   vertex -0.0915 2.1996 -0.0729
  endloop
 endfacet
 facet normal -0.43388 0.00000 -0.90097
  outer loop
   vertex 0.0000 2.0124 -0.1170
   vertex -0.0915 2.1996 -0.0729
   vertex 0.0000 2.1996 -0.1170
  endloop
 endfacet
 facet normal 0.00000 -1.00000 0.00000
  outer loop
   vertex 0.0000 2.0124 0.0000
   vertex -0.0915 2.0124 -0.0729
   vertex 0.0000 2.0124 -0.1170
  endloop
 endfacet
 facet normal 0.00000 1.00000 0.00000
  outer loop
   vertex 0.0000 2.1996 0.0000
   vertex 0.0000 2.1996 -0.1170
   vertex -0.0915 2.1996 -0.0729
  endloop
 endfacet
 facet normal -0.97493 0.00000 -0.22252
  outer loop
   vertex -0.0915 2.0124 -0.0729
   vertex -0.1141 2.0124 0.0260
   vertex -0.1141 2.1996 0.0260
  endloop
 endfacet
 facet normal -0.97493 0.00000 -0.22252
  outer loop
   vertex -0.0915 2.0124 -0.0729
   vertex -0.1141 2.1996 0.0260
   vertex -0.0915 2.1996 -0.0729
  endloop
 endfacet
 facet normal 0.00000 -1.00000 0.00000
  outer loop
   vertex 0.0000 2.0124 0.0000
   vertex -0.1141 2.0124 0.0260
   vertex -0.0915 2.0124 -0.0729
  endloop
 endfacet
 facet normal 0.00000 1.00000 0.00000
  outer loop
   vertex 0.0000 2.1996 0.0000
   vertex -0.0915 2.1996 -0.0729
   vertex -0.1141 2.1996 0.0260
  endloop
 endfacet
 facet normal -0.78183 0.00000 0.62349
  outer loop
   vertex -0.1141 2.0124 0.0260
   vertex -0.0508 2.0124 0.1054
   vertex -0.0508 2.1996 0.1054
  endloop
 endfacet
 facet normal -0.78183 0.00000 0.62349
  outer loop
   vertex -0.1141 2.0124 0.0260
   vertex -0.0508 2.1996 0.1054
   vertex -0.1141 2.1996 0.0260
  endloop
 endfacet
 facet normal 0.00000 -1.00000 0.00000
  outer loop
   vertex 0.0000 2.0124 0.0000
   vertex -0.0508 2.0124 0.1054
   vertex -0.1141 2.0124 0.0260
  endloop
 endfacet
 facet normal 0.00000 1.00000 0.00000
  outer loop
   vertex 0.0000 2.1996 0.0000
   vertex -0.1141 2.1996 0.0260
   vertex -0.0508 2.1996 0.1054
  endloop
 endfacet
 facet normal -0.00000 0.00000 1.00000
  outer loop
   vertex -0.0508 2.0124 0.1054
   vertex 0.0508 2.0124 0.1054
   vertex 0.0508 2.1996 0.1054
  endloop
 endfacet
 facet normal -0.00000 0.00000 1.00000
  outer loop
   vertex -0.0508 2.0124 0.1054
   vertex 0.0508 2.1996 0.1054
   vertex -0.0508 2.1996 0.1054
  endloop
 endfacet
 facet normal 0.00000 -1.00000 0.00000
  outer loop
   vertex 0.0000 2.0124 0.0000
   vertex 0.0508 2.0124 0.1054
   vertex -0.0508 2.0124 0.1054
  endloop
 endfacet
 facet normal 0.00000 1.00000 0.00000
  outer loop
   vertex 0.0000 2.1996 0.0000
   vertex -0.0508 2.1996 0.1054
   vertex 0.0508 2.1996 0.1054
  endloop
 endfacet
 facet normal 0.78183 0.00000 0.62349
  outer loop
   vertex 0.0508 2.0124 0.1054
   vertex 0.1141 2.0124 0.0260
   vertex 0.1141 2.1996 0.0260
  endloop
 endfacet
 facet normal 0.78183 0.00000 0.62349
  outer loop
   vertex 0.0508 2.0124 0.1054
   vertex 0.1141 2.1996 0.0260
   vertex 0.0508 2.1996 0.1054
  endloop
 endfacet
 facet normal 0.00000 -1.00000 0.00000
  outer loop
   vertex 0.0000 2.0124 0.0000
   vertex 0.1141 2.0124 0.0260
   vertex 0.0508 2.0124 0.1054
  endloop
 endfacet
 facet normal 0.00000 1.00000 0.00000
  outer loop
   vertex 0.0000 2.1996 0.0000
   vertex 0.0508 2.1996 0.1054
   vertex 0.1141 2.1996 0.0260
  endloop
 endfacet
 facet normal 0.97493 0.00000 -0.22252
  outer loop
   vertex 0.1141 2.0124 0.0260
   vertex 0.0915 2.0124 -0.0729
   vertex 0.0915 2.1996 -0.0729
  endloop
 endfacet
 facet normal 0.97493 0.00000 -0.22252
  outer loop
   vertex 0.1141 2.0124 0.0260
   vertex 0.0915 2.1996 -0.0729
   vertex 0.1141 2.1996 0.0260
  endloop
 endfacet
 facet normal 0.00000 -1.00000 0.00000
  outer loop
   vertex 0.0000 2.0124 0.0000
   vertex 0.0915 2.0124 -0.0729
   vertex 0.1141 2.0124 0.0260
  endloop
 endfacet
 facet normal 0.00000 1.00000 0.00000
  outer loop
   vertex 0.0000 2.1996 0.0000
   vertex 0.1141 2.1996 0.0260
   vertex 0.0915 2.1996 -0.0729
  endloop
 endfacet
 facet normal 0.43388 0.00000 -0.90097
  outer loop
   vertex 0.0915 2.0124 -0.0729
   vertex 0.0000 2.0124 -0.1170
   vertex 0.0000 2.1996 -0.1170
  endloop
 endfacet
 facet normal 0.43388 0.00000 -0.90097
  outer loop
   vertex 0.0915 2.0124 -0.0729
   vertex 0.0000 2.1996 -0.1170
   vertex 0.0915 2.1996 -0.0729
  endloop
 endfacet
 facet normal 0.00000 -1.00000 0.00000
  outer loop
   vertex 0.0000 2.0124 0.0000
   vertex 0.0000 2.0124 -0.1170
   vertex 0.0915 2.0124 -0.0729
  endloop
 endfacet
 facet normal 0.00000 1.00000 0.00000
  outer loop
   vertex 0.0000 2.1996 0.0000
   vertex 0.0915 2.1996 -0.0729
   vertex 0.0000 2.1996 -0.1170
  endloop
 endfacet
 facet normal -0.29812 -0.94776 -0.11344
  outer loop
   vertex 0.0000 2.7027 0.0000
   vertex 0.1345 2.6604 0.0000
   vertex 0.1031 2.6604 0.0827
  endloop
 endfacet
 facet normal -0.15816 -0.94497 -0.28639
  outer loop
   vertex 0.0000 2.7027 0.0000
   vertex 0.1031 2.6604 0.0827
   vertex 0.0234 2.6604 0.1267
  endloop
 endfacet
 facet normal 0.05487 -0.94400 -0.32534
  outer loop
   vertex 0.0000 2.7027 0.0000
   vertex 0.0234 2.6604 0.1267
   vertex -0.0673 2.6604 0.1115
  endloop
 endfacet
 facet normal 0.24269 -0.94645 -0.21290
  outer loop
   vertex 0.0000 2.7027 0.0000
   vertex -0.0673 2.6604 0.1115
   vertex -0.1264 2.6604 0.0440
  endloop
 endfacet
 facet normal 0.31742 -0.94828 -0.00000
  outer loop
   vertex 0.0000 2.7027 0.0000
   vertex -0.1264 2.6604 0.0440
   vertex -0.1264 2.6604 -0.0440
  endloop
 endfacet
 facet normal 0.24269 -0.94645 0.21290
  outer loop
   vertex 0.0000 2.7027 0.0000
   vertex -0.1264 2.6604 -0.0440
   vertex -0.0673 2.6604 -0.1115
  endloop
 endfacet
 facet normal 0.05487 -0.94400 0.32534
  outer loop
   vertex 0.0000 2.7027 0.0000
   vertex -0.0673 2.6604 -0.1115
   vertex 0.0234 2.6604 -0.1267
  endloop
 endfacet
 facet normal -0.15816 -0.94497 0.28639
  outer loop
   vertex 0.0000 2.7027 0.0000
   vertex 0.0234 2.6604 -0.1267
   vertex 0.1031 2.6604 -0.0827
  endloop
 endfacet
 facet normal -0.29812 -0.94776 0.11344
  outer loop
   vertex 0.0000 2.7027 0.0000
   vertex 0.1031 2.6604 -0.0827
   vertex 0.1345 2.6604 -0.0000
  endloop
 endfacet
 facet normal -0.73119 -0.62286 -0.27823
  outer loop
   vertex 0.1345 2.6604 0.0000
   vertex 0.2330 2.5448 0.0000
   vertex 0.1031 2.6604 0.0827
  endloop
 endfacet
 facet normal -0.73119 -0.62286 -0.27823
  outer loop
   vertex 0.1031 2.6604 0.0827
   vertex 0.2330 2.5448 0.0000
   vertex 0.1785 2.5448 0.1433
  endloop
 endfacet
 facet normal -0.38230 -0.61205 -0.69227
  outer loop
   vertex 0.1031 2.6604 0.0827
   vertex 0.1785 2.5448 0.1433
   vertex 0.0234 2.6604 0.1267
  endloop
 endfacet
 facet normal -0.38230 -0.61205 -0.69227
  outer loop
   vertex 0.0234 2.6604 0.1267
   vertex 0.1785 2.5448 0.1433
   vertex 0.0405 2.5448 0.2195
  endloop
 endfacet
 facet normal 0.13199 -0.60843 -0.78256
  outer loop
   vertex 0.0234 2.6604 0.1267
   vertex 0.0405 2.5448 0.2195
   vertex -0.0673 2.6604 0.1115
  endloop
 endfacet
 facet normal 0.13199 -0.60843 -0.78256
  outer loop
   vertex -0.0673 2.6604 0.1115
   vertex 0.0405 2.5448 0.2195
   vertex -0.1165 2.5448 0.1930
  endloop
 endfacet
 facet normal 0.59116 -0.61773 -0.51859
  outer loop
   vertex -0.0673 2.6604 0.1115
   vertex -0.1165 2.5448 0.1930
   vertex -0.1264 2.6604 0.0440
  endloop
 endfacet
 facet normal 0.59116 -0.61773 -0.51859
  outer loop
   vertex -0.1264 2.6604 0.0440
   vertex -0.1165 2.5448 0.1930
   vertex -0.2190 2.5448 0.0762
  endloop
 endfacet
 facet normal 0.78069 -0.62492 -0.00000
  outer loop
   vertex -0.1264 2.6604 0.0440
   vertex -0.2190 2.5448 0.0762
   vertex -0.1264 2.6604 -0.0440
  endloop
 endfacet
 facet normal 0.78069 -0.62492 -0.00000
  outer loop
   vertex -0.1264 2.6604 -0.0440
   vertex -0.2190 2.5448 0.0762
   vertex -0.2190 2.5448 -0.0762
  endloop
 endfacet
 facet normal 0.59116 -0.61773 0.51859
  outer loop
   vertex -0.1264 2.6604 -0.0440
   vertex -0.2190 2.5448 -0.0762
   vertex -0.0673 2.6604 -0.1115
  endloop
 endfacet
 facet normal 0.59116 -0.61773 0.51859
  outer loop
   vertex -0.0673 2.6604 -0.1115
   vertex -0.2190 2.5448 -0.0762
   vertex -0.1165 2.5448 -0.1930
  endloop
 endfacet
 facet normal 0.13199 -0.60843 0.78256
  outer loop
   vertex -0.0673 2.6604 -0.1115
   vertex -0.1165 2.5448 -0.1930
   vertex 0.0234 2.6604 -0.1267
  endloop
 endfacet
 facet normal 0.13199 -0.60843 0.78256
  outer loop
   vertex 0.0234 2.6604 -0.1267
   vertex -0.1165 2.5448 -0.1930
   vertex 0.0405 2.5448 -0.2195
  endloop
 endfacet
 facet normal -0.38230 -0.61205 0.69227
  outer loop
   vertex 0.0234 2.6604 -0.1267
   vertex 0.0405 2.5448 -0.2195
   vertex 0.1031 2.6604 -0.0827
  endloop
 endfacet
 facet normal -0.38230 -0.61205 0.69227
  outer loop
   vertex 0.1031 2.6604 -0.0827
   vertex 0.0405 2.5448 -0.2195
   vertex 0.1785 2.5448 -0.1433
  endloop
 endfacet
 facet normal -0.73119 -0.62286 0.27823
  outer loop
   vertex 0.1031 2.6604 -0.0827
   vertex 0.1785 2.5448 -0.1433
   vertex 0.1345 2.6604 -0.0000
  endloop
 endfacet
 facet normal -0.73119 -0.62286 0.27823
  outer loop
   vertex 0.1345 2.6604 -0.0000
   vertex 0.1785 2.5448 -0.1433
   vertex 0.2330 2.5448 -0.0000
  endloop
 endfacet
 facet normal -0.91406 -0.20864 -0.34781
  outer loop
   vertex 0.2330 2.5448 0.0000
   vertex 0.2691 2.3868 0.0000
   vertex 0.1785 2.5448 0.1433
  endloop
 endfacet
 facet normal -0.91406 -0.20864 -0.34781
  outer loop
   vertex 0.1785 2.5448 0.1433
   vertex 0.2691 2.3868 0.0000
   vertex 0.2061 2.3868 0.1655
  endloop
 endfacet
 facet normal -0.47336 -0.20306 -0.85715
  outer loop
   vertex 0.1785 2.5448 0.1433
   vertex 0.2061 2.3868 0.1655
   vertex 0.0405 2.5448 0.2195
  endloop
 endfacet
 facet normal -0.47336 -0.20306 -0.85715
  outer loop
   vertex 0.0405 2.5448 0.2195
   vertex 0.2061 2.3868 0.1655
   vertex 0.0467 2.3868 0.2535
  endloop
 endfacet
 facet normal 0.16291 -0.20122 -0.96590
  outer loop
   vertex 0.0405 2.5448 0.2195
   vertex 0.0467 2.3868 0.2535
   vertex -0.1165 2.5448 0.1930
  endloop
 endfacet
 facet normal 0.16291 -0.20122 -0.96590
  outer loop
   vertex -0.1165 2.5448 0.1930
   vertex 0.0467 2.3868 0.2535
   vertex -0.1345 2.3868 0.2229
  endloop
 endfacet
 facet normal 0.73562 -0.20597 -0.64532
  outer loop
   vertex -0.1165 2.5448 0.1930
   vertex -0.1345 2.3868 0.2229
   vertex -0.2190 2.5448 0.0762
  endloop
 endfacet
 facet normal 0.73562 -0.20597 -0.64532
  outer loop
   vertex -0.2190 2.5448 0.0762
   vertex -0.1345 2.3868 0.2229
   vertex -0.2529 2.3868 0.0880
  endloop
 endfacet
 facet normal 0.97776 -0.20972 -0.00000
  outer loop
   vertex -0.2190 2.5448 0.0762
   vertex -0.2529 2.3868 0.0880
   vertex -0.2190 2.5448 -0.0762
  endloop
 endfacet
 facet normal 0.97776 -0.20972 -0.00000
  outer loop
   vertex -0.2190 2.5448 -0.0762
   vertex -0.2529 2.3868 0.0880
   vertex -0.2529 2.3868 -0.0880
  endloop
 endfacet
 facet normal 0.73562 -0.20597 0.64532
  outer loop
   vertex -0.2190 2.5448 -0.0762
   vertex -0.2529 2.3868 -0.0880
   vertex -0.1165 2.5448 -0.1930
  endloop
 endfacet
 facet normal 0.73562 -0.20597 0.64532
  outer loop
   vertex -0.1165 2.5448 -0.1930
   vertex -0.2529 2.3868 -0.0880
   vertex -0.1346 2.3868 -0.2229
  endloop
 endfacet
 facet normal 0.16291 -0.20122 0.96590
  outer loop
   vertex -0.1165 2.5448 -0.1930
   vertex -0.1346 2.3868 -0.2229
   vertex 0.0405 2.5448 -0.2195
  endloop
 endfacet
 facet normal 0.16291 -0.20122 0.96590
  outer loop
   vertex 0.0405 2.5448 -0.2195
   vertex -0.1346 2.3868 -0.2229
   vertex 0.0467 2.3868 -0.2535
  endloop
 endfacet
 facet normal -0.47336 -0.20306 0.85715
  outer loop
   vertex 0.0405 2.5448 -0.2195
   vertex 0.0467 2.3868 -0.2535
   vertex 0.1785 2.5448 -0.1433
  endloop
 endfacet
 facet normal -0.47336 -0.20306 0.85715
  outer loop
   vertex 0.1785 2.5448 -0.1433
   vertex 0.0467 2.3868 -0.2535
   vertex 0.2061 2.3868 -0.1655
  endloop
 endfacet
 facet normal -0.91406 -0.20864 0.34781
  outer loop
   vertex 0.1785 2.5448 -0.1433
   vertex 0.2061 2.3868 -0.1655
   vertex 0.2330 2.5448 -0.0000
  endloop
 endfacet
 facet normal -0.91406 -0.20864 0.34781
  outer loop
   vertex 0.2330 2.5448 -0.0000
   vertex 0.2061 2.3868 -0.1655
   vertex 0.2691 2.3868 -0.0000
  endloop
 endfacet
 facet normal -0.91406 0.20864 -0.34781
  outer loop
   vertex 0.2691 2.3868 0.0000
   vertex 0.2330 2.2288 0.0000
   vertex 0.2061 2.3868 0.1655
  endloop
 endfacet
 facet normal -0.91406 0.20864 -0.34781
  outer loop
   vertex 0.2061 2.3868 0.1655
   vertex 0.2330 2.2288 0.0000
   vertex 0.1785 2.2288 0.1433
  endloop
 endfacet
 facet normal -0.47336 0.20306 -0.85715
  outer loop
   vertex 0.2061 2.3868 0.1655
   vertex 0.1785 2.2288 0.1433
   vertex 0.0467 2.3868 0.2535
  endloop
 endfacet
 facet normal -0.47336 0.20306 -0.85715
  outer loop
   vertex 0.0467 2.3868 0.2535
   vertex 0.1785 2.2288 0.1433
   vertex 0.0405 2.2288 0.2195
  endloop
 endfacet
 facet normal 0.16291 0.20122 -0.96590
  outer loop
   vertex 0.0467 2.3868 0.2535
   vertex 0.0405 2.2288 0.2195
   vertex -0.1345 2.3868 0.2229
  endloop
 endfacet
 facet normal 0.16291 0.20122 -0.96590
  outer loop
   vertex -0.1345 2.3868 0.2229
   vertex 0.0405 2.2288 0.2195
   vertex -0.1165 2.2288 0.1930
  endloop
 endfacet
 facet normal 0.73562 0.20597 -0.64532
  outer loop
   vertex -0.1345 2.3868 0.2229
   vertex -0.1165 2.2288 0.1930
   vertex -0.2529 2.3868 0.0880
  endloop
 endfacet
 facet normal 0.73562 0.20597 -0.64532
  outer loop
   vertex -0.2529 2.3868 0.0880
   vertex -0.1165 2.2288 0.1930
   vertex -0.2190 2.2288 0.0762
  endloop
 endfacet
 facet normal 0.97776 0.20972 -0.00000
  outer loop
   vertex -0.2529 2.3868 0.0880
   vertex -0.2190 2.2288 0.0762
   vertex -0.2529 2.3868 -0.0880
  endloop
 endfacet
 facet normal 0.97776 0.20972 -0.00000
  outer loop
   vertex -0.2529 2.3868 -0.0880
   vertex -0.2190 2.2288 0.0762
   vertex -0.2190 2.2288 -0.0762
  endloop
 endfacet
 facet normal 0.73562 0.20597 0.64532
  outer loop
   vertex -0.2529 2.3868 -0.0880
   vertex -0.2190 2.2288 -0.0762
   vertex -0.1346 2.3868 -0.2229
  endloop
 endfacet
 facet normal 0.73562 0.20597 0.64532
  outer loop
   vertex -0.1346 2.3868 -0.2229
   vertex -0.2190 2.2288 -0.0762
   vertex -0.1165 2.2288 -0.1930
  endloop
 endfacet
 facet normal 0.16291 0.20122 0.96590
  outer loop
   vertex -0.1346 2.3868 -0.2229
   vertex -0.1165 2.2288 -0.1930
   vertex 0.0467 2.3868 -0.2535
  endloop
 endfacet
 facet normal 0.16291 0.20122 0.96590
  outer loop
   vertex 0.0467 2.3868 -0.2535
   vertex -0.1165 2.2288 -0.1930
   vertex 0.0405 2.2288 -0.2195
  endloop
 endfacet
 facet normal -0.47336 0.20306 0.85715
  outer loop
   vertex 0.0467 2.3868 -0.2535
   vertex 0.0405 2.2288 -0.2195
   vertex 0.2061 2.3868 -0.1655
  endloop
 endfacet
 facet normal -0.47336 0.20306 0.85715
  outer loop
   vertex 0.2061 2.3868 -0.1655
   vertex 0.0405 2.2288 -0.2195
   vertex 0.1785 2.2288 -0.1433
  endloop
 endfacet
 facet normal -0.91406 0.20864 0.34781
  outer loop
   vertex 0.2061 2.3868 -0.1655
   vertex 0.1785 2.2288 -0.1433
   vertex 0.2691 2.3868 -0.0000
  endloop
 endfacet
 facet normal -0.91406 0.20864 0.34781
  outer loop
   vertex 0.2691 2.3868 -0.0000
   vertex 0.1785 2.2288 -0.1433
   vertex 0.2330 2.2288 -0.0000
  endloop
 endfacet
 facet normal -0.73119 0.62286 -0.27823
  outer loop
   vertex 0.2330 2.2288 0.0000
   vertex 0.1345 2.1132 0.0000
   vertex 0.1785 2.2288 0.1433
  endloop
 endfacet
 facet normal -0.73119 0.62286 -0.27823
  outer loop
   vertex 0.1785 2.2288 0.1433
   vertex 0.1345 2.1132 0.0000
   vertex 0.1031 2.1132 0.0827
  endloop
 endfacet
 facet normal -0.38230 0.61205 -0.69227
  outer loop
   vertex 0.1785 2.2288 0.1433
   vertex 0.1031 2.1132 0.0827
   vertex 0.0405 2.2288 0.2195
  endloop
 endfacet
 facet normal -0.38230 0.61205 -0.69227
  outer loop
   vertex 0.0405 2.2288 0.2195
   vertex 0.1031 2.1132 0.0827
   vertex 0.0234 2.1132 0.1267
  endloop
 endfacet
 facet normal 0.13199 0.60843 -0.78256
  outer loop
   vertex 0.0405 2.2288 0.2195
   vertex 0.0234 2.1132 0.1267
   vertex -0.1165 2.2288 0.1930
  endloop
 endfacet
 facet normal 0.13199 0.60843 -0.78256
  outer loop
   vertex -0.1165 2.2288 0.1930
   vertex 0.0234 2.1132 0.1267
   vertex -0.0673 2.1132 0.1115
  endloop
 endfacet
 facet normal 0.59116 0.61773 -0.51859
  outer loop
   vertex -0.1165 2.2288 0.1930
   vertex -0.0673 2.1132 0.1115
   vertex -0.2190 2.2288 0.0762
  endloop
 endfacet
 facet normal 0.59116 0.61773 -0.51859
  outer loop
   vertex -0.2190 2.2288 0.0762
   vertex -0.0673 2.1132 0.1115
   vertex -0.1264 2.1132 0.0440
  endloop
 endfacet
 facet normal 0.78069 0.62492 -0.00000
  outer loop
   vertex -0.2190 2.2288 0.0762
   vertex -0.1264 2.1132 0.0440
   vertex -0.2190 2.2288 -0.0762
  endloop
 endfacet
 facet normal 0.78069 0.62492 -0.00000
  outer loop
   vertex -0.2190 2.2288 -0.0762
   vertex -0.1264 2.1132 0.0440
   vertex -0.1264 2.1132 -0.0440
  endloop
 endfacet
 facet normal 0.59116 0.61773 0.51859
  outer loop
   vertex -0.2190 2.2288 -0.0762
   vertex -0.1264 2.1132 -0.0440
   vertex -0.1165 2.2288 -0.1930
  endloop
 endfacet
 facet normal 0.59116 0.61773 0.51859
  outer loop
   vertex -0.1165 2.2288 -0.1930
   vertex -0.1264 2.1132 -0.0440
   vertex -0.0673 2.1132 -0.1115
  endloop
 endfacet
 facet normal 0.13199 0.60843 0.78256
  outer loop
   vertex -0.1165 2.2288 -0.1930
   vertex -0.0673 2.1132 -0.1115
   vertex 0.0405 2.2288 -0.2195
  endloop
 endfacet
 facet normal 0.13199 0.60843 0.78256
  outer loop
   vertex 0.0405 2.2288 -0.2195
   vertex -0.0673 2.1132 -0.1115
   vertex 0.0234 2.1132 -0.1267
  endloop
 endfacet
 facet normal -0.38230 0.61205 0.69227
  outer loop
   vertex 0.0405 2.2288 -0.2195
   vertex 0.0234 2.1132 -0.1267
   vertex 0.1785 2.2288 -0.1433
  endloop
 endfacet
 facet normal -0.38230 0.61205 0.69227
  outer loop
   vertex 0.1785 2.2288 -0.1433
   vertex 0.0234 2.1132 -0.1267
   vertex 0.1031 2.1132 -0.0827
  endloop
 endfacet
 facet normal -0.73119 0.62286 0.27823
  outer loop
   vertex 0.1785 2.2288 -0.1433
   vertex 0.1031 2.1132 -0.0827
   vertex 0.2330 2.2288 -0.0000
  endloop
 endfacet
 facet normal -0.73119 0.62286 0.27823
  outer loop
   vertex 0.2330 2.2288 -0.0000
   vertex 0.1031 2.1132 -0.0827
   vertex 0.1345 2.1132 -0.0000
  endloop
 endfacet
 facet normal -0.29812 0.94776 -0.11344
  outer loop
   vertex 0.1345 2.1132 0.0000
   vertex 0.0000 2.0709 0.0000
   vertex 0.1031 2.1132 0.0827
  endloop
 endfacet
 facet normal -0.15816 0.94497 -0.28639
  outer loop
   vertex 0.1031 2.1132 0.0827
   vertex 0.0000 2.0709 0.0000
   vertex 0.0234 2.1132 0.1267
  endloop
 endfacet
 facet normal 0.05487 0.94400 -0.32534
  outer loop
   vertex 0.0234 2.1132 0.1267
   vertex 0.0000 2.0709 0.0000
   vertex -0.0673 2.1132 0.1115
  endloop
 endfacet
 facet normal 0.24269 0.94645 -0.21290
  outer loop
   vertex -0.0673 2.1132 0.1115
   vertex -0.0000 2.0709 0.0000
   vertex -0.1264 2.1132 0.0440
  endloop
 endfacet
 facet normal 0.31742 0.94828 -0.00000
  outer loop
   vertex -0.1264 2.1132 0.0440
   vertex -0.0000 2.0709 0.0000
   vertex -0.1264 2.1132 -0.0440
  endloop
 endfacet
 facet normal 0.24269 0.94645 0.21290
  outer loop
   vertex -0.1264 2.1132 -0.0440
   vertex -0.0000 2.0709 -0.0000
   vertex -0.0673 2.1132 -0.1115
  endloop
 endfacet
 facet normal 0.05487 0.94400 0.32534
  outer loop
   vertex -0.0673 2.1132 -0.1115
   vertex -0.0000 2.0709 -0.0000
   vertex 0.0234 2.1132 -0.1267
  endloop
 endfacet
 facet normal -0.15816 0.94497 0.28639
  outer loop
   vertex 0.0234 2.1132 -0.1267
   vertex 0.0000 2.0709 -0.0000
   vertex 0.1031 2.1132 -0.0827
  endloop
 endfacet
 facet normal -0.29812 0.94776 0.11344
  outer loop
   vertex 0.1031 2.1132 -0.0827
   vertex 0.0000 2.0709 -0.0000
   vertex 0.1345 2.1132 -0.0000
  endloop
 endfacet
 facet normal -0.44745 -0.80269 -0.39430
  outer loop
   vertex -0.0936 2.4313 0.2141
   vertex -0.0642 2.4149 0.2141
   vertex -0.0789 2.4149 0.2308
  endloop
 endfacet
 facet normal 0.00000 -0.71334 -0.70082
  outer loop
   vertex -0.0936 2.4313 0.2141
   vertex -0.0789 2.4149 0.2308
   vertex -0.1083 2.4149 0.2308
  endloop
 endfacet
 facet normal 0.44745 -0.80269 -0.39430
  outer loop
   vertex -0.0936 2.4313 0.2141
   vertex -0.1083 2.4149 0.2308
   vertex -0.1230 2.4149 0.2141
  endloop
 endfacet
 facet normal 0.44745 -0.80269 0.39430
  outer loop
   vertex -0.0936 2.4313 0.2141
   vertex -0.1230 2.4149 0.2141
   vertex -0.1083 2.4149 0.1974
  endloop
 endfacet
 facet normal 0.00000 -0.71334 0.70082
  outer loop
   vertex -0.0936 2.4313 0.2141
   vertex -0.1083 2.4149 0.1974
   vertex -0.0789 2.4149 0.1974
  endloop
 endfacet
 facet normal -0.44745 -0.80269 0.39430
  outer loop
   vertex -0.0936 2.4313 0.2141
   vertex -0.0789 2.4149 0.1974
   vertex -0.0642 2.4149 0.2141
  endloop
 endfacet
 facet normal -0.75026 -0.00000 -0.66114
  outer loop
   vertex -0.0642 2.4149 0.2141
   vertex -0.0642 2.3821 0.2141
   vertex -0.0789 2.4149 0.2308
  endloop
 endfacet
 facet normal -0.75026 0.00000 -0.66114
  outer loop
   vertex -0.0789 2.4149 0.2308
   vertex -0.0642 2.3821 0.2141
   vertex -0.0789 2.3821 0.2308
  endloop
 endfacet
 facet normal 0.00000 0.00000 -1.00000
  outer loop
   vertex -0.0789 2.4149 0.2308
   vertex -0.0789 2.3821 0.2308
   vertex -0.1083 2.4149 0.2308
  endloop
 endfacet
 facet normal 0.00000 0.00000 -1.00000
  outer loop
   vertex -0.1083 2.4149 0.2308
   vertex -0.0789 2.3821 0.2308
   vertex -0.1083 2.3821 0.2308
  endloop
 endfacet
 facet normal 0.75026 0.00000 -0.66114
  outer loop
   vertex -0.1083 2.4149 0.2308
   vertex -0.1083 2.3821 0.2308
   vertex -0.1230 2.4149 0.2141
  endloop
 endfacet
 facet normal 0.75026 -0.00000 -0.66114
  outer loop
   vertex -0.1230 2.4149 0.2141
   vertex -0.1083 2.3821 0.2308
   vertex -0.1230 2.3821 0.2141
  endloop
 endfacet
 facet normal 0.75026 -0.00000 0.66114
  outer loop
   vertex -0.1230 2.4149 0.2141
   vertex -0.1230 2.3821 0.2141
   vertex -0.1083 2.4149 0.1974
  endloop
 endfacet
 facet normal 0.75026 0.00000 0.66114
  outer loop
   vertex -0.1083 2.4149 0.1974
   vertex -0.1230 2.3821 0.2141
   vertex -0.1083 2.3821 0.1974
  endloop
 endfacet
 facet normal 0.00000 0.00000 1.00000
  outer loop
   vertex -0.1083 2.4149 0.1974
   vertex -0.1083 2.3821 0.1974
   vertex -0.0789 2.4149 0.1974
  endloop
 endfacet
 facet normal 0.00000 0.00000 1.00000
  outer loop
   vertex -0.0789 2.4149 0.1974
   vertex -0.1083 2.3821 0.1974
   vertex -0.0789 2.3821 0.1974
  endloop
 endfacet
 facet normal -0.75026 0.00000 0.66114
  outer loop
   vertex -0.0789 2.4149 0.1974
   vertex -0.0789 2.3821 0.1974
   vertex -0.0642 2.4149 0.2141
  endloop
 endfacet
 facet normal -0.75026 -0.00000 0.66114
  outer loop
   vertex -0.0642 2.4149 0.2141
   vertex -0.0789 2.3821 0.1974
   vertex -0.0642 2.3821 0.2141
  endloop
 endfacet
 facet normal -0.44745 0.80269 -0.39430
  outer loop
   vertex -0.0642 2.3821 0.2141
   vertex -0.0936 2.3657 0.2141
   vertex -0.0789 2.3821 0.2308
  endloop
 endfacet
 facet normal 0.00000 0.71334 -0.70082
  outer loop
   vertex -0.0789 2.3821 0.2308
   vertex -0.0936 2.3657 0.2141
   vertex -0.1083 2.3821 0.2308
  endloop
 endfacet
 facet normal 0.44745 0.80269 -0.39430
  outer loop
   vertex -0.1083 2.3821 0.2308
   vertex -0.0936 2.3657 0.2141
   vertex -0.1230 2.3821 0.2141
  endloop
 endfacet
 facet normal 0.44745 0.80269 0.39430
  outer loop
   vertex -0.1230 2.3821 0.2141
   vertex -0.0936 2.3657 0.2141
   vertex -0.1083 2.3821 0.1974
  endloop
 endfacet
 facet normal 0.00000 0.71334 0.70082
  outer loop
   vertex -0.1083 2.3821 0.1974
   vertex -0.0936 2.3657 0.2141
   vertex -0.0789 2.3821 0.1974
  endloop
 endfacet
 facet normal -0.44745 0.80269 0.39430
  outer loop
   vertex -0.0789 2.3821 0.1974
   vertex -0.0936 2.3657 0.2141
   vertex -0.0642 2.3821 0.2141
  endloop
 endfacet
 facet normal -0.51321 -0.76192 -0.39507
  outer loop
   vertex -0.0936 2.4149 0.2317
   vertex -0.0814 2.4067 0.2317
   vertex -0.0875 2.4067 0.2396
  endloop
 endfacet
 facet normal 0.00000 -0.69414 -0.71984
  outer loop
   vertex -0.0936 2.4149 0.2317
   vertex -0.0875 2.4067 0.2396
   vertex -0.0997 2.4067 0.2396
  endloop
 endfacet
 facet normal 0.51321 -0.76192 -0.39507
  outer loop
   vertex -0.0936 2.4149 0.2317
   vertex -0.0997 2.4067 0.2396
   vertex -0.1058 2.4067 0.2317
  endloop
 endfacet
 facet normal 0.51321 -0.76192 0.39507
  outer loop
   vertex -0.0936 2.4149 0.2317
   vertex -0.1058 2.4067 0.2317
   vertex -0.0997 2.4067 0.2238
  endloop
 endfacet
 facet normal 0.00000 -0.69414 0.71984
  outer loop
   vertex -0.0936 2.4149 0.2317
   vertex -0.0997 2.4067 0.2238
   vertex -0.0875 2.4067 0.2238
  endloop
 endfacet
 facet normal -0.51321 -0.76192 0.39507
  outer loop
   vertex -0.0936 2.4149 0.2317
   vertex -0.0875 2.4067 0.2238
   vertex -0.0814 2.4067 0.2317
  endloop
 endfacet
 facet normal -0.79241 0.00000 -0.60999
  outer loop
   vertex -0.0814 2.4067 0.2317
   vertex -0.0814 2.3903 0.2317
   vertex -0.0875 2.4067 0.2396
  endloop
 endfacet
 facet normal -0.79241 0.00000 -0.60999
  outer loop
   vertex -0.0875 2.4067 0.2396
   vertex -0.0814 2.3903 0.2317
   vertex -0.0875 2.3903 0.2396
  endloop
 endfacet
 facet normal 0.00000 0.00000 -1.00000
  outer loop
   vertex -0.0875 2.4067 0.2396
   vertex -0.0875 2.3903 0.2396
   vertex -0.0997 2.4067 0.2396
  endloop
 endfacet
 facet normal 0.00000 0.00000 -1.00000
  outer loop
   vertex -0.0997 2.4067 0.2396
   vertex -0.0875 2.3903 0.2396
   vertex -0.0997 2.3903 0.2396
  endloop
 endfacet
 facet normal 0.79241 0.00000 -0.60999
  outer loop
   vertex -0.0997 2.4067 0.2396
   vertex -0.0997 2.3903 0.2396
   vertex -0.1058 2.4067 0.2317
  endloop
 endfacet
 facet normal 0.79241 0.00000 -0.60999
  outer loop
   vertex -0.1058 2.4067 0.2317
   vertex -0.0997 2.3903 0.2396
   vertex -0.1058 2.3903 0.2317
  endloop
 endfacet
 facet normal 0.79241 0.00000 0.60999
  outer loop
   vertex -0.1058 2.4067 0.2317
   vertex -0.1058 2.3903 0.2317
   vertex -0.0997 2.4067 0.2238
  endloop
 endfacet
 facet normal 0.79241 0.00000 0.60999
  outer loop
   vertex -0.0997 2.4067 0.2238
   vertex -0.1058 2.3903 0.2317
   vertex -0.0997 2.3903 0.2238
  endloop
 endfacet
 facet normal 0.00000 0.00000 1.00000
  outer loop
   vertex -0.0997 2.4067 0.2238
   vertex -0.0997 2.3903 0.2238
   vertex -0.0875 2.4067 0.2238
  endloop
 endfacet
 facet normal 0.00000 0.00000 1.00000
  outer loop
   vertex -0.0875 2.4067 0.2238
   vertex -0.0997 2.3903 0.2238
   vertex -0.0875 2.3903 0.2238
  endloop
 endfacet
 facet normal -0.79241 0.00000 0.60999
  outer loop
   vertex -0.0875 2.4067 0.2238
   vertex -0.0875 2.3903 0.2238
   vertex -0.0814 2.4067 0.2317
  endloop
 endfacet
 facet normal -0.79241 0.00000 0.60999
  outer loop
   vertex -0.0814 2.4067 0.2317
   vertex -0.0875 2.3903 0.2238
   vertex -0.0814 2.3903 0.2317
  endloop
 endfacet
 facet normal -0.51321 0.76192 -0.39507
  outer loop
   vertex -0.0814 2.3903 0.2317
   vertex -0.0936 2.3821 0.2317
   vertex -0.0875 2.3903 0.2396
  endloop
 endfacet
 facet normal 0.00000 0.69414 -0.71984
  outer loop
   vertex -0.0875 2.3903 0.2396
   vertex -0.0936 2.3821 0.2317
   vertex -0.0997 2.3903 0.2396
  endloop
 endfacet
 facet normal 0.51321 0.76192 -0.39507
  outer loop
   vertex -0.0997 2.3903 0.2396
   vertex -0.0936 2.3821 0.2317
   vertex -0.1058 2.3903 0.2317
  endloop
 endfacet
 facet normal 0.51321 0.76192 0.39507
  outer loop
   vertex -0.1058 2.3903 0.2317
   vertex -0.0936 2.3821 0.2317
   vertex -0.0997 2.3903 0.2238
  endloop
 endfacet
 facet normal 0.00000 0.69414 0.71984
  outer loop
   vertex -0.0997 2.3903 0.2238
   vertex -0.0936 2.3821 0.2317
   vertex -0.0875 2.3903 0.2238
  endloop
 endfacet
 facet normal -0.51321 0.76192 0.39507
  outer loop
   vertex -0.0875 2.3903 0.2238
   vertex -0.0936 2.3821 0.2317
   vertex -0.0814 2.3903 0.2317
  endloop
 endfacet
 facet normal -0.44745 -0.80269 -0.39430
  outer loop
   vertex 0.0936 2.4313 0.2141
   vertex 0.1230 2.4149 0.2141
   vertex 0.1083 2.4149 0.2308
  endloop
 endfacet
 facet normal 0.00000 -0.71334 -0.70082
  outer loop
   vertex 0.0936 2.4313 0.2141
   vertex 0.1083 2.4149 0.2308
   vertex 0.0789 2.4149 0.2308
  endloop
 endfacet
 facet normal 0.44745 -0.80269 -0.39430
  outer loop
   vertex 0.0936 2.4313 0.2141
   vertex 0.0789 2.4149 0.2308
   vertex 0.0642 2.4149 0.2141
  endloop
 endfacet
 facet normal 0.44745 -0.80269 0.39430
  outer loop
   vertex 0.0936 2.4313 0.2141
   vertex 0.0642 2.4149 0.2141
   vertex 0.0789 2.4149 0.1974
  endloop
 endfacet
 facet normal 0.00000 -0.71334 0.70082
  outer loop
   vertex 0.0936 2.4313 0.2141
   vertex 0.0789 2.4149 0.1974
   vertex 0.1083 2.4149 0.1974
  endloop
 endfacet
 facet normal -0.44745 -0.80269 0.39430
  outer loop
   vertex 0.0936 2.4313 0.2141
   vertex 0.1083 2.4149 0.1974
   vertex 0.1230 2.4149 0.2141
  endloop
 endfacet
 facet normal -0.75026 -0.00000 -0.66114
  outer loop
   vertex 0.1230 2.4149 0.2141
   vertex 0.1230 2.3821 0.2141
   vertex 0.1083 2.4149 0.2308
  endloop
 endfacet
 facet normal -0.75026 0.00000 -0.66114
  outer loop
   vertex 0.1083 2.4149 0.2308
   vertex 0.1230 2.3821 0.2141
   vertex 0.1083 2.3821 0.2308
  endloop
 endfacet
 facet normal 0.00000 0.00000 -1.00000
  outer loop
   vertex 0.1083 2.4149 0.2308
   vertex 0.1083 2.3821 0.2308
   vertex 0.0789 2.4149 0.2308
  endloop
 endfacet
 facet normal 0.00000 0.00000 -1.00000
  outer loop
   vertex 0.0789 2.4149 0.2308
   vertex 0.1083 2.3821 0.2308
   vertex 0.0789 2.3821 0.2308
  endloop
 endfacet
 facet normal 0.75026 0.00000 -0.66114
  outer loop
   vertex 0.0789 2.4149 0.2308
   vertex 0.0789 2.3821 0.2308
   vertex 0.0642 2.4149 0.2141
  endloop
 endfacet
 facet normal 0.75026 -0.00000 -0.66114
  outer loop
   vertex 0.0642 2.4149 0.2141
   vertex 0.0789 2.3821 0.2308
   vertex 0.0642 2.3821 0.2141
  endloop
 endfacet
 facet normal 0.75026 -0.00000 0.66114
  outer loop
   vertex 0.0642 2.4149 0.2141
   vertex 0.0642 2.3821 0.2141
   vertex 0.0789 2.4149 0.1974
  endloop
 endfacet
 facet normal 0.75026 0.00000 0.66114
  outer loop
   vertex 0.0789 2.4149 0.1974
   vertex 0.0642 2.3821 0.2141
   vertex 0.0789 2.3821 0.1974
  endloop
 endfacet
 facet normal 0.00000 0.00000 1.00000
  outer loop
   vertex 0.0789 2.4149 0.1974
   vertex 0.0789 2.3821 0.1974
   vertex 0.1083 2.4149 0.1974
  endloop
 endfacet
 facet normal 0.00000 0.00000 1.00000
  outer loop
   vertex 0.1083 2.4149 0.1974
   vertex 0.0789 2.3821 0.1974
   vertex 0.1083 2.3821 0.1974
  endloop
 endfacet
 facet normal -0.75026 0.00000 0.66114
  outer loop
   vertex 0.1083 2.4149 0.1974
   vertex 0.1083 2.3821 0.1974
   vertex 0.1230 2.4149 0.2141
  endloop
 endfacet
 facet normal -0.75026 -0.00000 0.66114
  outer loop
   vertex 0.1230 2.4149 0.2141
   vertex 0.1083 2.3821 0.1974
   vertex 0.1230 2.3821 0.2141
  endloop
 endfacet
 facet normal -0.44745 0.80269 -0.39430
  outer loop
   vertex 0.1230 2.3821 0.2141
   vertex 0.0936 2.3657 0.2141
   vertex 0.1083 2.3821 0.2308
  endloop
 endfacet
 facet normal 0.00000 0.71334 -0.70082
  outer loop
   vertex 0.1083 2.3821 0.2308
   vertex 0.0936 2.3657 0.2141
   vertex 0.0789 2.3821 0.2308
  endloop
 endfacet
 facet normal 0.44745 0.80269 -0.39430
  outer loop
   vertex 0.0789 2.3821 0.2308
   vertex 0.0936 2.3657 0.2141
   vertex 0.0642 2.3821 0.2141
  endloop
 endfacet
 facet normal 0.44745 0.80269 0.39430
  outer loop
   vertex 0.0642 2.3821 0.2141
   vertex 0.0936 2.3657 0.2141
   vertex 0.0789 2.3821 0.1974
  endloop
 endfacet
 facet normal 0.00000 0.71334 0.70082
  outer loop
   vertex 0.0789 2.3821 0.1974
   vertex 0.0936 2.3657 0.2141
   vertex 0.1083 2.3821 0.1974
  endloop
 endfacet
 facet normal -0.44745 0.80269 0.39430
  outer loop
   vertex 0.1083 2.3821 0.1974
   vertex 0.0936 2.3657 0.2141
   vertex 0.1230 2.3821 0.2141
  endloop
 endfacet
 facet normal -0.51321 -0.76192 -0.39507
  outer loop
   vertex 0.0936 2.4149 0.2317
   vertex 0.1058 2.4067 0.2317
   vertex 0.0997 2.4067 0.2396
  endloop
 endfacet
 facet normal 0.00000 -0.69414 -0.71984
  outer loop
   vertex 0.0936 2.4149 0.2317
   vertex 0.0997 2.4067 0.2396
   vertex 0.0875 2.4067 0.2396
  endloop
 endfacet
 facet normal 0.51321 -0.76192 -0.39507
  outer loop
   vertex 0.0936 2.4149 0.2317
   vertex 0.0875 2.4067 0.2396
   vertex 0.0814 2.4067 0.2317
  endloop
 endfacet
 facet normal 0.51321 -0.76192 0.39507
  outer loop
   vertex 0.0936 2.4149 0.2317
   vertex 0.0814 2.4067 0.2317
   vertex 0.0875 2.4067 0.2238
  endloop
 endfacet
 facet normal 0.00000 -0.69414 0.71984
  outer loop
   vertex 0.0936 2.4149 0.2317
   vertex 0.0875 2.4067 0.2238
   vertex 0.0997 2.4067 0.2238
  endloop
 endfacet
 facet normal -0.51321 -0.76192 0.39507
  outer loop
   vertex 0.0936 2.4149 0.2317
   vertex 0.0997 2.4067 0.2238
   vertex 0.1058 2.4067 0.2317
  endloop
 endfacet
 facet normal -0.79241 0.00000 -0.60999
  outer loop
   vertex 0.1058 2.4067 0.2317
   vertex 0.1058 2.3903 0.2317
   vertex 0.0997 2.4067 0.2396
  endloop
 endfacet
 facet normal -0.79241 0.00000 -0.60999
  outer loop
   vertex 0.0997 2.4067 0.2396
   vertex 0.1058 2.3903 0.2317
   vertex 0.0997 2.3903 0.2396
  endloop
 endfacet
 facet normal 0.00000 0.00000 -1.00000
  outer loop
   vertex 0.0997 2.4067 0.2396
   vertex 0.0997 2.3903 0.2396
   vertex 0.0875 2.4067 0.2396
  endloop
 endfacet
 facet normal 0.00000 0.00000 -1.00000
  outer loop
   vertex 0.0875 2.4067 0.2396
   vertex 0.0997 2.3903 0.2396
   vertex 0.0875 2.3903 0.2396
  endloop
 endfacet
 facet normal 0.79241 0.00000 -0.60999
  outer loop
   vertex 0.0875 2.4067 0.2396
   vertex 0.0875 2.3903 0.2396
   vertex 0.0814 2.4067 0.2317
  endloop
 endfacet
 facet normal 0.79241 0.00000 -0.60999
  outer loop
   vertex 0.0814 2.4067 0.2317
   vertex 0.0875 2.3903 0.2396
   vertex 0.0814 2.3903 0.2317
  endloop
 endfacet
 facet normal 0.79241 0.00000 0.60999
  outer loop
   vertex 0.0814 2.4067 0.2317
   vertex 0.0814 2.3903 0.2317
   vertex 0.0875 2.4067 0.2238
  endloop
 endfacet
 facet normal 0.79241 0.00000 0.60999
  outer loop
   vertex 0.0875 2.4067 0.2238
   vertex 0.0814 2.3903 0.2317
   vertex 0.0875 2.3903 0.2238
  endloop
 endfacet
 facet normal 0.00000 0.00000 1.00000
  outer loop
   vertex 0.0875 2.4067 0.2238
   vertex 0.0875 2.3903 0.2238
   vertex 0.0997 2.4067 0.2238
  endloop
 endfacet
 facet normal 0.00000 0.00000 1.00000
  outer loop
   vertex 0.0997 2.4067 0.2238
   vertex 0.0875 2.3903 0.2238
   vertex 0.0997 2.3903 0.2238
  endloop
 endfacet
 facet normal -0.79241 0.00000 0.60999
  outer loop
   vertex 0.0997 2.4067 0.2238
   vertex 0.0997 2.3903 0.2238
   vertex 0.1058 2.4067 0.2317
  endloop
 endfacet
 facet normal -0.79241 0.00000 0.60999
  outer loop
   vertex 0.1058 2.4067 0.2317
   vertex 0.0997 2.3903 0.2238
   vertex 0.1058 2.3903 0.2317
  endloop
 endfacet
 facet normal -0.51321 0.76192 -0.39507
  outer loop
   vertex 0.1058 2.3903 0.2317
   vertex 0.0936 2.3821 0.2317
   vertex 0.0997 2.3903 0.2396
  endloop
 endfacet
 facet normal 0.00000 0.69414 -0.71984
  outer loop
   vertex 0.0997 2.3903 0.2396
   vertex 0.0936 2.3821 0.2317
   vertex 0.0875 2.3903 0.2396
  endloop
 endfacet
 facet normal 0.51321 0.76192 -0.39507
  outer loop
   vertex 0.0875 2.3903 0.2396
   vertex 0.0936 2.3821 0.2317
   vertex 0.0814 2.3903 0.2317
  endloop
 endfacet
 facet normal 0.51321 0.76192 0.39507
  outer loop
   vertex 0.0814 2.3903 0.2317
   vertex 0.0936 2.3821 0.2317
   vertex 0.0875 2.3903 0.2238
  endloop
 endfacet
 facet normal 0.00000 0.69414 0.71984
  outer loop
   vertex 0.0875 2.3903 0.2238
   vertex 0.0936 2.3821 0.2317
   vertex 0.0997 2.3903 0.2238
  endloop
 endfacet
 facet normal -0.51321 0.76192 0.39507
  outer loop
   vertex 0.0997 2.3903 0.2238
   vertex 0.0936 2.3821 0.2317
   vertex 0.1058 2.3903 0.2317
  endloop
 endfacet
 facet normal -0.42586 -0.88124 -0.20508
  outer loop
   vertex -0.3627 1.9890 0.0000
   vertex -0.2138 1.9170 0.0000
   vertex -0.2699 1.9170 0.1164
  endloop
 endfacet
 facet normal -0.10518 -0.88124 -0.46082
  outer loop
   vertex -0.3627 1.9890 0.0000
   vertex -0.2699 1.9170 0.1164
   vertex -0.3958 1.9170 0.1452
  endloop
 endfacet
 facet normal 0.29470 -0.88124 -0.36955
  outer loop
   vertex -0.3627 1.9890 0.0000
   vertex -0.3958 1.9170 0.1452
   vertex -0.4969 1.9170 0.0646
  endloop
 endfacet
 facet normal 0.47267 -0.88124 0.00000
  outer loop
   vertex -0.3627 1.9890 0.0000
   vertex -0.4969 1.9170 0.0646
   vertex -0.4969 1.9170 -0.0646
  endloop
 endfacet
 facet normal 0.29470 -0.88124 0.36955
  outer loop
   vertex -0.3627 1.9890 0.0000
   vertex -0.4969 1.9170 -0.0646
   vertex -0.3958 1.9170 -0.1452
  endloop
 endfacet
 facet normal -0.10518 -0.88124 0.46082
  outer loop
   vertex -0.3627 1.9890 0.0000
   vertex -0.3958 1.9170 -0.1452
   vertex -0.2699 1.9170 -0.1164
  endloop
 endfacet
 facet normal -0.42586 -0.88124 0.20508
  outer loop
   vertex -0.3627 1.9890 0.0000
   vertex -0.2699 1.9170 -0.1164
   vertex -0.2138 1.9170 -0.0000
  endloop
 endfacet
 facet normal -0.85813 -0.30467 -0.41326
  outer loop
   vertex -0.2138 1.9170 0.0000
   vertex -0.1521 1.7433 0.0000
   vertex -0.2699 1.9170 0.1164
  endloop
 endfacet
 facet normal -0.85813 -0.30467 -0.41326
  outer loop
   vertex -0.2699 1.9170 0.1164
   vertex -0.1521 1.7433 0.0000
   vertex -0.2314 1.7433 0.1647
  endloop
 endfacet
 facet normal -0.21194 -0.30467 -0.92858
  outer loop
   vertex -0.2699 1.9170 0.1164
   vertex -0.2314 1.7433 0.1647
   vertex -0.3958 1.9170 0.1452
  endloop
 endfacet
 facet normal -0.21194 -0.30467 -0.92858
  outer loop
   vertex -0.3958 1.9170 0.1452
   vertex -0.2314 1.7433 0.1647
   vertex -0.4096 1.7433 0.2053
  endloop
 endfacet
 facet normal 0.59385 -0.30467 -0.74466
  outer loop
   vertex -0.3958 1.9170 0.1452
   vertex -0.4096 1.7433 0.2053
   vertex -0.4969 1.9170 0.0646
  endloop
 endfacet
 facet normal 0.59385 -0.30467 -0.74466
  outer loop
   vertex -0.4969 1.9170 0.0646
   vertex -0.4096 1.7433 0.2053
   vertex -0.5524 1.7433 0.0914
  endloop
 endfacet
 facet normal 0.95246 -0.30467 0.00000
  outer loop
   vertex -0.4969 1.9170 0.0646
   vertex -0.5524 1.7433 0.0914
   vertex -0.4969 1.9170 -0.0646
  endloop
 endfacet
 facet normal 0.95246 -0.30467 -0.00000
  outer loop
   vertex -0.4969 1.9170 -0.0646
   vertex -0.5524 1.7433 0.0914
   vertex -0.5524 1.7433 -0.0914
  endloop
 endfacet
 facet normal 0.59385 -0.30467 0.74466
  outer loop
   vertex -0.4969 1.9170 -0.0646
   vertex -0.5524 1.7433 -0.0914
   vertex -0.3958 1.9170 -0.1452
  endloop
 endfacet
 facet normal 0.59385 -0.30467 0.74466
  outer loop
   vertex -0.3958 1.9170 -0.1452
   vertex -0.5524 1.7433 -0.0914
   vertex -0.4096 1.7433 -0.2053
  endloop
 endfacet
 facet normal -0.21194 -0.30467 0.92858
  outer loop
   vertex -0.3958 1.9170 -0.1452
   vertex -0.4096 1.7433 -0.2053
   vertex -0.2699 1.9170 -0.1164
  endloop
 endfacet
 facet normal -0.21194 -0.30467 0.92858
  outer loop
   vertex -0.2699 1.9170 -0.1164
   vertex -0.4096 1.7433 -0.2053
   vertex -0.2314 1.7433 -0.1647
  endloop
 endfacet
 facet normal -0.85813 -0.30467 0.41326
  outer loop
   vertex -0.2699 1.9170 -0.1164
   vertex -0.2314 1.7433 -0.1647
   vertex -0.2138 1.9170 -0.0000
  endloop
 endfacet
 facet normal -0.85813 -0.30467 0.41326
  outer loop
   vertex -0.2138 1.9170 -0.0000
   vertex -0.2314 1.7433 -0.1647
   vertex -0.1521 1.7433 -0.0000
  endloop
 endfacet
 facet normal -0.85813 0.30467 -0.41326
  outer loop
   vertex -0.1521 1.7433 0.0000
   vertex -0.2138 1.5696 0.0000
   vertex -0.2314 1.7433 0.1647
  endloop
 endfacet
 facet normal -0.85813 0.30467 -0.41326
  outer loop
   vertex -0.2314 1.7433 0.1647
   vertex -0.2138 1.5696 0.0000
   vertex -0.2699 1.5696 0.1164
  endloop
 endfacet
 facet normal -0.21194 0.30467 -0.92858
  outer loop
   vertex -0.2314 1.7433 0.1647
   vertex -0.2699 1.5696 0.1164
   vertex -0.4096 1.7433 0.2053
  endloop
 endfacet
 facet normal -0.21194 0.30467 -0.92858
  outer loop
   vertex -0.4096 1.7433 0.2053
   vertex -0.2699 1.5696 0.1164
   vertex -0.3958 1.5696 0.1452
  endloop
 endfacet
 facet normal 0.59385 0.30467 -0.74466
  outer loop
   vertex -0.4096 1.7433 0.2053
   vertex -0.3958 1.5696 0.1452
   vertex -0.5524 1.7433 0.0914
  endloop
 endfacet
 facet normal 0.59385 0.30467 -0.74466
  outer loop
   vertex -0.5524 1.7433 0.0914
   vertex -0.3958 1.5696 0.1452
   vertex -0.4969 1.5696 0.0646
  endloop
 endfacet
 facet normal 0.95246 0.30467 -0.00000
  outer loop
   vertex -0.5524 1.7433 0.0914
   vertex -0.4969 1.5696 0.0646
   vertex -0.5524 1.7433 -0.0914
  endloop
 endfacet
 facet normal 0.95246 0.30467 -0.00000
  outer loop
   vertex -0.5524 1.7433 -0.0914
   vertex -0.4969 1.5696 0.0646
   vertex -0.4969 1.5696 -0.0646
  endloop
 endfacet
 facet normal 0.59385 0.30467 0.74466
  outer loop
   vertex -0.5524 1.7433 -0.0914
   vertex -0.4969 1.5696 -0.0646
   vertex -0.4096 1.7433 -0.2053
  endloop
 endfacet
 facet normal 0.59385 0.30467 0.74466
  outer loop
   vertex -0.4096 1.7433 -0.2053
   vertex -0.4969 1.5696 -0.0646
   vertex -0.3958 1.5696 -0.1452
  endloop
 endfacet
 facet normal -0.21194 0.30467 0.92858
  outer loop
   vertex -0.4096 1.7433 -0.2053
   vertex -0.3958 1.5696 -0.1452
   vertex -0.2314 1.7433 -0.1647
  endloop
 endfacet
 facet normal -0.21194 0.30467 0.92858
  outer loop
   vertex -0.2314 1.7433 -0.1647
   vertex -0.3958 1.5696 -0.1452
   vertex -0.2699 1.5696 -0.1164
  endloop
 endfacet
 facet normal -0.85813 0.30467 0.41326
  outer loop
   vertex -0.2314 1.7433 -0.1647
   vertex -0.2699 1.5696 -0.1164
   vertex -0.1521 1.7433 -0.0000
  endloop
 endfacet
 facet normal -0.85813 0.30467 0.41326
  outer loop
   vertex -0.1521 1.7433 -0.0000
   vertex -0.2699 1.5696 -0.1164
   vertex -0.2138 1.5696 -0.0000
  endloop
 endfacet
 facet normal -0.42586 0.88124 -0.20508
  outer loop
   vertex -0.2138 1.5696 0.0000
   vertex -0.3627 1.4976 0.0000
   vertex -0.2699 1.5696 0.1164
  endloop
 endfacet
 facet normal -0.10518 0.88124 -0.46082
  outer loop
   vertex -0.2699 1.5696 0.1164
   vertex -0.3627 1.4976 0.0000
   vertex -0.3958 1.5696 0.1452
  endloop
 endfacet
 facet normal 0.29470 0.88124 -0.36955
  outer loop
   vertex -0.3958 1.5696 0.1452
   vertex -0.3627 1.4976 0.0000
   vertex -0.4969 1.5696 0.0646
  endloop
 endfacet
 facet normal 0.47267 0.88124 -0.00000
  outer loop
   vertex -0.4969 1.5696 0.0646
   vertex -0.3627 1.4976 0.0000
   vertex -0.4969 1.5696 -0.0646
  endloop
 endfacet
 facet normal 0.29470 0.88124 0.36955
  outer loop
   vertex -0.4969 1.5696 -0.0646
   vertex -0.3627 1.4976 -0.0000
   vertex -0.3958 1.5696 -0.1452
  endloop
 endfacet
 facet normal -0.10518 0.88124 0.46082
  outer loop
   vertex -0.3958 1.5696 -0.1452
   vertex -0.3627 1.4976 -0.0000
   vertex -0.2699 1.5696 -0.1164
  endloop
 endfacet
 facet normal -0.42586 0.88124 0.20508
  outer loop
   vertex -0.2699 1.5696 -0.1164
   vertex -0.3627 1.4976 -0.0000
   vertex -0.2138 1.5696 -0.0000
  endloop
 endfacet
 facet normal -0.42586 -0.88124 -0.20508
  outer loop
   vertex 0.3627 1.9890 0.0000
   vertex 0.5116 1.9170 0.0000
   vertex 0.4555 1.9170 0.1164
  endloop
 endfacet
 facet normal -0.10518 -0.88124 -0.46082
  outer loop
   vertex 0.3627 1.9890 0.0000
   vertex 0.4555 1.9170 0.1164
   vertex 0.3296 1.9170 0.1452
  endloop
 endfacet
 facet normal 0.29470 -0.88124 -0.36955
  outer loop
   vertex 0.3627 1.9890 0.0000
   vertex 0.3296 1.9170 0.1452
   vertex 0.2285 1.9170 0.0646
  endloop
 endfacet
 facet normal 0.47267 -0.88124 0.00000
  outer loop
   vertex 0.3627 1.9890 0.0000
   vertex 0.2285 1.9170 0.0646
   vertex 0.2285 1.9170 -0.0646
  endloop
 endfacet
 facet normal 0.29470 -0.88124 0.36955
  outer loop
   vertex 0.3627 1.9890 0.0000
   vertex 0.2285 1.9170 -0.0646
   vertex 0.3296 1.9170 -0.1452
  endloop
 endfacet
 facet normal -0.10518 -0.88124 0.46082
  outer loop
   vertex 0.3627 1.9890 0.0000
   vertex 0.3296 1.9170 -0.1452
   vertex 0.4555 1.9170 -0.1164
  endloop
 endfacet
 facet normal -0.42586 -0.88124 0.20508
  outer loop
   vertex 0.3627 1.9890 0.0000
   vertex 0.4555 1.9170 -0.1164
   vertex 0.5116 1.9170 -0.0000
  endloop
 endfacet
 facet normal -0.85813 -0.30467 -0.41326
  outer loop
   vertex 0.5116 1.9170 0.0000
   vertex 0.5733 1.7433 0.0000
   vertex 0.4555 1.9170 0.1164
  endloop
 endfacet
 facet normal -0.85813 -0.30467 -0.41326
  outer loop
   vertex 0.4555 1.9170 0.1164
   vertex 0.5733 1.7433 0.0000
   vertex 0.4940 1.7433 0.1647
  endloop
 endfacet
 facet normal -0.21194 -0.30467 -0.92858
  outer loop
   vertex 0.4555 1.9170 0.1164
   vertex 0.4940 1.7433 0.1647
   vertex 0.3296 1.9170 0.1452
  endloop
 endfacet
 facet normal -0.21194 -0.30467 -0.92858
  outer loop
   vertex 0.3296 1.9170 0.1452
   vertex 0.4940 1.7433 0.1647
   vertex 0.3158 1.7433 0.2053
  endloop
 endfacet
 facet normal 0.59385 -0.30467 -0.74466
  outer loop
   vertex 0.3296 1.9170 0.1452
   vertex 0.3158 1.7433 0.2053
   vertex 0.2285 1.9170 0.0646
  endloop
 endfacet
 facet normal 0.59385 -0.30467 -0.74466
  outer loop
   vertex 0.2285 1.9170 0.0646
   vertex 0.3158 1.7433 0.2053
   vertex 0.1730 1.7433 0.0914
  endloop
 endfacet
 facet normal 0.95246 -0.30467 0.00000
  outer loop
   vertex 0.2285 1.9170 0.0646
   vertex 0.1730 1.7433 0.0914
   vertex 0.2285 1.9170 -0.0646
  endloop
 endfacet
 facet normal 0.95246 -0.30467 -0.00000
  outer loop
   vertex 0.2285 1.9170 -0.0646
   vertex 0.1730 1.7433 0.0914
   vertex 0.1730 1.7433 -0.0914
  endloop
 endfacet
 facet normal 0.59385 -0.30467 0.74466
  outer loop
   vertex 0.2285 1.9170 -0.0646
   vertex 0.1730 1.7433 -0.0914
   vertex 0.3296 1.9170 -0.1452
  endloop
 endfacet
 facet normal 0.59385 -0.30467 0.74466
  outer loop
   vertex 0.3296 1.9170 -0.1452
   vertex 0.1730 1.7433 -0.0914
   vertex 0.3158 1.7433 -0.2053
  endloop
 endfacet
 facet normal -0.21194 -0.30467 0.92858
  outer loop
   vertex 0.3296 1.9170 -0.1452
   vertex 0.3158 1.7433 -0.2053
   vertex 0.4555 1.9170 -0.1164
  endloop
 endfacet
 facet normal -0.21194 -0.30467 0.92858
  outer loop
   vertex 0.4555 1.9170 -0.1164
   vertex 0.3158 1.7433 -0.2053
   vertex 0.4940 1.7433 -0.1647
  endloop
 endfacet
 facet normal -0.85813 -0.30467 0.41326
  outer loop
   vertex 0.4555 1.9170 -0.1164
   vertex 0.4940 1.7433 -0.1647
   vertex 0.5116 1.9170 -0.0000
  endloop
 endfacet
 facet normal -0.85813 -0.30467 0.41326
  outer loop
   vertex 0.5116 1.9170 -0.0000
   vertex 0.4940 1.7433 -0.1647
   vertex 0.5733 1.7433 -0.0000
  endloop
 endfacet
 facet normal -0.85813 0.30467 -0.41326
  outer loop
   vertex 0.5733 1.7433 0.0000
   vertex 0.5116 1.5696 0.0000
   vertex 0.4940 1.7433 0.1647
  endloop
 endfacet
 facet normal -0.85813 0.30467 -0.41326
  outer loop
   vertex 0.4940 1.7433 0.1647
   vertex 0.5116 1.5696 0.0000
   vertex 0.4555 1.5696 0.1164
  endloop
 endfacet
 facet normal -0.21194 0.30467 -0.92858
  outer loop
   vertex 0.4940 1.7433 0.1647
   vertex 0.4555 1.5696 0.1164
   vertex 0.3158 1.7433 0.2053
  endloop
 endfacet
 facet normal -0.21194 0.30467 -0.92858
  outer loop
   vertex 0.3158 1.7433 0.2053
   vertex 0.4555 1.5696 0.1164
   vertex 0.3296 1.5696 0.1452
  endloop
 endfacet
 facet normal 0.59385 0.30467 -0.74466
  outer loop
   vertex 0.3158 1.7433 0.2053
   vertex 0.3296 1.5696 0.1452
   vertex 0.1730 1.7433 0.0914
  endloop
 endfacet
 facet normal 0.59385 0.30467 -0.74466
  outer loop
   vertex 0.1730 1.7433 0.0914
   vertex 0.3296 1.5696 0.1452
   vertex 0.2285 1.5696 0.0646
  endloop
 endfacet
 facet normal 0.95246 0.30467 -0.00000
  outer loop
   vertex 0.1730 1.7433 0.0914
   vertex 0.2285 1.5696 0.0646
   vertex 0.1730 1.7433 -0.0914
  endloop
 endfacet
 facet normal 0.95246 0.30467 -0.00000
  outer loop
   vertex 0.1730 1.7433 -0.0914
   vertex 0.2285 1.5696 0.0646
   vertex 0.2285 1.5696 -0.0646
  endloop
 endfacet
 facet normal 0.59385 0.30467 0.74466
  outer loop
   vertex 0.1730 1.7433 -0.0914
   vertex 0.2285 1.5696 -0.0646
   vertex 0.3158 1.7433 -0.2053
  endloop
 endfacet
 facet normal 0.59385 0.30467 0.74466
  outer loop
   vertex 0.3158 1.7433 -0.2053
   vertex 0.2285 1.5696 -0.0646
   vertex 0.3296 1.5696 -0.1452
  endloop
 endfacet
 facet normal -0.21194 0.30467 0.92858
  outer loop
   vertex 0.3158 1.7433 -0.2053
   vertex 0.3296 1.5696 -0.1452
   vertex 0.4940 1.7433 -0.1647
  endloop
 endfacet
 facet normal -0.21194 0.30467 0.92858
  outer loop
   vertex 0.4940 1.7433 -0.1647
   vertex 0.3296 1.5696 -0.1452
   vertex 0.4555 1.5696 -0.1164
  endloop
 endfacet
 facet normal -0.85813 0.30467 0.41326
  outer loop
   vertex 0.4940 1.7433 -0.1647
   vertex 0.4555 1.5696 -0.1164
   vertex 0.5733 1.7433 -0.0000
  endloop
 endfacet
 facet normal -0.85813 0.30467 0.41326
  outer loop
   vertex 0.5733 1.7433 -0.0000
   vertex 0.4555 1.5696 -0.1164
   vertex 0.5116 1.5696 -0.0000
  endloop
 endfacet
 facet normal -0.42586 0.88124 -0.20508
  outer loop
   vertex 0.5116 1.5696 0.0000
   vertex 0.3627 1.4976 0.0000
   vertex 0.4555 1.5696 0.1164
  endloop
 endfacet
 facet normal -0.10518 0.88124 -0.46082
  outer loop
   vertex 0.4555 1.5696 0.1164
   vertex 0.3627 1.4976 0.0000
   vertex 0.3296 1.5696 0.1452
  endloop
 endfacet
 facet normal 0.29470 0.88124 -0.36955
  outer loop
   vertex 0.3296 1.5696 0.1452
   vertex 0.3627 1.4976 0.0000
   vertex 0.2285 1.5696 0.0646
  endloop
 endfacet
 facet normal 0.47267 0.88124 -0.00000
  outer loop
   vertex 0.2285 1.5696 0.0646
   vertex 0.3627 1.4976 0.0000
   vertex 0.2285 1.5696 -0.0646
  endloop
 endfacet
 facet normal 0.29470 0.88124 0.36955
  outer loop
   vertex 0.2285 1.5696 -0.0646
   vertex 0.3627 1.4976 -0.0000
   vertex 0.3296 1.5696 -0.1452
  endloop
 endfacet
 facet normal -0.10518 0.88124 0.46082
  outer loop
   vertex 0.3296 1.5696 -0.1452
   vertex 0.3627 1.4976 -0.0000
   vertex 0.4555 1.5696 -0.1164
  endloop
 endfacet
 facet normal -0.42586 0.88124 0.20508
  outer loop
   vertex 0.4555 1.5696 -0.1164
   vertex 0.3627 1.4976 -0.0000
   vertex 0.5116 1.5696 -0.0000
  endloop
 endfacet
 facet normal 0.00000 0.00000 -1.00000
  outer loop
   vertex -0.2106 1.8837 0.2106
   vertex -0.1287 1.9539 0.2106
   vertex -0.0702 1.8486 0.2106
  endloop
 endfacet
 facet normal 0.00000 0.00000 -1.00000
  outer loop
   vertex -0.2106 1.8837 0.2106
   vertex -0.0702 1.8486 0.2106
   vertex -0.0292 1.7901 0.2106
  endloop
 endfacet
 facet normal 0.00000 0.00000 -1.00000
  outer loop
   vertex -0.2106 1.8837 0.2106
   vertex -0.0292 1.7901 0.2106
   vertex -0.1170 1.7433 0.2106
  endloop
 endfacet
 facet normal 0.00000 0.00000 -1.00000
  outer loop
   vertex -0.2106 1.8837 0.2106
   vertex -0.1170 1.7433 0.2106
   vertex -0.1989 1.7901 0.2106
  endloop
 endfacet
 facet normal 0.00000 0.00000 -1.00000
  outer loop
   vertex 0.0819 1.6380 0.2106
   vertex 0.1755 1.6731 0.2106
   vertex 0.1521 1.5912 0.2106
  endloop
 endfacet
 facet normal 0.00000 0.00000 -1.00000
  outer loop
   vertex 0.0819 1.6380 0.2106
   vertex 0.1521 1.5912 0.2106
   vertex 0.2223 1.5327 0.2106
  endloop
 endfacet
 facet normal 0.00000 0.00000 -1.00000
  outer loop
   vertex 0.0819 1.6380 0.2106
   vertex 0.2223 1.5327 0.2106
   vertex 0.1404 1.4976 0.2106
  endloop
 endfacet
 facet normal 0.00000 0.00000 -1.00000
  outer loop
   vertex 0.0819 1.6380 0.2106
   vertex 0.1404 1.4976 0.2106
   vertex 0.0585 1.5678 0.2106
  endloop
 endfacet
 facet normal 0.00000 0.00000 -1.00000
  outer loop
   vertex -0.3393 1.6614 0.2106
   vertex -0.2691 1.7082 0.2106
   vertex -0.2340 1.6263 0.2106
  endloop
 endfacet
 facet normal 0.00000 0.00000 -1.00000
  outer loop
   vertex -0.3393 1.6614 0.2106
   vertex -0.2340 1.6263 0.2106
   vertex -0.2808 1.5444 0.2106
  endloop
 endfacet
 facet normal 0.00000 0.00000 -1.00000
  outer loop
   vertex -0.3393 1.6614 0.2106
   vertex -0.2808 1.5444 0.2106
   vertex -0.3510 1.5795 0.2106
  endloop
 endfacet
endsolid zombi_bruto
