solid zombi_cientifico
 facet normal -0.43339 0.06345 0.89897
  outer loop
   vertex -0.1700 0.9352 0.1099
   vertex -0.2559 0.9373 0.0683
   vertex -0.2759 0.5173 0.0883
  endloop
 endfacet
 facet normal -0.43339 0.06345 0.89897
  outer loop
   vertex -0.1700 0.9352 0.1099
   vertex -0.2759 0.5173 0.0883
   vertex -0.1900 0.5152 0.1299
  endloop
 endfacet
 facet normal 0.04751 0.99774 -0.04751
  outer loop
   vertex -0.1700 0.9300 0.0000
   vertex -0.2559 0.9373 0.0683
   vertex -0.1700 0.9352 0.1099
  endloop
 endfacet
 facet normal -0.04751 -0.99774 0.04751
  outer loop
   vertex -0.1900 0.5100 0.0200
   vertex -0.1900 0.5152 0.1299
   vertex -0.2759 0.5173 0.0883
  endloop
 endfacet
 facet normal -0.97383 0.05685 0.22007
  outer loop
   vertex -0.2559 0.9373 0.0683
   vertex -0.2771 0.9339 -0.0247
   vertex -0.2971 0.5139 -0.0047
  endloop
 endfacet
 facet normal -0.97383 0.05685 0.22007
  outer loop
   vertex -0.2559 0.9373 0.0683
   vertex -0.2971 0.5139 -0.0047
   vertex -0.2759 0.5173 0.0883
  endloop
 endfacet
 facet normal 0.04751 0.99774 -0.04751
  outer loop
   vertex -0.1700 0.9300 0.0000
   vertex -0.2771 0.9339 -0.0247
   vertex -0.2559 0.9373 0.0683
  endloop
 endfacet
 facet normal -0.04751 -0.99774 0.04751
  outer loop
   vertex -0.1900 0.5100 0.0200
   vertex -0.2759 0.5173 0.0883
   vertex -0.2971 0.5139 -0.0047
  endloop
 endfacet
 facet normal -0.78095 0.00745 -0.62455
  outer loop
   vertex -0.2771 0.9339 -0.0247
   vertex -0.2177 0.9276 -0.0991
   vertex -0.2377 0.5076 -0.0791
  endloop
 endfacet
 facet normal -0.78095 0.00745 -0.62455
  outer loop
   vertex -0.2771 0.9339 -0.0247
   vertex -0.2377 0.5076 -0.0791
   vertex -0.2971 0.5139 -0.0047
  endloop
 endfacet
 facet normal 0.04751 0.99774 -0.04751
  outer loop
   vertex -0.1700 0.9300 0.0000
   vertex -0.2177 0.9276 -0.0991
   vertex -0.2771 0.9339 -0.0247
  endloop
 endfacet
 facet normal -0.04751 -0.99774 0.04751
  outer loop
   vertex -0.1900 0.5100 0.0200
   vertex -0.2971 0.5139 -0.0047
   vertex -0.2377 0.5076 -0.0791
  endloop
 endfacet
 facet normal 0.00000 -0.04757 -0.99887
  outer loop
   vertex -0.2177 0.9276 -0.0991
   vertex -0.1223 0.9230 -0.0989
   vertex -0.1423 0.5030 -0.0789
  endloop
 endfacet
 facet normal 0.00000 -0.04757 -0.99887
  outer loop
   vertex -0.2177 0.9276 -0.0991
   vertex -0.1423 0.5030 -0.0789
   vertex -0.2377 0.5076 -0.0791
  endloop
 endfacet
 facet normal 0.04751 0.99774 -0.04751
  outer loop
   vertex -0.1700 0.9300 0.0000
   vertex -0.1223 0.9230 -0.0989
   vertex -0.2177 0.9276 -0.0991
  endloop
 endfacet
 facet normal -0.04751 -0.99774 0.04751
  outer loop
   vertex -0.1900 0.5100 0.0200
   vertex -0.2377 0.5076 -0.0791
   vertex -0.1423 0.5030 -0.0789
  endloop
 endfacet
 facet normal 0.78095 -0.06676 -0.62102
  outer loop
   vertex -0.1223 0.9230 -0.0989
   vertex -0.0629 0.9237 -0.0242
   vertex -0.0829 0.5037 -0.0042
  endloop
 endfacet
 facet normal 0.78095 -0.06676 -0.62102
  outer loop
   vertex -0.1223 0.9230 -0.0989
   vertex -0.0829 0.5037 -0.0042
   vertex -0.1423 0.5030 -0.0789
  endloop
 endfacet
 facet normal 0.04751 0.99774 -0.04751
  outer loop
   vertex -0.1700 0.9300 0.0000
   vertex -0.0629 0.9237 -0.0242
   vertex -0.1223 0.9230 -0.0989
  endloop
 endfacet
 facet normal -0.04751 -0.99774 0.04751
  outer loop
   vertex -0.1900 0.5100 0.0200
   vertex -0.1423 0.5030 -0.0789
   vertex -0.0829 0.5037 -0.0042
  endloop
 endfacet
 facet normal 0.97383 -0.03568 0.22447
  outer loop
   vertex -0.0629 0.9237 -0.0242
   vertex -0.0841 0.9292 0.0687
   vertex -0.1041 0.5092 0.0887
  endloop
 endfacet
 facet normal 0.97383 -0.03568 0.22447
  outer loop
   vertex -0.0629 0.9237 -0.0242
   vertex -0.1041 0.5092 0.0887
   vertex -0.0829 0.5037 -0.0042
  endloop
 endfacet
 facet normal 0.04751 0.99774 -0.04751
  outer loop
   vertex -0.1700 0.9300 0.0000
   vertex -0.0841 0.9292 0.0687
   vertex -0.0629 0.9237 -0.0242
  endloop
 endfacet
 facet normal -0.04751 -0.99774 0.04751
  outer loop
   vertex -0.1900 0.5100 0.0200
   vertex -0.0829 0.5037 -0.0042
   vertex -0.1041 0.5092 0.0887
  endloop
 endfacet
 facet normal 0.43339 0.02226 0.90093
  outer loop
   vertex -0.0841 0.9292 0.0687
   vertex -0.1700 0.9352 0.1099
   vertex -0.1900 0.5152 0.1299
  endloop
 endfacet
 facet normal 0.43339 0.02226 0.90093
  outer loop
   vertex -0.0841 0.9292 0.0687
   vertex -0.1900 0.5152 0.1299
   vertex -0.1041 0.5092 0.0887
  endloop
 endfacet
 facet normal 0.04751 0.99774 -0.04751
  outer loop
   vertex -0.1700 0.9300 0.0000
   vertex -0.1700 0.9352 0.1099
   vertex -0.0841 0.9292 0.0687
  endloop
 endfacet
 facet normal -0.04751 -0.99774 0.04751
  outer loop
   vertex -0.1900 0.5100 0.0200
   vertex -0.1041 0.5092 0.0887
   vertex -0.1900 0.5152 0.1299
  endloop
 endfacet
 facet normal -0.43369 0.06760 0.89853
  outer loop
   vertex -0.1900 0.5151 0.1048
   vertex -0.2564 0.5152 0.0728
   vertex -0.2664 0.1852 0.0928
  endloop
 endfacet
 facet normal -0.43369 0.06760 0.89853
  outer loop
   vertex -0.1900 0.5151 0.1048
   vertex -0.2664 0.1852 0.0928
   vertex -0.2000 0.1851 0.1248
  endloop
 endfacet
 facet normal 0.03023 0.99771 -0.06047
  outer loop
   vertex -0.1900 0.5100 0.0200
   vertex -0.2564 0.5152 0.0728
   vertex -0.1900 0.5151 0.1048
  endloop
 endfacet
 facet normal -0.03023 -0.99771 0.06047
  outer loop
   vertex -0.2000 0.1800 0.0400
   vertex -0.2000 0.1851 0.1248
   vertex -0.2664 0.1852 0.0928
  endloop
 endfacet
 facet normal -0.97448 0.04288 0.22033
  outer loop
   vertex -0.2564 0.5152 0.0728
   vertex -0.2728 0.5114 0.0010
   vertex -0.2828 0.1814 0.0210
  endloop
 endfacet
 facet normal -0.97448 0.04288 0.22033
  outer loop
   vertex -0.2564 0.5152 0.0728
   vertex -0.2828 0.1814 0.0210
   vertex -0.2664 0.1852 0.0928
  endloop
 endfacet
 facet normal 0.03023 0.99771 -0.06047
  outer loop
   vertex -0.1900 0.5100 0.0200
   vertex -0.2728 0.5114 0.0010
   vertex -0.2564 0.5152 0.0728
  endloop
 endfacet
 facet normal -0.03023 -0.99771 0.06047
  outer loop
   vertex -0.2000 0.1800 0.0400
   vertex -0.2664 0.1852 0.0928
   vertex -0.2828 0.1814 0.0210
  endloop
 endfacet
 facet normal -0.78147 -0.01412 -0.62378
  outer loop
   vertex -0.2728 0.5114 0.0010
   vertex -0.2269 0.5065 -0.0565
   vertex -0.2369 0.1765 -0.0365
  endloop
 endfacet
 facet normal -0.78147 -0.01412 -0.62378
  outer loop
   vertex -0.2728 0.5114 0.0010
   vertex -0.2369 0.1765 -0.0365
   vertex -0.2828 0.1814 0.0210
  endloop
 endfacet
 facet normal 0.03023 0.99771 -0.06047
  outer loop
   vertex -0.1900 0.5100 0.0200
   vertex -0.2269 0.5065 -0.0565
   vertex -0.2728 0.5114 0.0010
  endloop
 endfacet
 facet normal -0.03023 -0.99771 0.06047
  outer loop
   vertex -0.2000 0.1800 0.0400
   vertex -0.2828 0.1814 0.0210
   vertex -0.2369 0.1765 -0.0365
  endloop
 endfacet
 facet normal -0.00000 -0.06050 -0.99817
  outer loop
   vertex -0.2269 0.5065 -0.0565
   vertex -0.1531 0.5043 -0.0564
   vertex -0.1631 0.1743 -0.0364
  endloop
 endfacet
 facet normal -0.00000 -0.06050 -0.99817
  outer loop
   vertex -0.2269 0.5065 -0.0565
   vertex -0.1631 0.1743 -0.0364
   vertex -0.2369 0.1765 -0.0365
  endloop
 endfacet
 facet normal 0.03023 0.99771 -0.06047
  outer loop
   vertex -0.1900 0.5100 0.0200
   vertex -0.1531 0.5043 -0.0564
   vertex -0.2269 0.5065 -0.0565
  endloop
 endfacet
 facet normal -0.03023 -0.99771 0.06047
  outer loop
   vertex -0.2000 0.1800 0.0400
   vertex -0.2369 0.1765 -0.0365
   vertex -0.1631 0.1743 -0.0364
  endloop
 endfacet
 facet normal 0.78147 -0.06131 -0.62092
  outer loop
   vertex -0.1531 0.5043 -0.0564
   vertex -0.1072 0.5064 0.0013
   vertex -0.1172 0.1764 0.0213
  endloop
 endfacet
 facet normal 0.78147 -0.06131 -0.62092
  outer loop
   vertex -0.1531 0.5043 -0.0564
   vertex -0.1172 0.1764 0.0213
   vertex -0.1631 0.1743 -0.0364
  endloop
 endfacet
 facet normal 0.03023 0.99771 -0.06047
  outer loop
   vertex -0.1900 0.5100 0.0200
   vertex -0.1072 0.5064 0.0013
   vertex -0.1531 0.5043 -0.0564
  endloop
 endfacet
 facet normal -0.03023 -0.99771 0.06047
  outer loop
   vertex -0.2000 0.1800 0.0400
   vertex -0.1631 0.1743 -0.0364
   vertex -0.1172 0.1764 0.0213
  endloop
 endfacet
 facet normal 0.97448 -0.01596 0.22390
  outer loop
   vertex -0.1072 0.5064 0.0013
   vertex -0.1236 0.5112 0.0730
   vertex -0.1336 0.1812 0.0930
  endloop
 endfacet
 facet normal 0.97448 -0.01596 0.22390
  outer loop
   vertex -0.1072 0.5064 0.0013
   vertex -0.1336 0.1812 0.0930
   vertex -0.1172 0.1764 0.0213
  endloop
 endfacet
 facet normal 0.03023 0.99771 -0.06047
  outer loop
   vertex -0.1900 0.5100 0.0200
   vertex -0.1236 0.5112 0.0730
   vertex -0.1072 0.5064 0.0013
  endloop
 endfacet
 facet normal -0.03023 -0.99771 0.06047
  outer loop
   vertex -0.2000 0.1800 0.0400
   vertex -0.1172 0.1764 0.0213
   vertex -0.1336 0.1812 0.0930
  endloop
 endfacet
 facet normal 0.43369 0.04141 0.90011
  outer loop
   vertex -0.1236 0.5112 0.0730
   vertex -0.1900 0.5151 0.1048
   vertex -0.2000 0.1851 0.1248
  endloop
 endfacet
 facet normal 0.43369 0.04141 0.90011
  outer loop
   vertex -0.1236 0.5112 0.0730
   vertex -0.2000 0.1851 0.1248
   vertex -0.1336 0.1812 0.0930
  endloop
 endfacet
 facet normal 0.03023 0.99771 -0.06047
  outer loop
   vertex -0.1900 0.5100 0.0200
   vertex -0.1900 0.5151 0.1048
   vertex -0.1236 0.5112 0.0730
  endloop
 endfacet
 facet normal -0.03023 -0.99771 0.06047
  outer loop
   vertex -0.2000 0.1800 0.0400
   vertex -0.1336 0.1812 0.0930
   vertex -0.2000 0.1851 0.1248
  endloop
 endfacet
 facet normal 0.00000 0.00000 1.00000
  outer loop
   vertex -0.3200 0.0100 -0.0900
   vertex -0.0800 0.0100 -0.0900
   vertex -0.0800 0.1700 -0.0900
  endloop
 endfacet
 facet normal 0.00000 0.00000 1.00000
  outer loop
   vertex -0.3200 0.0100 -0.0900
   vertex -0.0800 0.1700 -0.0900
   vertex -0.3200 0.1700 -0.0900
  endloop
 endfacet
 facet normal 0.00000 0.00000 -1.00000
  outer loop
   vertex -0.0800 0.0100 0.2500
   vertex -0.3200 0.0100 0.2500
   vertex -0.3200 0.1700 0.2500
  endloop
 endfacet
 facet normal 0.00000 0.00000 -1.00000
  outer loop
   vertex -0.0800 0.0100 0.2500
   vertex -0.3200 0.1700 0.2500
   vertex -0.0800 0.1700 0.2500
  endloop
 endfacet
 facet normal 1.00000 0.00000 0.00000
  outer loop
   vertex -0.3200 0.0100 0.2500
   vertex -0.3200 0.0100 -0.0900
   vertex -0.3200 0.1700 -0.0900
  endloop
 endfacet
 facet normal 1.00000 0.00000 0.00000
  outer loop
   vertex -0.3200 0.0100 0.2500
   vertex -0.3200 0.1700 -0.0900
   vertex -0.3200 0.1700 0.2500
  endloop
 endfacet
 facet normal -1.00000 0.00000 0.00000
  outer loop
   vertex -0.0800 0.0100 -0.0900
   vertex -0.0800 0.0100 0.2500
   vertex -0.0800 0.1700 0.2500
  endloop
 endfacet
 facet normal -1.00000 0.00000 0.00000
  outer loop
   vertex -0.0800 0.0100 -0.0900
   vertex -0.0800 0.1700 0.2500
   vertex -0.0800 0.1700 -0.0900
  endloop
 endfacet
 facet normal 0.00000 -1.00000 0.00000
  outer loop
   vertex -0.3200 0.1700 -0.0900
   vertex -0.0800 0.1700 -0.0900
   vertex -0.0800 0.1700 0.2500
  endloop
 endfacet
 facet normal 0.00000 -1.00000 0.00000
  outer loop
   vertex -0.3200 0.1700 -0.0900
   vertex -0.0800 0.1700 0.2500
   vertex -0.3200 0.1700 0.2500
  endloop
 endfacet
 facet normal 0.00000 1.00000 0.00000
  outer loop
   vertex -0.3200 0.0100 0.2500
   vertex -0.0800 0.0100 0.2500
   vertex -0.0800 0.0100 -0.0900
  endloop
 endfacet
 facet normal 0.00000 1.00000 0.00000
  outer loop
   vertex -0.3200 0.0100 0.2500
   vertex -0.0800 0.0100 -0.0900
   vertex -0.3200 0.0100 -0.0900
  endloop
 endfacet
 facet normal -0.43339 0.02226 0.90093
  outer loop
   vertex 0.1700 0.9352 0.1099
   vertex 0.0841 0.9292 0.0687
   vertex 0.1041 0.5092 0.0887
  endloop
 endfacet
 facet normal -0.43339 0.02226 0.90093
  outer loop
   vertex 0.1700 0.9352 0.1099
   vertex 0.1041 0.5092 0.0887
   vertex 0.1900 0.5152 0.1299
  endloop
 endfacet
 facet normal -0.04751 0.99774 -0.04751
  outer loop
   vertex 0.1700 0.9300 0.0000
   vertex 0.0841 0.9292 0.0687
   vertex 0.1700 0.9352 0.1099
  endloop
 endfacet
 facet normal 0.04751 -0.99774 0.04751
  outer loop
   vertex 0.1900 0.5100 0.0200
   vertex 0.1900 0.5152 0.1299
   vertex 0.1041 0.5092 0.0887
  endloop
 endfacet
 facet normal -0.97383 -0.03568 0.22447
  outer loop
   vertex 0.0841 0.9292 0.0687
   vertex 0.0629 0.9237 -0.0242
   vertex 0.0829 0.5037 -0.0042
  endloop
 endfacet
 facet normal -0.97383 -0.03568 0.22447
  outer loop
   vertex 0.0841 0.9292 0.0687
   vertex 0.0829 0.5037 -0.0042
   vertex 0.1041 0.5092 0.0887
  endloop
 endfacet
 facet normal -0.04751 0.99774 -0.04751
  outer loop
   vertex 0.1700 0.9300 0.0000
   vertex 0.0629 0.9237 -0.0242
   vertex 0.0841 0.9292 0.0687
  endloop
 endfacet
 facet normal 0.04751 -0.99774 0.04751
  outer loop
   vertex 0.1900 0.5100 0.0200
   vertex 0.1041 0.5092 0.0887
   vertex 0.0829 0.5037 -0.0042
  endloop
 endfacet
 facet normal -0.78095 -0.06676 -0.62102
  outer loop
   vertex 0.0629 0.9237 -0.0242
   vertex 0.1223 0.9230 -0.0989
   vertex 0.1423 0.5030 -0.0789
  endloop
 endfacet
 facet normal -0.78095 -0.06676 -0.62102
  outer loop
   vertex 0.0629 0.9237 -0.0242
   vertex 0.1423 0.5030 -0.0789
   vertex 0.0829 0.5037 -0.0042
  endloop
 endfacet
 facet normal -0.04751 0.99774 -0.04751
  outer loop
   vertex 0.1700 0.9300 0.0000
   vertex 0.1223 0.9230 -0.0989
   vertex 0.0629 0.9237 -0.0242
  endloop
 endfacet
 facet normal 0.04751 -0.99774 0.04751
  outer loop
   vertex 0.1900 0.5100 0.0200
   vertex 0.0829 0.5037 -0.0042
   vertex 0.1423 0.5030 -0.0789
  endloop
 endfacet
 facet normal -0.00000 -0.04757 -0.99887
  outer loop
   vertex 0.1223 0.9230 -0.0989
   vertex 0.2177 0.9276 -0.0991
   vertex 0.2377 0.5076 -0.0791
  endloop
 endfacet
 facet normal -0.00000 -0.04757 -0.99887
  outer loop
   vertex 0.1223 0.9230 -0.0989
   vertex 0.2377 0.5076 -0.0791
   vertex 0.1423 0.5030 -0.0789
  endloop
 endfacet
 facet normal -0.04751 0.99774 -0.04751
  outer loop
   vertex 0.1700 0.9300 0.0000
   vertex 0.2177 0.9276 -0.0991
   vertex 0.1223 0.9230 -0.0989
  endloop
 endfacet
 facet normal 0.04751 -0.99774 0.04751
  outer loop
   vertex 0.1900 0.5100 0.0200
   vertex 0.1423 0.5030 -0.0789
   vertex 0.2377 0.5076 -0.0791
  endloop
 endfacet
 facet normal 0.78095 0.00745 -0.62455
  outer loop
   vertex 0.2177 0.9276 -0.0991
   vertex 0.2771 0.9339 -0.0247
   vertex 0.2971 0.5139 -0.0047
  endloop
 endfacet
 facet normal 0.78095 0.00745 -0.62455
  outer loop
   vertex 0.2177 0.9276 -0.0991
   vertex 0.2971 0.5139 -0.0047
   vertex 0.2377 0.5076 -0.0791
  endloop
 endfacet
 facet normal -0.04751 0.99774 -0.04751
  outer loop
   vertex 0.1700 0.9300 0.0000
   vertex 0.2771 0.9339 -0.0247
   vertex 0.2177 0.9276 -0.0991
  endloop
 endfacet
 facet normal 0.04751 -0.99774 0.04751
  outer loop
   vertex 0.1900 0.5100 0.0200
   vertex 0.2377 0.5076 -0.0791
   vertex 0.2971 0.5139 -0.0047
  endloop
 endfacet
 facet normal 0.97383 0.05685 0.22007
  outer loop
   vertex 0.2771 0.9339 -0.0247
   vertex 0.2559 0.9373 0.0683
   vertex 0.2759 0.5173 0.0883
  endloop
 endfacet
 facet normal 0.97383 0.05685 0.22007
  outer loop
   vertex 0.2771 0.9339 -0.0247
   vertex 0.2759 0.5173 0.0883
   vertex 0.2971 0.5139 -0.0047
  endloop
 endfacet
 facet normal -0.04751 0.99774 -0.04751
  outer loop
   vertex 0.1700 0.9300 0.0000
   vertex 0.2559 0.9373 0.0683
   vertex 0.2771 0.9339 -0.0247
  endloop
 endfacet
 facet normal 0.04751 -0.99774 0.04751
  outer loop
   vertex 0.1900 0.5100 0.0200
   vertex 0.2971 0.5139 -0.0047
   vertex 0.2759 0.5173 0.0883
  endloop
 endfacet
 facet normal 0.43339 0.06345 0.89897
  outer loop
   vertex 0.2559 0.9373 0.0683
   vertex 0.1700 0.9352 0.1099
   vertex 0.1900 0.5152 0.1299
  endloop
 endfacet
 facet normal 0.43339 0.06345 0.89897
  outer loop
   vertex 0.2559 0.9373 0.0683
   vertex 0.1900 0.5152 0.1299
   vertex 0.2759 0.5173 0.0883
  endloop
 endfacet
 facet normal -0.04751 0.99774 -0.04751
  outer loop
   vertex 0.1700 0.9300 0.0000
   vertex 0.1700 0.9352 0.1099
   vertex 0.2559 0.9373 0.0683
  endloop
 endfacet
 facet normal 0.04751 -0.99774 0.04751
  outer loop
   vertex 0.1900 0.5100 0.0200
   vertex 0.2759 0.5173 0.0883
   vertex 0.1900 0.5152 0.1299
  endloop
 endfacet
 facet normal -0.43369 0.04141 0.90011
  outer loop
   vertex 0.1900 0.5151 0.1048
   vertex 0.1236 0.5112 0.0730
   vertex 0.1336 0.1812 0.0930
  endloop
 endfacet
 facet normal -0.43369 0.04141 0.90011
  outer loop
   vertex 0.1900 0.5151 0.1048
   vertex 0.1336 0.1812 0.0930
   vertex 0.2000 0.1851 0.1248
  endloop
 endfacet
 facet normal -0.03023 0.99771 -0.06047
  outer loop
   vertex 0.1900 0.5100 0.0200
   vertex 0.1236 0.5112 0.0730
   vertex 0.1900 0.5151 0.1048
  endloop
 endfacet
 facet normal 0.03023 -0.99771 0.06047
  outer loop
   vertex 0.2000 0.1800 0.0400
   vertex 0.2000 0.1851 0.1248
   vertex 0.1336 0.1812 0.0930
  endloop
 endfacet
 facet normal -0.97448 -0.01596 0.22390
  outer loop
   vertex 0.1236 0.5112 0.0730
   vertex 0.1072 0.5064 0.0013
   vertex 0.1172 0.1764 0.0213
  endloop
 endfacet
 facet normal -0.97448 -0.01596 0.22390
  outer loop
   vertex 0.1236 0.5112 0.0730
   vertex 0.1172 0.1764 0.0213
   vertex 0.1336 0.1812 0.0930
  endloop
 endfacet
 facet normal -0.03023 0.99771 -0.06047
  outer loop
   vertex 0.1900 0.5100 0.0200
   vertex 0.1072 0.5064 0.0013
   vertex 0.1236 0.5112 0.0730
  endloop
 endfacet
 facet normal 0.03023 -0.99771 0.06047
  outer loop
   vertex 0.2000 0.1800 0.0400
   vertex 0.1336 0.1812 0.0930
   vertex 0.1172 0.1764 0.0213
  endloop
 endfacet
 facet normal -0.78147 -0.06131 -0.62092
  outer loop
   vertex 0.1072 0.5064 0.0013
   vertex 0.1531 0.5043 -0.0564
   vertex 0.1631 0.1743 -0.0364
  endloop
 endfacet
 facet normal -0.78147 -0.06131 -0.62092
  outer loop
   vertex 0.1072 0.5064 0.0013
   vertex 0.1631 0.1743 -0.0364
   vertex 0.1172 0.1764 0.0213
  endloop
 endfacet
 facet normal -0.03023 0.99771 -0.06047
  outer loop
   vertex 0.1900 0.5100 0.0200
   vertex 0.1531 0.5043 -0.0564
   vertex 0.1072 0.5064 0.0013
  endloop
 endfacet
 facet normal 0.03023 -0.99771 0.06047
  outer loop
   vertex 0.2000 0.1800 0.0400
   vertex 0.1172 0.1764 0.0213
   vertex 0.1631 0.1743 -0.0364
  endloop
 endfacet
 facet normal -0.00000 -0.06050 -0.99817
  outer loop
   vertex 0.1531 0.5043 -0.0564
   vertex 0.2269 0.5065 -0.0565
   vertex 0.2369 0.1765 -0.0365
  endloop
 endfacet
 facet normal -0.00000 -0.06050 -0.99817
  outer loop
   vertex 0.1531 0.5043 -0.0564
   vertex 0.2369 0.1765 -0.0365
   vertex 0.1631 0.1743 -0.0364
  endloop
 endfacet
 facet normal -0.03023 0.99771 -0.06047
  outer loop
   vertex 0.1900 0.5100 0.0200
   vertex 0.2269 0.5065 -0.0565
   vertex 0.1531 0.5043 -0.0564
  endloop
 endfacet
 facet normal 0.03023 -0.99771 0.06047
  outer loop
   vertex 0.2000 0.1800 0.0400
   vertex 0.1631 0.1743 -0.0364
   vertex 0.2369 0.1765 -0.0365
  endloop
 endfacet
 facet normal 0.78147 -0.01412 -0.62378
  outer loop
   vertex 0.2269 0.5065 -0.0565
   vertex 0.2728 0.5114 0.0010
   vertex 0.2828 0.1814 0.0210
  endloop
 endfacet
 facet normal 0.78147 -0.01412 -0.62378
  outer loop
   vertex 0.2269 0.5065 -0.0565
   vertex 0.2828 0.1814 0.0210
   vertex 0.2369 0.1765 -0.0365
  endloop
 endfacet
 facet normal -0.03023 0.99771 -0.06047
  outer loop
   vertex 0.1900 0.5100 0.0200
   vertex 0.2728 0.5114 0.0010
   vertex 0.2269 0.5065 -0.0565
  endloop
 endfacet
 facet normal 0.03023 -0.99771 0.06047
  outer loop
   vertex 0.2000 0.1800 0.0400
   vertex 0.2369 0.1765 -0.0365
   vertex 0.2828 0.1814 0.0210
  endloop
 endfacet
 facet normal 0.97448 0.04288 0.22033
  outer loop
   vertex 0.2728 0.5114 0.0010
   vertex 0.2564 0.5152 0.0728
   vertex 0.2664 0.1852 0.0928
  endloop
 endfacet
 facet normal 0.97448 0.04288 0.22033
  outer loop
   vertex 0.2728 0.5114 0.0010
   vertex 0.2664 0.1852 0.0928
   vertex 0.2828 0.1814 0.0210
  endloop
 endfacet
 facet normal -0.03023 0.99771 -0.06047
  outer loop
   vertex 0.1900 0.5100 0.0200
   vertex 0.2564 0.5152 0.0728
   vertex 0.2728 0.5114 0.0010
  endloop
 endfacet
 facet normal 0.03023 -0.99771 0.06047
  outer loop
   vertex 0.2000 0.1800 0.0400
   vertex 0.2828 0.1814 0.0210
   vertex 0.2664 0.1852 0.0928
  endloop
 endfacet
 facet normal 0.43369 0.06760 0.89853
  outer loop
   vertex 0.2564 0.5152 0.0728
   vertex 0.1900 0.5151 0.1048
   vertex 0.2000 0.1851 0.1248
  endloop
 endfacet
 facet normal 0.43369 0.06760 0.89853
  outer loop
   vertex 0.2564 0.5152 0.0728
   vertex 0.2000 0.1851 0.1248
   vertex 0.2664 0.1852 0.0928
  endloop
 endfacet
 facet normal -0.03023 0.99771 -0.06047
  outer loop
   vertex 0.1900 0.5100 0.0200
   vertex 0.1900 0.5151 0.1048
   vertex 0.2564 0.5152 0.0728
  endloop
 endfacet
 facet normal 0.03023 -0.99771 0.06047
  outer loop
   vertex 0.2000 0.1800 0.0400
   vertex 0.2664 0.1852 0.0928
   vertex 0.2000 0.1851 0.1248
  endloop
 endfacet
 facet normal 0.00000 0.00000 1.00000
  outer loop
   vertex 0.0800 0.0100 -0.0900
   vertex 0.3200 0.0100 -0.0900
   vertex 0.3200 0.1700 -0.0900
  endloop
 endfacet
 facet normal 0.00000 0.00000 1.00000
  outer loop
   vertex 0.0800 0.0100 -0.0900
   vertex 0.3200 0.1700 -0.0900
   vertex 0.0800 0.1700 -0.0900
  endloop
 endfacet
 facet normal 0.00000 0.00000 -1.00000
  outer loop
   vertex 0.3200 0.0100 0.2500
   vertex 0.0800 0.0100 0.2500
   vertex 0.0800 0.1700 0.2500
  endloop
 endfacet
 facet normal 0.00000 0.00000 -1.00000
  outer loop
   vertex 0.3200 0.0100 0.2500
   vertex 0.0800 0.1700 0.2500
   vertex 0.3200 0.1700 0.2500
  endloop
 endfacet
 facet normal 1.00000 0.00000 0.00000
  outer loop
   vertex 0.0800 0.0100 0.2500
   vertex 0.0800 0.0100 -0.0900
   vertex 0.0800 0.1700 -0.0900
  endloop
 endfacet
 facet normal 1.00000 0.00000 0.00000
  outer loop
   vertex 0.0800 0.0100 0.2500
   vertex 0.0800 0.1700 -0.0900
   vertex 0.0800 0.1700 0.2500
  endloop
 endfacet
 facet normal -1.00000 0.00000 0.00000
  outer loop
   vertex 0.3200 0.0100 -0.0900
   vertex 0.3200 0.0100 0.2500
   vertex 0.3200 0.1700 0.2500
  endloop
 endfacet
 facet normal -1.00000 0.00000 0.00000
  outer loop
   vertex 0.3200 0.0100 -0.0900
   vertex 0.3200 0.1700 0.2500
   vertex 0.3200 0.1700 -0.0900
  endloop
 endfacet
 facet normal 0.00000 -1.00000 0.00000
  outer loop
   vertex 0.0800 0.1700 -0.0900
   vertex 0.3200 0.1700 -0.0900
   vertex 0.3200 0.1700 0.2500
  endloop
 endfacet
 facet normal 0.00000 -1.00000 0.00000
  outer loop
   vertex 0.0800 0.1700 -0.0900
   vertex 0.3200 0.1700 0.2500
   vertex 0.0800 0.1700 0.2500
  endloop
 endfacet
 facet normal 0.00000 1.00000 0.00000
  outer loop
   vertex 0.0800 0.0100 0.2500
   vertex 0.3200 0.0100 0.2500
   vertex 0.3200 0.0100 -0.0900
  endloop
 endfacet
 facet normal 0.00000 1.00000 0.00000
  outer loop
   vertex 0.0800 0.0100 0.2500
   vertex 0.3200 0.0100 -0.0900
   vertex 0.0800 0.0100 -0.0900
  endloop
 endfacet
 facet normal 0.00000 0.00000 1.00000
  outer loop
   vertex -0.2800 1.0000 -0.1700
   vertex 0.2800 1.0000 -0.1700
   vertex 0.2800 1.7600 -0.1700
  endloop
 endfacet
 facet normal 0.00000 0.00000 1.00000
  outer loop
   vertex -0.2800 1.0000 -0.1700
   vertex 0.2800 1.7600 -0.1700
   vertex -0.2800 1.7600 -0.1700
  endloop
 endfacet
 facet normal 0.00000 0.00000 -1.00000
  outer loop
   vertex 0.2800 1.0000 0.1700
   vertex -0.2800 1.0000 0.1700
   vertex -0.2800 1.7600 0.1700
  endloop
 endfacet
 facet normal 0.00000 0.00000 -1.00000
  outer loop
   vertex 0.2800 1.0000 0.1700
   vertex -0.2800 1.7600 0.1700
   vertex 0.2800 1.7600 0.1700
  endloop
 endfacet
 facet normal 1.00000 0.00000 0.00000
  outer loop
   vertex -0.2800 1.0000 0.1700
   vertex -0.2800 1.0000 -0.1700
   vertex -0.2800 1.7600 -0.1700
  endloop
 endfacet
 facet normal 1.00000 0.00000 0.00000
  outer loop
   vertex -0.2800 1.0000 0.1700
   vertex -0.2800 1.7600 -0.1700
   vertex -0.2800 1.7600 0.1700
  endloop
 endfacet
 facet normal -1.00000 0.00000 0.00000
  outer loop
   vertex 0.2800 1.0000 -0.1700
   vertex 0.2800 1.0000 0.1700
   vertex 0.2800 1.7600 0.1700
  endloop
 endfacet
 facet normal -1.00000 0.00000 0.00000
  outer loop
   vertex 0.2800 1.0000 -0.1700
   vertex 0.2800 1.7600 0.1700
   vertex 0.2800 1.7600 -0.1700
  endloop
 endfacet
 facet normal 0.00000 -1.00000 0.00000
  outer loop
   vertex -0.2800 1.7600 -0.1700
   vertex 0.2800 1.7600 -0.1700
   vertex 0.2800 1.7600 0.1700
  endloop
 endfacet
 facet normal 0.00000 -1.00000 0.00000
  outer loop
   vertex -0.2800 1.7600 -0.1700
   vertex 0.2800 1.7600 0.1700
   vertex -0.2800 1.7600 0.1700
  endloop
 endfacet
 facet normal 0.00000 1.00000 0.00000
  outer loop
   vertex -0.2800 1.0000 0.1700
   vertex 0.2800 1.0000 0.1700
   vertex 0.2800 1.0000 -0.1700
  endloop
 endfacet
 facet normal 0.00000 1.00000 0.00000
  outer loop
   vertex -0.2800 1.0000 0.1700
   vertex 0.2800 1.0000 -0.1700
   vertex -0.2800 1.0000 -0.1700
  endloop
 endfacet
 facet normal 0.00000 0.00000 1.00000
  outer loop
   vertex -0.2400 0.9000 -0.1500
   vertex 0.2400 0.9000 -0.1500
   vertex 0.2400 1.1400 -0.1500
  endloop
 endfacet
 facet normal 0.00000 0.00000 1.00000
  outer loop
   vertex -0.2400 0.9000 -0.1500
   vertex 0.2400 1.1400 -0.1500
   vertex -0.2400 1.1400 -0.1500
  endloop
 endfacet
 facet normal 0.00000 0.00000 -1.00000
  outer loop
   vertex 0.2400 0.9000 0.1500
   vertex -0.2400 0.9000 0.1500
   vertex -0.2400 1.1400 0.1500
  endloop
 endfacet
 facet normal 0.00000 0.00000 -1.00000
  outer loop
   vertex 0.2400 0.9000 0.1500
   vertex -0.2400 1.1400 0.1500
   vertex 0.2400 1.1400 0.1500
  endloop
 endfacet
 facet normal 1.00000 0.00000 0.00000
  outer loop
   vertex -0.2400 0.9000 0.1500
   vertex -0.2400 0.9000 -0.1500
   vertex -0.2400 1.1400 -0.1500
  endloop
 endfacet
 facet normal 1.00000 0.00000 0.00000
  outer loop
   vertex -0.2400 0.9000 0.1500
   vertex -0.2400 1.1400 -0.1500
   vertex -0.2400 1.1400 0.1500
  endloop
 endfacet
 facet normal -1.00000 0.00000 0.00000
  outer loop
   vertex 0.2400 0.9000 -0.1500
   vertex 0.2400 0.9000 0.1500
   vertex 0.2400 1.1400 0.1500
  endloop
 endfacet
 facet normal -1.00000 0.00000 0.00000
  outer loop
   vertex 0.2400 0.9000 -0.1500
   vertex 0.2400 1.1400 0.1500
   vertex 0.2400 1.1400 -0.1500
  endloop
 endfacet
 facet normal 0.00000 -1.00000 0.00000
  outer loop
   vertex -0.2400 1.1400 -0.1500
   vertex 0.2400 1.1400 -0.1500
   vertex 0.2400 1.1400 0.1500
  endloop
 endfacet
 facet normal 0.00000 -1.00000 0.00000
  outer loop
   vertex -0.2400 1.1400 -0.1500
   vertex 0.2400 1.1400 0.1500
   vertex -0.2400 1.1400 0.1500
  endloop
 endfacet
 facet normal 0.00000 1.00000 0.00000
  outer loop
   vertex -0.2400 0.9000 0.1500
   vertex 0.2400 0.9000 0.1500
   vertex 0.2400 0.9000 -0.1500
  endloop
 endfacet
 facet normal 0.00000 1.00000 0.00000
  outer loop
   vertex -0.2400 0.9000 0.1500
   vertex 0.2400 0.9000 -0.1500
   vertex -0.2400 0.9000 -0.1500
  endloop
 endfacet
 facet normal 0.18011 -0.20324 -0.96242
  outer loop
   vertex -0.2904 1.6400 -0.0976
   vertex -0.2148 1.6034 -0.0758
   vertex -0.3960 1.2534 -0.0358
  endloop
 endfacet
 facet normal 0.18011 -0.20324 -0.96242
  outer loop
   vertex -0.2904 1.6400 -0.0976
   vertex -0.3960 1.2534 -0.0358
   vertex -0.4716 1.2900 -0.0576
  endloop
 endfacet
 facet normal 0.45740 0.88351 -0.10097
  outer loop
   vertex -0.2688 1.6400 0.0000
   vertex -0.2148 1.6034 -0.0758
   vertex -0.2904 1.6400 -0.0976
  endloop
 endfacet
 facet normal -0.45740 -0.88351 0.10097
  outer loop
   vertex -0.4500 1.2900 0.0400
   vertex -0.4716 1.2900 -0.0576
   vertex -0.3960 1.2534 -0.0358
  endloop
 endfacet
 facet normal 0.79314 -0.45667 -0.40296
  outer loop
   vertex -0.2148 1.6034 -0.0758
   vertex -0.1799 1.5943 0.0032
   vertex -0.3611 1.2443 0.0432
  endloop
 endfacet
 facet normal 0.79314 -0.45667 -0.40296
  outer loop
   vertex -0.2148 1.6034 -0.0758
   vertex -0.3611 1.2443 0.0432
   vertex -0.3960 1.2534 -0.0358
  endloop
 endfacet
 facet normal 0.45740 0.88351 -0.10097
  outer loop
   vertex -0.2688 1.6400 0.0000
   vertex -0.1799 1.5943 0.0032
   vertex -0.2148 1.6034 -0.0758
  endloop
 endfacet
 facet normal -0.45740 -0.88351 0.10097
  outer loop
   vertex -0.4500 1.2900 0.0400
   vertex -0.3960 1.2534 -0.0358
   vertex -0.3611 1.2443 0.0432
  endloop
 endfacet
 facet normal 0.80891 -0.36622 0.45993
  outer loop
   vertex -0.1799 1.5943 0.0032
   vertex -0.2119 1.6197 0.0797
   vertex -0.3931 1.2697 0.1197
  endloop
 endfacet
 facet normal 0.80891 -0.36622 0.45993
  outer loop
   vertex -0.1799 1.5943 0.0032
   vertex -0.3931 1.2697 0.1197
   vertex -0.3611 1.2443 0.0432
  endloop
 endfacet
 facet normal 0.45740 0.88351 -0.10097
  outer loop
   vertex -0.2688 1.6400 0.0000
   vertex -0.2119 1.6197 0.0797
   vertex -0.1799 1.5943 0.0032
  endloop
 endfacet
 facet normal -0.45740 -0.88351 0.10097
  outer loop
   vertex -0.4500 1.2900 0.0400
   vertex -0.3611 1.2443 0.0432
   vertex -0.3931 1.2697 0.1197
  endloop
 endfacet
 facet normal 0.21556 0.00000 0.97649
  outer loop
   vertex -0.2119 1.6197 0.0797
   vertex -0.2868 1.6603 0.0962
   vertex -0.4680 1.3103 0.1362
  endloop
 endfacet
 facet normal 0.21556 -0.00000 0.97649
  outer loop
   vertex -0.2119 1.6197 0.0797
   vertex -0.4680 1.3103 0.1362
   vertex -0.3931 1.2697 0.1197
  endloop
 endfacet
 facet normal 0.45740 0.88351 -0.10097
  outer loop
   vertex -0.2688 1.6400 0.0000
   vertex -0.2868 1.6603 0.0962
   vertex -0.2119 1.6197 0.0797
  endloop
 endfacet
 facet normal -0.45740 -0.88351 0.10097
  outer loop
   vertex -0.4500 1.2900 0.0400
   vertex -0.3931 1.2697 0.1197
   vertex -0.4680 1.3103 0.1362
  endloop
 endfacet
 facet normal -0.54011 0.36622 0.75773
  outer loop
   vertex -0.2868 1.6603 0.0962
   vertex -0.3481 1.6857 0.0403
   vertex -0.5293 1.3357 0.0803
  endloop
 endfacet
 facet normal -0.54011 0.36622 0.75773
  outer loop
   vertex -0.2868 1.6603 0.0962
   vertex -0.5293 1.3357 0.0803
   vertex -0.4680 1.3103 0.1362
  endloop
 endfacet
 facet normal 0.45740 0.88351 -0.10097
  outer loop
   vertex -0.2688 1.6400 0.0000
   vertex -0.3481 1.6857 0.0403
   vertex -0.2868 1.6603 0.0962
  endloop
 endfacet
 facet normal -0.45740 -0.88351 0.10097
  outer loop
   vertex -0.4500 1.2900 0.0400
   vertex -0.4680 1.3103 0.1362
   vertex -0.5293 1.3357 0.0803
  endloop
 endfacet
 facet normal -0.88907 0.45667 -0.03161
  outer loop
   vertex -0.3481 1.6857 0.0403
   vertex -0.3497 1.6766 -0.0460
   vertex -0.5309 1.3266 -0.0060
  endloop
 endfacet
 facet normal -0.88907 0.45667 -0.03161
  outer loop
   vertex -0.3481 1.6857 0.0403
   vertex -0.5309 1.3266 -0.0060
   vertex -0.5293 1.3357 0.0803
  endloop
 endfacet
 facet normal 0.45740 0.88351 -0.10097
  outer loop
   vertex -0.2688 1.6400 0.0000
   vertex -0.3497 1.6766 -0.0460
   vertex -0.3481 1.6857 0.0403
  endloop
 endfacet
 facet normal -0.45740 -0.88351 0.10097
  outer loop
   vertex -0.4500 1.2900 0.0400
   vertex -0.5293 1.3357 0.0803
   vertex -0.5309 1.3266 -0.0060
  endloop
 endfacet
 facet normal -0.56854 0.20324 -0.79715
  outer loop
   vertex -0.3497 1.6766 -0.0460
   vertex -0.2904 1.6400 -0.0976
   vertex -0.4716 1.2900 -0.0576
  endloop
 endfacet
 facet normal -0.56854 0.20324 -0.79715
  outer loop
   vertex -0.3497 1.6766 -0.0460
   vertex -0.4716 1.2900 -0.0576
   vertex -0.5309 1.3266 -0.0060
  endloop
 endfacet
 facet normal 0.45740 0.88351 -0.10097
  outer loop
   vertex -0.2688 1.6400 0.0000
   vertex -0.2904 1.6400 -0.0976
   vertex -0.3497 1.6766 -0.0460
  endloop
 endfacet
 facet normal -0.45740 -0.88351 0.10097
  outer loop
   vertex -0.4500 1.2900 0.0400
   vertex -0.5309 1.3266 -0.0060
   vertex -0.4716 1.2900 -0.0576
  endloop
 endfacet
 facet normal -0.42902 0.23379 0.87252
  outer loop
   vertex -0.4500 1.3061 0.1235
   vertex -0.5157 1.3098 0.0902
   vertex -0.5557 1.0498 0.1402
  endloop
 endfacet
 facet normal -0.42902 0.23379 0.87252
  outer loop
   vertex -0.4500 1.3061 0.1235
   vertex -0.5557 1.0498 0.1402
   vertex -0.4900 1.0461 0.1735
  endloop
 endfacet
 facet normal 0.14938 0.97099 -0.18673
  outer loop
   vertex -0.4500 1.2900 0.0400
   vertex -0.5157 1.3098 0.0902
   vertex -0.4500 1.3061 0.1235
  endloop
 endfacet
 facet normal -0.14938 -0.97099 0.18673
  outer loop
   vertex -0.4900 1.0300 0.0900
   vertex -0.4900 1.0461 0.1735
   vertex -0.5557 1.0498 0.1402
  endloop
 endfacet
 facet normal -0.96399 0.18504 0.19101
  outer loop
   vertex -0.5157 1.3098 0.0902
   vertex -0.5319 1.2986 0.0191
   vertex -0.5719 1.0386 0.0691
  endloop
 endfacet
 facet normal -0.96399 0.18504 0.19101
  outer loop
   vertex -0.5157 1.3098 0.0902
   vertex -0.5719 1.0386 0.0691
   vertex -0.5557 1.0498 0.1402
  endloop
 endfacet
 facet normal 0.14938 0.97099 -0.18673
  outer loop
   vertex -0.4500 1.2900 0.0400
   vertex -0.5319 1.2986 0.0191
   vertex -0.5157 1.3098 0.0902
  endloop
 endfacet
 facet normal -0.14938 -0.97099 0.18673
  outer loop
   vertex -0.4900 1.0300 0.0900
   vertex -0.5557 1.0498 0.1402
   vertex -0.5719 1.0386 0.0691
  endloop
 endfacet
 facet normal -0.77306 -0.00305 -0.63433
  outer loop
   vertex -0.5319 1.2986 0.0191
   vertex -0.4865 1.2809 -0.0362
   vertex -0.5265 1.0209 0.0138
  endloop
 endfacet
 facet normal -0.77306 -0.00305 -0.63433
  outer loop
   vertex -0.5319 1.2986 0.0191
   vertex -0.5265 1.0209 0.0138
   vertex -0.5719 1.0386 0.0691
  endloop
 endfacet
 facet normal 0.14938 0.97099 -0.18673
  outer loop
   vertex -0.4500 1.2900 0.0400
   vertex -0.4865 1.2809 -0.0362
   vertex -0.5319 1.2986 0.0191
  endloop
 endfacet
 facet normal -0.14938 -0.97099 0.18673
  outer loop
   vertex -0.4900 1.0300 0.0900
   vertex -0.5719 1.0386 0.0691
   vertex -0.5265 1.0209 0.0138
  endloop
 endfacet
 facet normal 0.00000 -0.18885 -0.98201
  outer loop
   vertex -0.4865 1.2809 -0.0362
   vertex -0.4135 1.2701 -0.0342
   vertex -0.4535 1.0101 0.0158
  endloop
 endfacet
 facet normal 0.00000 -0.18885 -0.98201
  outer loop
   vertex -0.4865 1.2809 -0.0362
   vertex -0.4535 1.0101 0.0158
   vertex -0.5265 1.0209 0.0138
  endloop
 endfacet
 facet normal 0.14938 0.97099 -0.18673
  outer loop
   vertex -0.4500 1.2900 0.0400
   vertex -0.4135 1.2701 -0.0342
   vertex -0.4865 1.2809 -0.0362
  endloop
 endfacet
 facet normal -0.14938 -0.97099 0.18673
  outer loop
   vertex -0.4900 1.0300 0.0900
   vertex -0.5265 1.0209 0.0138
   vertex -0.4535 1.0101 0.0158
  endloop
 endfacet
 facet normal 0.77306 -0.23244 -0.59022
  outer loop
   vertex -0.4135 1.2701 -0.0342
   vertex -0.3681 1.2743 0.0238
   vertex -0.4081 1.0143 0.0738
  endloop
 endfacet
 facet normal 0.77306 -0.23244 -0.59022
  outer loop
   vertex -0.4135 1.2701 -0.0342
   vertex -0.4081 1.0143 0.0738
   vertex -0.4535 1.0101 0.0158
  endloop
 endfacet
 facet normal 0.14938 0.97099 -0.18673
  outer loop
   vertex -0.4500 1.2900 0.0400
   vertex -0.3681 1.2743 0.0238
   vertex -0.4135 1.2701 -0.0342
  endloop
 endfacet
 facet normal -0.14938 -0.97099 0.18673
  outer loop
   vertex -0.4900 1.0300 0.0900
   vertex -0.4535 1.0101 0.0158
   vertex -0.4081 1.0143 0.0738
  endloop
 endfacet
 facet normal 0.96399 -0.10099 0.24602
  outer loop
   vertex -0.3681 1.2743 0.0238
   vertex -0.3843 1.2903 0.0939
   vertex -0.4243 1.0303 0.1439
  endloop
 endfacet
 facet normal 0.96399 -0.10099 0.24602
  outer loop
   vertex -0.3681 1.2743 0.0238
   vertex -0.4243 1.0303 0.1439
   vertex -0.4081 1.0143 0.0738
  endloop
 endfacet
 facet normal 0.14938 0.97099 -0.18673
  outer loop
   vertex -0.4500 1.2900 0.0400
   vertex -0.3843 1.2903 0.0939
   vertex -0.3681 1.2743 0.0238
  endloop
 endfacet
 facet normal -0.14938 -0.97099 0.18673
  outer loop
   vertex -0.4900 1.0300 0.0900
   vertex -0.4081 1.0143 0.0738
   vertex -0.4243 1.0303 0.1439
  endloop
 endfacet
 facet normal 0.42902 0.10650 0.89700
  outer loop
   vertex -0.3843 1.2903 0.0939
   vertex -0.4500 1.3061 0.1235
   vertex -0.4900 1.0461 0.1735
  endloop
 endfacet
 facet normal 0.42902 0.10650 0.89700
  outer loop
   vertex -0.3843 1.2903 0.0939
   vertex -0.4900 1.0461 0.1735
   vertex -0.4243 1.0303 0.1439
  endloop
 endfacet
 facet normal 0.14938 0.97099 -0.18673
  outer loop
   vertex -0.4500 1.2900 0.0400
   vertex -0.4500 1.3061 0.1235
   vertex -0.3843 1.2903 0.0939
  endloop
 endfacet
 facet normal -0.14938 -0.97099 0.18673
  outer loop
   vertex -0.4900 1.0300 0.0900
   vertex -0.4243 1.0303 0.1439
   vertex -0.4900 1.0461 0.1735
  endloop
 endfacet
 facet normal -0.37490 -0.90510 -0.20060
  outer loop
   vertex -0.4900 1.1300 0.0900
   vertex -0.4193 1.1007 0.0900
   vertex -0.4459 1.1007 0.1398
  endloop
 endfacet
 facet normal -0.09119 -0.89141 -0.44394
  outer loop
   vertex -0.4900 1.1300 0.0900
   vertex -0.4459 1.1007 0.1398
   vertex -0.5057 1.1007 0.1520
  endloop
 endfacet
 facet normal 0.25724 -0.89742 -0.35841
  outer loop
   vertex -0.4900 1.1300 0.0900
   vertex -0.5057 1.1007 0.1520
   vertex -0.5537 1.1007 0.1176
  endloop
 endfacet
 facet normal 0.41771 -0.90858 -0.00000
  outer loop
   vertex -0.4900 1.1300 0.0900
   vertex -0.5537 1.1007 0.1176
   vertex -0.5537 1.1007 0.0624
  endloop
 endfacet
 facet normal 0.25724 -0.89742 0.35841
  outer loop
   vertex -0.4900 1.1300 0.0900
   vertex -0.5537 1.1007 0.0624
   vertex -0.5057 1.1007 0.0280
  endloop
 endfacet
 facet normal -0.09119 -0.89141 0.44394
  outer loop
   vertex -0.4900 1.1300 0.0900
   vertex -0.5057 1.1007 0.0280
   vertex -0.4459 1.1007 0.0402
  endloop
 endfacet
 facet normal -0.37490 -0.90510 0.20060
  outer loop
   vertex -0.4900 1.1300 0.0900
   vertex -0.4459 1.1007 0.0402
   vertex -0.4193 1.1007 0.0900
  endloop
 endfacet
 facet normal -0.82821 -0.34305 -0.44316
  outer loop
   vertex -0.4193 1.1007 0.0900
   vertex -0.3900 1.0300 0.0900
   vertex -0.4459 1.1007 0.1398
  endloop
 endfacet
 facet normal -0.82821 -0.34305 -0.44316
  outer loop
   vertex -0.4459 1.1007 0.1398
   vertex -0.3900 1.0300 0.0900
   vertex -0.4277 1.0300 0.1604
  endloop
 endfacet
 facet normal -0.19065 -0.31975 -0.92812
  outer loop
   vertex -0.4459 1.1007 0.1398
   vertex -0.4277 1.0300 0.1604
   vertex -0.5057 1.1007 0.1520
  endloop
 endfacet
 facet normal -0.19065 -0.31975 -0.92812
  outer loop
   vertex -0.5057 1.1007 0.1520
   vertex -0.4277 1.0300 0.1604
   vertex -0.5123 1.0300 0.1777
  endloop
 endfacet
 facet normal 0.55052 -0.32952 -0.76704
  outer loop
   vertex -0.5057 1.1007 0.1520
   vertex -0.5123 1.0300 0.1777
   vertex -0.5537 1.1007 0.1176
  endloop
 endfacet
 facet normal 0.55052 -0.32952 -0.76704
  outer loop
   vertex -0.5537 1.1007 0.1176
   vertex -0.5123 1.0300 0.1777
   vertex -0.5801 1.0300 0.1290
  endloop
 endfacet
 facet normal 0.93688 -0.34964 -0.00000
  outer loop
   vertex -0.5537 1.1007 0.1176
   vertex -0.5801 1.0300 0.1290
   vertex -0.5537 1.1007 0.0624
  endloop
 endfacet
 facet normal 0.93688 -0.34964 0.00000
  outer loop
   vertex -0.5537 1.1007 0.0624
   vertex -0.5801 1.0300 0.1290
   vertex -0.5801 1.0300 0.0510
  endloop
 endfacet
 facet normal 0.55052 -0.32952 0.76704
  outer loop
   vertex -0.5537 1.1007 0.0624
   vertex -0.5801 1.0300 0.0510
   vertex -0.5057 1.1007 0.0280
  endloop
 endfacet
 facet normal 0.55052 -0.32952 0.76704
  outer loop
   vertex -0.5057 1.1007 0.0280
   vertex -0.5801 1.0300 0.0510
   vertex -0.5123 1.0300 0.0023
  endloop
 endfacet
 facet normal -0.19065 -0.31975 0.92812
  outer loop
   vertex -0.5057 1.1007 0.0280
   vertex -0.5123 1.0300 0.0023
   vertex -0.4459 1.1007 0.0402
  endloop
 endfacet
 facet normal -0.19065 -0.31975 0.92812
  outer loop
   vertex -0.4459 1.1007 0.0402
   vertex -0.5123 1.0300 0.0023
   vertex -0.4277 1.0300 0.0196
  endloop
 endfacet
 facet normal -0.82821 -0.34305 0.44316
  outer loop
   vertex -0.4459 1.1007 0.0402
   vertex -0.4277 1.0300 0.0196
   vertex -0.4193 1.1007 0.0900
  endloop
 endfacet
 facet normal -0.82821 -0.34305 0.44316
  outer loop
   vertex -0.4193 1.1007 0.0900
   vertex -0.4277 1.0300 0.0196
   vertex -0.3900 1.0300 0.0900
  endloop
 endfacet
 facet normal -0.82821 0.34305 -0.44316
  outer loop
   vertex -0.3900 1.0300 0.0900
   vertex -0.4193 0.9593 0.0900
   vertex -0.4277 1.0300 0.1604
  endloop
 endfacet
 facet normal -0.82821 0.34305 -0.44316
  outer loop
   vertex -0.4277 1.0300 0.1604
   vertex -0.4193 0.9593 0.0900
   vertex -0.4459 0.9593 0.1398
  endloop
 endfacet
 facet normal -0.19065 0.31975 -0.92812
  outer loop
   vertex -0.4277 1.0300 0.1604
   vertex -0.4459 0.9593 0.1398
   vertex -0.5123 1.0300 0.1777
  endloop
 endfacet
 facet normal -0.19065 0.31975 -0.92812
  outer loop
   vertex -0.5123 1.0300 0.1777
   vertex -0.4459 0.9593 0.1398
   vertex -0.5057 0.9593 0.1520
  endloop
 endfacet
 facet normal 0.55052 0.32952 -0.76704
  outer loop
   vertex -0.5123 1.0300 0.1777
   vertex -0.5057 0.9593 0.1520
   vertex -0.5801 1.0300 0.1290
  endloop
 endfacet
 facet normal 0.55052 0.32952 -0.76704
  outer loop
   vertex -0.5801 1.0300 0.1290
   vertex -0.5057 0.9593 0.1520
   vertex -0.5537 0.9593 0.1176
  endloop
 endfacet
 facet normal 0.93688 0.34964 0.00000
  outer loop
   vertex -0.5801 1.0300 0.1290
   vertex -0.5537 0.9593 0.1176
   vertex -0.5801 1.0300 0.0510
  endloop
 endfacet
 facet normal 0.93688 0.34964 0.00000
  outer loop
   vertex -0.5801 1.0300 0.0510
   vertex -0.5537 0.9593 0.1176
   vertex -0.5537 0.9593 0.0624
  endloop
 endfacet
 facet normal 0.55052 0.32952 0.76704
  outer loop
   vertex -0.5801 1.0300 0.0510
   vertex -0.5537 0.9593 0.0624
   vertex -0.5123 1.0300 0.0023
  endloop
 endfacet
 facet normal 0.55052 0.32952 0.76704
  outer loop
   vertex -0.5123 1.0300 0.0023
   vertex -0.5537 0.9593 0.0624
   vertex -0.5057 0.9593 0.0280
  endloop
 endfacet
 facet normal -0.19065 0.31975 0.92812
  outer loop
   vertex -0.5123 1.0300 0.0023
   vertex -0.5057 0.9593 0.0280
   vertex -0.4277 1.0300 0.0196
  endloop
 endfacet
 facet normal -0.19065 0.31975 0.92812
  outer loop
   vertex -0.4277 1.0300 0.0196
   vertex -0.5057 0.9593 0.0280
   vertex -0.4459 0.9593 0.0402
  endloop
 endfacet
 facet normal -0.82821 0.34305 0.44316
  outer loop
   vertex -0.4277 1.0300 0.0196
   vertex -0.4459 0.9593 0.0402
   vertex -0.3900 1.0300 0.0900
  endloop
 endfacet
 facet normal -0.82821 0.34305 0.44316
  outer loop
   vertex -0.3900 1.0300 0.0900
   vertex -0.4459 0.9593 0.0402
   vertex -0.4193 0.9593 0.0900
  endloop
 endfacet
 facet normal -0.37490 0.90510 -0.20060
  outer loop
   vertex -0.4193 0.9593 0.0900
   vertex -0.4900 0.9300 0.0900
   vertex -0.4459 0.9593 0.1398
  endloop
 endfacet
 facet normal -0.09119 0.89141 -0.44394
  outer loop
   vertex -0.4459 0.9593 0.1398
   vertex -0.4900 0.9300 0.0900
   vertex -0.5057 0.9593 0.1520
  endloop
 endfacet
 facet normal 0.25724 0.89742 -0.35841
  outer loop
   vertex -0.5057 0.9593 0.1520
   vertex -0.4900 0.9300 0.0900
   vertex -0.5537 0.9593 0.1176
  endloop
 endfacet
 facet normal 0.41771 0.90858 0.00000
  outer loop
   vertex -0.5537 0.9593 0.1176
   vertex -0.4900 0.9300 0.0900
   vertex -0.5537 0.9593 0.0624
  endloop
 endfacet
 facet normal 0.25724 0.89742 0.35841
  outer loop
   vertex -0.5537 0.9593 0.0624
   vertex -0.4900 0.9300 0.0900
   vertex -0.5057 0.9593 0.0280
  endloop
 endfacet
 facet normal -0.09119 0.89141 0.44394
  outer loop
   vertex -0.5057 0.9593 0.0280
   vertex -0.4900 0.9300 0.0900
   vertex -0.4459 0.9593 0.0402
  endloop
 endfacet
 facet normal -0.37490 0.90510 0.20060
  outer loop
   vertex -0.4459 0.9593 0.0402
   vertex -0.4900 0.9300 0.0900
   vertex -0.4193 0.9593 0.0900
  endloop
 endfacet
 facet normal -0.37635 -0.90858 -0.18124
  outer loop
   vertex -0.2688 1.7800 0.0000
   vertex -0.1698 1.7390 0.0000
   vertex -0.2071 1.7390 0.0774
  endloop
 endfacet
 facet normal -0.09295 -0.90858 -0.40724
  outer loop
   vertex -0.2688 1.7800 0.0000
   vertex -0.2071 1.7390 0.0774
   vertex -0.2908 1.7390 0.0965
  endloop
 endfacet
 facet normal 0.26044 -0.90858 -0.32658
  outer loop
   vertex -0.2688 1.7800 0.0000
   vertex -0.2908 1.7390 0.0965
   vertex -0.3580 1.7390 0.0430
  endloop
 endfacet
 facet normal 0.41771 -0.90858 0.00000
  outer loop
   vertex -0.2688 1.7800 0.0000
   vertex -0.3580 1.7390 0.0430
   vertex -0.3580 1.7390 -0.0430
  endloop
 endfacet
 facet normal 0.26044 -0.90858 0.32658
  outer loop
   vertex -0.2688 1.7800 0.0000
   vertex -0.3580 1.7390 -0.0430
   vertex -0.2908 1.7390 -0.0965
  endloop
 endfacet
 facet normal -0.09295 -0.90858 0.40724
  outer loop
   vertex -0.2688 1.7800 0.0000
   vertex -0.2908 1.7390 -0.0965
   vertex -0.2071 1.7390 -0.0774
  endloop
 endfacet
 facet normal -0.37635 -0.90858 0.18124
  outer loop
   vertex -0.2688 1.7800 0.0000
   vertex -0.2071 1.7390 -0.0774
   vertex -0.1698 1.7390 -0.0000
  endloop
 endfacet
 facet normal -0.84410 -0.34964 -0.40650
  outer loop
   vertex -0.1698 1.7390 0.0000
   vertex -0.1288 1.6400 0.0000
   vertex -0.2071 1.7390 0.0774
  endloop
 endfacet
 facet normal -0.84410 -0.34964 -0.40650
  outer loop
   vertex -0.2071 1.7390 0.0774
   vertex -0.1288 1.6400 0.0000
   vertex -0.1815 1.6400 0.1095
  endloop
 endfacet
 facet normal -0.20848 -0.34964 -0.91339
  outer loop
   vertex -0.2071 1.7390 0.0774
   vertex -0.1815 1.6400 0.1095
   vertex -0.2908 1.7390 0.0965
  endloop
 endfacet
 facet normal -0.20848 -0.34964 -0.91339
  outer loop
   vertex -0.2908 1.7390 0.0965
   vertex -0.1815 1.6400 0.1095
   vertex -0.3000 1.6400 0.1365
  endloop
 endfacet
 facet normal 0.58414 -0.34964 -0.73249
  outer loop
   vertex -0.2908 1.7390 0.0965
   vertex -0.3000 1.6400 0.1365
   vertex -0.3580 1.7390 0.0430
  endloop
 endfacet
 facet normal 0.58414 -0.34964 -0.73249
  outer loop
   vertex -0.3580 1.7390 0.0430
   vertex -0.3000 1.6400 0.1365
   vertex -0.3949 1.6400 0.0607
  endloop
 endfacet
 facet normal 0.93688 -0.34964 0.00000
  outer loop
   vertex -0.3580 1.7390 0.0430
   vertex -0.3949 1.6400 0.0607
   vertex -0.3580 1.7390 -0.0430
  endloop
 endfacet
 facet normal 0.93688 -0.34964 0.00000
  outer loop
   vertex -0.3580 1.7390 -0.0430
   vertex -0.3949 1.6400 0.0607
   vertex -0.3949 1.6400 -0.0607
  endloop
 endfacet
 facet normal 0.58414 -0.34964 0.73249
  outer loop
   vertex -0.3580 1.7390 -0.0430
   vertex -0.3949 1.6400 -0.0607
   vertex -0.2908 1.7390 -0.0965
  endloop
 endfacet
 facet normal 0.58414 -0.34964 0.73249
  outer loop
   vertex -0.2908 1.7390 -0.0965
   vertex -0.3949 1.6400 -0.0607
   vertex -0.3000 1.6400 -0.1365
  endloop
 endfacet
 facet normal -0.20848 -0.34964 0.91339
  outer loop
   vertex -0.2908 1.7390 -0.0965
   vertex -0.3000 1.6400 -0.1365
   vertex -0.2071 1.7390 -0.0774
  endloop
 endfacet
 facet normal -0.20848 -0.34964 0.91339
  outer loop
   vertex -0.2071 1.7390 -0.0774
   vertex -0.3000 1.6400 -0.1365
   vertex -0.1815 1.6400 -0.1095
  endloop
 endfacet
 facet normal -0.84410 -0.34964 0.40650
  outer loop
   vertex -0.2071 1.7390 -0.0774
   vertex -0.1815 1.6400 -0.1095
   vertex -0.1698 1.7390 -0.0000
  endloop
 endfacet
 facet normal -0.84410 -0.34964 0.40650
  outer loop
   vertex -0.1698 1.7390 -0.0000
   vertex -0.1815 1.6400 -0.1095
   vertex -0.1288 1.6400 -0.0000
  endloop
 endfacet
 facet normal -0.84410 0.34964 -0.40650
  outer loop
   vertex -0.1288 1.6400 0.0000
   vertex -0.1698 1.5410 0.0000
   vertex -0.1815 1.6400 0.1095
  endloop
 endfacet
 facet normal -0.84410 0.34964 -0.40650
  outer loop
   vertex -0.1815 1.6400 0.1095
   vertex -0.1698 1.5410 0.0000
   vertex -0.2071 1.5410 0.0774
  endloop
 endfacet
 facet normal -0.20848 0.34964 -0.91339
  outer loop
   vertex -0.1815 1.6400 0.1095
   vertex -0.2071 1.5410 0.0774
   vertex -0.3000 1.6400 0.1365
  endloop
 endfacet
 facet normal -0.20848 0.34964 -0.91339
  outer loop
   vertex -0.3000 1.6400 0.1365
   vertex -0.2071 1.5410 0.0774
   vertex -0.2908 1.5410 0.0965
  endloop
 endfacet
 facet normal 0.58414 0.34964 -0.73249
  outer loop
   vertex -0.3000 1.6400 0.1365
   vertex -0.2908 1.5410 0.0965
   vertex -0.3949 1.6400 0.0607
  endloop
 endfacet
 facet normal 0.58414 0.34964 -0.73249
  outer loop
   vertex -0.3949 1.6400 0.0607
   vertex -0.2908 1.5410 0.0965
   vertex -0.3580 1.5410 0.0430
  endloop
 endfacet
 facet normal 0.93688 0.34964 0.00000
  outer loop
   vertex -0.3949 1.6400 0.0607
   vertex -0.3580 1.5410 0.0430
   vertex -0.3949 1.6400 -0.0607
  endloop
 endfacet
 facet normal 0.93688 0.34964 -0.00000
  outer loop
   vertex -0.3949 1.6400 -0.0607
   vertex -0.3580 1.5410 0.0430
   vertex -0.3580 1.5410 -0.0430
  endloop
 endfacet
 facet normal 0.58414 0.34964 0.73249
  outer loop
   vertex -0.3949 1.6400 -0.0607
   vertex -0.3580 1.5410 -0.0430
   vertex -0.3000 1.6400 -0.1365
  endloop
 endfacet
 facet normal 0.58414 0.34964 0.73249
  outer loop
   vertex -0.3000 1.6400 -0.1365
   vertex -0.3580 1.5410 -0.0430
   vertex -0.2908 1.5410 -0.0965
  endloop
 endfacet
 facet normal -0.20848 0.34964 0.91339
  outer loop
   vertex -0.3000 1.6400 -0.1365
   vertex -0.2908 1.5410 -0.0965
   vertex -0.1815 1.6400 -0.1095
  endloop
 endfacet
 facet normal -0.20848 0.34964 0.91339
  outer loop
   vertex -0.1815 1.6400 -0.1095
   vertex -0.2908 1.5410 -0.0965
   vertex -0.2071 1.5410 -0.0774
  endloop
 endfacet
 facet normal -0.84410 0.34964 0.40650
  outer loop
   vertex -0.1815 1.6400 -0.1095
   vertex -0.2071 1.5410 -0.0774
   vertex -0.1288 1.6400 -0.0000
  endloop
 endfacet
 facet normal -0.84410 0.34964 0.40650
  outer loop
   vertex -0.1288 1.6400 -0.0000
   vertex -0.2071 1.5410 -0.0774
   vertex -0.1698 1.5410 -0.0000
  endloop
 endfacet
 facet normal -0.37635 0.90858 -0.18124
  outer loop
   vertex -0.1698 1.5410 0.0000
   vertex -0.2688 1.5000 0.0000
   vertex -0.2071 1.5410 0.0774
  endloop
 endfacet
 facet normal -0.09295 0.90858 -0.40724
  outer loop
   vertex -0.2071 1.5410 0.0774
   vertex -0.2688 1.5000 0.0000
   vertex -0.2908 1.5410 0.0965
  endloop
 endfacet
 facet normal 0.26044 0.90858 -0.32658
  outer loop
   vertex -0.2908 1.5410 0.0965
   vertex -0.2688 1.5000 0.0000
   vertex -0.3580 1.5410 0.0430
  endloop
 endfacet
 facet normal 0.41771 0.90858 -0.00000
  outer loop
   vertex -0.3580 1.5410 0.0430
   vertex -0.2688 1.5000 0.0000
   vertex -0.3580 1.5410 -0.0430
  endloop
 endfacet
 facet normal 0.26044 0.90858 0.32658
  outer loop
   vertex -0.3580 1.5410 -0.0430
   vertex -0.2688 1.5000 -0.0000
   vertex -0.2908 1.5410 -0.0965
  endloop
 endfacet
 facet normal -0.09295 0.90858 0.40724
  outer loop
   vertex -0.2908 1.5410 -0.0965
   vertex -0.2688 1.5000 -0.0000
   vertex -0.2071 1.5410 -0.0774
  endloop
 endfacet
 facet normal -0.37635 0.90858 0.18124
  outer loop
   vertex -0.2071 1.5410 -0.0774
   vertex -0.2688 1.5000 -0.0000
   vertex -0.1698 1.5410 -0.0000
  endloop
 endfacet
 facet normal -0.56854 -0.20324 0.79715
  outer loop
   vertex 0.2472 1.6400 0.0976
   vertex 0.1879 1.6034 0.0460
   vertex 0.3691 1.2534 0.0860
  endloop
 endfacet
 facet normal -0.56854 -0.20324 0.79715
  outer loop
   vertex 0.2472 1.6400 0.0976
   vertex 0.3691 1.2534 0.0860
   vertex 0.4284 1.2900 0.1376
  endloop
 endfacet
 facet normal -0.45740 0.88351 -0.10097
  outer loop
   vertex 0.2688 1.6400 0.0000
   vertex 0.1879 1.6034 0.0460
   vertex 0.2472 1.6400 0.0976
  endloop
 endfacet
 facet normal 0.45740 -0.88351 0.10097
  outer loop
   vertex 0.4500 1.2900 0.0400
   vertex 0.4284 1.2900 0.1376
   vertex 0.3691 1.2534 0.0860
  endloop
 endfacet
 facet normal -0.88907 -0.45667 0.03161
  outer loop
   vertex 0.1879 1.6034 0.0460
   vertex 0.1895 1.5943 -0.0403
   vertex 0.3707 1.2443 -0.0003
  endloop
 endfacet
 facet normal -0.88907 -0.45667 0.03161
  outer loop
   vertex 0.1879 1.6034 0.0460
   vertex 0.3707 1.2443 -0.0003
   vertex 0.3691 1.2534 0.0860
  endloop
 endfacet
 facet normal -0.45740 0.88351 -0.10097
  outer loop
   vertex 0.2688 1.6400 0.0000
   vertex 0.1895 1.5943 -0.0403
   vertex 0.1879 1.6034 0.0460
  endloop
 endfacet
 facet normal 0.45740 -0.88351 0.10097
  outer loop
   vertex 0.4500 1.2900 0.0400
   vertex 0.3691 1.2534 0.0860
   vertex 0.3707 1.2443 -0.0003
  endloop
 endfacet
 facet normal -0.54011 -0.36622 -0.75773
  outer loop
   vertex 0.1895 1.5943 -0.0403
   vertex 0.2508 1.6197 -0.0962
   vertex 0.4320 1.2697 -0.0562
  endloop
 endfacet
 facet normal -0.54011 -0.36622 -0.75773
  outer loop
   vertex 0.1895 1.5943 -0.0403
   vertex 0.4320 1.2697 -0.0562
   vertex 0.3707 1.2443 -0.0003
  endloop
 endfacet
 facet normal -0.45740 0.88351 -0.10097
  outer loop
   vertex 0.2688 1.6400 0.0000
   vertex 0.2508 1.6197 -0.0962
   vertex 0.1895 1.5943 -0.0403
  endloop
 endfacet
 facet normal 0.45740 -0.88351 0.10097
  outer loop
   vertex 0.4500 1.2900 0.0400
   vertex 0.3707 1.2443 -0.0003
   vertex 0.4320 1.2697 -0.0562
  endloop
 endfacet
 facet normal 0.21556 0.00000 -0.97649
  outer loop
   vertex 0.2508 1.6197 -0.0962
   vertex 0.3257 1.6603 -0.0797
   vertex 0.5069 1.3103 -0.0397
  endloop
 endfacet
 facet normal 0.21556 -0.00000 -0.97649
  outer loop
   vertex 0.2508 1.6197 -0.0962
   vertex 0.5069 1.3103 -0.0397
   vertex 0.4320 1.2697 -0.0562
  endloop
 endfacet
 facet normal -0.45740 0.88351 -0.10097
  outer loop
   vertex 0.2688 1.6400 0.0000
   vertex 0.3257 1.6603 -0.0797
   vertex 0.2508 1.6197 -0.0962
  endloop
 endfacet
 facet normal 0.45740 -0.88351 0.10097
  outer loop
   vertex 0.4500 1.2900 0.0400
   vertex 0.4320 1.2697 -0.0562
   vertex 0.5069 1.3103 -0.0397
  endloop
 endfacet
 facet normal 0.80891 0.36622 -0.45993
  outer loop
   vertex 0.3257 1.6603 -0.0797
   vertex 0.3577 1.6857 -0.0032
   vertex 0.5389 1.3357 0.0368
  endloop
 endfacet
 facet normal 0.80891 0.36622 -0.45993
  outer loop
   vertex 0.3257 1.6603 -0.0797
   vertex 0.5389 1.3357 0.0368
   vertex 0.5069 1.3103 -0.0397
  endloop
 endfacet
 facet normal -0.45740 0.88351 -0.10097
  outer loop
   vertex 0.2688 1.6400 0.0000
   vertex 0.3577 1.6857 -0.0032
   vertex 0.3257 1.6603 -0.0797
  endloop
 endfacet
 facet normal 0.45740 -0.88351 0.10097
  outer loop
   vertex 0.4500 1.2900 0.0400
   vertex 0.5069 1.3103 -0.0397
   vertex 0.5389 1.3357 0.0368
  endloop
 endfacet
 facet normal 0.79314 0.45667 0.40296
  outer loop
   vertex 0.3577 1.6857 -0.0032
   vertex 0.3228 1.6766 0.0758
   vertex 0.5040 1.3266 0.1158
  endloop
 endfacet
 facet normal 0.79314 0.45667 0.40296
  outer loop
   vertex 0.3577 1.6857 -0.0032
   vertex 0.5040 1.3266 0.1158
   vertex 0.5389 1.3357 0.0368
  endloop
 endfacet
 facet normal -0.45740 0.88351 -0.10097
  outer loop
   vertex 0.2688 1.6400 0.0000
   vertex 0.3228 1.6766 0.0758
   vertex 0.3577 1.6857 -0.0032
  endloop
 endfacet
 facet normal 0.45740 -0.88351 0.10097
  outer loop
   vertex 0.4500 1.2900 0.0400
   vertex 0.5389 1.3357 0.0368
   vertex 0.5040 1.3266 0.1158
  endloop
 endfacet
 facet normal 0.18011 0.20324 0.96242
  outer loop
   vertex 0.3228 1.6766 0.0758
   vertex 0.2472 1.6400 0.0976
   vertex 0.4284 1.2900 0.1376
  endloop
 endfacet
 facet normal 0.18011 0.20324 0.96242
  outer loop
   vertex 0.3228 1.6766 0.0758
   vertex 0.4284 1.2900 0.1376
   vertex 0.5040 1.3266 0.1158
  endloop
 endfacet
 facet normal -0.45740 0.88351 -0.10097
  outer loop
   vertex 0.2688 1.6400 0.0000
   vertex 0.2472 1.6400 0.0976
   vertex 0.3228 1.6766 0.0758
  endloop
 endfacet
 facet normal 0.45740 -0.88351 0.10097
  outer loop
   vertex 0.4500 1.2900 0.0400
   vertex 0.5040 1.3266 0.1158
   vertex 0.4284 1.2900 0.1376
  endloop
 endfacet
 facet normal -0.42902 0.10650 0.89700
  outer loop
   vertex 0.4500 1.3061 0.1235
   vertex 0.3843 1.2903 0.0939
   vertex 0.4243 1.0303 0.1439
  endloop
 endfacet
 facet normal -0.42902 0.10650 0.89700
  outer loop
   vertex 0.4500 1.3061 0.1235
   vertex 0.4243 1.0303 0.1439
   vertex 0.4900 1.0461 0.1735
  endloop
 endfacet
 facet normal -0.14938 0.97099 -0.18673
  outer loop
   vertex 0.4500 1.2900 0.0400
   vertex 0.3843 1.2903 0.0939
   vertex 0.4500 1.3061 0.1235
  endloop
 endfacet
 facet normal 0.14938 -0.97099 0.18673
  outer loop
   vertex 0.4900 1.0300 0.0900
   vertex 0.4900 1.0461 0.1735
   vertex 0.4243 1.0303 0.1439
  endloop
 endfacet
 facet normal -0.96399 -0.10099 0.24602
  outer loop
   vertex 0.3843 1.2903 0.0939
   vertex 0.3681 1.2743 0.0238
   vertex 0.4081 1.0143 0.0738
  endloop
 endfacet
 facet normal -0.96399 -0.10099 0.24602
  outer loop
   vertex 0.3843 1.2903 0.0939
   vertex 0.4081 1.0143 0.0738
   vertex 0.4243 1.0303 0.1439
  endloop
 endfacet
 facet normal -0.14938 0.97099 -0.18673
  outer loop
   vertex 0.4500 1.2900 0.0400
   vertex 0.3681 1.2743 0.0238
   vertex 0.3843 1.2903 0.0939
  endloop
 endfacet
 facet normal 0.14938 -0.97099 0.18673
  outer loop
   vertex 0.4900 1.0300 0.0900
   vertex 0.4243 1.0303 0.1439
   vertex 0.4081 1.0143 0.0738
  endloop
 endfacet
 facet normal -0.77306 -0.23244 -0.59022
  outer loop
   vertex 0.3681 1.2743 0.0238
   vertex 0.4135 1.2701 -0.0342
   vertex 0.4535 1.0101 0.0158
  endloop
 endfacet
 facet normal -0.77306 -0.23244 -0.59022
  outer loop
   vertex 0.3681 1.2743 0.0238
   vertex 0.4535 1.0101 0.0158
   vertex 0.4081 1.0143 0.0738
  endloop
 endfacet
 facet normal -0.14938 0.97099 -0.18673
  outer loop
   vertex 0.4500 1.2900 0.0400
   vertex 0.4135 1.2701 -0.0342
   vertex 0.3681 1.2743 0.0238
  endloop
 endfacet
 facet normal 0.14938 -0.97099 0.18673
  outer loop
   vertex 0.4900 1.0300 0.0900
   vertex 0.4081 1.0143 0.0738
   vertex 0.4535 1.0101 0.0158
  endloop
 endfacet
 facet normal -0.00000 -0.18885 -0.98201
  outer loop
   vertex 0.4135 1.2701 -0.0342
   vertex 0.4865 1.2809 -0.0362
   vertex 0.5265 1.0209 0.0138
  endloop
 endfacet
 facet normal -0.00000 -0.18885 -0.98201
  outer loop
   vertex 0.4135 1.2701 -0.0342
   vertex 0.5265 1.0209 0.0138
   vertex 0.4535 1.0101 0.0158
  endloop
 endfacet
 facet normal -0.14938 0.97099 -0.18673
  outer loop
   vertex 0.4500 1.2900 0.0400
   vertex 0.4865 1.2809 -0.0362
   vertex 0.4135 1.2701 -0.0342
  endloop
 endfacet
 facet normal 0.14938 -0.97099 0.18673
  outer loop
   vertex 0.4900 1.0300 0.0900
   vertex 0.4535 1.0101 0.0158
   vertex 0.5265 1.0209 0.0138
  endloop
 endfacet
 facet normal 0.77306 -0.00305 -0.63433
  outer loop
   vertex 0.4865 1.2809 -0.0362
   vertex 0.5319 1.2986 0.0191
   vertex 0.5719 1.0386 0.0691
  endloop
 endfacet
 facet normal 0.77306 -0.00305 -0.63433
  outer loop
   vertex 0.4865 1.2809 -0.0362
   vertex 0.5719 1.0386 0.0691
   vertex 0.5265 1.0209 0.0138
  endloop
 endfacet
 facet normal -0.14938 0.97099 -0.18673
  outer loop
   vertex 0.4500 1.2900 0.0400
   vertex 0.5319 1.2986 0.0191
   vertex 0.4865 1.2809 -0.0362
  endloop
 endfacet
 facet normal 0.14938 -0.97099 0.18673
  outer loop
   vertex 0.4900 1.0300 0.0900
   vertex 0.5265 1.0209 0.0138
   vertex 0.5719 1.0386 0.0691
  endloop
 endfacet
 facet normal 0.96399 0.18504 0.19101
  outer loop
   vertex 0.5319 1.2986 0.0191
   vertex 0.5157 1.3098 0.0902
   vertex 0.5557 1.0498 0.1402
  endloop
 endfacet
 facet normal 0.96399 0.18504 0.19101
  outer loop
   vertex 0.5319 1.2986 0.0191
   vertex 0.5557 1.0498 0.1402
   vertex 0.5719 1.0386 0.0691
  endloop
 endfacet
 facet normal -0.14938 0.97099 -0.18673
  outer loop
   vertex 0.4500 1.2900 0.0400
   vertex 0.5157 1.3098 0.0902
   vertex 0.5319 1.2986 0.0191
  endloop
 endfacet
 facet normal 0.14938 -0.97099 0.18673
  outer loop
   vertex 0.4900 1.0300 0.0900
   vertex 0.5719 1.0386 0.0691
   vertex 0.5557 1.0498 0.1402
  endloop
 endfacet
 facet normal 0.42902 0.23379 0.87252
  outer loop
   vertex 0.5157 1.3098 0.0902
   vertex 0.4500 1.3061 0.1235
   vertex 0.4900 1.0461 0.1735
  endloop
 endfacet
 facet normal 0.42902 0.23379 0.87252
  outer loop
   vertex 0.5157 1.3098 0.0902
   vertex 0.4900 1.0461 0.1735
   vertex 0.5557 1.0498 0.1402
  endloop
 endfacet
 facet normal -0.14938 0.97099 -0.18673
  outer loop
   vertex 0.4500 1.2900 0.0400
   vertex 0.4500 1.3061 0.1235
   vertex 0.5157 1.3098 0.0902
  endloop
 endfacet
 facet normal 0.14938 -0.97099 0.18673
  outer loop
   vertex 0.4900 1.0300 0.0900
   vertex 0.5557 1.0498 0.1402
   vertex 0.4900 1.0461 0.1735
  endloop
 endfacet
 facet normal -0.37490 -0.90510 -0.20060
  outer loop
   vertex 0.4900 1.1300 0.0900
   vertex 0.5607 1.1007 0.0900
   vertex 0.5341 1.1007 0.1398
  endloop
 endfacet
 facet normal -0.09119 -0.89141 -0.44394
  outer loop
   vertex 0.4900 1.1300 0.0900
   vertex 0.5341 1.1007 0.1398
   vertex 0.4743 1.1007 0.1520
  endloop
 endfacet
 facet normal 0.25724 -0.89742 -0.35841
  outer loop
   vertex 0.4900 1.1300 0.0900
   vertex 0.4743 1.1007 0.1520
   vertex 0.4263 1.1007 0.1176
  endloop
 endfacet
 facet normal 0.41771 -0.90858 0.00000
  outer loop
   vertex 0.4900 1.1300 0.0900
   vertex 0.4263 1.1007 0.1176
   vertex 0.4263 1.1007 0.0624
  endloop
 endfacet
 facet normal 0.25724 -0.89742 0.35841
  outer loop
   vertex 0.4900 1.1300 0.0900
   vertex 0.4263 1.1007 0.0624
   vertex 0.4743 1.1007 0.0280
  endloop
 endfacet
 facet normal -0.09119 -0.89141 0.44394
  outer loop
   vertex 0.4900 1.1300 0.0900
   vertex 0.4743 1.1007 0.0280
   vertex 0.5341 1.1007 0.0402
  endloop
 endfacet
 facet normal -0.37490 -0.90510 0.20060
  outer loop
   vertex 0.4900 1.1300 0.0900
   vertex 0.5341 1.1007 0.0402
   vertex 0.5607 1.1007 0.0900
  endloop
 endfacet
 facet normal -0.82821 -0.34305 -0.44316
  outer loop
   vertex 0.5607 1.1007 0.0900
   vertex 0.5900 1.0300 0.0900
   vertex 0.5341 1.1007 0.1398
  endloop
 endfacet
 facet normal -0.82821 -0.34305 -0.44316
  outer loop
   vertex 0.5341 1.1007 0.1398
   vertex 0.5900 1.0300 0.0900
   vertex 0.5523 1.0300 0.1604
  endloop
 endfacet
 facet normal -0.19065 -0.31975 -0.92812
  outer loop
   vertex 0.5341 1.1007 0.1398
   vertex 0.5523 1.0300 0.1604
   vertex 0.4743 1.1007 0.1520
  endloop
 endfacet
 facet normal -0.19065 -0.31975 -0.92812
  outer loop
   vertex 0.4743 1.1007 0.1520
   vertex 0.5523 1.0300 0.1604
   vertex 0.4677 1.0300 0.1777
  endloop
 endfacet
 facet normal 0.55052 -0.32952 -0.76704
  outer loop
   vertex 0.4743 1.1007 0.1520
   vertex 0.4677 1.0300 0.1777
   vertex 0.4263 1.1007 0.1176
  endloop
 endfacet
 facet normal 0.55052 -0.32952 -0.76704
  outer loop
   vertex 0.4263 1.1007 0.1176
   vertex 0.4677 1.0300 0.1777
   vertex 0.3999 1.0300 0.1290
  endloop
 endfacet
 facet normal 0.93688 -0.34964 0.00000
  outer loop
   vertex 0.4263 1.1007 0.1176
   vertex 0.3999 1.0300 0.1290
   vertex 0.4263 1.1007 0.0624
  endloop
 endfacet
 facet normal 0.93688 -0.34964 0.00000
  outer loop
   vertex 0.4263 1.1007 0.0624
   vertex 0.3999 1.0300 0.1290
   vertex 0.3999 1.0300 0.0510
  endloop
 endfacet
 facet normal 0.55052 -0.32952 0.76704
  outer loop
   vertex 0.4263 1.1007 0.0624
   vertex 0.3999 1.0300 0.0510
   vertex 0.4743 1.1007 0.0280
  endloop
 endfacet
 facet normal 0.55052 -0.32952 0.76704
  outer loop
   vertex 0.4743 1.1007 0.0280
   vertex 0.3999 1.0300 0.0510
   vertex 0.4677 1.0300 0.0023
  endloop
 endfacet
 facet normal -0.19065 -0.31975 0.92812
  outer loop
   vertex 0.4743 1.1007 0.0280
   vertex 0.4677 1.0300 0.0023
   vertex 0.5341 1.1007 0.0402
  endloop
 endfacet
 facet normal -0.19065 -0.31975 0.92812
  outer loop
   vertex 0.5341 1.1007 0.0402
   vertex 0.4677 1.0300 0.0023
   vertex 0.5523 1.0300 0.0196
  endloop
 endfacet
 facet normal -0.82821 -0.34305 0.44316
  outer loop
   vertex 0.5341 1.1007 0.0402
   vertex 0.5523 1.0300 0.0196
   vertex 0.5607 1.1007 0.0900
  endloop
 endfacet
 facet normal -0.82821 -0.34305 0.44316
  outer loop
   vertex 0.5607 1.1007 0.0900
   vertex 0.5523 1.0300 0.0196
   vertex 0.5900 1.0300 0.0900
  endloop
 endfacet
 facet normal -0.82821 0.34305 -0.44316
  outer loop
   vertex 0.5900 1.0300 0.0900
   vertex 0.5607 0.9593 0.0900
   vertex 0.5523 1.0300 0.1604
  endloop
 endfacet
 facet normal -0.82821 0.34305 -0.44316
  outer loop
   vertex 0.5523 1.0300 0.1604
   vertex 0.5607 0.9593 0.0900
   vertex 0.5341 0.9593 0.1398
  endloop
 endfacet
 facet normal -0.19065 0.31975 -0.92812
  outer loop
   vertex 0.5523 1.0300 0.1604
   vertex 0.5341 0.9593 0.1398
   vertex 0.4677 1.0300 0.1777
  endloop
 endfacet
 facet normal -0.19065 0.31975 -0.92812
  outer loop
   vertex 0.4677 1.0300 0.1777
   vertex 0.5341 0.9593 0.1398
   vertex 0.4743 0.9593 0.1520
  endloop
 endfacet
 facet normal 0.55052 0.32952 -0.76704
  outer loop
   vertex 0.4677 1.0300 0.1777
   vertex 0.4743 0.9593 0.1520
   vertex 0.3999 1.0300 0.1290
  endloop
 endfacet
 facet normal 0.55052 0.32952 -0.76704
  outer loop
   vertex 0.3999 1.0300 0.1290
   vertex 0.4743 0.9593 0.1520
   vertex 0.4263 0.9593 0.1176
  endloop
 endfacet
 facet normal 0.93688 0.34964 0.00000
  outer loop
   vertex 0.3999 1.0300 0.1290
   vertex 0.4263 0.9593 0.1176
   vertex 0.3999 1.0300 0.0510
  endloop
 endfacet
 facet normal 0.93688 0.34964 0.00000
  outer loop
   vertex 0.3999 1.0300 0.0510
   vertex 0.4263 0.9593 0.1176
   vertex 0.4263 0.9593 0.0624
  endloop
 endfacet
 facet normal 0.55052 0.32952 0.76704
  outer loop
   vertex 0.3999 1.0300 0.0510
   vertex 0.4263 0.9593 0.0624
   vertex 0.4677 1.0300 0.0023
  endloop
 endfacet
 facet normal 0.55052 0.32952 0.76704
  outer loop
   vertex 0.4677 1.0300 0.0023
   vertex 0.4263 0.9593 0.0624
   vertex 0.4743 0.9593 0.0280
  endloop
 endfacet
 facet normal -0.19065 0.31975 0.92812
  outer loop
   vertex 0.4677 1.0300 0.0023
   vertex 0.4743 0.9593 0.0280
   vertex 0.5523 1.0300 0.0196
  endloop
 endfacet
 facet normal -0.19065 0.31975 0.92812
  outer loop
   vertex 0.5523 1.0300 0.0196
   vertex 0.4743 0.9593 0.0280
   vertex 0.5341 0.9593 0.0402
  endloop
 endfacet
 facet normal -0.82821 0.34305 0.44316
  outer loop
   vertex 0.5523 1.0300 0.0196
   vertex 0.5341 0.9593 0.0402
   vertex 0.5900 1.0300 0.0900
  endloop
 endfacet
 facet normal -0.82821 0.34305 0.44316
  outer loop
   vertex 0.5900 1.0300 0.0900
   vertex 0.5341 0.9593 0.0402
   vertex 0.5607 0.9593 0.0900
  endloop
 endfacet
 facet normal -0.37490 0.90510 -0.20060
  outer loop
   vertex 0.5607 0.9593 0.0900
   vertex 0.4900 0.9300 0.0900
   vertex 0.5341 0.9593 0.1398
  endloop
 endfacet
 facet normal -0.09119 0.89141 -0.44394
  outer loop
   vertex 0.5341 0.9593 0.1398
   vertex 0.4900 0.9300 0.0900
   vertex 0.4743 0.9593 0.1520
  endloop
 endfacet
 facet normal 0.25724 0.89742 -0.35841
  outer loop
   vertex 0.4743 0.9593 0.1520
   vertex 0.4900 0.9300 0.0900
   vertex 0.4263 0.9593 0.1176
  endloop
 endfacet
 facet normal 0.41771 0.90858 0.00000
  outer loop
   vertex 0.4263 0.9593 0.1176
   vertex 0.4900 0.9300 0.0900
   vertex 0.4263 0.9593 0.0624
  endloop
 endfacet
 facet normal 0.25724 0.89742 0.35841
  outer loop
   vertex 0.4263 0.9593 0.0624
   vertex 0.4900 0.9300 0.0900
   vertex 0.4743 0.9593 0.0280
  endloop
 endfacet
 facet normal -0.09119 0.89141 0.44394
  outer loop
   vertex 0.4743 0.9593 0.0280
   vertex 0.4900 0.9300 0.0900
   vertex 0.5341 0.9593 0.0402
  endloop
 endfacet
 facet normal -0.37490 0.90510 0.20060
  outer loop
   vertex 0.5341 0.9593 0.0402
   vertex 0.4900 0.9300 0.0900
   vertex 0.5607 0.9593 0.0900
  endloop
 endfacet
 facet normal -0.37635 -0.90858 -0.18124
  outer loop
   vertex 0.2688 1.7800 0.0000
   vertex 0.3678 1.7390 0.0000
   vertex 0.3305 1.7390 0.0774
  endloop
 endfacet
 facet normal -0.09295 -0.90858 -0.40724
  outer loop
   vertex 0.2688 1.7800 0.0000
   vertex 0.3305 1.7390 0.0774
   vertex 0.2468 1.7390 0.0965
  endloop
 endfacet
 facet normal 0.26044 -0.90858 -0.32658
  outer loop
   vertex 0.2688 1.7800 0.0000
   vertex 0.2468 1.7390 0.0965
   vertex 0.1796 1.7390 0.0430
  endloop
 endfacet
 facet normal 0.41771 -0.90858 0.00000
  outer loop
   vertex 0.2688 1.7800 0.0000
   vertex 0.1796 1.7390 0.0430
   vertex 0.1796 1.7390 -0.0430
  endloop
 endfacet
 facet normal 0.26044 -0.90858 0.32658
  outer loop
   vertex 0.2688 1.7800 0.0000
   vertex 0.1796 1.7390 -0.0430
   vertex 0.2468 1.7390 -0.0965
  endloop
 endfacet
 facet normal -0.09295 -0.90858 0.40724
  outer loop
   vertex 0.2688 1.7800 0.0000
   vertex 0.2468 1.7390 -0.0965
   vertex 0.3305 1.7390 -0.0774
  endloop
 endfacet
 facet normal -0.37635 -0.90858 0.18124
  outer loop
   vertex 0.2688 1.7800 0.0000
   vertex 0.3305 1.7390 -0.0774
   vertex 0.3678 1.7390 -0.0000
  endloop
 endfacet
 facet normal -0.84410 -0.34964 -0.40650
  outer loop
   vertex 0.3678 1.7390 0.0000
   vertex 0.4088 1.6400 0.0000
   vertex 0.3305 1.7390 0.0774
  endloop
 endfacet
 facet normal -0.84410 -0.34964 -0.40650
  outer loop
   vertex 0.3305 1.7390 0.0774
   vertex 0.4088 1.6400 0.0000
   vertex 0.3561 1.6400 0.1095
  endloop
 endfacet
 facet normal -0.20848 -0.34964 -0.91339
  outer loop
   vertex 0.3305 1.7390 0.0774
   vertex 0.3561 1.6400 0.1095
   vertex 0.2468 1.7390 0.0965
  endloop
 endfacet
 facet normal -0.20848 -0.34964 -0.91339
  outer loop
   vertex 0.2468 1.7390 0.0965
   vertex 0.3561 1.6400 0.1095
   vertex 0.2376 1.6400 0.1365
  endloop
 endfacet
 facet normal 0.58414 -0.34964 -0.73249
  outer loop
   vertex 0.2468 1.7390 0.0965
   vertex 0.2376 1.6400 0.1365
   vertex 0.1796 1.7390 0.0430
  endloop
 endfacet
 facet normal 0.58414 -0.34964 -0.73249
  outer loop
   vertex 0.1796 1.7390 0.0430
   vertex 0.2376 1.6400 0.1365
   vertex 0.1427 1.6400 0.0607
  endloop
 endfacet
 facet normal 0.93688 -0.34964 0.00000
  outer loop
   vertex 0.1796 1.7390 0.0430
   vertex 0.1427 1.6400 0.0607
   vertex 0.1796 1.7390 -0.0430
  endloop
 endfacet
 facet normal 0.93688 -0.34964 0.00000
  outer loop
   vertex 0.1796 1.7390 -0.0430
   vertex 0.1427 1.6400 0.0607
   vertex 0.1427 1.6400 -0.0607
  endloop
 endfacet
 facet normal 0.58414 -0.34964 0.73249
  outer loop
   vertex 0.1796 1.7390 -0.0430
   vertex 0.1427 1.6400 -0.0607
   vertex 0.2468 1.7390 -0.0965
  endloop
 endfacet
 facet normal 0.58414 -0.34964 0.73249
  outer loop
   vertex 0.2468 1.7390 -0.0965
   vertex 0.1427 1.6400 -0.0607
   vertex 0.2376 1.6400 -0.1365
  endloop
 endfacet
 facet normal -0.20848 -0.34964 0.91339
  outer loop
   vertex 0.2468 1.7390 -0.0965
   vertex 0.2376 1.6400 -0.1365
   vertex 0.3305 1.7390 -0.0774
  endloop
 endfacet
 facet normal -0.20848 -0.34964 0.91339
  outer loop
   vertex 0.3305 1.7390 -0.0774
   vertex 0.2376 1.6400 -0.1365
   vertex 0.3561 1.6400 -0.1095
  endloop
 endfacet
 facet normal -0.84410 -0.34964 0.40650
  outer loop
   vertex 0.3305 1.7390 -0.0774
   vertex 0.3561 1.6400 -0.1095
   vertex 0.3678 1.7390 -0.0000
  endloop
 endfacet
 facet normal -0.84410 -0.34964 0.40650
  outer loop
   vertex 0.3678 1.7390 -0.0000
   vertex 0.3561 1.6400 -0.1095
   vertex 0.4088 1.6400 -0.0000
  endloop
 endfacet
 facet normal -0.84410 0.34964 -0.40650
  outer loop
   vertex 0.4088 1.6400 0.0000
   vertex 0.3678 1.5410 0.0000
   vertex 0.3561 1.6400 0.1095
  endloop
 endfacet
 facet normal -0.84410 0.34964 -0.40650
  outer loop
   vertex 0.3561 1.6400 0.1095
   vertex 0.3678 1.5410 0.0000
   vertex 0.3305 1.5410 0.0774
  endloop
 endfacet
 facet normal -0.20848 0.34964 -0.91339
  outer loop
   vertex 0.3561 1.6400 0.1095
   vertex 0.3305 1.5410 0.0774
   vertex 0.2376 1.6400 0.1365
  endloop
 endfacet
 facet normal -0.20848 0.34964 -0.91339
  outer loop
   vertex 0.2376 1.6400 0.1365
   vertex 0.3305 1.5410 0.0774
   vertex 0.2468 1.5410 0.0965
  endloop
 endfacet
 facet normal 0.58414 0.34964 -0.73249
  outer loop
   vertex 0.2376 1.6400 0.1365
   vertex 0.2468 1.5410 0.0965
   vertex 0.1427 1.6400 0.0607
  endloop
 endfacet
 facet normal 0.58414 0.34964 -0.73249
  outer loop
   vertex 0.1427 1.6400 0.0607
   vertex 0.2468 1.5410 0.0965
   vertex 0.1796 1.5410 0.0430
  endloop
 endfacet
 facet normal 0.93688 0.34964 0.00000
  outer loop
   vertex 0.1427 1.6400 0.0607
   vertex 0.1796 1.5410 0.0430
   vertex 0.1427 1.6400 -0.0607
  endloop
 endfacet
 facet normal 0.93688 0.34964 -0.00000
  outer loop
   vertex 0.1427 1.6400 -0.0607
   vertex 0.1796 1.5410 0.0430
   vertex 0.1796 1.5410 -0.0430
  endloop
 endfacet
 facet normal 0.58414 0.34964 0.73249
  outer loop
   vertex 0.1427 1.6400 -0.0607
   vertex 0.1796 1.5410 -0.0430
   vertex 0.2376 1.6400 -0.1365
  endloop
 endfacet
 facet normal 0.58414 0.34964 0.73249
  outer loop
   vertex 0.2376 1.6400 -0.1365
   vertex 0.1796 1.5410 -0.0430
   vertex 0.2468 1.5410 -0.0965
  endloop
 endfacet
 facet normal -0.20848 0.34964 0.91339
  outer loop
   vertex 0.2376 1.6400 -0.1365
   vertex 0.2468 1.5410 -0.0965
   vertex 0.3561 1.6400 -0.1095
  endloop
 endfacet
 facet normal -0.20848 0.34964 0.91339
  outer loop
   vertex 0.3561 1.6400 -0.1095
   vertex 0.2468 1.5410 -0.0965
   vertex 0.3305 1.5410 -0.0774
  endloop
 endfacet
 facet normal -0.84410 0.34964 0.40650
  outer loop
   vertex 0.3561 1.6400 -0.1095
   vertex 0.3305 1.5410 -0.0774
   vertex 0.4088 1.6400 -0.0000
  endloop
 endfacet
 facet normal -0.84410 0.34964 0.40650
  outer loop
   vertex 0.4088 1.6400 -0.0000
   vertex 0.3305 1.5410 -0.0774
   vertex 0.3678 1.5410 -0.0000
  endloop
 endfacet
 facet normal -0.37635 0.90858 -0.18124
  outer loop
   vertex 0.3678 1.5410 0.0000
   vertex 0.2688 1.5000 0.0000
   vertex 0.3305 1.5410 0.0774
  endloop
 endfacet
 facet normal -0.09295 0.90858 -0.40724
  outer loop
   vertex 0.3305 1.5410 0.0774
   vertex 0.2688 1.5000 0.0000
   vertex 0.2468 1.5410 0.0965
  endloop
 endfacet
 facet normal 0.26044 0.90858 -0.32658
  outer loop
   vertex 0.2468 1.5410 0.0965
   vertex 0.2688 1.5000 0.0000
   vertex 0.1796 1.5410 0.0430
  endloop
 endfacet
 facet normal 0.41771 0.90858 -0.00000
  outer loop
   vertex 0.1796 1.5410 0.0430
   vertex 0.2688 1.5000 0.0000
   vertex 0.1796 1.5410 -0.0430
  endloop
 endfacet
 facet normal 0.26044 0.90858 0.32658
  outer loop
   vertex 0.1796 1.5410 -0.0430
   vertex 0.2688 1.5000 -0.0000
   vertex 0.2468 1.5410 -0.0965
  endloop
 endfacet
 facet normal -0.09295 0.90858 0.40724
  outer loop
   vertex 0.2468 1.5410 -0.0965
   vertex 0.2688 1.5000 -0.0000
   vertex 0.3305 1.5410 -0.0774
  endloop
 endfacet
 facet normal -0.37635 0.90858 0.18124
  outer loop
   vertex 0.3305 1.5410 -0.0774
   vertex 0.2688 1.5000 -0.0000
   vertex 0.3678 1.5410 -0.0000
  endloop
 endfacet
 facet normal -0.43388 0.00000 -0.90097
  outer loop
   vertex 0.0000 1.7350 -0.1000
   vertex -0.0782 1.7350 -0.0623
   vertex -0.0782 1.9250 -0.0623
  endloop
 endfacet
 facet normal -0.43388 0.00000 -0.90097
  outer loop
   vertex 0.0000 1.7350 -0.1000
   vertex -0.0782 1.9250 -0.0623
   vertex 0.0000 1.9250 -0.1000
  endloop
 endfacet
 facet normal 0.00000 -1.00000 0.00000
  outer loop
   vertex 0.0000 1.7350 0.0000
   vertex -0.0782 1.7350 -0.0623
   vertex 0.0000 1.7350 -0.1000
  endloop
 endfacet
 facet normal 0.00000 1.00000 0.00000
  outer loop
   vertex 0.0000 1.9250 0.0000
   vertex 0.0000 1.9250 -0.1000
   vertex -0.0782 1.9250 -0.0623
  endloop
 endfacet
 facet normal -0.97493 0.00000 -0.22252
  outer loop
   vertex -0.0782 1.7350 -0.0623
   vertex -0.0975 1.7350 0.0223
   vertex -0.0975 1.9250 0.0223
  endloop
 endfacet
 facet normal -0.97493 0.00000 -0.22252
  outer loop
   vertex -0.0782 1.7350 -0.0623
   vertex -0.0975 1.9250 0.0223
   vertex -0.0782 1.9250 -0.0623
  endloop
 endfacet
 facet normal 0.00000 -1.00000 0.00000
  outer loop
   vertex 0.0000 1.7350 0.0000
   vertex -0.0975 1.7350 0.0223
   vertex -0.0782 1.7350 -0.0623
  endloop
 endfacet
 facet normal 0.00000 1.00000 0.00000
  outer loop
   vertex 0.0000 1.9250 0.0000
   vertex -0.0782 1.9250 -0.0623
   vertex -0.0975 1.9250 0.0223
  endloop
 endfacet
 facet normal -0.78183 0.00000 0.62349
  outer loop
   vertex -0.0975 1.7350 0.0223
   vertex -0.0434 1.7350 0.0901
   vertex -0.0434 1.9250 0.0901
  endloop
 endfacet
 facet normal -0.78183 0.00000 0.62349
  outer loop
   vertex -0.0975 1.7350 0.0223
   vertex -0.0434 1.9250 0.0901
   vertex -0.0975 1.9250 0.0223
  endloop
 endfacet
 facet normal 0.00000 -1.00000 0.00000
  outer loop
   vertex 0.0000 1.7350 0.0000
   vertex -0.0434 1.7350 0.0901
   vertex -0.0975 1.7350 0.0223
  endloop
 endfacet
 facet normal 0.00000 1.00000 0.00000
  outer loop
   vertex 0.0000 1.9250 0.0000
   vertex -0.0975 1.9250 0.0223
   vertex -0.0434 1.9250 0.0901
  endloop
 endfacet
 facet normal 0.00000 0.00000 1.00000
  outer loop
   vertex -0.0434 1.7350 0.0901
   vertex 0.0434 1.7350 0.0901
   vertex 0.0434 1.9250 0.0901
  endloop
 endfacet
 facet normal 0.00000 0.00000 1.00000
  outer loop
   vertex -0.0434 1.7350 0.0901
   vertex 0.0434 1.9250 0.0901
   vertex -0.0434 1.9250 0.0901
  endloop
 endfacet
 facet normal 0.00000 -1.00000 0.00000
  outer loop
   vertex 0.0000 1.7350 0.0000
   vertex 0.0434 1.7350 0.0901
   vertex -0.0434 1.7350 0.0901
  endloop
 endfacet
 facet normal 0.00000 1.00000 0.00000
  outer loop
   vertex 0.0000 1.9250 0.0000
   vertex -0.0434 1.9250 0.0901
   vertex 0.0434 1.9250 0.0901
  endloop
 endfacet
 facet normal 0.78183 0.00000 0.62349
  outer loop
   vertex 0.0434 1.7350 0.0901
   vertex 0.0975 1.7350 0.0223
   vertex 0.0975 1.9250 0.0223
  endloop
 endfacet
 facet normal 0.78183 0.00000 0.62349
  outer loop
   vertex 0.0434 1.7350 0.0901
   vertex 0.0975 1.9250 0.0223
   vertex 0.0434 1.9250 0.0901
  endloop
 endfacet
 facet normal 0.00000 -1.00000 0.00000
  outer loop
   vertex 0.0000 1.7350 0.0000
   vertex 0.0975 1.7350 0.0223
   vertex 0.0434 1.7350 0.0901
  endloop
 endfacet
 facet normal 0.00000 1.00000 0.00000
  outer loop
   vertex 0.0000 1.9250 0.0000
   vertex 0.0434 1.9250 0.0901
   vertex 0.0975 1.9250 0.0223
  endloop
 endfacet
 facet normal 0.97493 0.00000 -0.22252
  outer loop
   vertex 0.0975 1.7350 0.0223
   vertex 0.0782 1.7350 -0.0623
   vertex 0.0782 1.9250 -0.0623
  endloop
 endfacet
 facet normal 0.97493 0.00000 -0.22252
  outer loop
   vertex 0.0975 1.7350 0.0223
   vertex 0.0782 1.9250 -0.0623
   vertex 0.0975 1.9250 0.0223
  endloop
 endfacet
 facet normal 0.00000 -1.00000 0.00000
  outer loop
   vertex 0.0000 1.7350 0.0000
   vertex 0.0782 1.7350 -0.0623
   vertex 0.0975 1.7350 0.0223
  endloop
 endfacet
 facet normal 0.00000 1.00000 0.00000
  outer loop
   vertex 0.0000 1.9250 0.0000
   vertex 0.0975 1.9250 0.0223
   vertex 0.0782 1.9250 -0.0623
  endloop
 endfacet
 facet normal 0.43388 0.00000 -0.90097
  outer loop
   vertex 0.0782 1.7350 -0.0623
   vertex 0.0000 1.7350 -0.1000
   vertex 0.0000 1.9250 -0.1000
  endloop
 endfacet
 facet normal 0.43388 0.00000 -0.90097
  outer loop
   vertex 0.0782 1.7350 -0.0623
   vertex 0.0000 1.9250 -0.1000
   vertex 0.0782 1.9250 -0.0623
  endloop
 endfacet
 facet normal 0.00000 -1.00000 0.00000
  outer loop
   vertex 0.0000 1.7350 0.0000
   vertex 0.0000 1.7350 -0.1000
   vertex 0.0782 1.7350 -0.0623
  endloop
 endfacet
 facet normal 0.00000 1.00000 0.00000
  outer loop
   vertex 0.0000 1.9250 0.0000
   vertex 0.0782 1.9250 -0.0623
   vertex 0.0000 1.9250 -0.1000
  endloop
 endfacet
 facet normal -0.29812 -0.94776 -0.11344
  outer loop
   vertex 0.0000 2.2900 0.0000
   vertex 0.1150 2.2538 0.0000
   vertex 0.0881 2.2538 0.0707
  endloop
 endfacet
 facet normal -0.15816 -0.94497 -0.28639
  outer loop
   vertex 0.0000 2.2900 0.0000
   vertex 0.0881 2.2538 0.0707
   vertex 0.0200 2.2538 0.1083
  endloop
 endfacet
 facet normal 0.05487 -0.94400 -0.32534
  outer loop
   vertex 0.0000 2.2900 0.0000
   vertex 0.0200 2.2538 0.1083
   vertex -0.0575 2.2538 0.0953
  endloop
 endfacet
 facet normal 0.24269 -0.94645 -0.21290
  outer loop
   vertex 0.0000 2.2900 0.0000
   vertex -0.0575 2.2538 0.0953
   vertex -0.1081 2.2538 0.0376
  endloop
 endfacet
 facet normal 0.31742 -0.94828 0.00000
  outer loop
   vertex 0.0000 2.2900 0.0000
   vertex -0.1081 2.2538 0.0376
   vertex -0.1081 2.2538 -0.0376
  endloop
 endfacet
 facet normal 0.24269 -0.94645 0.21290
  outer loop
   vertex 0.0000 2.2900 0.0000
   vertex -0.1081 2.2538 -0.0376
   vertex -0.0575 2.2538 -0.0953
  endloop
 endfacet
 facet normal 0.05487 -0.94400 0.32534
  outer loop
   vertex 0.0000 2.2900 0.0000
   vertex -0.0575 2.2538 -0.0953
   vertex 0.0200 2.2538 -0.1083
  endloop
 endfacet
 facet normal -0.15816 -0.94497 0.28639
  outer loop
   vertex 0.0000 2.2900 0.0000
   vertex 0.0200 2.2538 -0.1083
   vertex 0.0881 2.2538 -0.0707
  endloop
 endfacet
 facet normal -0.29812 -0.94776 0.11344
  outer loop
   vertex 0.0000 2.2900 0.0000
   vertex 0.0881 2.2538 -0.0707
   vertex 0.1150 2.2538 -0.0000
  endloop
 endfacet
 facet normal -0.73119 -0.62286 -0.27823
  outer loop
   vertex 0.1150 2.2538 0.0000
   vertex 0.1992 2.1550 0.0000
   vertex 0.0881 2.2538 0.0707
  endloop
 endfacet
 facet normal -0.73119 -0.62286 -0.27823
  outer loop
   vertex 0.0881 2.2538 0.0707
   vertex 0.1992 2.1550 0.0000
   vertex 0.1526 2.1550 0.1225
  endloop
 endfacet
 facet normal -0.38230 -0.61205 -0.69227
  outer loop
   vertex 0.0881 2.2538 0.0707
   vertex 0.1526 2.1550 0.1225
   vertex 0.0200 2.2538 0.1083
  endloop
 endfacet
 facet normal -0.38230 -0.61205 -0.69227
  outer loop
   vertex 0.0200 2.2538 0.1083
   vertex 0.1526 2.1550 0.1225
   vertex 0.0346 2.1550 0.1876
  endloop
 endfacet
 facet normal 0.13199 -0.60843 -0.78256
  outer loop
   vertex 0.0200 2.2538 0.1083
   vertex 0.0346 2.1550 0.1876
   vertex -0.0575 2.2538 0.0953
  endloop
 endfacet
 facet normal 0.13199 -0.60843 -0.78256
  outer loop
   vertex -0.0575 2.2538 0.0953
   vertex 0.0346 2.1550 0.1876
   vertex -0.0996 2.1550 0.1650
  endloop
 endfacet
 facet normal 0.59116 -0.61773 -0.51859
  outer loop
   vertex -0.0575 2.2538 0.0953
   vertex -0.0996 2.1550 0.1650
   vertex -0.1081 2.2538 0.0376
  endloop
 endfacet
 facet normal 0.59116 -0.61773 -0.51859
  outer loop
   vertex -0.1081 2.2538 0.0376
   vertex -0.0996 2.1550 0.1650
   vertex -0.1872 2.1550 0.0652
  endloop
 endfacet
 facet normal 0.78069 -0.62492 -0.00000
  outer loop
   vertex -0.1081 2.2538 0.0376
   vertex -0.1872 2.1550 0.0652
   vertex -0.1081 2.2538 -0.0376
  endloop
 endfacet
 facet normal 0.78069 -0.62492 -0.00000
  outer loop
   vertex -0.1081 2.2538 -0.0376
   vertex -0.1872 2.1550 0.0652
   vertex -0.1872 2.1550 -0.0652
  endloop
 endfacet
 facet normal 0.59116 -0.61773 0.51859
  outer loop
   vertex -0.1081 2.2538 -0.0376
   vertex -0.1872 2.1550 -0.0652
   vertex -0.0575 2.2538 -0.0953
  endloop
 endfacet
 facet normal 0.59116 -0.61773 0.51859
  outer loop
   vertex -0.0575 2.2538 -0.0953
   vertex -0.1872 2.1550 -0.0652
   vertex -0.0996 2.1550 -0.1650
  endloop
 endfacet
 facet normal 0.13199 -0.60843 0.78256
  outer loop
   vertex -0.0575 2.2538 -0.0953
   vertex -0.0996 2.1550 -0.1650
   vertex 0.0200 2.2538 -0.1083
  endloop
 endfacet
 facet normal 0.13199 -0.60843 0.78256
  outer loop
   vertex 0.0200 2.2538 -0.1083
   vertex -0.0996 2.1550 -0.1650
   vertex 0.0346 2.1550 -0.1876
  endloop
 endfacet
 facet normal -0.38230 -0.61205 0.69227
  outer loop
   vertex 0.0200 2.2538 -0.1083
   vertex 0.0346 2.1550 -0.1876
   vertex 0.0881 2.2538 -0.0707
  endloop
 endfacet
 facet normal -0.38230 -0.61205 0.69227
  outer loop
   vertex 0.0881 2.2538 -0.0707
   vertex 0.0346 2.1550 -0.1876
   vertex 0.1526 2.1550 -0.1225
  endloop
 endfacet
 facet normal -0.73119 -0.62286 0.27823
  outer loop
   vertex 0.0881 2.2538 -0.0707
   vertex 0.1526 2.1550 -0.1225
   vertex 0.1150 2.2538 -0.0000
  endloop
 endfacet
 facet normal -0.73119 -0.62286 0.27823
  outer loop
   vertex 0.1150 2.2538 -0.0000
   vertex 0.1526 2.1550 -0.1225
   vertex 0.1992 2.1550 -0.0000
  endloop
 endfacet
 facet normal -0.91406 -0.20864 -0.34781
  outer loop
   vertex 0.1992 2.1550 0.0000
   vertex 0.2300 2.0200 0.0000
   vertex 0.1526 2.1550 0.1225
  endloop
 endfacet
 facet normal -0.91406 -0.20864 -0.34781
  outer loop
   vertex 0.1526 2.1550 0.1225
   vertex 0.2300 2.0200 0.0000
   vertex 0.1762 2.0200 0.1414
  endloop
 endfacet
 facet normal -0.47336 -0.20306 -0.85715
  outer loop
   vertex 0.1526 2.1550 0.1225
   vertex 0.1762 2.0200 0.1414
   vertex 0.0346 2.1550 0.1876
  endloop
 endfacet
 facet normal -0.47336 -0.20306 -0.85715
  outer loop
   vertex 0.0346 2.1550 0.1876
   vertex 0.1762 2.0200 0.1414
   vertex 0.0399 2.0200 0.2167
  endloop
 endfacet
 facet normal 0.16291 -0.20122 -0.96590
  outer loop
   vertex 0.0346 2.1550 0.1876
   vertex 0.0399 2.0200 0.2167
   vertex -0.0996 2.1550 0.1650
  endloop
 endfacet
 facet normal 0.16291 -0.20122 -0.96590
  outer loop
   vertex -0.0996 2.1550 0.1650
   vertex 0.0399 2.0200 0.2167
   vertex -0.1150 2.0200 0.1905
  endloop
 endfacet
 facet normal 0.73562 -0.20597 -0.64532
  outer loop
   vertex -0.0996 2.1550 0.1650
   vertex -0.1150 2.0200 0.1905
   vertex -0.1872 2.1550 0.0652
  endloop
 endfacet
 facet normal 0.73562 -0.20597 -0.64532
  outer loop
   vertex -0.1872 2.1550 0.0652
   vertex -0.1150 2.0200 0.1905
   vertex -0.2161 2.0200 0.0752
  endloop
 endfacet
 facet normal 0.97776 -0.20972 -0.00000
  outer loop
   vertex -0.1872 2.1550 0.0652
   vertex -0.2161 2.0200 0.0752
   vertex -0.1872 2.1550 -0.0652
  endloop
 endfacet
 facet normal 0.97776 -0.20972 -0.00000
  outer loop
   vertex -0.1872 2.1550 -0.0652
   vertex -0.2161 2.0200 0.0752
   vertex -0.2161 2.0200 -0.0752
  endloop
 endfacet
 facet normal 0.73562 -0.20597 0.64532
  outer loop
   vertex -0.1872 2.1550 -0.0652
   vertex -0.2161 2.0200 -0.0752
   vertex -0.0996 2.1550 -0.1650
  endloop
 endfacet
 facet normal 0.73562 -0.20597 0.64532
  outer loop
   vertex -0.0996 2.1550 -0.1650
   vertex -0.2161 2.0200 -0.0752
   vertex -0.1150 2.0200 -0.1905
  endloop
 endfacet
 facet normal 0.16291 -0.20122 0.96590
  outer loop
   vertex -0.0996 2.1550 -0.1650
   vertex -0.1150 2.0200 -0.1905
   vertex 0.0346 2.1550 -0.1876
  endloop
 endfacet
 facet normal 0.16291 -0.20122 0.96590
  outer loop
   vertex 0.0346 2.1550 -0.1876
   vertex -0.1150 2.0200 -0.1905
   vertex 0.0399 2.0200 -0.2167
  endloop
 endfacet
 facet normal -0.47336 -0.20306 0.85715
  outer loop
   vertex 0.0346 2.1550 -0.1876
   vertex 0.0399 2.0200 -0.2167
   vertex 0.1526 2.1550 -0.1225
  endloop
 endfacet
 facet normal -0.47336 -0.20306 0.85715
  outer loop
   vertex 0.1526 2.1550 -0.1225
   vertex 0.0399 2.0200 -0.2167
   vertex 0.1762 2.0200 -0.1414
  endloop
 endfacet
 facet normal -0.91406 -0.20864 0.34781
  outer loop
   vertex 0.1526 2.1550 -0.1225
   vertex 0.1762 2.0200 -0.1414
   vertex 0.1992 2.1550 -0.0000
  endloop
 endfacet
 facet normal -0.91406 -0.20864 0.34781
  outer loop
   vertex 0.1992 2.1550 -0.0000
   vertex 0.1762 2.0200 -0.1414
   vertex 0.2300 2.0200 -0.0000
  endloop
 endfacet
 facet normal -0.91406 0.20864 -0.34781
  outer loop
   vertex 0.2300 2.0200 0.0000
   vertex 0.1992 1.8850 0.0000
   vertex 0.1762 2.0200 0.1414
  endloop
 endfacet
 facet normal -0.91406 0.20864 -0.34781
  outer loop
   vertex 0.1762 2.0200 0.1414
   vertex 0.1992 1.8850 0.0000
   vertex 0.1526 1.8850 0.1225
  endloop
 endfacet
 facet normal -0.47336 0.20306 -0.85715
  outer loop
   vertex 0.1762 2.0200 0.1414
   vertex 0.1526 1.8850 0.1225
   vertex 0.0399 2.0200 0.2167
  endloop
 endfacet
 facet normal -0.47336 0.20306 -0.85715
  outer loop
   vertex 0.0399 2.0200 0.2167
   vertex 0.1526 1.8850 0.1225
   vertex 0.0346 1.8850 0.1876
  endloop
 endfacet
 facet normal 0.16291 0.20122 -0.96590
  outer loop
   vertex 0.0399 2.0200 0.2167
   vertex 0.0346 1.8850 0.1876
   vertex -0.1150 2.0200 0.1905
  endloop
 endfacet
 facet normal 0.16291 0.20122 -0.96590
  outer loop
   vertex -0.1150 2.0200 0.1905
   vertex 0.0346 1.8850 0.1876
   vertex -0.0996 1.8850 0.1650
  endloop
 endfacet
 facet normal 0.73562 0.20597 -0.64532
  outer loop
   vertex -0.1150 2.0200 0.1905
   vertex -0.0996 1.8850 0.1650
   vertex -0.2161 2.0200 0.0752
  endloop
 endfacet
 facet normal 0.73562 0.20597 -0.64532
  outer loop
   vertex -0.2161 2.0200 0.0752
   vertex -0.0996 1.8850 0.1650
   vertex -0.1872 1.8850 0.0652
  endloop
 endfacet
 facet normal 0.97776 0.20972 -0.00000
  outer loop
   vertex -0.2161 2.0200 0.0752
   vertex -0.1872 1.8850 0.0652
   vertex -0.2161 2.0200 -0.0752
  endloop
 endfacet
 facet normal 0.97776 0.20972 -0.00000
  outer loop
   vertex -0.2161 2.0200 -0.0752
   vertex -0.1872 1.8850 0.0652
   vertex -0.1872 1.8850 -0.0652
  endloop
 endfacet
 facet normal 0.73562 0.20597 0.64532
  outer loop
   vertex -0.2161 2.0200 -0.0752
   vertex -0.1872 1.8850 -0.0652
   vertex -0.1150 2.0200 -0.1905
  endloop
 endfacet
 facet normal 0.73562 0.20597 0.64532
  outer loop
   vertex -0.1150 2.0200 -0.1905
   vertex -0.1872 1.8850 -0.0652
   vertex -0.0996 1.8850 -0.1650
  endloop
 endfacet
 facet normal 0.16291 0.20122 0.96590
  outer loop
   vertex -0.1150 2.0200 -0.1905
   vertex -0.0996 1.8850 -0.1650
   vertex 0.0399 2.0200 -0.2167
  endloop
 endfacet
 facet normal 0.16291 0.20122 0.96590
  outer loop
   vertex 0.0399 2.0200 -0.2167
   vertex -0.0996 1.8850 -0.1650
   vertex 0.0346 1.8850 -0.1876
  endloop
 endfacet
 facet normal -0.47336 0.20306 0.85715
  outer loop
   vertex 0.0399 2.0200 -0.2167
   vertex 0.0346 1.8850 -0.1876
   vertex 0.1762 2.0200 -0.1414
  endloop
 endfacet
 facet normal -0.47336 0.20306 0.85715
  outer loop
   vertex 0.1762 2.0200 -0.1414
   vertex 0.0346 1.8850 -0.1876
   vertex 0.1526 1.8850 -0.1225
  endloop
 endfacet
 facet normal -0.91406 0.20864 0.34781
  outer loop
   vertex 0.1762 2.0200 -0.1414
   vertex 0.1526 1.8850 -0.1225
   vertex 0.2300 2.0200 -0.0000
  endloop
 endfacet
 facet normal -0.91406 0.20864 0.34781
  outer loop
   vertex 0.2300 2.0200 -0.0000
   vertex 0.1526 1.8850 -0.1225
   vertex 0.1992 1.8850 -0.0000
  endloop
 endfacet
 facet normal -0.73119 0.62286 -0.27823
  outer loop
   vertex 0.1992 1.8850 0.0000
   vertex 0.1150 1.7862 0.0000
   vertex 0.1526 1.8850 0.1225
  endloop
 endfacet
 facet normal -0.73119 0.62286 -0.27823
  outer loop
   vertex 0.1526 1.8850 0.1225
   vertex 0.1150 1.7862 0.0000
   vertex 0.0881 1.7862 0.0707
  endloop
 endfacet
 facet normal -0.38230 0.61205 -0.69227
  outer loop
   vertex 0.1526 1.8850 0.1225
   vertex 0.0881 1.7862 0.0707
   vertex 0.0346 1.8850 0.1876
  endloop
 endfacet
 facet normal -0.38230 0.61205 -0.69227
  outer loop
   vertex 0.0346 1.8850 0.1876
   vertex 0.0881 1.7862 0.0707
   vertex 0.0200 1.7862 0.1083
  endloop
 endfacet
 facet normal 0.13199 0.60843 -0.78256
  outer loop
   vertex 0.0346 1.8850 0.1876
   vertex 0.0200 1.7862 0.1083
   vertex -0.0996 1.8850 0.1650
  endloop
 endfacet
 facet normal 0.13199 0.60843 -0.78256
  outer loop
   vertex -0.0996 1.8850 0.1650
   vertex 0.0200 1.7862 0.1083
   vertex -0.0575 1.7862 0.0953
  endloop
 endfacet
 facet normal 0.59116 0.61773 -0.51859
  outer loop
   vertex -0.0996 1.8850 0.1650
   vertex -0.0575 1.7862 0.0953
   vertex -0.1872 1.8850 0.0652
  endloop
 endfacet
 facet normal 0.59116 0.61773 -0.51859
  outer loop
   vertex -0.1872 1.8850 0.0652
   vertex -0.0575 1.7862 0.0953
   vertex -0.1081 1.7862 0.0376
  endloop
 endfacet
 facet normal 0.78069 0.62492 -0.00000
  outer loop
   vertex -0.1872 1.8850 0.0652
   vertex -0.1081 1.7862 0.0376
   vertex -0.1872 1.8850 -0.0652
  endloop
 endfacet
 facet normal 0.78069 0.62492 -0.00000
  outer loop
   vertex -0.1872 1.8850 -0.0652
   vertex -0.1081 1.7862 0.0376
   vertex -0.1081 1.7862 -0.0376
  endloop
 endfacet
 facet normal 0.59116 0.61773 0.51859
  outer loop
   vertex -0.1872 1.8850 -0.0652
   vertex -0.1081 1.7862 -0.0376
   vertex -0.0996 1.8850 -0.1650
  endloop
 endfacet
 facet normal 0.59116 0.61773 0.51859
  outer loop
   vertex -0.0996 1.8850 -0.1650
   vertex -0.1081 1.7862 -0.0376
   vertex -0.0575 1.7862 -0.0953
  endloop
 endfacet
 facet normal 0.13199 0.60843 0.78256
  outer loop
   vertex -0.0996 1.8850 -0.1650
   vertex -0.0575 1.7862 -0.0953
   vertex 0.0346 1.8850 -0.1876
  endloop
 endfacet
 facet normal 0.13199 0.60843 0.78256
  outer loop
   vertex 0.0346 1.8850 -0.1876
   vertex -0.0575 1.7862 -0.0953
   vertex 0.0200 1.7862 -0.1083
  endloop
 endfacet
 facet normal -0.38230 0.61205 0.69227
  outer loop
   vertex 0.0346 1.8850 -0.1876
   vertex 0.0200 1.7862 -0.1083
   vertex 0.1526 1.8850 -0.1225
  endloop
 endfacet
 facet normal -0.38230 0.61205 0.69227
  outer loop
   vertex 0.1526 1.8850 -0.1225
   vertex 0.0200 1.7862 -0.1083
   vertex 0.0881 1.7862 -0.0707
  endloop
 endfacet
 facet normal -0.73119 0.62286 0.27823
  outer loop
   vertex 0.1526 1.8850 -0.1225
   vertex 0.0881 1.7862 -0.0707
   vertex 0.1992 1.8850 -0.0000
  endloop
 endfacet
 facet normal -0.73119 0.62286 0.27823
  outer loop
   vertex 0.1992 1.8850 -0.0000
   vertex 0.0881 1.7862 -0.0707
   vertex 0.1150 1.7862 -0.0000
  endloop
 endfacet
 facet normal -0.29812 0.94776 -0.11344
  outer loop
   vertex 0.1150 1.7862 0.0000
   vertex 0.0000 1.7500 0.0000
   vertex 0.0881 1.7862 0.0707
  endloop
 endfacet
 facet normal -0.15816 0.94497 -0.28639
  outer loop
   vertex 0.0881 1.7862 0.0707
   vertex 0.0000 1.7500 0.0000
   vertex 0.0200 1.7862 0.1083
  endloop
 endfacet
 facet normal 0.05487 0.94400 -0.32534
  outer loop
   vertex 0.0200 1.7862 0.1083
   vertex 0.0000 1.7500 0.0000
   vertex -0.0575 1.7862 0.0953
  endloop
 endfacet
 facet normal 0.24269 0.94645 -0.21290
  outer loop
   vertex -0.0575 1.7862 0.0953
   vertex -0.0000 1.7500 0.0000
   vertex -0.1081 1.7862 0.0376
  endloop
 endfacet
 facet normal 0.31742 0.94828 -0.00000
  outer loop
   vertex -0.1081 1.7862 0.0376
   vertex -0.0000 1.7500 0.0000
   vertex -0.1081 1.7862 -0.0376
  endloop
 endfacet
 facet normal 0.24269 0.94645 0.21290
  outer loop
   vertex -0.1081 1.7862 -0.0376
   vertex -0.0000 1.7500 -0.0000
   vertex -0.0575 1.7862 -0.0953
  endloop
 endfacet
 facet normal 0.05487 0.94400 0.32534
  outer loop
   vertex -0.0575 1.7862 -0.0953
   vertex -0.0000 1.7500 -0.0000
   vertex 0.0200 1.7862 -0.1083
  endloop
 endfacet
 facet normal -0.15816 0.94497 0.28639
  outer loop
   vertex 0.0200 1.7862 -0.1083
   vertex 0.0000 1.7500 -0.0000
   vertex 0.0881 1.7862 -0.0707
  endloop
 endfacet
 facet normal -0.29812 0.94776 0.11344
  outer loop
   vertex 0.0881 1.7862 -0.0707
   vertex 0.0000 1.7500 -0.0000
   vertex 0.1150 1.7862 -0.0000
  endloop
 endfacet
 facet normal -0.38268 0.00000 -0.92388
  outer loop
   vertex 0.0000 2.2000 -0.2200
   vertex -0.1556 2.2000 -0.1556
   vertex -0.1556 2.2800 -0.1556
  endloop
 endfacet
 facet normal -0.38268 0.00000 -0.92388
  outer loop
   vertex 0.0000 2.2000 -0.2200
   vertex -0.1556 2.2800 -0.1556
   vertex 0.0000 2.2800 -0.2200
  endloop
 endfacet
 facet normal 0.00000 -1.00000 0.00000
  outer loop
   vertex 0.0000 2.2000 0.0000
   vertex -0.1556 2.2000 -0.1556
   vertex 0.0000 2.2000 -0.2200
  endloop
 endfacet
 facet normal 0.00000 1.00000 0.00000
  outer loop
   vertex 0.0000 2.2800 0.0000
   vertex 0.0000 2.2800 -0.2200
   vertex -0.1556 2.2800 -0.1556
  endloop
 endfacet
 facet normal -0.92388 0.00000 -0.38268
  outer loop
   vertex -0.1556 2.2000 -0.1556
   vertex -0.2200 2.2000 -0.0000
   vertex -0.2200 2.2800 -0.0000
  endloop
 endfacet
 facet normal -0.92388 0.00000 -0.38268
  outer loop
   vertex -0.1556 2.2000 -0.1556
   vertex -0.2200 2.2800 -0.0000
   vertex -0.1556 2.2800 -0.1556
  endloop
 endfacet
 facet normal 0.00000 -1.00000 0.00000
  outer loop
   vertex 0.0000 2.2000 0.0000
   vertex -0.2200 2.2000 -0.0000
   vertex -0.1556 2.2000 -0.1556
  endloop
 endfacet
 facet normal 0.00000 1.00000 0.00000
  outer loop
   vertex 0.0000 2.2800 0.0000
   vertex -0.1556 2.2800 -0.1556
   vertex -0.2200 2.2800 -0.0000
  endloop
 endfacet
 facet normal -0.92388 0.00000 0.38268
  outer loop
   vertex -0.2200 2.2000 -0.0000
   vertex -0.1556 2.2000 0.1556
   vertex -0.1556 2.2800 0.1556
  endloop
 endfacet
 facet normal -0.92388 0.00000 0.38268
  outer loop
   vertex -0.2200 2.2000 -0.0000
   vertex -0.1556 2.2800 0.1556
   vertex -0.2200 2.2800 -0.0000
  endloop
 endfacet
 facet normal 0.00000 -1.00000 0.00000
  outer loop
   vertex 0.0000 2.2000 0.0000
   vertex -0.1556 2.2000 0.1556
   vertex -0.2200 2.2000 -0.0000
  endloop
 endfacet
 facet normal 0.00000 1.00000 0.00000
  outer loop
   vertex 0.0000 2.2800 0.0000
   vertex -0.2200 2.2800 -0.0000
   vertex -0.1556 2.2800 0.1556
  endloop
 endfacet
 facet normal -0.38268 0.00000 0.92388
  outer loop
   vertex -0.1556 2.2000 0.1556
   vertex -0.0000 2.2000 0.2200
   vertex -0.0000 2.2800 0.2200
  endloop
 endfacet
 facet normal -0.38268 0.00000 0.92388
  outer loop
   vertex -0.1556 2.2000 0.1556
   vertex -0.0000 2.2800 0.2200
   vertex -0.1556 2.2800 0.1556
  endloop
 endfacet
 facet normal 0.00000 -1.00000 0.00000
  outer loop
   vertex 0.0000 2.2000 0.0000
   vertex -0.0000 2.2000 0.2200
   vertex -0.1556 2.2000 0.1556
  endloop
 endfacet
 facet normal 0.00000 1.00000 0.00000
  outer loop
   vertex 0.0000 2.2800 0.0000
   vertex -0.1556 2.2800 0.1556
   vertex -0.0000 2.2800 0.2200
  endloop
 endfacet
 facet normal 0.38268 0.00000 0.92388
  outer loop
   vertex -0.0000 2.2000 0.2200
   vertex 0.1556 2.2000 0.1556
   vertex 0.1556 2.2800 0.1556
  endloop
 endfacet
 facet normal 0.38268 0.00000 0.92388
  outer loop
   vertex -0.0000 2.2000 0.2200
   vertex 0.1556 2.2800 0.1556
   vertex -0.0000 2.2800 0.2200
  endloop
 endfacet
 facet normal 0.00000 -1.00000 0.00000
  outer loop
   vertex 0.0000 2.2000 0.0000
   vertex 0.1556 2.2000 0.1556
   vertex -0.0000 2.2000 0.2200
  endloop
 endfacet
 facet normal 0.00000 1.00000 0.00000
  outer loop
   vertex 0.0000 2.2800 0.0000
   vertex -0.0000 2.2800 0.2200
   vertex 0.1556 2.2800 0.1556
  endloop
 endfacet
 facet normal 0.92388 0.00000 0.38268
  outer loop
   vertex 0.1556 2.2000 0.1556
   vertex 0.2200 2.2000 0.0000
   vertex 0.2200 2.2800 0.0000
  endloop
 endfacet
 facet normal 0.92388 0.00000 0.38268
  outer loop
   vertex 0.1556 2.2000 0.1556
   vertex 0.2200 2.2800 0.0000
   vertex 0.1556 2.2800 0.1556
  endloop
 endfacet
 facet normal 0.00000 -1.00000 0.00000
  outer loop
   vertex 0.0000 2.2000 0.0000
   vertex 0.2200 2.2000 0.0000
   vertex 0.1556 2.2000 0.1556
  endloop
 endfacet
 facet normal 0.00000 1.00000 0.00000
  outer loop
   vertex 0.0000 2.2800 0.0000
   vertex 0.1556 2.2800 0.1556
   vertex 0.2200 2.2800 0.0000
  endloop
 endfacet
 facet normal 0.92388 0.00000 -0.38268
  outer loop
   vertex 0.2200 2.2000 0.0000
   vertex 0.1556 2.2000 -0.1556
   vertex 0.1556 2.2800 -0.1556
  endloop
 endfacet
 facet normal 0.92388 0.00000 -0.38268
  outer loop
   vertex 0.2200 2.2000 0.0000
   vertex 0.1556 2.2800 -0.1556
   vertex 0.2200 2.2800 0.0000
  endloop
 endfacet
 facet normal 0.00000 -1.00000 0.00000
  outer loop
   vertex 0.0000 2.2000 0.0000
   vertex 0.1556 2.2000 -0.1556
   vertex 0.2200 2.2000 0.0000
  endloop
 endfacet
 facet normal 0.00000 1.00000 0.00000
  outer loop
   vertex 0.0000 2.2800 0.0000
   vertex 0.2200 2.2800 0.0000
   vertex 0.1556 2.2800 -0.1556
  endloop
 endfacet
 facet normal 0.38268 0.00000 -0.92388
  outer loop
   vertex 0.1556 2.2000 -0.1556
   vertex 0.0000 2.2000 -0.2200
   vertex 0.0000 2.2800 -0.2200
  endloop
 endfacet
 facet normal 0.38268 0.00000 -0.92388
  outer loop
   vertex 0.1556 2.2000 -0.1556
   vertex 0.0000 2.2800 -0.2200
   vertex 0.1556 2.2800 -0.1556
  endloop
 endfacet
 facet normal 0.00000 -1.00000 0.00000
  outer loop
   vertex 0.0000 2.2000 0.0000
   vertex 0.0000 2.2000 -0.2200
   vertex 0.1556 2.2000 -0.1556
  endloop
 endfacet
 facet normal 0.00000 1.00000 0.00000
  outer loop
   vertex 0.0000 2.2800 0.0000
   vertex 0.1556 2.2800 -0.1556
   vertex 0.0000 2.2800 -0.2200
  endloop
 endfacet
 facet normal 0.00000 0.00000 1.00000
  outer loop
   vertex -0.2100 2.1300 -0.1900
   vertex 0.2100 2.1300 -0.1900
   vertex 0.2100 2.1900 -0.1900
  endloop
 endfacet
 facet normal 0.00000 0.00000 1.00000
  outer loop
   vertex -0.2100 2.1300 -0.1900
   vertex 0.2100 2.1900 -0.1900
   vertex -0.2100 2.1900 -0.1900
  endloop
 endfacet
 facet normal 0.00000 0.00000 -1.00000
  outer loop
   vertex 0.2100 2.1300 0.1900
   vertex -0.2100 2.1300 0.1900
   vertex -0.2100 2.1900 0.1900
  endloop
 endfacet
 facet normal 0.00000 0.00000 -1.00000
  outer loop
   vertex 0.2100 2.1300 0.1900
   vertex -0.2100 2.1900 0.1900
   vertex 0.2100 2.1900 0.1900
  endloop
 endfacet
 facet normal 1.00000 0.00000 0.00000
  outer loop
   vertex -0.2100 2.1300 0.1900
   vertex -0.2100 2.1300 -0.1900
   vertex -0.2100 2.1900 -0.1900
  endloop
 endfacet
 facet normal 1.00000 0.00000 0.00000
  outer loop
   vertex -0.2100 2.1300 0.1900
   vertex -0.2100 2.1900 -0.1900
   vertex -0.2100 2.1900 0.1900
  endloop
 endfacet
 facet normal -1.00000 0.00000 0.00000
  outer loop
   vertex 0.2100 2.1300 -0.1900
   vertex 0.2100 2.1300 0.1900
   vertex 0.2100 2.1900 0.1900
  endloop
 endfacet
 facet normal -1.00000 0.00000 0.00000
  outer loop
   vertex 0.2100 2.1300 -0.1900
   vertex 0.2100 2.1900 0.1900
   vertex 0.2100 2.1900 -0.1900
  endloop
 endfacet
 facet normal 0.00000 -1.00000 0.00000
  outer loop
   vertex -0.2100 2.1900 -0.1900
   vertex 0.2100 2.1900 -0.1900
   vertex 0.2100 2.1900 0.1900
  endloop
 endfacet
 facet normal 0.00000 -1.00000 0.00000
  outer loop
   vertex -0.2100 2.1900 -0.1900
   vertex 0.2100 2.1900 0.1900
   vertex -0.2100 2.1900 0.1900
  endloop
 endfacet
 facet normal 0.00000 1.00000 0.00000
  outer loop
   vertex -0.2100 2.1300 0.1900
   vertex 0.2100 2.1300 0.1900
   vertex 0.2100 2.1300 -0.1900
  endloop
 endfacet
 facet normal 0.00000 1.00000 0.00000
  outer loop
   vertex -0.2100 2.1300 0.1900
   vertex 0.2100 2.1300 -0.1900
   vertex -0.2100 2.1300 -0.1900
  endloop
 endfacet
 facet normal -0.46542 -0.80613 -0.36544
  outer loop
   vertex -0.0800 2.0740 0.1900
   vertex -0.0506 2.0570 0.1900
   vertex -0.0653 2.0570 0.2087
  endloop
 endfacet
 facet normal 0.00000 -0.74083 -0.67169
  outer loop
   vertex -0.0800 2.0740 0.1900
   vertex -0.0653 2.0570 0.2087
   vertex -0.0947 2.0570 0.2087
  endloop
 endfacet
 facet normal 0.46542 -0.80613 -0.36544
  outer loop
   vertex -0.0800 2.0740 0.1900
   vertex -0.0947 2.0570 0.2087
   vertex -0.1094 2.0570 0.1900
  endloop
 endfacet
 facet normal 0.46542 -0.80613 0.36544
  outer loop
   vertex -0.0800 2.0740 0.1900
   vertex -0.1094 2.0570 0.1900
   vertex -0.0947 2.0570 0.1713
  endloop
 endfacet
 facet normal 0.00000 -0.74083 0.67169
  outer loop
   vertex -0.0800 2.0740 0.1900
   vertex -0.0947 2.0570 0.1713
   vertex -0.0653 2.0570 0.1713
  endloop
 endfacet
 facet normal -0.46542 -0.80613 0.36544
  outer loop
   vertex -0.0800 2.0740 0.1900
   vertex -0.0653 2.0570 0.1713
   vertex -0.0506 2.0570 0.1900
  endloop
 endfacet
 facet normal -0.78652 0.00000 -0.61757
  outer loop
   vertex -0.0506 2.0570 0.1900
   vertex -0.0506 2.0230 0.1900
   vertex -0.0653 2.0570 0.2087
  endloop
 endfacet
 facet normal -0.78652 0.00000 -0.61757
  outer loop
   vertex -0.0653 2.0570 0.2087
   vertex -0.0506 2.0230 0.1900
   vertex -0.0653 2.0230 0.2087
  endloop
 endfacet
 facet normal 0.00000 0.00000 -1.00000
  outer loop
   vertex -0.0653 2.0570 0.2087
   vertex -0.0653 2.0230 0.2087
   vertex -0.0947 2.0570 0.2087
  endloop
 endfacet
 facet normal 0.00000 0.00000 -1.00000
  outer loop
   vertex -0.0947 2.0570 0.2087
   vertex -0.0653 2.0230 0.2087
   vertex -0.0947 2.0230 0.2087
  endloop
 endfacet
 facet normal 0.78652 -0.00000 -0.61757
  outer loop
   vertex -0.0947 2.0570 0.2087
   vertex -0.0947 2.0230 0.2087
   vertex -0.1094 2.0570 0.1900
  endloop
 endfacet
 facet normal 0.78652 0.00000 -0.61757
  outer loop
   vertex -0.1094 2.0570 0.1900
   vertex -0.0947 2.0230 0.2087
   vertex -0.1094 2.0230 0.1900
  endloop
 endfacet
 facet normal 0.78652 0.00000 0.61757
  outer loop
   vertex -0.1094 2.0570 0.1900
   vertex -0.1094 2.0230 0.1900
   vertex -0.0947 2.0570 0.1713
  endloop
 endfacet
 facet normal 0.78652 0.00000 0.61757
  outer loop
   vertex -0.0947 2.0570 0.1713
   vertex -0.1094 2.0230 0.1900
   vertex -0.0947 2.0230 0.1713
  endloop
 endfacet
 facet normal 0.00000 0.00000 1.00000
  outer loop
   vertex -0.0947 2.0570 0.1713
   vertex -0.0947 2.0230 0.1713
   vertex -0.0653 2.0570 0.1713
  endloop
 endfacet
 facet normal 0.00000 0.00000 1.00000
  outer loop
   vertex -0.0653 2.0570 0.1713
   vertex -0.0947 2.0230 0.1713
   vertex -0.0653 2.0230 0.1713
  endloop
 endfacet
 facet normal -0.78652 0.00000 0.61757
  outer loop
   vertex -0.0653 2.0570 0.1713
   vertex -0.0653 2.0230 0.1713
   vertex -0.0506 2.0570 0.1900
  endloop
 endfacet
 facet normal -0.78652 0.00000 0.61757
  outer loop
   vertex -0.0506 2.0570 0.1900
   vertex -0.0653 2.0230 0.1713
   vertex -0.0506 2.0230 0.1900
  endloop
 endfacet
 facet normal -0.46542 0.80613 -0.36544
  outer loop
   vertex -0.0506 2.0230 0.1900
   vertex -0.0800 2.0060 0.1900
   vertex -0.0653 2.0230 0.2087
  endloop
 endfacet
 facet normal 0.00000 0.74083 -0.67169
  outer loop
   vertex -0.0653 2.0230 0.2087
   vertex -0.0800 2.0060 0.1900
   vertex -0.0947 2.0230 0.2087
  endloop
 endfacet
 facet normal 0.46542 0.80613 -0.36544
  outer loop
   vertex -0.0947 2.0230 0.2087
   vertex -0.0800 2.0060 0.1900
   vertex -0.1094 2.0230 0.1900
  endloop
 endfacet
 facet normal 0.46542 0.80613 0.36544
  outer loop
   vertex -0.1094 2.0230 0.1900
   vertex -0.0800 2.0060 0.1900
   vertex -0.0947 2.0230 0.1713
  endloop
 endfacet
 facet normal 0.00000 0.74083 0.67169
  outer loop
   vertex -0.0947 2.0230 0.1713
   vertex -0.0800 2.0060 0.1900
   vertex -0.0653 2.0230 0.1713
  endloop
 endfacet
 facet normal -0.46542 0.80613 0.36544
  outer loop
   vertex -0.0653 2.0230 0.1713
   vertex -0.0800 2.0060 0.1900
   vertex -0.0506 2.0230 0.1900
  endloop
 endfacet
 facet normal -0.46542 -0.80613 -0.36544
  outer loop
   vertex 0.0800 2.0740 0.1900
   vertex 0.1094 2.0570 0.1900
   vertex 0.0947 2.0570 0.2087
  endloop
 endfacet
 facet normal 0.00000 -0.74083 -0.67169
  outer loop
   vertex 0.0800 2.0740 0.1900
   vertex 0.0947 2.0570 0.2087
   vertex 0.0653 2.0570 0.2087
  endloop
 endfacet
 facet normal 0.46542 -0.80613 -0.36544
  outer loop
   vertex 0.0800 2.0740 0.1900
   vertex 0.0653 2.0570 0.2087
   vertex 0.0506 2.0570 0.1900
  endloop
 endfacet
 facet normal 0.46542 -0.80613 0.36544
  outer loop
   vertex 0.0800 2.0740 0.1900
   vertex 0.0506 2.0570 0.1900
   vertex 0.0653 2.0570 0.1713
  endloop
 endfacet
 facet normal 0.00000 -0.74083 0.67169
  outer loop
   vertex 0.0800 2.0740 0.1900
   vertex 0.0653 2.0570 0.1713
   vertex 0.0947 2.0570 0.1713
  endloop
 endfacet
 facet normal -0.46542 -0.80613 0.36544
  outer loop
   vertex 0.0800 2.0740 0.1900
   vertex 0.0947 2.0570 0.1713
   vertex 0.1094 2.0570 0.1900
  endloop
 endfacet
 facet normal -0.78652 0.00000 -0.61757
  outer loop
   vertex 0.1094 2.0570 0.1900
   vertex 0.1094 2.0230 0.1900
   vertex 0.0947 2.0570 0.2087
  endloop
 endfacet
 facet normal -0.78652 0.00000 -0.61757
  outer loop
   vertex 0.0947 2.0570 0.2087
   vertex 0.1094 2.0230 0.1900
   vertex 0.0947 2.0230 0.2087
  endloop
 endfacet
 facet normal 0.00000 0.00000 -1.00000
  outer loop
   vertex 0.0947 2.0570 0.2087
   vertex 0.0947 2.0230 0.2087
   vertex 0.0653 2.0570 0.2087
  endloop
 endfacet
 facet normal 0.00000 0.00000 -1.00000
  outer loop
   vertex 0.0653 2.0570 0.2087
   vertex 0.0947 2.0230 0.2087
   vertex 0.0653 2.0230 0.2087
  endloop
 endfacet
 facet normal 0.78652 -0.00000 -0.61757
  outer loop
   vertex 0.0653 2.0570 0.2087
   vertex 0.0653 2.0230 0.2087
   vertex 0.0506 2.0570 0.1900
  endloop
 endfacet
 facet normal 0.78652 0.00000 -0.61757
  outer loop
   vertex 0.0506 2.0570 0.1900
   vertex 0.0653 2.0230 0.2087
   vertex 0.0506 2.0230 0.1900
  endloop
 endfacet
 facet normal 0.78652 0.00000 0.61757
  outer loop
   vertex 0.0506 2.0570 0.1900
   vertex 0.0506 2.0230 0.1900
   vertex 0.0653 2.0570 0.1713
  endloop
 endfacet
 facet normal 0.78652 0.00000 0.61757
  outer loop
   vertex 0.0653 2.0570 0.1713
   vertex 0.0506 2.0230 0.1900
   vertex 0.0653 2.0230 0.1713
  endloop
 endfacet
 facet normal 0.00000 0.00000 1.00000
  outer loop
   vertex 0.0653 2.0570 0.1713
   vertex 0.0653 2.0230 0.1713
   vertex 0.0947 2.0570 0.1713
  endloop
 endfacet
 facet normal 0.00000 0.00000 1.00000
  outer loop
   vertex 0.0947 2.0570 0.1713
   vertex 0.0653 2.0230 0.1713
   vertex 0.0947 2.0230 0.1713
  endloop
 endfacet
 facet normal -0.78652 0.00000 0.61757
  outer loop
   vertex 0.0947 2.0570 0.1713
   vertex 0.0947 2.0230 0.1713
   vertex 0.1094 2.0570 0.1900
  endloop
 endfacet
 facet normal -0.78652 0.00000 0.61757
  outer loop
   vertex 0.1094 2.0570 0.1900
   vertex 0.0947 2.0230 0.1713
   vertex 0.1094 2.0230 0.1900
  endloop
 endfacet
 facet normal -0.46542 0.80613 -0.36544
  outer loop
   vertex 0.1094 2.0230 0.1900
   vertex 0.0800 2.0060 0.1900
   vertex 0.0947 2.0230 0.2087
  endloop
 endfacet
 facet normal 0.00000 0.74083 -0.67169
  outer loop
   vertex 0.0947 2.0230 0.2087
   vertex 0.0800 2.0060 0.1900
   vertex 0.0653 2.0230 0.2087
  endloop
 endfacet
 facet normal 0.46542 0.80613 -0.36544
  outer loop
   vertex 0.0653 2.0230 0.2087
   vertex 0.0800 2.0060 0.1900
   vertex 0.0506 2.0230 0.1900
  endloop
 endfacet
 facet normal 0.46542 0.80613 0.36544
  outer loop
   vertex 0.0506 2.0230 0.1900
   vertex 0.0800 2.0060 0.1900
   vertex 0.0653 2.0230 0.1713
  endloop
 endfacet
 facet normal 0.00000 0.74083 0.67169
  outer loop
   vertex 0.0653 2.0230 0.1713
   vertex 0.0800 2.0060 0.1900
   vertex 0.0947 2.0230 0.1713
  endloop
 endfacet
 facet normal -0.46542 0.80613 0.36544
  outer loop
   vertex 0.0947 2.0230 0.1713
   vertex 0.0800 2.0060 0.1900
   vertex 0.1094 2.0230 0.1900
  endloop
 endfacet
 facet normal 0.00000 0.00000 1.00000
  outer loop
   vertex -0.1700 1.0750 0.1550
   vertex 0.1700 1.0750 0.1550
   vertex 0.1700 1.6850 0.1550
  endloop
 endfacet
 facet normal 0.00000 0.00000 1.00000
  outer loop
   vertex -0.1700 1.0750 0.1550
   vertex 0.1700 1.6850 0.1550
   vertex -0.1700 1.6850 0.1550
  endloop
 endfacet
 facet normal 0.00000 0.00000 -1.00000
  outer loop
   vertex 0.1700 1.0750 0.2250
   vertex -0.1700 1.0750 0.2250
   vertex -0.1700 1.6850 0.2250
  endloop
 endfacet
 facet normal 0.00000 0.00000 -1.00000
  outer loop
   vertex 0.1700 1.0750 0.2250
   vertex -0.1700 1.6850 0.2250
   vertex 0.1700 1.6850 0.2250
  endloop
 endfacet
 facet normal 1.00000 0.00000 0.00000
  outer loop
   vertex -0.1700 1.0750 0.2250
   vertex -0.1700 1.0750 0.1550
   vertex -0.1700 1.6850 0.1550
  endloop
 endfacet
 facet normal 1.00000 0.00000 0.00000
  outer loop
   vertex -0.1700 1.0750 0.2250
   vertex -0.1700 1.6850 0.1550
   vertex -0.1700 1.6850 0.2250
  endloop
 endfacet
 facet normal -1.00000 0.00000 0.00000
  outer loop
   vertex 0.1700 1.0750 0.1550
   vertex 0.1700 1.0750 0.2250
   vertex 0.1700 1.6850 0.2250
  endloop
 endfacet
 facet normal -1.00000 0.00000 0.00000
  outer loop
   vertex 0.1700 1.0750 0.1550
   vertex 0.1700 1.6850 0.2250
   vertex 0.1700 1.6850 0.1550
  endloop
 endfacet
 facet normal 0.00000 -1.00000 0.00000
  outer loop
   vertex -0.1700 1.6850 0.1550
   vertex 0.1700 1.6850 0.1550
   vertex 0.1700 1.6850 0.2250
  endloop
 endfacet
 facet normal 0.00000 -1.00000 0.00000
  outer loop
   vertex -0.1700 1.6850 0.1550
   vertex 0.1700 1.6850 0.2250
   vertex -0.1700 1.6850 0.2250
  endloop
 endfacet
 facet normal 0.00000 1.00000 0.00000
  outer loop
   vertex -0.1700 1.0750 0.2250
   vertex 0.1700 1.0750 0.2250
   vertex 0.1700 1.0750 0.1550
  endloop
 endfacet
 facet normal 0.00000 1.00000 0.00000
  outer loop
   vertex -0.1700 1.0750 0.2250
   vertex 0.1700 1.0750 0.1550
   vertex -0.1700 1.0750 0.1550
  endloop
 endfacet
 facet normal 0.00000 0.00000 1.00000
  outer loop
   vertex -0.0500 1.6400 0.2050
   vertex 0.0500 1.6400 0.2050
   vertex 0.0500 1.7200 0.2050
  endloop
 endfacet
 facet normal 0.00000 0.00000 1.00000
  outer loop
   vertex -0.0500 1.6400 0.2050
   vertex 0.0500 1.7200 0.2050
   vertex -0.0500 1.7200 0.2050
  endloop
 endfacet
 facet normal 0.00000 0.00000 -1.00000
  outer loop
   vertex 0.0500 1.6400 0.2550
   vertex -0.0500 1.6400 0.2550
   vertex -0.0500 1.7200 0.2550
  endloop
 endfacet
 facet normal 0.00000 0.00000 -1.00000
  outer loop
   vertex 0.0500 1.6400 0.2550
   vertex -0.0500 1.7200 0.2550
   vertex 0.0500 1.7200 0.2550
  endloop
 endfacet
 facet normal 1.00000 0.00000 0.00000
  outer loop
   vertex -0.0500 1.6400 0.2550
   vertex -0.0500 1.6400 0.2050
   vertex -0.0500 1.7200 0.2050
  endloop
 endfacet
 facet normal 1.00000 0.00000 0.00000
  outer loop
   vertex -0.0500 1.6400 0.2550
   vertex -0.0500 1.7200 0.2050
   vertex -0.0500 1.7200 0.2550
  endloop
 endfacet
 facet normal -1.00000 0.00000 0.00000
  outer loop
   vertex 0.0500 1.6400 0.2050
   vertex 0.0500 1.6400 0.2550
   vertex 0.0500 1.7200 0.2550
  endloop
 endfacet
 facet normal -1.00000 0.00000 0.00000
  outer loop
   vertex 0.0500 1.6400 0.2050
   vertex 0.0500 1.7200 0.2550
   vertex 0.0500 1.7200 0.2050
  endloop
 endfacet
 facet normal 0.00000 -1.00000 0.00000
  outer loop
   vertex -0.0500 1.7200 0.2050
   vertex 0.0500 1.7200 0.2050
   vertex 0.0500 1.7200 0.2550
  endloop
 endfacet
 facet normal 0.00000 -1.00000 0.00000
  outer loop
   vertex -0.0500 1.7200 0.2050
   vertex 0.0500 1.7200 0.2550
   vertex -0.0500 1.7200 0.2550
  endloop
 endfacet
 facet normal 0.00000 1.00000 0.00000
  outer loop
   vertex -0.0500 1.6400 0.2550
   vertex 0.0500 1.6400 0.2550
   vertex 0.0500 1.6400 0.2050
  endloop
 endfacet
 facet normal 0.00000 1.00000 0.00000
  outer loop
   vertex -0.0500 1.6400 0.2550
   vertex 0.0500 1.6400 0.2050
   vertex -0.0500 1.6400 0.2050
  endloop
 endfacet
endsolid zombi_cientifico
