solid arsenal
 facet normal 0.00000 0.00000 1.00000
  outer loop
   vertex -6.0000 -0.3000 -4.5000
   vertex 6.0000 -0.3000 -4.5000
   vertex 6.0000 0.0000 -4.5000
  endloop
 endfacet
 facet normal 0.00000 0.00000 1.00000
  outer loop
   vertex -6.0000 -0.3000 -4.5000
   vertex 6.0000 0.0000 -4.5000
   vertex -6.0000 0.0000 -4.5000
  endloop
 endfacet
 facet normal 0.00000 0.00000 -1.00000
  outer loop
   vertex 6.0000 -0.3000 4.5000
   vertex -6.0000 -0.3000 4.5000
   vertex -6.0000 0.0000 4.5000
  endloop
 endfacet
 facet normal 0.00000 0.00000 -1.00000
  outer loop
   vertex 6.0000 -0.3000 4.5000
   vertex -6.0000 0.0000 4.5000
   vertex 6.0000 0.0000 4.5000
  endloop
 endfacet
 facet normal 1.00000 0.00000 0.00000
  outer loop
   vertex -6.0000 -0.3000 4.5000
   vertex -6.0000 -0.3000 -4.5000
   vertex -6.0000 0.0000 -4.5000
  endloop
 endfacet
 facet normal 1.00000 0.00000 0.00000
  outer loop
   vertex -6.0000 -0.3000 4.5000
   vertex -6.0000 0.0000 -4.5000
   vertex -6.0000 0.0000 4.5000
  endloop
 endfacet
 facet normal -1.00000 0.00000 0.00000
  outer loop
   vertex 6.0000 -0.3000 -4.5000
   vertex 6.0000 -0.3000 4.5000
   vertex 6.0000 0.0000 4.5000
  endloop
 endfacet
 facet normal -1.00000 0.00000 0.00000
  outer loop
   vertex 6.0000 -0.3000 -4.5000
   vertex 6.0000 0.0000 4.5000
   vertex 6.0000 0.0000 -4.5000
  endloop
 endfacet
 facet normal 0.00000 -1.00000 0.00000
  outer loop
   vertex -6.0000 0.0000 -4.5000
   vertex 6.0000 0.0000 -4.5000
   vertex 6.0000 0.0000 4.5000
  endloop
 endfacet
 facet normal 0.00000 -1.00000 0.00000
  outer loop
   vertex -6.0000 0.0000 -4.5000
   vertex 6.0000 0.0000 4.5000
   vertex -6.0000 0.0000 4.5000
  endloop
 endfacet
 facet normal 0.00000 1.00000 0.00000
  outer loop
   vertex -6.0000 -0.3000 4.5000
   vertex 6.0000 -0.3000 4.5000
   vertex 6.0000 -0.3000 -4.5000
  endloop
 endfacet
 facet normal 0.00000 1.00000 0.00000
  outer loop
   vertex -6.0000 -0.3000 4.5000
   vertex 6.0000 -0.3000 -4.5000
   vertex -6.0000 -0.3000 -4.5000
  endloop
 endfacet
 facet normal 0.00000 0.00000 1.00000
  outer loop
   vertex -6.0000 0.0000 -4.4500
   vertex 6.0000 0.0000 -4.4500
   vertex 6.0000 6.0000 -4.4500
  endloop
 endfacet
 facet normal 0.00000 0.00000 1.00000
  outer loop
   vertex -6.0000 0.0000 -4.4500
   vertex 6.0000 6.0000 -4.4500
   vertex -6.0000 6.0000 -4.4500
  endloop
 endfacet
 facet normal 0.00000 0.00000 -1.00000
  outer loop
   vertex 6.0000 0.0000 -4.1500
   vertex -6.0000 0.0000 -4.1500
   vertex -6.0000 6.0000 -4.1500
  endloop
 endfacet
 facet normal 0.00000 0.00000 -1.00000
  outer loop
   vertex 6.0000 0.0000 -4.1500
   vertex -6.0000 6.0000 -4.1500
   vertex 6.0000 6.0000 -4.1500
  endloop
 endfacet
 facet normal 1.00000 0.00000 0.00000
  outer loop
   vertex -6.0000 0.0000 -4.1500
   vertex -6.0000 0.0000 -4.4500
   vertex -6.0000 6.0000 -4.4500
  endloop
 endfacet
 facet normal 1.00000 0.00000 0.00000
  outer loop
   vertex -6.0000 0.0000 -4.1500
   vertex -6.0000 6.0000 -4.4500
   vertex -6.0000 6.0000 -4.1500
  endloop
 endfacet
 facet normal -1.00000 0.00000 0.00000
  outer loop
   vertex 6.0000 0.0000 -4.4500
   vertex 6.0000 0.0000 -4.1500
   vertex 6.0000 6.0000 -4.1500
  endloop
 endfacet
 facet normal -1.00000 0.00000 0.00000
  outer loop
   vertex 6.0000 0.0000 -4.4500
   vertex 6.0000 6.0000 -4.1500
   vertex 6.0000 6.0000 -4.4500
  endloop
 endfacet
 facet normal 0.00000 -1.00000 0.00000
  outer loop
   vertex -6.0000 6.0000 -4.4500
   vertex 6.0000 6.0000 -4.4500
   vertex 6.0000 6.0000 -4.1500
  endloop
 endfacet
 facet normal 0.00000 -1.00000 0.00000
  outer loop
   vertex -6.0000 6.0000 -4.4500
   vertex 6.0000 6.0000 -4.1500
   vertex -6.0000 6.0000 -4.1500
  endloop
 endfacet
 facet normal 0.00000 1.00000 0.00000
  outer loop
   vertex -6.0000 0.0000 -4.1500
   vertex 6.0000 0.0000 -4.1500
   vertex 6.0000 0.0000 -4.4500
  endloop
 endfacet
 facet normal 0.00000 1.00000 0.00000
  outer loop
   vertex -6.0000 0.0000 -4.1500
   vertex 6.0000 0.0000 -4.4500
   vertex -6.0000 0.0000 -4.4500
  endloop
 endfacet
 facet normal 0.00000 0.00000 1.00000
  outer loop
   vertex -5.9500 0.0000 -4.5000
   vertex -5.6500 0.0000 -4.5000
   vertex -5.6500 6.0000 -4.5000
  endloop
 endfacet
 facet normal 0.00000 0.00000 1.00000
  outer loop
   vertex -5.9500 0.0000 -4.5000
   vertex -5.6500 6.0000 -4.5000
   vertex -5.9500 6.0000 -4.5000
  endloop
 endfacet
 facet normal 0.00000 0.00000 -1.00000
  outer loop
   vertex -5.6500 0.0000 4.5000
   vertex -5.9500 0.0000 4.5000
   vertex -5.9500 6.0000 4.5000
  endloop
 endfacet
 facet normal 0.00000 0.00000 -1.00000
  outer loop
   vertex -5.6500 0.0000 4.5000
   vertex -5.9500 6.0000 4.5000
   vertex -5.6500 6.0000 4.5000
  endloop
 endfacet
 facet normal 1.00000 0.00000 0.00000
  outer loop
   vertex -5.9500 0.0000 4.5000
   vertex -5.9500 0.0000 -4.5000
   vertex -5.9500 6.0000 -4.5000
  endloop
 endfacet
 facet normal 1.00000 0.00000 0.00000
  outer loop
   vertex -5.9500 0.0000 4.5000
   vertex -5.9500 6.0000 -4.5000
   vertex -5.9500 6.0000 4.5000
  endloop
 endfacet
 facet normal -1.00000 0.00000 0.00000
  outer loop
   vertex -5.6500 0.0000 -4.5000
   vertex -5.6500 0.0000 4.5000
   vertex -5.6500 6.0000 4.5000
  endloop
 endfacet
 facet normal -1.00000 0.00000 0.00000
  outer loop
   vertex -5.6500 0.0000 -4.5000
   vertex -5.6500 6.0000 4.5000
   vertex -5.6500 6.0000 -4.5000
  endloop
 endfacet
 facet normal 0.00000 -1.00000 0.00000
  outer loop
   vertex -5.9500 6.0000 -4.5000
   vertex -5.6500 6.0000 -4.5000
   vertex -5.6500 6.0000 4.5000
  endloop
 endfacet
 facet normal 0.00000 -1.00000 0.00000
  outer loop
   vertex -5.9500 6.0000 -4.5000
   vertex -5.6500 6.0000 4.5000
   vertex -5.9500 6.0000 4.5000
  endloop
 endfacet
 facet normal 0.00000 1.00000 0.00000
  outer loop
   vertex -5.9500 0.0000 4.5000
   vertex -5.6500 0.0000 4.5000
   vertex -5.6500 0.0000 -4.5000
  endloop
 endfacet
 facet normal 0.00000 1.00000 0.00000
  outer loop
   vertex -5.9500 0.0000 4.5000
   vertex -5.6500 0.0000 -4.5000
   vertex -5.9500 0.0000 -4.5000
  endloop
 endfacet
 facet normal 0.00000 0.00000 1.00000
  outer loop
   vertex 5.6500 0.0000 -4.5000
   vertex 5.9500 0.0000 -4.5000
   vertex 5.9500 6.0000 -4.5000
  endloop
 endfacet
 facet normal 0.00000 0.00000 1.00000
  outer loop
   vertex 5.6500 0.0000 -4.5000
   vertex 5.9500 6.0000 -4.5000
   vertex 5.6500 6.0000 -4.5000
  endloop
 endfacet
 facet normal 0.00000 0.00000 -1.00000
  outer loop
   vertex 5.9500 0.0000 4.5000
   vertex 5.6500 0.0000 4.5000
   vertex 5.6500 6.0000 4.5000
  endloop
 endfacet
 facet normal 0.00000 0.00000 -1.00000
  outer loop
   vertex 5.9500 0.0000 4.5000
   vertex 5.6500 6.0000 4.5000
   vertex 5.9500 6.0000 4.5000
  endloop
 endfacet
 facet normal 1.00000 0.00000 0.00000
  outer loop
   vertex 5.6500 0.0000 4.5000
   vertex 5.6500 0.0000 -4.5000
   vertex 5.6500 6.0000 -4.5000
  endloop
 endfacet
 facet normal 1.00000 0.00000 0.00000
  outer loop
   vertex 5.6500 0.0000 4.5000
   vertex 5.6500 6.0000 -4.5000
   vertex 5.6500 6.0000 4.5000
  endloop
 endfacet
 facet normal -1.00000 0.00000 0.00000
  outer loop
   vertex 5.9500 0.0000 -4.5000
   vertex 5.9500 0.0000 4.5000
   vertex 5.9500 6.0000 4.5000
  endloop
 endfacet
 facet normal -1.00000 0.00000 0.00000
  outer loop
   vertex 5.9500 0.0000 -4.5000
   vertex 5.9500 6.0000 4.5000
   vertex 5.9500 6.0000 -4.5000
  endloop
 endfacet
 facet normal 0.00000 -1.00000 0.00000
  outer loop
   vertex 5.6500 6.0000 -4.5000
   vertex 5.9500 6.0000 -4.5000
   vertex 5.9500 6.0000 4.5000
  endloop
 endfacet
 facet normal 0.00000 -1.00000 0.00000
  outer loop
   vertex 5.6500 6.0000 -4.5000
   vertex 5.9500 6.0000 4.5000
   vertex 5.6500 6.0000 4.5000
  endloop
 endfacet
 facet normal 0.00000 1.00000 0.00000
  outer loop
   vertex 5.6500 0.0000 4.5000
   vertex 5.9500 0.0000 4.5000
   vertex 5.9500 0.0000 -4.5000
  endloop
 endfacet
 facet normal 0.00000 1.00000 0.00000
  outer loop
   vertex 5.6500 0.0000 4.5000
   vertex 5.9500 0.0000 -4.5000
   vertex 5.6500 0.0000 -4.5000
  endloop
 endfacet
 facet normal 0.00000 0.00000 1.00000
  outer loop
   vertex -5.2500 0.0000 -3.8750
   vertex -3.1500 0.0000 -3.8750
   vertex -3.1500 3.0000 -3.8750
  endloop
 endfacet
 facet normal 0.00000 0.00000 1.00000
  outer loop
   vertex -5.2500 0.0000 -3.8750
   vertex -3.1500 3.0000 -3.8750
   vertex -5.2500 3.0000 -3.8750
  endloop
 endfacet
 facet normal 0.00000 0.00000 -1.00000
  outer loop
   vertex -3.1500 0.0000 -3.5250
   vertex -5.2500 0.0000 -3.5250
   vertex -5.2500 3.0000 -3.5250
  endloop
 endfacet
 facet normal 0.00000 0.00000 -1.00000
  outer loop
   vertex -3.1500 0.0000 -3.5250
   vertex -5.2500 3.0000 -3.5250
   vertex -3.1500 3.0000 -3.5250
  endloop
 endfacet
 facet normal 1.00000 0.00000 0.00000
  outer loop
   vertex -5.2500 0.0000 -3.5250
   vertex -5.2500 0.0000 -3.8750
   vertex -5.2500 3.0000 -3.8750
  endloop
 endfacet
 facet normal 1.00000 0.00000 0.00000
  outer loop
   vertex -5.2500 0.0000 -3.5250
   vertex -5.2500 3.0000 -3.8750
   vertex -5.2500 3.0000 -3.5250
  endloop
 endfacet
 facet normal -1.00000 0.00000 0.00000
  outer loop
   vertex -3.1500 0.0000 -3.8750
   vertex -3.1500 0.0000 -3.5250
   vertex -3.1500 3.0000 -3.5250
  endloop
 endfacet
 facet normal -1.00000 0.00000 0.00000
  outer loop
   vertex -3.1500 0.0000 -3.8750
   vertex -3.1500 3.0000 -3.5250
   vertex -3.1500 3.0000 -3.8750
  endloop
 endfacet
 facet normal 0.00000 -1.00000 0.00000
  outer loop
   vertex -5.2500 3.0000 -3.8750
   vertex -3.1500 3.0000 -3.8750
   vertex -3.1500 3.0000 -3.5250
  endloop
 endfacet
 facet normal 0.00000 -1.00000 0.00000
  outer loop
   vertex -5.2500 3.0000 -3.8750
   vertex -3.1500 3.0000 -3.5250
   vertex -5.2500 3.0000 -3.5250
  endloop
 endfacet
 facet normal 0.00000 1.00000 0.00000
  outer loop
   vertex -5.2500 0.0000 -3.5250
   vertex -3.1500 0.0000 -3.5250
   vertex -3.1500 0.0000 -3.8750
  endloop
 endfacet
 facet normal 0.00000 1.00000 0.00000
  outer loop
   vertex -5.2500 0.0000 -3.5250
   vertex -3.1500 0.0000 -3.8750
   vertex -5.2500 0.0000 -3.8750
  endloop
 endfacet
 facet normal 0.00000 0.00000 1.00000
  outer loop
   vertex -5.1500 0.5100 -3.5100
   vertex -3.2500 0.5100 -3.5100
   vertex -3.2500 0.5900 -3.5100
  endloop
 endfacet
 facet normal 0.00000 0.00000 1.00000
  outer loop
   vertex -5.1500 0.5100 -3.5100
   vertex -3.2500 0.5900 -3.5100
   vertex -5.1500 0.5900 -3.5100
  endloop
 endfacet
 facet normal 0.00000 0.00000 -1.00000
  outer loop
   vertex -3.2500 0.5100 -3.3300
   vertex -5.1500 0.5100 -3.3300
   vertex -5.1500 0.5900 -3.3300
  endloop
 endfacet
 facet normal 0.00000 0.00000 -1.00000
  outer loop
   vertex -3.2500 0.5100 -3.3300
   vertex -5.1500 0.5900 -3.3300
   vertex -3.2500 0.5900 -3.3300
  endloop
 endfacet
 facet normal 1.00000 0.00000 0.00000
  outer loop
   vertex -5.1500 0.5100 -3.3300
   vertex -5.1500 0.5100 -3.5100
   vertex -5.1500 0.5900 -3.5100
  endloop
 endfacet
 facet normal 1.00000 0.00000 0.00000
  outer loop
   vertex -5.1500 0.5100 -3.3300
   vertex -5.1500 0.5900 -3.5100
   vertex -5.1500 0.5900 -3.3300
  endloop
 endfacet
 facet normal -1.00000 0.00000 0.00000
  outer loop
   vertex -3.2500 0.5100 -3.5100
   vertex -3.2500 0.5100 -3.3300
   vertex -3.2500 0.5900 -3.3300
  endloop
 endfacet
 facet normal -1.00000 0.00000 0.00000
  outer loop
   vertex -3.2500 0.5100 -3.5100
   vertex -3.2500 0.5900 -3.3300
   vertex -3.2500 0.5900 -3.5100
  endloop
 endfacet
 facet normal 0.00000 -1.00000 0.00000
  outer loop
   vertex -5.1500 0.5900 -3.5100
   vertex -3.2500 0.5900 -3.5100
   vertex -3.2500 0.5900 -3.3300
  endloop
 endfacet
 facet normal 0.00000 -1.00000 0.00000
  outer loop
   vertex -5.1500 0.5900 -3.5100
   vertex -3.2500 0.5900 -3.3300
   vertex -5.1500 0.5900 -3.3300
  endloop
 endfacet
 facet normal 0.00000 1.00000 0.00000
  outer loop
   vertex -5.1500 0.5100 -3.3300
   vertex -3.2500 0.5100 -3.3300
   vertex -3.2500 0.5100 -3.5100
  endloop
 endfacet
 facet normal 0.00000 1.00000 0.00000
  outer loop
   vertex -5.1500 0.5100 -3.3300
   vertex -3.2500 0.5100 -3.5100
   vertex -5.1500 0.5100 -3.5100
  endloop
 endfacet
 facet normal 0.00000 0.00000 1.00000
  outer loop
   vertex -5.1500 1.2100 -3.5100
   vertex -3.2500 1.2100 -3.5100
   vertex -3.2500 1.2900 -3.5100
  endloop
 endfacet
 facet normal 0.00000 0.00000 1.00000
  outer loop
   vertex -5.1500 1.2100 -3.5100
   vertex -3.2500 1.2900 -3.5100
   vertex -5.1500 1.2900 -3.5100
  endloop
 endfacet
 facet normal 0.00000 0.00000 -1.00000
  outer loop
   vertex -3.2500 1.2100 -3.3300
   vertex -5.1500 1.2100 -3.3300
   vertex -5.1500 1.2900 -3.3300
  endloop
 endfacet
 facet normal 0.00000 0.00000 -1.00000
  outer loop
   vertex -3.2500 1.2100 -3.3300
   vertex -5.1500 1.2900 -3.3300
   vertex -3.2500 1.2900 -3.3300
  endloop
 endfacet
 facet normal 1.00000 0.00000 0.00000
  outer loop
   vertex -5.1500 1.2100 -3.3300
   vertex -5.1500 1.2100 -3.5100
   vertex -5.1500 1.2900 -3.5100
  endloop
 endfacet
 facet normal 1.00000 0.00000 0.00000
  outer loop
   vertex -5.1500 1.2100 -3.3300
   vertex -5.1500 1.2900 -3.5100
   vertex -5.1500 1.2900 -3.3300
  endloop
 endfacet
 facet normal -1.00000 0.00000 0.00000
  outer loop
   vertex -3.2500 1.2100 -3.5100
   vertex -3.2500 1.2100 -3.3300
   vertex -3.2500 1.2900 -3.3300
  endloop
 endfacet
 facet normal -1.00000 0.00000 0.00000
  outer loop
   vertex -3.2500 1.2100 -3.5100
   vertex -3.2500 1.2900 -3.3300
   vertex -3.2500 1.2900 -3.5100
  endloop
 endfacet
 facet normal 0.00000 -1.00000 0.00000
  outer loop
   vertex -5.1500 1.2900 -3.5100
   vertex -3.2500 1.2900 -3.5100
   vertex -3.2500 1.2900 -3.3300
  endloop
 endfacet
 facet normal 0.00000 -1.00000 0.00000
  outer loop
   vertex -5.1500 1.2900 -3.5100
   vertex -3.2500 1.2900 -3.3300
   vertex -5.1500 1.2900 -3.3300
  endloop
 endfacet
 facet normal 0.00000 1.00000 0.00000
  outer loop
   vertex -5.1500 1.2100 -3.3300
   vertex -3.2500 1.2100 -3.3300
   vertex -3.2500 1.2100 -3.5100
  endloop
 endfacet
 facet normal 0.00000 1.00000 0.00000
  outer loop
   vertex -5.1500 1.2100 -3.3300
   vertex -3.2500 1.2100 -3.5100
   vertex -5.1500 1.2100 -3.5100
  endloop
 endfacet
 facet normal 0.00000 0.00000 1.00000
  outer loop
   vertex -5.1500 1.9100 -3.5100
   vertex -3.2500 1.9100 -3.5100
   vertex -3.2500 1.9900 -3.5100
  endloop
 endfacet
 facet normal 0.00000 0.00000 1.00000
  outer loop
   vertex -5.1500 1.9100 -3.5100
   vertex -3.2500 1.9900 -3.5100
   vertex -5.1500 1.9900 -3.5100
  endloop
 endfacet
 facet normal 0.00000 0.00000 -1.00000
  outer loop
   vertex -3.2500 1.9100 -3.3300
   vertex -5.1500 1.9100 -3.3300
   vertex -5.1500 1.9900 -3.3300
  endloop
 endfacet
 facet normal 0.00000 0.00000 -1.00000
  outer loop
   vertex -3.2500 1.9100 -3.3300
   vertex -5.1500 1.9900 -3.3300
   vertex -3.2500 1.9900 -3.3300
  endloop
 endfacet
 facet normal 1.00000 0.00000 0.00000
  outer loop
   vertex -5.1500 1.9100 -3.3300
   vertex -5.1500 1.9100 -3.5100
   vertex -5.1500 1.9900 -3.5100
  endloop
 endfacet
 facet normal 1.00000 0.00000 0.00000
  outer loop
   vertex -5.1500 1.9100 -3.3300
   vertex -5.1500 1.9900 -3.5100
   vertex -5.1500 1.9900 -3.3300
  endloop
 endfacet
 facet normal -1.00000 0.00000 0.00000
  outer loop
   vertex -3.2500 1.9100 -3.5100
   vertex -3.2500 1.9100 -3.3300
   vertex -3.2500 1.9900 -3.3300
  endloop
 endfacet
 facet normal -1.00000 0.00000 0.00000
  outer loop
   vertex -3.2500 1.9100 -3.5100
   vertex -3.2500 1.9900 -3.3300
   vertex -3.2500 1.9900 -3.5100
  endloop
 endfacet
 facet normal 0.00000 -1.00000 0.00000
  outer loop
   vertex -5.1500 1.9900 -3.5100
   vertex -3.2500 1.9900 -3.5100
   vertex -3.2500 1.9900 -3.3300
  endloop
 endfacet
 facet normal 0.00000 -1.00000 0.00000
  outer loop
   vertex -5.1500 1.9900 -3.5100
   vertex -3.2500 1.9900 -3.3300
   vertex -5.1500 1.9900 -3.3300
  endloop
 endfacet
 facet normal 0.00000 1.00000 0.00000
  outer loop
   vertex -5.1500 1.9100 -3.3300
   vertex -3.2500 1.9100 -3.3300
   vertex -3.2500 1.9100 -3.5100
  endloop
 endfacet
 facet normal 0.00000 1.00000 0.00000
  outer loop
   vertex -5.1500 1.9100 -3.3300
   vertex -3.2500 1.9100 -3.5100
   vertex -5.1500 1.9100 -3.5100
  endloop
 endfacet
 facet normal 0.00000 0.00000 1.00000
  outer loop
   vertex -5.1500 2.6100 -3.5100
   vertex -3.2500 2.6100 -3.5100
   vertex -3.2500 2.6900 -3.5100
  endloop
 endfacet
 facet normal 0.00000 0.00000 1.00000
  outer loop
   vertex -5.1500 2.6100 -3.5100
   vertex -3.2500 2.6900 -3.5100
   vertex -5.1500 2.6900 -3.5100
  endloop
 endfacet
 facet normal 0.00000 0.00000 -1.00000
  outer loop
   vertex -3.2500 2.6100 -3.3300
   vertex -5.1500 2.6100 -3.3300
   vertex -5.1500 2.6900 -3.3300
  endloop
 endfacet
 facet normal 0.00000 0.00000 -1.00000
  outer loop
   vertex -3.2500 2.6100 -3.3300
   vertex -5.1500 2.6900 -3.3300
   vertex -3.2500 2.6900 -3.3300
  endloop
 endfacet
 facet normal 1.00000 0.00000 0.00000
  outer loop
   vertex -5.1500 2.6100 -3.3300
   vertex -5.1500 2.6100 -3.5100
   vertex -5.1500 2.6900 -3.5100
  endloop
 endfacet
 facet normal 1.00000 0.00000 0.00000
  outer loop
   vertex -5.1500 2.6100 -3.3300
   vertex -5.1500 2.6900 -3.5100
   vertex -5.1500 2.6900 -3.3300
  endloop
 endfacet
 facet normal -1.00000 0.00000 0.00000
  outer loop
   vertex -3.2500 2.6100 -3.5100
   vertex -3.2500 2.6100 -3.3300
   vertex -3.2500 2.6900 -3.3300
  endloop
 endfacet
 facet normal -1.00000 0.00000 0.00000
  outer loop
   vertex -3.2500 2.6100 -3.5100
   vertex -3.2500 2.6900 -3.3300
   vertex -3.2500 2.6900 -3.5100
  endloop
 endfacet
 facet normal 0.00000 -1.00000 0.00000
  outer loop
   vertex -5.1500 2.6900 -3.5100
   vertex -3.2500 2.6900 -3.5100
   vertex -3.2500 2.6900 -3.3300
  endloop
 endfacet
 facet normal 0.00000 -1.00000 0.00000
  outer loop
   vertex -5.1500 2.6900 -3.5100
   vertex -3.2500 2.6900 -3.3300
   vertex -5.1500 2.6900 -3.3300
  endloop
 endfacet
 facet normal 0.00000 1.00000 0.00000
  outer loop
   vertex -5.1500 2.6100 -3.3300
   vertex -3.2500 2.6100 -3.3300
   vertex -3.2500 2.6100 -3.5100
  endloop
 endfacet
 facet normal 0.00000 1.00000 0.00000
  outer loop
   vertex -5.1500 2.6100 -3.3300
   vertex -3.2500 2.6100 -3.5100
   vertex -5.1500 2.6100 -3.5100
  endloop
 endfacet
 facet normal 0.00000 0.00000 1.00000
  outer loop
   vertex -1.0500 0.0000 -3.8750
   vertex 1.0500 0.0000 -3.8750
   vertex 1.0500 3.0000 -3.8750
  endloop
 endfacet
 facet normal 0.00000 0.00000 1.00000
  outer loop
   vertex -1.0500 0.0000 -3.8750
   vertex 1.0500 3.0000 -3.8750
   vertex -1.0500 3.0000 -3.8750
  endloop
 endfacet
 facet normal 0.00000 0.00000 -1.00000
  outer loop
   vertex 1.0500 0.0000 -3.5250
   vertex -1.0500 0.0000 -3.5250
   vertex -1.0500 3.0000 -3.5250
  endloop
 endfacet
 facet normal 0.00000 0.00000 -1.00000
  outer loop
   vertex 1.0500 0.0000 -3.5250
   vertex -1.0500 3.0000 -3.5250
   vertex 1.0500 3.0000 -3.5250
  endloop
 endfacet
 facet normal 1.00000 0.00000 0.00000
  outer loop
   vertex -1.0500 0.0000 -3.5250
   vertex -1.0500 0.0000 -3.8750
   vertex -1.0500 3.0000 -3.8750
  endloop
 endfacet
 facet normal 1.00000 0.00000 0.00000
  outer loop
   vertex -1.0500 0.0000 -3.5250
   vertex -1.0500 3.0000 -3.8750
   vertex -1.0500 3.0000 -3.5250
  endloop
 endfacet
 facet normal -1.00000 0.00000 0.00000
  outer loop
   vertex 1.0500 0.0000 -3.8750
   vertex 1.0500 0.0000 -3.5250
   vertex 1.0500 3.0000 -3.5250
  endloop
 endfacet
 facet normal -1.00000 0.00000 0.00000
  outer loop
   vertex 1.0500 0.0000 -3.8750
   vertex 1.0500 3.0000 -3.5250
   vertex 1.0500 3.0000 -3.8750
  endloop
 endfacet
 facet normal 0.00000 -1.00000 0.00000
  outer loop
   vertex -1.0500 3.0000 -3.8750
   vertex 1.0500 3.0000 -3.8750
   vertex 1.0500 3.0000 -3.5250
  endloop
 endfacet
 facet normal 0.00000 -1.00000 0.00000
  outer loop
   vertex -1.0500 3.0000 -3.8750
   vertex 1.0500 3.0000 -3.5250
   vertex -1.0500 3.0000 -3.5250
  endloop
 endfacet
 facet normal 0.00000 1.00000 0.00000
  outer loop
   vertex -1.0500 0.0000 -3.5250
   vertex 1.0500 0.0000 -3.5250
   vertex 1.0500 0.0000 -3.8750
  endloop
 endfacet
 facet normal 0.00000 1.00000 0.00000
  outer loop
   vertex -1.0500 0.0000 -3.5250
   vertex 1.0500 0.0000 -3.8750
   vertex -1.0500 0.0000 -3.8750
  endloop
 endfacet
 facet normal 0.00000 0.00000 1.00000
  outer loop
   vertex -0.9500 0.5100 -3.5100
   vertex 0.9500 0.5100 -3.5100
   vertex 0.9500 0.5900 -3.5100
  endloop
 endfacet
 facet normal 0.00000 0.00000 1.00000
  outer loop
   vertex -0.9500 0.5100 -3.5100
   vertex 0.9500 0.5900 -3.5100
   vertex -0.9500 0.5900 -3.5100
  endloop
 endfacet
 facet normal 0.00000 0.00000 -1.00000
  outer loop
   vertex 0.9500 0.5100 -3.3300
   vertex -0.9500 0.5100 -3.3300
   vertex -0.9500 0.5900 -3.3300
  endloop
 endfacet
 facet normal 0.00000 0.00000 -1.00000
  outer loop
   vertex 0.9500 0.5100 -3.3300
   vertex -0.9500 0.5900 -3.3300
   vertex 0.9500 0.5900 -3.3300
  endloop
 endfacet
 facet normal 1.00000 0.00000 0.00000
  outer loop
   vertex -0.9500 0.5100 -3.3300
   vertex -0.9500 0.5100 -3.5100
   vertex -0.9500 0.5900 -3.5100
  endloop
 endfacet
 facet normal 1.00000 0.00000 0.00000
  outer loop
   vertex -0.9500 0.5100 -3.3300
   vertex -0.9500 0.5900 -3.5100
   vertex -0.9500 0.5900 -3.3300
  endloop
 endfacet
 facet normal -1.00000 0.00000 0.00000
  outer loop
   vertex 0.9500 0.5100 -3.5100
   vertex 0.9500 0.5100 -3.3300
   vertex 0.9500 0.5900 -3.3300
  endloop
 endfacet
 facet normal -1.00000 0.00000 0.00000
  outer loop
   vertex 0.9500 0.5100 -3.5100
   vertex 0.9500 0.5900 -3.3300
   vertex 0.9500 0.5900 -3.5100
  endloop
 endfacet
 facet normal 0.00000 -1.00000 0.00000
  outer loop
   vertex -0.9500 0.5900 -3.5100
   vertex 0.9500 0.5900 -3.5100
   vertex 0.9500 0.5900 -3.3300
  endloop
 endfacet
 facet normal 0.00000 -1.00000 0.00000
  outer loop
   vertex -0.9500 0.5900 -3.5100
   vertex 0.9500 0.5900 -3.3300
   vertex -0.9500 0.5900 -3.3300
  endloop
 endfacet
 facet normal 0.00000 1.00000 0.00000
  outer loop
   vertex -0.9500 0.5100 -3.3300
   vertex 0.9500 0.5100 -3.3300
   vertex 0.9500 0.5100 -3.5100
  endloop
 endfacet
 facet normal 0.00000 1.00000 0.00000
  outer loop
   vertex -0.9500 0.5100 -3.3300
   vertex 0.9500 0.5100 -3.5100
   vertex -0.9500 0.5100 -3.5100
  endloop
 endfacet
 facet normal 0.00000 0.00000 1.00000
  outer loop
   vertex -0.9500 1.2100 -3.5100
   vertex 0.9500 1.2100 -3.5100
   vertex 0.9500 1.2900 -3.5100
  endloop
 endfacet
 facet normal 0.00000 0.00000 1.00000
  outer loop
   vertex -0.9500 1.2100 -3.5100
   vertex 0.9500 1.2900 -3.5100
   vertex -0.9500 1.2900 -3.5100
  endloop
 endfacet
 facet normal 0.00000 0.00000 -1.00000
  outer loop
   vertex 0.9500 1.2100 -3.3300
   vertex -0.9500 1.2100 -3.3300
   vertex -0.9500 1.2900 -3.3300
  endloop
 endfacet
 facet normal 0.00000 0.00000 -1.00000
  outer loop
   vertex 0.9500 1.2100 -3.3300
   vertex -0.9500 1.2900 -3.3300
   vertex 0.9500 1.2900 -3.3300
  endloop
 endfacet
 facet normal 1.00000 0.00000 0.00000
  outer loop
   vertex -0.9500 1.2100 -3.3300
   vertex -0.9500 1.2100 -3.5100
   vertex -0.9500 1.2900 -3.5100
  endloop
 endfacet
 facet normal 1.00000 0.00000 0.00000
  outer loop
   vertex -0.9500 1.2100 -3.3300
   vertex -0.9500 1.2900 -3.5100
   vertex -0.9500 1.2900 -3.3300
  endloop
 endfacet
 facet normal -1.00000 0.00000 0.00000
  outer loop
   vertex 0.9500 1.2100 -3.5100
   vertex 0.9500 1.2100 -3.3300
   vertex 0.9500 1.2900 -3.3300
  endloop
 endfacet
 facet normal -1.00000 0.00000 0.00000
  outer loop
   vertex 0.9500 1.2100 -3.5100
   vertex 0.9500 1.2900 -3.3300
   vertex 0.9500 1.2900 -3.5100
  endloop
 endfacet
 facet normal 0.00000 -1.00000 0.00000
  outer loop
   vertex -0.9500 1.2900 -3.5100
   vertex 0.9500 1.2900 -3.5100
   vertex 0.9500 1.2900 -3.3300
  endloop
 endfacet
 facet normal 0.00000 -1.00000 0.00000
  outer loop
   vertex -0.9500 1.2900 -3.5100
   vertex 0.9500 1.2900 -3.3300
   vertex -0.9500 1.2900 -3.3300
  endloop
 endfacet
 facet normal 0.00000 1.00000 0.00000
  outer loop
   vertex -0.9500 1.2100 -3.3300
   vertex 0.9500 1.2100 -3.3300
   vertex 0.9500 1.2100 -3.5100
  endloop
 endfacet
 facet normal 0.00000 1.00000 0.00000
  outer loop
   vertex -0.9500 1.2100 -3.3300
   vertex 0.9500 1.2100 -3.5100
   vertex -0.9500 1.2100 -3.5100
  endloop
 endfacet
 facet normal 0.00000 0.00000 1.00000
  outer loop
   vertex -0.9500 1.9100 -3.5100
   vertex 0.9500 1.9100 -3.5100
   vertex 0.9500 1.9900 -3.5100
  endloop
 endfacet
 facet normal 0.00000 0.00000 1.00000
  outer loop
   vertex -0.9500 1.9100 -3.5100
   vertex 0.9500 1.9900 -3.5100
   vertex -0.9500 1.9900 -3.5100
  endloop
 endfacet
 facet normal 0.00000 0.00000 -1.00000
  outer loop
   vertex 0.9500 1.9100 -3.3300
   vertex -0.9500 1.9100 -3.3300
   vertex -0.9500 1.9900 -3.3300
  endloop
 endfacet
 facet normal 0.00000 0.00000 -1.00000
  outer loop
   vertex 0.9500 1.9100 -3.3300
   vertex -0.9500 1.9900 -3.3300
   vertex 0.9500 1.9900 -3.3300
  endloop
 endfacet
 facet normal 1.00000 0.00000 0.00000
  outer loop
   vertex -0.9500 1.9100 -3.3300
   vertex -0.9500 1.9100 -3.5100
   vertex -0.9500 1.9900 -3.5100
  endloop
 endfacet
 facet normal 1.00000 0.00000 0.00000
  outer loop
   vertex -0.9500 1.9100 -3.3300
   vertex -0.9500 1.9900 -3.5100
   vertex -0.9500 1.9900 -3.3300
  endloop
 endfacet
 facet normal -1.00000 0.00000 0.00000
  outer loop
   vertex 0.9500 1.9100 -3.5100
   vertex 0.9500 1.9100 -3.3300
   vertex 0.9500 1.9900 -3.3300
  endloop
 endfacet
 facet normal -1.00000 0.00000 0.00000
  outer loop
   vertex 0.9500 1.9100 -3.5100
   vertex 0.9500 1.9900 -3.3300
   vertex 0.9500 1.9900 -3.5100
  endloop
 endfacet
 facet normal 0.00000 -1.00000 0.00000
  outer loop
   vertex -0.9500 1.9900 -3.5100
   vertex 0.9500 1.9900 -3.5100
   vertex 0.9500 1.9900 -3.3300
  endloop
 endfacet
 facet normal 0.00000 -1.00000 0.00000
  outer loop
   vertex -0.9500 1.9900 -3.5100
   vertex 0.9500 1.9900 -3.3300
   vertex -0.9500 1.9900 -3.3300
  endloop
 endfacet
 facet normal 0.00000 1.00000 0.00000
  outer loop
   vertex -0.9500 1.9100 -3.3300
   vertex 0.9500 1.9100 -3.3300
   vertex 0.9500 1.9100 -3.5100
  endloop
 endfacet
 facet normal 0.00000 1.00000 0.00000
  outer loop
   vertex -0.9500 1.9100 -3.3300
   vertex 0.9500 1.9100 -3.5100
   vertex -0.9500 1.9100 -3.5100
  endloop
 endfacet
 facet normal 0.00000 0.00000 1.00000
  outer loop
   vertex -0.9500 2.6100 -3.5100
   vertex 0.9500 2.6100 -3.5100
   vertex 0.9500 2.6900 -3.5100
  endloop
 endfacet
 facet normal 0.00000 0.00000 1.00000
  outer loop
   vertex -0.9500 2.6100 -3.5100
   vertex 0.9500 2.6900 -3.5100
   vertex -0.9500 2.6900 -3.5100
  endloop
 endfacet
 facet normal 0.00000 0.00000 -1.00000
  outer loop
   vertex 0.9500 2.6100 -3.3300
   vertex -0.9500 2.6100 -3.3300
   vertex -0.9500 2.6900 -3.3300
  endloop
 endfacet
 facet normal 0.00000 0.00000 -1.00000
  outer loop
   vertex 0.9500 2.6100 -3.3300
   vertex -0.9500 2.6900 -3.3300
   vertex 0.9500 2.6900 -3.3300
  endloop
 endfacet
 facet normal 1.00000 0.00000 0.00000
  outer loop
   vertex -0.9500 2.6100 -3.3300
   vertex -0.9500 2.6100 -3.5100
   vertex -0.9500 2.6900 -3.5100
  endloop
 endfacet
 facet normal 1.00000 0.00000 0.00000
  outer loop
   vertex -0.9500 2.6100 -3.3300
   vertex -0.9500 2.6900 -3.5100
   vertex -0.9500 2.6900 -3.3300
  endloop
 endfacet
 facet normal -1.00000 0.00000 0.00000
  outer loop
   vertex 0.9500 2.6100 -3.5100
   vertex 0.9500 2.6100 -3.3300
   vertex 0.9500 2.6900 -3.3300
  endloop
 endfacet
 facet normal -1.00000 0.00000 0.00000
  outer loop
   vertex 0.9500 2.6100 -3.5100
   vertex 0.9500 2.6900 -3.3300
   vertex 0.9500 2.6900 -3.5100
  endloop
 endfacet
 facet normal 0.00000 -1.00000 0.00000
  outer loop
   vertex -0.9500 2.6900 -3.5100
   vertex 0.9500 2.6900 -3.5100
   vertex 0.9500 2.6900 -3.3300
  endloop
 endfacet
 facet normal 0.00000 -1.00000 0.00000
  outer loop
   vertex -0.9500 2.6900 -3.5100
   vertex 0.9500 2.6900 -3.3300
   vertex -0.9500 2.6900 -3.3300
  endloop
 endfacet
 facet normal 0.00000 1.00000 0.00000
  outer loop
   vertex -0.9500 2.6100 -3.3300
   vertex 0.9500 2.6100 -3.3300
   vertex 0.9500 2.6100 -3.5100
  endloop
 endfacet
 facet normal 0.00000 1.00000 0.00000
  outer loop
   vertex -0.9500 2.6100 -3.3300
   vertex 0.9500 2.6100 -3.5100
   vertex -0.9500 2.6100 -3.5100
  endloop
 endfacet
 facet normal 0.00000 0.00000 1.00000
  outer loop
   vertex 3.1500 0.0000 -3.8750
   vertex 5.2500 0.0000 -3.8750
   vertex 5.2500 3.0000 -3.8750
  endloop
 endfacet
 facet normal 0.00000 0.00000 1.00000
  outer loop
   vertex 3.1500 0.0000 -3.8750
   vertex 5.2500 3.0000 -3.8750
   vertex 3.1500 3.0000 -3.8750
  endloop
 endfacet
 facet normal 0.00000 0.00000 -1.00000
  outer loop
   vertex 5.2500 0.0000 -3.5250
   vertex 3.1500 0.0000 -3.5250
   vertex 3.1500 3.0000 -3.5250
  endloop
 endfacet
 facet normal 0.00000 0.00000 -1.00000
  outer loop
   vertex 5.2500 0.0000 -3.5250
   vertex 3.1500 3.0000 -3.5250
   vertex 5.2500 3.0000 -3.5250
  endloop
 endfacet
 facet normal 1.00000 0.00000 0.00000
  outer loop
   vertex 3.1500 0.0000 -3.5250
   vertex 3.1500 0.0000 -3.8750
   vertex 3.1500 3.0000 -3.8750
  endloop
 endfacet
 facet normal 1.00000 0.00000 0.00000
  outer loop
   vertex 3.1500 0.0000 -3.5250
   vertex 3.1500 3.0000 -3.8750
   vertex 3.1500 3.0000 -3.5250
  endloop
 endfacet
 facet normal -1.00000 0.00000 0.00000
  outer loop
   vertex 5.2500 0.0000 -3.8750
   vertex 5.2500 0.0000 -3.5250
   vertex 5.2500 3.0000 -3.5250
  endloop
 endfacet
 facet normal -1.00000 0.00000 0.00000
  outer loop
   vertex 5.2500 0.0000 -3.8750
   vertex 5.2500 3.0000 -3.5250
   vertex 5.2500 3.0000 -3.8750
  endloop
 endfacet
 facet normal 0.00000 -1.00000 0.00000
  outer loop
   vertex 3.1500 3.0000 -3.8750
   vertex 5.2500 3.0000 -3.8750
   vertex 5.2500 3.0000 -3.5250
  endloop
 endfacet
 facet normal 0.00000 -1.00000 0.00000
  outer loop
   vertex 3.1500 3.0000 -3.8750
   vertex 5.2500 3.0000 -3.5250
   vertex 3.1500 3.0000 -3.5250
  endloop
 endfacet
 facet normal 0.00000 1.00000 0.00000
  outer loop
   vertex 3.1500 0.0000 -3.5250
   vertex 5.2500 0.0000 -3.5250
   vertex 5.2500 0.0000 -3.8750
  endloop
 endfacet
 facet normal 0.00000 1.00000 0.00000
  outer loop
   vertex 3.1500 0.0000 -3.5250
   vertex 5.2500 0.0000 -3.8750
   vertex 3.1500 0.0000 -3.8750
  endloop
 endfacet
 facet normal 0.00000 0.00000 1.00000
  outer loop
   vertex 3.2500 0.5100 -3.5100
   vertex 5.1500 0.5100 -3.5100
   vertex 5.1500 0.5900 -3.5100
  endloop
 endfacet
 facet normal 0.00000 0.00000 1.00000
  outer loop
   vertex 3.2500 0.5100 -3.5100
   vertex 5.1500 0.5900 -3.5100
   vertex 3.2500 0.5900 -3.5100
  endloop
 endfacet
 facet normal 0.00000 0.00000 -1.00000
  outer loop
   vertex 5.1500 0.5100 -3.3300
   vertex 3.2500 0.5100 -3.3300
   vertex 3.2500 0.5900 -3.3300
  endloop
 endfacet
 facet normal 0.00000 0.00000 -1.00000
  outer loop
   vertex 5.1500 0.5100 -3.3300
   vertex 3.2500 0.5900 -3.3300
   vertex 5.1500 0.5900 -3.3300
  endloop
 endfacet
 facet normal 1.00000 0.00000 0.00000
  outer loop
   vertex 3.2500 0.5100 -3.3300
   vertex 3.2500 0.5100 -3.5100
   vertex 3.2500 0.5900 -3.5100
  endloop
 endfacet
 facet normal 1.00000 0.00000 0.00000
  outer loop
   vertex 3.2500 0.5100 -3.3300
   vertex 3.2500 0.5900 -3.5100
   vertex 3.2500 0.5900 -3.3300
  endloop
 endfacet
 facet normal -1.00000 0.00000 0.00000
  outer loop
   vertex 5.1500 0.5100 -3.5100
   vertex 5.1500 0.5100 -3.3300
   vertex 5.1500 0.5900 -3.3300
  endloop
 endfacet
 facet normal -1.00000 0.00000 0.00000
  outer loop
   vertex 5.1500 0.5100 -3.5100
   vertex 5.1500 0.5900 -3.3300
   vertex 5.1500 0.5900 -3.5100
  endloop
 endfacet
 facet normal 0.00000 -1.00000 0.00000
  outer loop
   vertex 3.2500 0.5900 -3.5100
   vertex 5.1500 0.5900 -3.5100
   vertex 5.1500 0.5900 -3.3300
  endloop
 endfacet
 facet normal 0.00000 -1.00000 0.00000
  outer loop
   vertex 3.2500 0.5900 -3.5100
   vertex 5.1500 0.5900 -3.3300
   vertex 3.2500 0.5900 -3.3300
  endloop
 endfacet
 facet normal 0.00000 1.00000 0.00000
  outer loop
   vertex 3.2500 0.5100 -3.3300
   vertex 5.1500 0.5100 -3.3300
   vertex 5.1500 0.5100 -3.5100
  endloop
 endfacet
 facet normal 0.00000 1.00000 0.00000
  outer loop
   vertex 3.2500 0.5100 -3.3300
   vertex 5.1500 0.5100 -3.5100
   vertex 3.2500 0.5100 -3.5100
  endloop
 endfacet
 facet normal 0.00000 0.00000 1.00000
  outer loop
   vertex 3.2500 1.2100 -3.5100
   vertex 5.1500 1.2100 -3.5100
   vertex 5.1500 1.2900 -3.5100
  endloop
 endfacet
 facet normal 0.00000 0.00000 1.00000
  outer loop
   vertex 3.2500 1.2100 -3.5100
   vertex 5.1500 1.2900 -3.5100
   vertex 3.2500 1.2900 -3.5100
  endloop
 endfacet
 facet normal 0.00000 0.00000 -1.00000
  outer loop
   vertex 5.1500 1.2100 -3.3300
   vertex 3.2500 1.2100 -3.3300
   vertex 3.2500 1.2900 -3.3300
  endloop
 endfacet
 facet normal 0.00000 0.00000 -1.00000
  outer loop
   vertex 5.1500 1.2100 -3.3300
   vertex 3.2500 1.2900 -3.3300
   vertex 5.1500 1.2900 -3.3300
  endloop
 endfacet
 facet normal 1.00000 0.00000 0.00000
  outer loop
   vertex 3.2500 1.2100 -3.3300
   vertex 3.2500 1.2100 -3.5100
   vertex 3.2500 1.2900 -3.5100
  endloop
 endfacet
 facet normal 1.00000 0.00000 0.00000
  outer loop
   vertex 3.2500 1.2100 -3.3300
   vertex 3.2500 1.2900 -3.5100
   vertex 3.2500 1.2900 -3.3300
  endloop
 endfacet
 facet normal -1.00000 0.00000 0.00000
  outer loop
   vertex 5.1500 1.2100 -3.5100
   vertex 5.1500 1.2100 -3.3300
   vertex 5.1500 1.2900 -3.3300
  endloop
 endfacet
 facet normal -1.00000 0.00000 0.00000
  outer loop
   vertex 5.1500 1.2100 -3.5100
   vertex 5.1500 1.2900 -3.3300
   vertex 5.1500 1.2900 -3.5100
  endloop
 endfacet
 facet normal 0.00000 -1.00000 0.00000
  outer loop
   vertex 3.2500 1.2900 -3.5100
   vertex 5.1500 1.2900 -3.5100
   vertex 5.1500 1.2900 -3.3300
  endloop
 endfacet
 facet normal 0.00000 -1.00000 0.00000
  outer loop
   vertex 3.2500 1.2900 -3.5100
   vertex 5.1500 1.2900 -3.3300
   vertex 3.2500 1.2900 -3.3300
  endloop
 endfacet
 facet normal 0.00000 1.00000 0.00000
  outer loop
   vertex 3.2500 1.2100 -3.3300
   vertex 5.1500 1.2100 -3.3300
   vertex 5.1500 1.2100 -3.5100
  endloop
 endfacet
 facet normal 0.00000 1.00000 0.00000
  outer loop
   vertex 3.2500 1.2100 -3.3300
   vertex 5.1500 1.2100 -3.5100
   vertex 3.2500 1.2100 -3.5100
  endloop
 endfacet
 facet normal 0.00000 0.00000 1.00000
  outer loop
   vertex 3.2500 1.9100 -3.5100
   vertex 5.1500 1.9100 -3.5100
   vertex 5.1500 1.9900 -3.5100
  endloop
 endfacet
 facet normal 0.00000 0.00000 1.00000
  outer loop
   vertex 3.2500 1.9100 -3.5100
   vertex 5.1500 1.9900 -3.5100
   vertex 3.2500 1.9900 -3.5100
  endloop
 endfacet
 facet normal 0.00000 0.00000 -1.00000
  outer loop
   vertex 5.1500 1.9100 -3.3300
   vertex 3.2500 1.9100 -3.3300
   vertex 3.2500 1.9900 -3.3300
  endloop
 endfacet
 facet normal 0.00000 0.00000 -1.00000
  outer loop
   vertex 5.1500 1.9100 -3.3300
   vertex 3.2500 1.9900 -3.3300
   vertex 5.1500 1.9900 -3.3300
  endloop
 endfacet
 facet normal 1.00000 0.00000 0.00000
  outer loop
   vertex 3.2500 1.9100 -3.3300
   vertex 3.2500 1.9100 -3.5100
   vertex 3.2500 1.9900 -3.5100
  endloop
 endfacet
 facet normal 1.00000 0.00000 0.00000
  outer loop
   vertex 3.2500 1.9100 -3.3300
   vertex 3.2500 1.9900 -3.5100
   vertex 3.2500 1.9900 -3.3300
  endloop
 endfacet
 facet normal -1.00000 0.00000 0.00000
  outer loop
   vertex 5.1500 1.9100 -3.5100
   vertex 5.1500 1.9100 -3.3300
   vertex 5.1500 1.9900 -3.3300
  endloop
 endfacet
 facet normal -1.00000 0.00000 0.00000
  outer loop
   vertex 5.1500 1.9100 -3.5100
   vertex 5.1500 1.9900 -3.3300
   vertex 5.1500 1.9900 -3.5100
  endloop
 endfacet
 facet normal 0.00000 -1.00000 0.00000
  outer loop
   vertex 3.2500 1.9900 -3.5100
   vertex 5.1500 1.9900 -3.5100
   vertex 5.1500 1.9900 -3.3300
  endloop
 endfacet
 facet normal 0.00000 -1.00000 0.00000
  outer loop
   vertex 3.2500 1.9900 -3.5100
   vertex 5.1500 1.9900 -3.3300
   vertex 3.2500 1.9900 -3.3300
  endloop
 endfacet
 facet normal 0.00000 1.00000 0.00000
  outer loop
   vertex 3.2500 1.9100 -3.3300
   vertex 5.1500 1.9100 -3.3300
   vertex 5.1500 1.9100 -3.5100
  endloop
 endfacet
 facet normal 0.00000 1.00000 0.00000
  outer loop
   vertex 3.2500 1.9100 -3.3300
   vertex 5.1500 1.9100 -3.5100
   vertex 3.2500 1.9100 -3.5100
  endloop
 endfacet
 facet normal 0.00000 0.00000 1.00000
  outer loop
   vertex 3.2500 2.6100 -3.5100
   vertex 5.1500 2.6100 -3.5100
   vertex 5.1500 2.6900 -3.5100
  endloop
 endfacet
 facet normal 0.00000 0.00000 1.00000
  outer loop
   vertex 3.2500 2.6100 -3.5100
   vertex 5.1500 2.6900 -3.5100
   vertex 3.2500 2.6900 -3.5100
  endloop
 endfacet
 facet normal 0.00000 0.00000 -1.00000
  outer loop
   vertex 5.1500 2.6100 -3.3300
   vertex 3.2500 2.6100 -3.3300
   vertex 3.2500 2.6900 -3.3300
  endloop
 endfacet
 facet normal 0.00000 0.00000 -1.00000
  outer loop
   vertex 5.1500 2.6100 -3.3300
   vertex 3.2500 2.6900 -3.3300
   vertex 5.1500 2.6900 -3.3300
  endloop
 endfacet
 facet normal 1.00000 0.00000 0.00000
  outer loop
   vertex 3.2500 2.6100 -3.3300
   vertex 3.2500 2.6100 -3.5100
   vertex 3.2500 2.6900 -3.5100
  endloop
 endfacet
 facet normal 1.00000 0.00000 0.00000
  outer loop
   vertex 3.2500 2.6100 -3.3300
   vertex 3.2500 2.6900 -3.5100
   vertex 3.2500 2.6900 -3.3300
  endloop
 endfacet
 facet normal -1.00000 0.00000 0.00000
  outer loop
   vertex 5.1500 2.6100 -3.5100
   vertex 5.1500 2.6100 -3.3300
   vertex 5.1500 2.6900 -3.3300
  endloop
 endfacet
 facet normal -1.00000 0.00000 0.00000
  outer loop
   vertex 5.1500 2.6100 -3.5100
   vertex 5.1500 2.6900 -3.3300
   vertex 5.1500 2.6900 -3.5100
  endloop
 endfacet
 facet normal 0.00000 -1.00000 0.00000
  outer loop
   vertex 3.2500 2.6900 -3.5100
   vertex 5.1500 2.6900 -3.5100
   vertex 5.1500 2.6900 -3.3300
  endloop
 endfacet
 facet normal 0.00000 -1.00000 0.00000
  outer loop
   vertex 3.2500 2.6900 -3.5100
   vertex 5.1500 2.6900 -3.3300
   vertex 3.2500 2.6900 -3.3300
  endloop
 endfacet
 facet normal 0.00000 1.00000 0.00000
  outer loop
   vertex 3.2500 2.6100 -3.3300
   vertex 5.1500 2.6100 -3.3300
   vertex 5.1500 2.6100 -3.5100
  endloop
 endfacet
 facet normal 0.00000 1.00000 0.00000
  outer loop
   vertex 3.2500 2.6100 -3.3300
   vertex 5.1500 2.6100 -3.5100
   vertex 3.2500 2.6100 -3.5100
  endloop
 endfacet
 facet normal 0.21527 -0.37672 0.90097
  outer loop
   vertex -4.7000 1.7000 -3.0800
   vertex -4.6728 1.6525 -3.1064
   vertex -4.3228 1.8525 -3.1064
  endloop
 endfacet
 facet normal 0.21527 -0.37672 0.90097
  outer loop
   vertex -4.7000 1.7000 -3.0800
   vertex -4.3228 1.8525 -3.1064
   vertex -4.3500 1.9000 -3.0800
  endloop
 endfacet
 facet normal -0.86824 -0.49614 0.00000
  outer loop
   vertex -4.7000 1.7000 -3.1500
   vertex -4.6728 1.6525 -3.1064
   vertex -4.7000 1.7000 -3.0800
  endloop
 endfacet
 facet normal 0.86824 0.49614 0.00000
  outer loop
   vertex -4.3500 1.9000 -3.1500
   vertex -4.3500 1.9000 -3.0800
   vertex -4.3228 1.8525 -3.1064
  endloop
 endfacet
 facet normal 0.48370 -0.84647 0.22252
  outer loop
   vertex -4.6728 1.6525 -3.1064
   vertex -4.6661 1.6407 -3.1656
   vertex -4.3161 1.8407 -3.1656
  endloop
 endfacet
 facet normal 0.48370 -0.84647 0.22252
  outer loop
   vertex -4.6728 1.6525 -3.1064
   vertex -4.3161 1.8407 -3.1656
   vertex -4.3228 1.8525 -3.1064
  endloop
 endfacet
 facet normal -0.86824 -0.49614 -0.00000
  outer loop
   vertex -4.7000 1.7000 -3.1500
   vertex -4.6661 1.6407 -3.1656
   vertex -4.6728 1.6525 -3.1064
  endloop
 endfacet
 facet normal 0.86824 0.49614 0.00000
  outer loop
   vertex -4.3500 1.9000 -3.1500
   vertex -4.3228 1.8525 -3.1064
   vertex -4.3161 1.8407 -3.1656
  endloop
 endfacet
 facet normal 0.38790 -0.67882 -0.62349
  outer loop
   vertex -4.6661 1.6407 -3.1656
   vertex -4.6849 1.6736 -3.2131
   vertex -4.3349 1.8736 -3.2131
  endloop
 endfacet
 facet normal 0.38790 -0.67882 -0.62349
  outer loop
   vertex -4.6661 1.6407 -3.1656
   vertex -4.3349 1.8736 -3.2131
   vertex -4.3161 1.8407 -3.1656
  endloop
 endfacet
 facet normal -0.86824 -0.49614 -0.00000
  outer loop
   vertex -4.7000 1.7000 -3.1500
   vertex -4.6849 1.6736 -3.2131
   vertex -4.6661 1.6407 -3.1656
  endloop
 endfacet
 facet normal 0.86824 0.49614 0.00000
  outer loop
   vertex -4.3500 1.9000 -3.1500
   vertex -4.3161 1.8407 -3.1656
   vertex -4.3349 1.8736 -3.2131
  endloop
 endfacet
 facet normal 0.00000 0.00000 -1.00000
  outer loop
   vertex -4.6849 1.6736 -3.2131
   vertex -4.7151 1.7264 -3.2131
   vertex -4.3651 1.9264 -3.2131
  endloop
 endfacet
 facet normal 0.00000 0.00000 -1.00000
  outer loop
   vertex -4.6849 1.6736 -3.2131
   vertex -4.3651 1.9264 -3.2131
   vertex -4.3349 1.8736 -3.2131
  endloop
 endfacet
 facet normal -0.86824 -0.49614 0.00000
  outer loop
   vertex -4.7000 1.7000 -3.1500
   vertex -4.7151 1.7264 -3.2131
   vertex -4.6849 1.6736 -3.2131
  endloop
 endfacet
 facet normal 0.86824 0.49614 -0.00000
  outer loop
   vertex -4.3500 1.9000 -3.1500
   vertex -4.3349 1.8736 -3.2131
   vertex -4.3651 1.9264 -3.2131
  endloop
 endfacet
 facet normal -0.38790 0.67882 -0.62349
  outer loop
   vertex -4.7151 1.7264 -3.2131
   vertex -4.7339 1.7593 -3.1656
   vertex -4.3839 1.9593 -3.1656
  endloop
 endfacet
 facet normal -0.38790 0.67882 -0.62349
  outer loop
   vertex -4.7151 1.7264 -3.2131
   vertex -4.3839 1.9593 -3.1656
   vertex -4.3651 1.9264 -3.2131
  endloop
 endfacet
 facet normal -0.86824 -0.49614 0.00000
  outer loop
   vertex -4.7000 1.7000 -3.1500
   vertex -4.7339 1.7593 -3.1656
   vertex -4.7151 1.7264 -3.2131
  endloop
 endfacet
 facet normal 0.86824 0.49614 -0.00000
  outer loop
   vertex -4.3500 1.9000 -3.1500
   vertex -4.3651 1.9264 -3.2131
   vertex -4.3839 1.9593 -3.1656
  endloop
 endfacet
 facet normal -0.48370 0.84647 0.22252
  outer loop
   vertex -4.7339 1.7593 -3.1656
   vertex -4.7272 1.7475 -3.1064
   vertex -4.3772 1.9475 -3.1064
  endloop
 endfacet
 facet normal -0.48370 0.84647 0.22252
  outer loop
   vertex -4.7339 1.7593 -3.1656
   vertex -4.3772 1.9475 -3.1064
   vertex -4.3839 1.9593 -3.1656
  endloop
 endfacet
 facet normal -0.86824 -0.49614 0.00000
  outer loop
   vertex -4.7000 1.7000 -3.1500
   vertex -4.7272 1.7475 -3.1064
   vertex -4.7339 1.7593 -3.1656
  endloop
 endfacet
 facet normal 0.86824 0.49614 -0.00000
  outer loop
   vertex -4.3500 1.9000 -3.1500
   vertex -4.3839 1.9593 -3.1656
   vertex -4.3772 1.9475 -3.1064
  endloop
 endfacet
 facet normal -0.21527 0.37672 0.90097
  outer loop
   vertex -4.7272 1.7475 -3.1064
   vertex -4.7000 1.7000 -3.0800
   vertex -4.3500 1.9000 -3.0800
  endloop
 endfacet
 facet normal -0.21527 0.37672 0.90097
  outer loop
   vertex -4.7272 1.7475 -3.1064
   vertex -4.3500 1.9000 -3.0800
   vertex -4.3772 1.9475 -3.1064
  endloop
 endfacet
 facet normal -0.86824 -0.49614 0.00000
  outer loop
   vertex -4.7000 1.7000 -3.1500
   vertex -4.7000 1.7000 -3.0800
   vertex -4.7272 1.7475 -3.1064
  endloop
 endfacet
 facet normal 0.86824 0.49614 0.00000
  outer loop
   vertex -4.3500 1.9000 -3.1500
   vertex -4.3772 1.9475 -3.1064
   vertex -4.3500 1.9000 -3.0800
  endloop
 endfacet
 facet normal 0.00000 -0.43388 0.90097
  outer loop
   vertex -4.3500 1.9000 -3.1050
   vertex -4.3500 1.8648 -3.1219
   vertex -3.9000 1.8648 -3.1219
  endloop
 endfacet
 facet normal 0.00000 -0.43388 0.90097
  outer loop
   vertex -4.3500 1.9000 -3.1050
   vertex -3.9000 1.8648 -3.1219
   vertex -3.9000 1.9000 -3.1050
  endloop
 endfacet
 facet normal -1.00000 0.00000 0.00000
  outer loop
   vertex -4.3500 1.9000 -3.1500
   vertex -4.3500 1.8648 -3.1219
   vertex -4.3500 1.9000 -3.1050
  endloop
 endfacet
 facet normal 1.00000 0.00000 0.00000
  outer loop
   vertex -3.9000 1.9000 -3.1500
   vertex -3.9000 1.9000 -3.1050
   vertex -3.9000 1.8648 -3.1219
  endloop
 endfacet
 facet normal 0.00000 -0.97493 0.22252
  outer loop
   vertex -4.3500 1.8648 -3.1219
   vertex -4.3500 1.8561 -3.1600
   vertex -3.9000 1.8561 -3.1600
  endloop
 endfacet
 facet normal 0.00000 -0.97493 0.22252
  outer loop
   vertex -4.3500 1.8648 -3.1219
   vertex -3.9000 1.8561 -3.1600
   vertex -3.9000 1.8648 -3.1219
  endloop
 endfacet
 facet normal -1.00000 0.00000 0.00000
  outer loop
   vertex -4.3500 1.9000 -3.1500
   vertex -4.3500 1.8561 -3.1600
   vertex -4.3500 1.8648 -3.1219
  endloop
 endfacet
 facet normal 1.00000 0.00000 0.00000
  outer loop
   vertex -3.9000 1.9000 -3.1500
   vertex -3.9000 1.8648 -3.1219
   vertex -3.9000 1.8561 -3.1600
  endloop
 endfacet
 facet normal 0.00000 -0.78183 -0.62349
  outer loop
   vertex -4.3500 1.8561 -3.1600
   vertex -4.3500 1.8805 -3.1905
   vertex -3.9000 1.8805 -3.1905
  endloop
 endfacet
 facet normal 0.00000 -0.78183 -0.62349
  outer loop
   vertex -4.3500 1.8561 -3.1600
   vertex -3.9000 1.8805 -3.1905
   vertex -3.9000 1.8561 -3.1600
  endloop
 endfacet
 facet normal -1.00000 0.00000 0.00000
  outer loop
   vertex -4.3500 1.9000 -3.1500
   vertex -4.3500 1.8805 -3.1905
   vertex -4.3500 1.8561 -3.1600
  endloop
 endfacet
 facet normal 1.00000 0.00000 0.00000
  outer loop
   vertex -3.9000 1.9000 -3.1500
   vertex -3.9000 1.8561 -3.1600
   vertex -3.9000 1.8805 -3.1905
  endloop
 endfacet
 facet normal 0.00000 0.00000 -1.00000
  outer loop
   vertex -4.3500 1.8805 -3.1905
   vertex -4.3500 1.9195 -3.1905
   vertex -3.9000 1.9195 -3.1905
  endloop
 endfacet
 facet normal 0.00000 0.00000 -1.00000
  outer loop
   vertex -4.3500 1.8805 -3.1905
   vertex -3.9000 1.9195 -3.1905
   vertex -3.9000 1.8805 -3.1905
  endloop
 endfacet
 facet normal -1.00000 0.00000 0.00000
  outer loop
   vertex -4.3500 1.9000 -3.1500
   vertex -4.3500 1.9195 -3.1905
   vertex -4.3500 1.8805 -3.1905
  endloop
 endfacet
 facet normal 1.00000 0.00000 0.00000
  outer loop
   vertex -3.9000 1.9000 -3.1500
   vertex -3.9000 1.8805 -3.1905
   vertex -3.9000 1.9195 -3.1905
  endloop
 endfacet
 facet normal 0.00000 0.78183 -0.62349
  outer loop
   vertex -4.3500 1.9195 -3.1905
   vertex -4.3500 1.9439 -3.1600
   vertex -3.9000 1.9439 -3.1600
  endloop
 endfacet
 facet normal 0.00000 0.78183 -0.62349
  outer loop
   vertex -4.3500 1.9195 -3.1905
   vertex -3.9000 1.9439 -3.1600
   vertex -3.9000 1.9195 -3.1905
  endloop
 endfacet
 facet normal -1.00000 0.00000 0.00000
  outer loop
   vertex -4.3500 1.9000 -3.1500
   vertex -4.3500 1.9439 -3.1600
   vertex -4.3500 1.9195 -3.1905
  endloop
 endfacet
 facet normal 1.00000 0.00000 0.00000
  outer loop
   vertex -3.9000 1.9000 -3.1500
   vertex -3.9000 1.9195 -3.1905
   vertex -3.9000 1.9439 -3.1600
  endloop
 endfacet
 facet normal 0.00000 0.97493 0.22252
  outer loop
   vertex -4.3500 1.9439 -3.1600
   vertex -4.3500 1.9352 -3.1219
   vertex -3.9000 1.9352 -3.1219
  endloop
 endfacet
 facet normal 0.00000 0.97493 0.22252
  outer loop
   vertex -4.3500 1.9439 -3.1600
   vertex -3.9000 1.9352 -3.1219
   vertex -3.9000 1.9439 -3.1600
  endloop
 endfacet
 facet normal -1.00000 0.00000 0.00000
  outer loop
   vertex -4.3500 1.9000 -3.1500
   vertex -4.3500 1.9352 -3.1219
   vertex -4.3500 1.9439 -3.1600
  endloop
 endfacet
 facet normal 1.00000 0.00000 0.00000
  outer loop
   vertex -3.9000 1.9000 -3.1500
   vertex -3.9000 1.9439 -3.1600
   vertex -3.9000 1.9352 -3.1219
  endloop
 endfacet
 facet normal 0.00000 0.43388 0.90097
  outer loop
   vertex -4.3500 1.9352 -3.1219
   vertex -4.3500 1.9000 -3.1050
   vertex -3.9000 1.9000 -3.1050
  endloop
 endfacet
 facet normal 0.00000 0.43388 0.90097
  outer loop
   vertex -4.3500 1.9352 -3.1219
   vertex -3.9000 1.9000 -3.1050
   vertex -3.9000 1.9352 -3.1219
  endloop
 endfacet
 facet normal -1.00000 0.00000 0.00000
  outer loop
   vertex -4.3500 1.9000 -3.1500
   vertex -4.3500 1.9000 -3.1050
   vertex -4.3500 1.9352 -3.1219
  endloop
 endfacet
 facet normal 1.00000 0.00000 0.00000
  outer loop
   vertex -3.9000 1.9000 -3.1500
   vertex -3.9000 1.9352 -3.1219
   vertex -3.9000 1.9000 -3.1050
  endloop
 endfacet
 facet normal -0.50000 0.00000 -0.86603
  outer loop
   vertex -4.6500 1.3000 -3.2100
   vertex -4.7020 1.3000 -3.1800
   vertex -4.7020 1.6000 -3.1800
  endloop
 endfacet
 facet normal -0.50000 0.00000 -0.86603
  outer loop
   vertex -4.6500 1.3000 -3.2100
   vertex -4.7020 1.6000 -3.1800
   vertex -4.6500 1.6000 -3.2100
  endloop
 endfacet
 facet normal 0.00000 -1.00000 0.00000
  outer loop
   vertex -4.6500 1.3000 -3.1500
   vertex -4.7020 1.3000 -3.1800
   vertex -4.6500 1.3000 -3.2100
  endloop
 endfacet
 facet normal 0.00000 1.00000 0.00000
  outer loop
   vertex -4.6500 1.6000 -3.1500
   vertex -4.6500 1.6000 -3.2100
   vertex -4.7020 1.6000 -3.1800
  endloop
 endfacet
 facet normal -1.00000 0.00000 0.00000
  outer loop
   vertex -4.7020 1.3000 -3.1800
   vertex -4.7020 1.3000 -3.1200
   vertex -4.7020 1.6000 -3.1200
  endloop
 endfacet
 facet normal -1.00000 0.00000 0.00000
  outer loop
   vertex -4.7020 1.3000 -3.1800
   vertex -4.7020 1.6000 -3.1200
   vertex -4.7020 1.6000 -3.1800
  endloop
 endfacet
 facet normal 0.00000 -1.00000 0.00000
  outer loop
   vertex -4.6500 1.3000 -3.1500
   vertex -4.7020 1.3000 -3.1200
   vertex -4.7020 1.3000 -3.1800
  endloop
 endfacet
 facet normal 0.00000 1.00000 0.00000
  outer loop
   vertex -4.6500 1.6000 -3.1500
   vertex -4.7020 1.6000 -3.1800
   vertex -4.7020 1.6000 -3.1200
  endloop
 endfacet
 facet normal -0.50000 0.00000 0.86603
  outer loop
   vertex -4.7020 1.3000 -3.1200
   vertex -4.6500 1.3000 -3.0900
   vertex -4.6500 1.6000 -3.0900
  endloop
 endfacet
 facet normal -0.50000 0.00000 0.86603
  outer loop
   vertex -4.7020 1.3000 -3.1200
   vertex -4.6500 1.6000 -3.0900
   vertex -4.7020 1.6000 -3.1200
  endloop
 endfacet
 facet normal 0.00000 -1.00000 0.00000
  outer loop
   vertex -4.6500 1.3000 -3.1500
   vertex -4.6500 1.3000 -3.0900
   vertex -4.7020 1.3000 -3.1200
  endloop
 endfacet
 facet normal 0.00000 1.00000 0.00000
  outer loop
   vertex -4.6500 1.6000 -3.1500
   vertex -4.7020 1.6000 -3.1200
   vertex -4.6500 1.6000 -3.0900
  endloop
 endfacet
 facet normal 0.50000 0.00000 0.86603
  outer loop
   vertex -4.6500 1.3000 -3.0900
   vertex -4.5980 1.3000 -3.1200
   vertex -4.5980 1.6000 -3.1200
  endloop
 endfacet
 facet normal 0.50000 0.00000 0.86603
  outer loop
   vertex -4.6500 1.3000 -3.0900
   vertex -4.5980 1.6000 -3.1200
   vertex -4.6500 1.6000 -3.0900
  endloop
 endfacet
 facet normal 0.00000 -1.00000 0.00000
  outer loop
   vertex -4.6500 1.3000 -3.1500
   vertex -4.5980 1.3000 -3.1200
   vertex -4.6500 1.3000 -3.0900
  endloop
 endfacet
 facet normal 0.00000 1.00000 0.00000
  outer loop
   vertex -4.6500 1.6000 -3.1500
   vertex -4.6500 1.6000 -3.0900
   vertex -4.5980 1.6000 -3.1200
  endloop
 endfacet
 facet normal 1.00000 0.00000 0.00000
  outer loop
   vertex -4.5980 1.3000 -3.1200
   vertex -4.5980 1.3000 -3.1800
   vertex -4.5980 1.6000 -3.1800
  endloop
 endfacet
 facet normal 1.00000 0.00000 0.00000
  outer loop
   vertex -4.5980 1.3000 -3.1200
   vertex -4.5980 1.6000 -3.1800
   vertex -4.5980 1.6000 -3.1200
  endloop
 endfacet
 facet normal 0.00000 -1.00000 0.00000
  outer loop
   vertex -4.6500 1.3000 -3.1500
   vertex -4.5980 1.3000 -3.1800
   vertex -4.5980 1.3000 -3.1200
  endloop
 endfacet
 facet normal 0.00000 1.00000 0.00000
  outer loop
   vertex -4.6500 1.6000 -3.1500
   vertex -4.5980 1.6000 -3.1200
   vertex -4.5980 1.6000 -3.1800
  endloop
 endfacet
 facet normal 0.50000 0.00000 -0.86603
  outer loop
   vertex -4.5980 1.3000 -3.1800
   vertex -4.6500 1.3000 -3.2100
   vertex -4.6500 1.6000 -3.2100
  endloop
 endfacet
 facet normal 0.50000 0.00000 -0.86603
  outer loop
   vertex -4.5980 1.3000 -3.1800
   vertex -4.6500 1.6000 -3.2100
   vertex -4.5980 1.6000 -3.1800
  endloop
 endfacet
 facet normal 0.00000 -1.00000 0.00000
  outer loop
   vertex -4.6500 1.3000 -3.1500
   vertex -4.6500 1.3000 -3.2100
   vertex -4.5980 1.3000 -3.1800
  endloop
 endfacet
 facet normal 0.00000 1.00000 0.00000
  outer loop
   vertex -4.6500 1.6000 -3.1500
   vertex -4.5980 1.6000 -3.1800
   vertex -4.6500 1.6000 -3.2100
  endloop
 endfacet
 facet normal 0.21527 -0.37672 0.90097
  outer loop
   vertex -3.7000 1.7000 -3.0800
   vertex -3.6728 1.6525 -3.1064
   vertex -3.3228 1.8525 -3.1064
  endloop
 endfacet
 facet normal 0.21527 -0.37672 0.90097
  outer loop
   vertex -3.7000 1.7000 -3.0800
   vertex -3.3228 1.8525 -3.1064
   vertex -3.3500 1.9000 -3.0800
  endloop
 endfacet
 facet normal -0.86824 -0.49614 0.00000
  outer loop
   vertex -3.7000 1.7000 -3.1500
   vertex -3.6728 1.6525 -3.1064
   vertex -3.7000 1.7000 -3.0800
  endloop
 endfacet
 facet normal 0.86824 0.49614 0.00000
  outer loop
   vertex -3.3500 1.9000 -3.1500
   vertex -3.3500 1.9000 -3.0800
   vertex -3.3228 1.8525 -3.1064
  endloop
 endfacet
 facet normal 0.48370 -0.84647 0.22252
  outer loop
   vertex -3.6728 1.6525 -3.1064
   vertex -3.6661 1.6407 -3.1656
   vertex -3.3161 1.8407 -3.1656
  endloop
 endfacet
 facet normal 0.48370 -0.84647 0.22252
  outer loop
   vertex -3.6728 1.6525 -3.1064
   vertex -3.3161 1.8407 -3.1656
   vertex -3.3228 1.8525 -3.1064
  endloop
 endfacet
 facet normal -0.86824 -0.49614 -0.00000
  outer loop
   vertex -3.7000 1.7000 -3.1500
   vertex -3.6661 1.6407 -3.1656
   vertex -3.6728 1.6525 -3.1064
  endloop
 endfacet
 facet normal 0.86824 0.49614 0.00000
  outer loop
   vertex -3.3500 1.9000 -3.1500
   vertex -3.3228 1.8525 -3.1064
   vertex -3.3161 1.8407 -3.1656
  endloop
 endfacet
 facet normal 0.38790 -0.67882 -0.62349
  outer loop
   vertex -3.6661 1.6407 -3.1656
   vertex -3.6849 1.6736 -3.2131
   vertex -3.3349 1.8736 -3.2131
  endloop
 endfacet
 facet normal 0.38790 -0.67882 -0.62349
  outer loop
   vertex -3.6661 1.6407 -3.1656
   vertex -3.3349 1.8736 -3.2131
   vertex -3.3161 1.8407 -3.1656
  endloop
 endfacet
 facet normal -0.86824 -0.49614 -0.00000
  outer loop
   vertex -3.7000 1.7000 -3.1500
   vertex -3.6849 1.6736 -3.2131
   vertex -3.6661 1.6407 -3.1656
  endloop
 endfacet
 facet normal 0.86824 0.49614 0.00000
  outer loop
   vertex -3.3500 1.9000 -3.1500
   vertex -3.3161 1.8407 -3.1656
   vertex -3.3349 1.8736 -3.2131
  endloop
 endfacet
 facet normal 0.00000 0.00000 -1.00000
  outer loop
   vertex -3.6849 1.6736 -3.2131
   vertex -3.7151 1.7264 -3.2131
   vertex -3.3651 1.9264 -3.2131
  endloop
 endfacet
 facet normal 0.00000 0.00000 -1.00000
  outer loop
   vertex -3.6849 1.6736 -3.2131
   vertex -3.3651 1.9264 -3.2131
   vertex -3.3349 1.8736 -3.2131
  endloop
 endfacet
 facet normal -0.86824 -0.49614 0.00000
  outer loop
   vertex -3.7000 1.7000 -3.1500
   vertex -3.7151 1.7264 -3.2131
   vertex -3.6849 1.6736 -3.2131
  endloop
 endfacet
 facet normal 0.86824 0.49614 -0.00000
  outer loop
   vertex -3.3500 1.9000 -3.1500
   vertex -3.3349 1.8736 -3.2131
   vertex -3.3651 1.9264 -3.2131
  endloop
 endfacet
 facet normal -0.38790 0.67882 -0.62349
  outer loop
   vertex -3.7151 1.7264 -3.2131
   vertex -3.7339 1.7593 -3.1656
   vertex -3.3839 1.9593 -3.1656
  endloop
 endfacet
 facet normal -0.38790 0.67882 -0.62349
  outer loop
   vertex -3.7151 1.7264 -3.2131
   vertex -3.3839 1.9593 -3.1656
   vertex -3.3651 1.9264 -3.2131
  endloop
 endfacet
 facet normal -0.86824 -0.49614 0.00000
  outer loop
   vertex -3.7000 1.7000 -3.1500
   vertex -3.7339 1.7593 -3.1656
   vertex -3.7151 1.7264 -3.2131
  endloop
 endfacet
 facet normal 0.86824 0.49614 -0.00000
  outer loop
   vertex -3.3500 1.9000 -3.1500
   vertex -3.3651 1.9264 -3.2131
   vertex -3.3839 1.9593 -3.1656
  endloop
 endfacet
 facet normal -0.48370 0.84647 0.22252
  outer loop
   vertex -3.7339 1.7593 -3.1656
   vertex -3.7272 1.7475 -3.1064
   vertex -3.3772 1.9475 -3.1064
  endloop
 endfacet
 facet normal -0.48370 0.84647 0.22252
  outer loop
   vertex -3.7339 1.7593 -3.1656
   vertex -3.3772 1.9475 -3.1064
   vertex -3.3839 1.9593 -3.1656
  endloop
 endfacet
 facet normal -0.86824 -0.49614 0.00000
  outer loop
   vertex -3.7000 1.7000 -3.1500
   vertex -3.7272 1.7475 -3.1064
   vertex -3.7339 1.7593 -3.1656
  endloop
 endfacet
 facet normal 0.86824 0.49614 -0.00000
  outer loop
   vertex -3.3500 1.9000 -3.1500
   vertex -3.3839 1.9593 -3.1656
   vertex -3.3772 1.9475 -3.1064
  endloop
 endfacet
 facet normal -0.21527 0.37672 0.90097
  outer loop
   vertex -3.7272 1.7475 -3.1064
   vertex -3.7000 1.7000 -3.0800
   vertex -3.3500 1.9000 -3.0800
  endloop
 endfacet
 facet normal -0.21527 0.37672 0.90097
  outer loop
   vertex -3.7272 1.7475 -3.1064
   vertex -3.3500 1.9000 -3.0800
   vertex -3.3772 1.9475 -3.1064
  endloop
 endfacet
 facet normal -0.86824 -0.49614 0.00000
  outer loop
   vertex -3.7000 1.7000 -3.1500
   vertex -3.7000 1.7000 -3.0800
   vertex -3.7272 1.7475 -3.1064
  endloop
 endfacet
 facet normal 0.86824 0.49614 0.00000
  outer loop
   vertex -3.3500 1.9000 -3.1500
   vertex -3.3772 1.9475 -3.1064
   vertex -3.3500 1.9000 -3.0800
  endloop
 endfacet
 facet normal 0.00000 -0.43388 0.90097
  outer loop
   vertex -3.3500 1.9000 -3.1050
   vertex -3.3500 1.8648 -3.1219
   vertex -2.9000 1.8648 -3.1219
  endloop
 endfacet
 facet normal 0.00000 -0.43388 0.90097
  outer loop
   vertex -3.3500 1.9000 -3.1050
   vertex -2.9000 1.8648 -3.1219
   vertex -2.9000 1.9000 -3.1050
  endloop
 endfacet
 facet normal -1.00000 0.00000 0.00000
  outer loop
   vertex -3.3500 1.9000 -3.1500
   vertex -3.3500 1.8648 -3.1219
   vertex -3.3500 1.9000 -3.1050
  endloop
 endfacet
 facet normal 1.00000 0.00000 0.00000
  outer loop
   vertex -2.9000 1.9000 -3.1500
   vertex -2.9000 1.9000 -3.1050
   vertex -2.9000 1.8648 -3.1219
  endloop
 endfacet
 facet normal 0.00000 -0.97493 0.22252
  outer loop
   vertex -3.3500 1.8648 -3.1219
   vertex -3.3500 1.8561 -3.1600
   vertex -2.9000 1.8561 -3.1600
  endloop
 endfacet
 facet normal 0.00000 -0.97493 0.22252
  outer loop
   vertex -3.3500 1.8648 -3.1219
   vertex -2.9000 1.8561 -3.1600
   vertex -2.9000 1.8648 -3.1219
  endloop
 endfacet
 facet normal -1.00000 0.00000 0.00000
  outer loop
   vertex -3.3500 1.9000 -3.1500
   vertex -3.3500 1.8561 -3.1600
   vertex -3.3500 1.8648 -3.1219
  endloop
 endfacet
 facet normal 1.00000 0.00000 0.00000
  outer loop
   vertex -2.9000 1.9000 -3.1500
   vertex -2.9000 1.8648 -3.1219
   vertex -2.9000 1.8561 -3.1600
  endloop
 endfacet
 facet normal 0.00000 -0.78183 -0.62349
  outer loop
   vertex -3.3500 1.8561 -3.1600
   vertex -3.3500 1.8805 -3.1905
   vertex -2.9000 1.8805 -3.1905
  endloop
 endfacet
 facet normal 0.00000 -0.78183 -0.62349
  outer loop
   vertex -3.3500 1.8561 -3.1600
   vertex -2.9000 1.8805 -3.1905
   vertex -2.9000 1.8561 -3.1600
  endloop
 endfacet
 facet normal -1.00000 0.00000 0.00000
  outer loop
   vertex -3.3500 1.9000 -3.1500
   vertex -3.3500 1.8805 -3.1905
   vertex -3.3500 1.8561 -3.1600
  endloop
 endfacet
 facet normal 1.00000 0.00000 0.00000
  outer loop
   vertex -2.9000 1.9000 -3.1500
   vertex -2.9000 1.8561 -3.1600
   vertex -2.9000 1.8805 -3.1905
  endloop
 endfacet
 facet normal 0.00000 0.00000 -1.00000
  outer loop
   vertex -3.3500 1.8805 -3.1905
   vertex -3.3500 1.9195 -3.1905
   vertex -2.9000 1.9195 -3.1905
  endloop
 endfacet
 facet normal 0.00000 0.00000 -1.00000
  outer loop
   vertex -3.3500 1.8805 -3.1905
   vertex -2.9000 1.9195 -3.1905
   vertex -2.9000 1.8805 -3.1905
  endloop
 endfacet
 facet normal -1.00000 0.00000 0.00000
  outer loop
   vertex -3.3500 1.9000 -3.1500
   vertex -3.3500 1.9195 -3.1905
   vertex -3.3500 1.8805 -3.1905
  endloop
 endfacet
 facet normal 1.00000 0.00000 0.00000
  outer loop
   vertex -2.9000 1.9000 -3.1500
   vertex -2.9000 1.8805 -3.1905
   vertex -2.9000 1.9195 -3.1905
  endloop
 endfacet
 facet normal 0.00000 0.78183 -0.62349
  outer loop
   vertex -3.3500 1.9195 -3.1905
   vertex -3.3500 1.9439 -3.1600
   vertex -2.9000 1.9439 -3.1600
  endloop
 endfacet
 facet normal 0.00000 0.78183 -0.62349
  outer loop
   vertex -3.3500 1.9195 -3.1905
   vertex -2.9000 1.9439 -3.1600
   vertex -2.9000 1.9195 -3.1905
  endloop
 endfacet
 facet normal -1.00000 0.00000 0.00000
  outer loop
   vertex -3.3500 1.9000 -3.1500
   vertex -3.3500 1.9439 -3.1600
   vertex -3.3500 1.9195 -3.1905
  endloop
 endfacet
 facet normal 1.00000 0.00000 0.00000
  outer loop
   vertex -2.9000 1.9000 -3.1500
   vertex -2.9000 1.9195 -3.1905
   vertex -2.9000 1.9439 -3.1600
  endloop
 endfacet
 facet normal 0.00000 0.97493 0.22252
  outer loop
   vertex -3.3500 1.9439 -3.1600
   vertex -3.3500 1.9352 -3.1219
   vertex -2.9000 1.9352 -3.1219
  endloop
 endfacet
 facet normal 0.00000 0.97493 0.22252
  outer loop
   vertex -3.3500 1.9439 -3.1600
   vertex -2.9000 1.9352 -3.1219
   vertex -2.9000 1.9439 -3.1600
  endloop
 endfacet
 facet normal -1.00000 0.00000 0.00000
  outer loop
   vertex -3.3500 1.9000 -3.1500
   vertex -3.3500 1.9352 -3.1219
   vertex -3.3500 1.9439 -3.1600
  endloop
 endfacet
 facet normal 1.00000 0.00000 0.00000
  outer loop
   vertex -2.9000 1.9000 -3.1500
   vertex -2.9000 1.9439 -3.1600
   vertex -2.9000 1.9352 -3.1219
  endloop
 endfacet
 facet normal 0.00000 0.43388 0.90097
  outer loop
   vertex -3.3500 1.9352 -3.1219
   vertex -3.3500 1.9000 -3.1050
   vertex -2.9000 1.9000 -3.1050
  endloop
 endfacet
 facet normal 0.00000 0.43388 0.90097
  outer loop
   vertex -3.3500 1.9352 -3.1219
   vertex -2.9000 1.9000 -3.1050
   vertex -2.9000 1.9352 -3.1219
  endloop
 endfacet
 facet normal -1.00000 0.00000 0.00000
  outer loop
   vertex -3.3500 1.9000 -3.1500
   vertex -3.3500 1.9000 -3.1050
   vertex -3.3500 1.9352 -3.1219
  endloop
 endfacet
 facet normal 1.00000 0.00000 0.00000
  outer loop
   vertex -2.9000 1.9000 -3.1500
   vertex -2.9000 1.9352 -3.1219
   vertex -2.9000 1.9000 -3.1050
  endloop
 endfacet
 facet normal -0.50000 0.00000 -0.86603
  outer loop
   vertex -3.6500 1.3000 -3.2100
   vertex -3.7020 1.3000 -3.1800
   vertex -3.7020 1.6000 -3.1800
  endloop
 endfacet
 facet normal -0.50000 0.00000 -0.86603
  outer loop
   vertex -3.6500 1.3000 -3.2100
   vertex -3.7020 1.6000 -3.1800
   vertex -3.6500 1.6000 -3.2100
  endloop
 endfacet
 facet normal 0.00000 -1.00000 0.00000
  outer loop
   vertex -3.6500 1.3000 -3.1500
   vertex -3.7020 1.3000 -3.1800
   vertex -3.6500 1.3000 -3.2100
  endloop
 endfacet
 facet normal 0.00000 1.00000 0.00000
  outer loop
   vertex -3.6500 1.6000 -3.1500
   vertex -3.6500 1.6000 -3.2100
   vertex -3.7020 1.6000 -3.1800
  endloop
 endfacet
 facet normal -1.00000 0.00000 0.00000
  outer loop
   vertex -3.7020 1.3000 -3.1800
   vertex -3.7020 1.3000 -3.1200
   vertex -3.7020 1.6000 -3.1200
  endloop
 endfacet
 facet normal -1.00000 0.00000 0.00000
  outer loop
   vertex -3.7020 1.3000 -3.1800
   vertex -3.7020 1.6000 -3.1200
   vertex -3.7020 1.6000 -3.1800
  endloop
 endfacet
 facet normal 0.00000 -1.00000 0.00000
  outer loop
   vertex -3.6500 1.3000 -3.1500
   vertex -3.7020 1.3000 -3.1200
   vertex -3.7020 1.3000 -3.1800
  endloop
 endfacet
 facet normal 0.00000 1.00000 0.00000
  outer loop
   vertex -3.6500 1.6000 -3.1500
   vertex -3.7020 1.6000 -3.1800
   vertex -3.7020 1.6000 -3.1200
  endloop
 endfacet
 facet normal -0.50000 0.00000 0.86603
  outer loop
   vertex -3.7020 1.3000 -3.1200
   vertex -3.6500 1.3000 -3.0900
   vertex -3.6500 1.6000 -3.0900
  endloop
 endfacet
 facet normal -0.50000 0.00000 0.86603
  outer loop
   vertex -3.7020 1.3000 -3.1200
   vertex -3.6500 1.6000 -3.0900
   vertex -3.7020 1.6000 -3.1200
  endloop
 endfacet
 facet normal 0.00000 -1.00000 0.00000
  outer loop
   vertex -3.6500 1.3000 -3.1500
   vertex -3.6500 1.3000 -3.0900
   vertex -3.7020 1.3000 -3.1200
  endloop
 endfacet
 facet normal 0.00000 1.00000 0.00000
  outer loop
   vertex -3.6500 1.6000 -3.1500
   vertex -3.7020 1.6000 -3.1200
   vertex -3.6500 1.6000 -3.0900
  endloop
 endfacet
 facet normal 0.50000 0.00000 0.86603
  outer loop
   vertex -3.6500 1.3000 -3.0900
   vertex -3.5980 1.3000 -3.1200
   vertex -3.5980 1.6000 -3.1200
  endloop
 endfacet
 facet normal 0.50000 0.00000 0.86603
  outer loop
   vertex -3.6500 1.3000 -3.0900
   vertex -3.5980 1.6000 -3.1200
   vertex -3.6500 1.6000 -3.0900
  endloop
 endfacet
 facet normal 0.00000 -1.00000 0.00000
  outer loop
   vertex -3.6500 1.3000 -3.1500
   vertex -3.5980 1.3000 -3.1200
   vertex -3.6500 1.3000 -3.0900
  endloop
 endfacet
 facet normal 0.00000 1.00000 0.00000
  outer loop
   vertex -3.6500 1.6000 -3.1500
   vertex -3.6500 1.6000 -3.0900
   vertex -3.5980 1.6000 -3.1200
  endloop
 endfacet
 facet normal 1.00000 0.00000 0.00000
  outer loop
   vertex -3.5980 1.3000 -3.1200
   vertex -3.5980 1.3000 -3.1800
   vertex -3.5980 1.6000 -3.1800
  endloop
 endfacet
 facet normal 1.00000 0.00000 0.00000
  outer loop
   vertex -3.5980 1.3000 -3.1200
   vertex -3.5980 1.6000 -3.1800
   vertex -3.5980 1.6000 -3.1200
  endloop
 endfacet
 facet normal 0.00000 -1.00000 0.00000
  outer loop
   vertex -3.6500 1.3000 -3.1500
   vertex -3.5980 1.3000 -3.1800
   vertex -3.5980 1.3000 -3.1200
  endloop
 endfacet
 facet normal 0.00000 1.00000 0.00000
  outer loop
   vertex -3.6500 1.6000 -3.1500
   vertex -3.5980 1.6000 -3.1200
   vertex -3.5980 1.6000 -3.1800
  endloop
 endfacet
 facet normal 0.50000 0.00000 -0.86603
  outer loop
   vertex -3.5980 1.3000 -3.1800
   vertex -3.6500 1.3000 -3.2100
   vertex -3.6500 1.6000 -3.2100
  endloop
 endfacet
 facet normal 0.50000 0.00000 -0.86603
  outer loop
   vertex -3.5980 1.3000 -3.1800
   vertex -3.6500 1.6000 -3.2100
   vertex -3.5980 1.6000 -3.1800
  endloop
 endfacet
 facet normal 0.00000 -1.00000 0.00000
  outer loop
   vertex -3.6500 1.3000 -3.1500
   vertex -3.6500 1.3000 -3.2100
   vertex -3.5980 1.3000 -3.1800
  endloop
 endfacet
 facet normal 0.00000 1.00000 0.00000
  outer loop
   vertex -3.6500 1.6000 -3.1500
   vertex -3.5980 1.6000 -3.1800
   vertex -3.6500 1.6000 -3.2100
  endloop
 endfacet
 facet normal 0.21527 -0.37672 0.90097
  outer loop
   vertex -2.7000 1.7000 -3.0800
   vertex -2.6728 1.6525 -3.1064
   vertex -2.3228 1.8525 -3.1064
  endloop
 endfacet
 facet normal 0.21527 -0.37672 0.90097
  outer loop
   vertex -2.7000 1.7000 -3.0800
   vertex -2.3228 1.8525 -3.1064
   vertex -2.3500 1.9000 -3.0800
  endloop
 endfacet
 facet normal -0.86824 -0.49614 0.00000
  outer loop
   vertex -2.7000 1.7000 -3.1500
   vertex -2.6728 1.6525 -3.1064
   vertex -2.7000 1.7000 -3.0800
  endloop
 endfacet
 facet normal 0.86824 0.49614 0.00000
  outer loop
   vertex -2.3500 1.9000 -3.1500
   vertex -2.3500 1.9000 -3.0800
   vertex -2.3228 1.8525 -3.1064
  endloop
 endfacet
 facet normal 0.48370 -0.84647 0.22252
  outer loop
   vertex -2.6728 1.6525 -3.1064
   vertex -2.6661 1.6407 -3.1656
   vertex -2.3161 1.8407 -3.1656
  endloop
 endfacet
 facet normal 0.48370 -0.84647 0.22252
  outer loop
   vertex -2.6728 1.6525 -3.1064
   vertex -2.3161 1.8407 -3.1656
   vertex -2.3228 1.8525 -3.1064
  endloop
 endfacet
 facet normal -0.86824 -0.49614 -0.00000
  outer loop
   vertex -2.7000 1.7000 -3.1500
   vertex -2.6661 1.6407 -3.1656
   vertex -2.6728 1.6525 -3.1064
  endloop
 endfacet
 facet normal 0.86824 0.49614 0.00000
  outer loop
   vertex -2.3500 1.9000 -3.1500
   vertex -2.3228 1.8525 -3.1064
   vertex -2.3161 1.8407 -3.1656
  endloop
 endfacet
 facet normal 0.38790 -0.67882 -0.62349
  outer loop
   vertex -2.6661 1.6407 -3.1656
   vertex -2.6849 1.6736 -3.2131
   vertex -2.3349 1.8736 -3.2131
  endloop
 endfacet
 facet normal 0.38790 -0.67882 -0.62349
  outer loop
   vertex -2.6661 1.6407 -3.1656
   vertex -2.3349 1.8736 -3.2131
   vertex -2.3161 1.8407 -3.1656
  endloop
 endfacet
 facet normal -0.86824 -0.49614 -0.00000
  outer loop
   vertex -2.7000 1.7000 -3.1500
   vertex -2.6849 1.6736 -3.2131
   vertex -2.6661 1.6407 -3.1656
  endloop
 endfacet
 facet normal 0.86824 0.49614 0.00000
  outer loop
   vertex -2.3500 1.9000 -3.1500
   vertex -2.3161 1.8407 -3.1656
   vertex -2.3349 1.8736 -3.2131
  endloop
 endfacet
 facet normal 0.00000 0.00000 -1.00000
  outer loop
   vertex -2.6849 1.6736 -3.2131
   vertex -2.7151 1.7264 -3.2131
   vertex -2.3651 1.9264 -3.2131
  endloop
 endfacet
 facet normal 0.00000 0.00000 -1.00000
  outer loop
   vertex -2.6849 1.6736 -3.2131
   vertex -2.3651 1.9264 -3.2131
   vertex -2.3349 1.8736 -3.2131
  endloop
 endfacet
 facet normal -0.86824 -0.49614 0.00000
  outer loop
   vertex -2.7000 1.7000 -3.1500
   vertex -2.7151 1.7264 -3.2131
   vertex -2.6849 1.6736 -3.2131
  endloop
 endfacet
 facet normal 0.86824 0.49614 -0.00000
  outer loop
   vertex -2.3500 1.9000 -3.1500
   vertex -2.3349 1.8736 -3.2131
   vertex -2.3651 1.9264 -3.2131
  endloop
 endfacet
 facet normal -0.38790 0.67882 -0.62349
  outer loop
   vertex -2.7151 1.7264 -3.2131
   vertex -2.7339 1.7593 -3.1656
   vertex -2.3839 1.9593 -3.1656
  endloop
 endfacet
 facet normal -0.38790 0.67882 -0.62349
  outer loop
   vertex -2.7151 1.7264 -3.2131
   vertex -2.3839 1.9593 -3.1656
   vertex -2.3651 1.9264 -3.2131
  endloop
 endfacet
 facet normal -0.86824 -0.49614 0.00000
  outer loop
   vertex -2.7000 1.7000 -3.1500
   vertex -2.7339 1.7593 -3.1656
   vertex -2.7151 1.7264 -3.2131
  endloop
 endfacet
 facet normal 0.86824 0.49614 -0.00000
  outer loop
   vertex -2.3500 1.9000 -3.1500
   vertex -2.3651 1.9264 -3.2131
   vertex -2.3839 1.9593 -3.1656
  endloop
 endfacet
 facet normal -0.48370 0.84647 0.22252
  outer loop
   vertex -2.7339 1.7593 -3.1656
   vertex -2.7272 1.7475 -3.1064
   vertex -2.3772 1.9475 -3.1064
  endloop
 endfacet
 facet normal -0.48370 0.84647 0.22252
  outer loop
   vertex -2.7339 1.7593 -3.1656
   vertex -2.3772 1.9475 -3.1064
   vertex -2.3839 1.9593 -3.1656
  endloop
 endfacet
 facet normal -0.86824 -0.49614 0.00000
  outer loop
   vertex -2.7000 1.7000 -3.1500
   vertex -2.7272 1.7475 -3.1064
   vertex -2.7339 1.7593 -3.1656
  endloop
 endfacet
 facet normal 0.86824 0.49614 -0.00000
  outer loop
   vertex -2.3500 1.9000 -3.1500
   vertex -2.3839 1.9593 -3.1656
   vertex -2.3772 1.9475 -3.1064
  endloop
 endfacet
 facet normal -0.21527 0.37672 0.90097
  outer loop
   vertex -2.7272 1.7475 -3.1064
   vertex -2.7000 1.7000 -3.0800
   vertex -2.3500 1.9000 -3.0800
  endloop
 endfacet
 facet normal -0.21527 0.37672 0.90097
  outer loop
   vertex -2.7272 1.7475 -3.1064
   vertex -2.3500 1.9000 -3.0800
   vertex -2.3772 1.9475 -3.1064
  endloop
 endfacet
 facet normal -0.86824 -0.49614 0.00000
  outer loop
   vertex -2.7000 1.7000 -3.1500
   vertex -2.7000 1.7000 -3.0800
   vertex -2.7272 1.7475 -3.1064
  endloop
 endfacet
 facet normal 0.86824 0.49614 0.00000
  outer loop
   vertex -2.3500 1.9000 -3.1500
   vertex -2.3772 1.9475 -3.1064
   vertex -2.3500 1.9000 -3.0800
  endloop
 endfacet
 facet normal 0.00000 -0.43388 0.90097
  outer loop
   vertex -2.3500 1.9000 -3.1050
   vertex -2.3500 1.8648 -3.1219
   vertex -1.9000 1.8648 -3.1219
  endloop
 endfacet
 facet normal 0.00000 -0.43388 0.90097
  outer loop
   vertex -2.3500 1.9000 -3.1050
   vertex -1.9000 1.8648 -3.1219
   vertex -1.9000 1.9000 -3.1050
  endloop
 endfacet
 facet normal -1.00000 0.00000 0.00000
  outer loop
   vertex -2.3500 1.9000 -3.1500
   vertex -2.3500 1.8648 -3.1219
   vertex -2.3500 1.9000 -3.1050
  endloop
 endfacet
 facet normal 1.00000 0.00000 0.00000
  outer loop
   vertex -1.9000 1.9000 -3.1500
   vertex -1.9000 1.9000 -3.1050
   vertex -1.9000 1.8648 -3.1219
  endloop
 endfacet
 facet normal 0.00000 -0.97493 0.22252
  outer loop
   vertex -2.3500 1.8648 -3.1219
   vertex -2.3500 1.8561 -3.1600
   vertex -1.9000 1.8561 -3.1600
  endloop
 endfacet
 facet normal 0.00000 -0.97493 0.22252
  outer loop
   vertex -2.3500 1.8648 -3.1219
   vertex -1.9000 1.8561 -3.1600
   vertex -1.9000 1.8648 -3.1219
  endloop
 endfacet
 facet normal -1.00000 0.00000 0.00000
  outer loop
   vertex -2.3500 1.9000 -3.1500
   vertex -2.3500 1.8561 -3.1600
   vertex -2.3500 1.8648 -3.1219
  endloop
 endfacet
 facet normal 1.00000 0.00000 0.00000
  outer loop
   vertex -1.9000 1.9000 -3.1500
   vertex -1.9000 1.8648 -3.1219
   vertex -1.9000 1.8561 -3.1600
  endloop
 endfacet
 facet normal 0.00000 -0.78183 -0.62349
  outer loop
   vertex -2.3500 1.8561 -3.1600
   vertex -2.3500 1.8805 -3.1905
   vertex -1.9000 1.8805 -3.1905
  endloop
 endfacet
 facet normal 0.00000 -0.78183 -0.62349
  outer loop
   vertex -2.3500 1.8561 -3.1600
   vertex -1.9000 1.8805 -3.1905
   vertex -1.9000 1.8561 -3.1600
  endloop
 endfacet
 facet normal -1.00000 0.00000 0.00000
  outer loop
   vertex -2.3500 1.9000 -3.1500
   vertex -2.3500 1.8805 -3.1905
   vertex -2.3500 1.8561 -3.1600
  endloop
 endfacet
 facet normal 1.00000 0.00000 0.00000
  outer loop
   vertex -1.9000 1.9000 -3.1500
   vertex -1.9000 1.8561 -3.1600
   vertex -1.9000 1.8805 -3.1905
  endloop
 endfacet
 facet normal 0.00000 0.00000 -1.00000
  outer loop
   vertex -2.3500 1.8805 -3.1905
   vertex -2.3500 1.9195 -3.1905
   vertex -1.9000 1.9195 -3.1905
  endloop
 endfacet
 facet normal 0.00000 0.00000 -1.00000
  outer loop
   vertex -2.3500 1.8805 -3.1905
   vertex -1.9000 1.9195 -3.1905
   vertex -1.9000 1.8805 -3.1905
  endloop
 endfacet
 facet normal -1.00000 0.00000 0.00000
  outer loop
   vertex -2.3500 1.9000 -3.1500
   vertex -2.3500 1.9195 -3.1905
   vertex -2.3500 1.8805 -3.1905
  endloop
 endfacet
 facet normal 1.00000 0.00000 0.00000
  outer loop
   vertex -1.9000 1.9000 -3.1500
   vertex -1.9000 1.8805 -3.1905
   vertex -1.9000 1.9195 -3.1905
  endloop
 endfacet
 facet normal 0.00000 0.78183 -0.62349
  outer loop
   vertex -2.3500 1.9195 -3.1905
   vertex -2.3500 1.9439 -3.1600
   vertex -1.9000 1.9439 -3.1600
  endloop
 endfacet
 facet normal 0.00000 0.78183 -0.62349
  outer loop
   vertex -2.3500 1.9195 -3.1905
   vertex -1.9000 1.9439 -3.1600
   vertex -1.9000 1.9195 -3.1905
  endloop
 endfacet
 facet normal -1.00000 0.00000 0.00000
  outer loop
   vertex -2.3500 1.9000 -3.1500
   vertex -2.3500 1.9439 -3.1600
   vertex -2.3500 1.9195 -3.1905
  endloop
 endfacet
 facet normal 1.00000 0.00000 0.00000
  outer loop
   vertex -1.9000 1.9000 -3.1500
   vertex -1.9000 1.9195 -3.1905
   vertex -1.9000 1.9439 -3.1600
  endloop
 endfacet
 facet normal 0.00000 0.97493 0.22252
  outer loop
   vertex -2.3500 1.9439 -3.1600
   vertex -2.3500 1.9352 -3.1219
   vertex -1.9000 1.9352 -3.1219
  endloop
 endfacet
 facet normal 0.00000 0.97493 0.22252
  outer loop
   vertex -2.3500 1.9439 -3.1600
   vertex -1.9000 1.9352 -3.1219
   vertex -1.9000 1.9439 -3.1600
  endloop
 endfacet
 facet normal -1.00000 0.00000 0.00000
  outer loop
   vertex -2.3500 1.9000 -3.1500
   vertex -2.3500 1.9352 -3.1219
   vertex -2.3500 1.9439 -3.1600
  endloop
 endfacet
 facet normal 1.00000 0.00000 0.00000
  outer loop
   vertex -1.9000 1.9000 -3.1500
   vertex -1.9000 1.9439 -3.1600
   vertex -1.9000 1.9352 -3.1219
  endloop
 endfacet
 facet normal 0.00000 0.43388 0.90097
  outer loop
   vertex -2.3500 1.9352 -3.1219
   vertex -2.3500 1.9000 -3.1050
   vertex -1.9000 1.9000 -3.1050
  endloop
 endfacet
 facet normal 0.00000 0.43388 0.90097
  outer loop
   vertex -2.3500 1.9352 -3.1219
   vertex -1.9000 1.9000 -3.1050
   vertex -1.9000 1.9352 -3.1219
  endloop
 endfacet
 facet normal -1.00000 0.00000 0.00000
  outer loop
   vertex -2.3500 1.9000 -3.1500
   vertex -2.3500 1.9000 -3.1050
   vertex -2.3500 1.9352 -3.1219
  endloop
 endfacet
 facet normal 1.00000 0.00000 0.00000
  outer loop
   vertex -1.9000 1.9000 -3.1500
   vertex -1.9000 1.9352 -3.1219
   vertex -1.9000 1.9000 -3.1050
  endloop
 endfacet
 facet normal -0.50000 0.00000 -0.86603
  outer loop
   vertex -2.6500 1.3000 -3.2100
   vertex -2.7020 1.3000 -3.1800
   vertex -2.7020 1.6000 -3.1800
  endloop
 endfacet
 facet normal -0.50000 0.00000 -0.86603
  outer loop
   vertex -2.6500 1.3000 -3.2100
   vertex -2.7020 1.6000 -3.1800
   vertex -2.6500 1.6000 -3.2100
  endloop
 endfacet
 facet normal 0.00000 -1.00000 0.00000
  outer loop
   vertex -2.6500 1.3000 -3.1500
   vertex -2.7020 1.3000 -3.1800
   vertex -2.6500 1.3000 -3.2100
  endloop
 endfacet
 facet normal 0.00000 1.00000 0.00000
  outer loop
   vertex -2.6500 1.6000 -3.1500
   vertex -2.6500 1.6000 -3.2100
   vertex -2.7020 1.6000 -3.1800
  endloop
 endfacet
 facet normal -1.00000 0.00000 0.00000
  outer loop
   vertex -2.7020 1.3000 -3.1800
   vertex -2.7020 1.3000 -3.1200
   vertex -2.7020 1.6000 -3.1200
  endloop
 endfacet
 facet normal -1.00000 0.00000 0.00000
  outer loop
   vertex -2.7020 1.3000 -3.1800
   vertex -2.7020 1.6000 -3.1200
   vertex -2.7020 1.6000 -3.1800
  endloop
 endfacet
 facet normal 0.00000 -1.00000 0.00000
  outer loop
   vertex -2.6500 1.3000 -3.1500
   vertex -2.7020 1.3000 -3.1200
   vertex -2.7020 1.3000 -3.1800
  endloop
 endfacet
 facet normal 0.00000 1.00000 0.00000
  outer loop
   vertex -2.6500 1.6000 -3.1500
   vertex -2.7020 1.6000 -3.1800
   vertex -2.7020 1.6000 -3.1200
  endloop
 endfacet
 facet normal -0.50000 0.00000 0.86603
  outer loop
   vertex -2.7020 1.3000 -3.1200
   vertex -2.6500 1.3000 -3.0900
   vertex -2.6500 1.6000 -3.0900
  endloop
 endfacet
 facet normal -0.50000 0.00000 0.86603
  outer loop
   vertex -2.7020 1.3000 -3.1200
   vertex -2.6500 1.6000 -3.0900
   vertex -2.7020 1.6000 -3.1200
  endloop
 endfacet
 facet normal 0.00000 -1.00000 0.00000
  outer loop
   vertex -2.6500 1.3000 -3.1500
   vertex -2.6500 1.3000 -3.0900
   vertex -2.7020 1.3000 -3.1200
  endloop
 endfacet
 facet normal 0.00000 1.00000 0.00000
  outer loop
   vertex -2.6500 1.6000 -3.1500
   vertex -2.7020 1.6000 -3.1200
   vertex -2.6500 1.6000 -3.0900
  endloop
 endfacet
 facet normal 0.50000 0.00000 0.86603
  outer loop
   vertex -2.6500 1.3000 -3.0900
   vertex -2.5980 1.3000 -3.1200
   vertex -2.5980 1.6000 -3.1200
  endloop
 endfacet
 facet normal 0.50000 0.00000 0.86603
  outer loop
   vertex -2.6500 1.3000 -3.0900
   vertex -2.5980 1.6000 -3.1200
   vertex -2.6500 1.6000 -3.0900
  endloop
 endfacet
 facet normal 0.00000 -1.00000 0.00000
  outer loop
   vertex -2.6500 1.3000 -3.1500
   vertex -2.5980 1.3000 -3.1200
   vertex -2.6500 1.3000 -3.0900
  endloop
 endfacet
 facet normal 0.00000 1.00000 0.00000
  outer loop
   vertex -2.6500 1.6000 -3.1500
   vertex -2.6500 1.6000 -3.0900
   vertex -2.5980 1.6000 -3.1200
  endloop
 endfacet
 facet normal 1.00000 0.00000 0.00000
  outer loop
   vertex -2.5980 1.3000 -3.1200
   vertex -2.5980 1.3000 -3.1800
   vertex -2.5980 1.6000 -3.1800
  endloop
 endfacet
 facet normal 1.00000 0.00000 0.00000
  outer loop
   vertex -2.5980 1.3000 -3.1200
   vertex -2.5980 1.6000 -3.1800
   vertex -2.5980 1.6000 -3.1200
  endloop
 endfacet
 facet normal 0.00000 -1.00000 0.00000
  outer loop
   vertex -2.6500 1.3000 -3.1500
   vertex -2.5980 1.3000 -3.1800
   vertex -2.5980 1.3000 -3.1200
  endloop
 endfacet
 facet normal 0.00000 1.00000 0.00000
  outer loop
   vertex -2.6500 1.6000 -3.1500
   vertex -2.5980 1.6000 -3.1200
   vertex -2.5980 1.6000 -3.1800
  endloop
 endfacet
 facet normal 0.50000 0.00000 -0.86603
  outer loop
   vertex -2.5980 1.3000 -3.1800
   vertex -2.6500 1.3000 -3.2100
   vertex -2.6500 1.6000 -3.2100
  endloop
 endfacet
 facet normal 0.50000 0.00000 -0.86603
  outer loop
   vertex -2.5980 1.3000 -3.1800
   vertex -2.6500 1.6000 -3.2100
   vertex -2.5980 1.6000 -3.1800
  endloop
 endfacet
 facet normal 0.00000 -1.00000 0.00000
  outer loop
   vertex -2.6500 1.3000 -3.1500
   vertex -2.6500 1.3000 -3.2100
   vertex -2.5980 1.3000 -3.1800
  endloop
 endfacet
 facet normal 0.00000 1.00000 0.00000
  outer loop
   vertex -2.6500 1.6000 -3.1500
   vertex -2.5980 1.6000 -3.1800
   vertex -2.6500 1.6000 -3.2100
  endloop
 endfacet
 facet normal 0.21527 -0.37672 0.90097
  outer loop
   vertex -0.5000 1.7000 -3.0800
   vertex -0.4728 1.6525 -3.1064
   vertex -0.1228 1.8525 -3.1064
  endloop
 endfacet
 facet normal 0.21527 -0.37672 0.90097
  outer loop
   vertex -0.5000 1.7000 -3.0800
   vertex -0.1228 1.8525 -3.1064
   vertex -0.1500 1.9000 -3.0800
  endloop
 endfacet
 facet normal -0.86824 -0.49614 0.00000
  outer loop
   vertex -0.5000 1.7000 -3.1500
   vertex -0.4728 1.6525 -3.1064
   vertex -0.5000 1.7000 -3.0800
  endloop
 endfacet
 facet normal 0.86824 0.49614 0.00000
  outer loop
   vertex -0.1500 1.9000 -3.1500
   vertex -0.1500 1.9000 -3.0800
   vertex -0.1228 1.8525 -3.1064
  endloop
 endfacet
 facet normal 0.48370 -0.84647 0.22252
  outer loop
   vertex -0.4728 1.6525 -3.1064
   vertex -0.4661 1.6407 -3.1656
   vertex -0.1161 1.8407 -3.1656
  endloop
 endfacet
 facet normal 0.48370 -0.84647 0.22252
  outer loop
   vertex -0.4728 1.6525 -3.1064
   vertex -0.1161 1.8407 -3.1656
   vertex -0.1228 1.8525 -3.1064
  endloop
 endfacet
 facet normal -0.86824 -0.49614 -0.00000
  outer loop
   vertex -0.5000 1.7000 -3.1500
   vertex -0.4661 1.6407 -3.1656
   vertex -0.4728 1.6525 -3.1064
  endloop
 endfacet
 facet normal 0.86824 0.49614 0.00000
  outer loop
   vertex -0.1500 1.9000 -3.1500
   vertex -0.1228 1.8525 -3.1064
   vertex -0.1161 1.8407 -3.1656
  endloop
 endfacet
 facet normal 0.38790 -0.67882 -0.62349
  outer loop
   vertex -0.4661 1.6407 -3.1656
   vertex -0.4849 1.6736 -3.2131
   vertex -0.1349 1.8736 -3.2131
  endloop
 endfacet
 facet normal 0.38790 -0.67882 -0.62349
  outer loop
   vertex -0.4661 1.6407 -3.1656
   vertex -0.1349 1.8736 -3.2131
   vertex -0.1161 1.8407 -3.1656
  endloop
 endfacet
 facet normal -0.86824 -0.49614 0.00000
  outer loop
   vertex -0.5000 1.7000 -3.1500
   vertex -0.4849 1.6736 -3.2131
   vertex -0.4661 1.6407 -3.1656
  endloop
 endfacet
 facet normal 0.86824 0.49614 -0.00000
  outer loop
   vertex -0.1500 1.9000 -3.1500
   vertex -0.1161 1.8407 -3.1656
   vertex -0.1349 1.8736 -3.2131
  endloop
 endfacet
 facet normal 0.00000 0.00000 -1.00000
  outer loop
   vertex -0.4849 1.6736 -3.2131
   vertex -0.5151 1.7264 -3.2131
   vertex -0.1651 1.9264 -3.2131
  endloop
 endfacet
 facet normal 0.00000 0.00000 -1.00000
  outer loop
   vertex -0.4849 1.6736 -3.2131
   vertex -0.1651 1.9264 -3.2131
   vertex -0.1349 1.8736 -3.2131
  endloop
 endfacet
 facet normal -0.86824 -0.49614 0.00000
  outer loop
   vertex -0.5000 1.7000 -3.1500
   vertex -0.5151 1.7264 -3.2131
   vertex -0.4849 1.6736 -3.2131
  endloop
 endfacet
 facet normal 0.86824 0.49614 0.00000
  outer loop
   vertex -0.1500 1.9000 -3.1500
   vertex -0.1349 1.8736 -3.2131
   vertex -0.1651 1.9264 -3.2131
  endloop
 endfacet
 facet normal -0.38790 0.67882 -0.62349
  outer loop
   vertex -0.5151 1.7264 -3.2131
   vertex -0.5339 1.7593 -3.1656
   vertex -0.1839 1.9593 -3.1656
  endloop
 endfacet
 facet normal -0.38790 0.67882 -0.62349
  outer loop
   vertex -0.5151 1.7264 -3.2131
   vertex -0.1839 1.9593 -3.1656
   vertex -0.1651 1.9264 -3.2131
  endloop
 endfacet
 facet normal -0.86824 -0.49614 0.00000
  outer loop
   vertex -0.5000 1.7000 -3.1500
   vertex -0.5339 1.7593 -3.1656
   vertex -0.5151 1.7264 -3.2131
  endloop
 endfacet
 facet normal 0.86824 0.49614 0.00000
  outer loop
   vertex -0.1500 1.9000 -3.1500
   vertex -0.1651 1.9264 -3.2131
   vertex -0.1839 1.9593 -3.1656
  endloop
 endfacet
 facet normal -0.48370 0.84647 0.22252
  outer loop
   vertex -0.5339 1.7593 -3.1656
   vertex -0.5272 1.7475 -3.1064
   vertex -0.1772 1.9475 -3.1064
  endloop
 endfacet
 facet normal -0.48370 0.84647 0.22252
  outer loop
   vertex -0.5339 1.7593 -3.1656
   vertex -0.1772 1.9475 -3.1064
   vertex -0.1839 1.9593 -3.1656
  endloop
 endfacet
 facet normal -0.86824 -0.49614 0.00000
  outer loop
   vertex -0.5000 1.7000 -3.1500
   vertex -0.5272 1.7475 -3.1064
   vertex -0.5339 1.7593 -3.1656
  endloop
 endfacet
 facet normal 0.86824 0.49614 -0.00000
  outer loop
   vertex -0.1500 1.9000 -3.1500
   vertex -0.1839 1.9593 -3.1656
   vertex -0.1772 1.9475 -3.1064
  endloop
 endfacet
 facet normal -0.21527 0.37672 0.90097
  outer loop
   vertex -0.5272 1.7475 -3.1064
   vertex -0.5000 1.7000 -3.0800
   vertex -0.1500 1.9000 -3.0800
  endloop
 endfacet
 facet normal -0.21527 0.37672 0.90097
  outer loop
   vertex -0.5272 1.7475 -3.1064
   vertex -0.1500 1.9000 -3.0800
   vertex -0.1772 1.9475 -3.1064
  endloop
 endfacet
 facet normal -0.86824 -0.49614 0.00000
  outer loop
   vertex -0.5000 1.7000 -3.1500
   vertex -0.5000 1.7000 -3.0800
   vertex -0.5272 1.7475 -3.1064
  endloop
 endfacet
 facet normal 0.86824 0.49614 0.00000
  outer loop
   vertex -0.1500 1.9000 -3.1500
   vertex -0.1772 1.9475 -3.1064
   vertex -0.1500 1.9000 -3.0800
  endloop
 endfacet
 facet normal 0.00000 -0.43388 0.90097
  outer loop
   vertex -0.1500 1.9000 -3.1050
   vertex -0.1500 1.8648 -3.1219
   vertex 0.3000 1.8648 -3.1219
  endloop
 endfacet
 facet normal 0.00000 -0.43388 0.90097
  outer loop
   vertex -0.1500 1.9000 -3.1050
   vertex 0.3000 1.8648 -3.1219
   vertex 0.3000 1.9000 -3.1050
  endloop
 endfacet
 facet normal -1.00000 0.00000 0.00000
  outer loop
   vertex -0.1500 1.9000 -3.1500
   vertex -0.1500 1.8648 -3.1219
   vertex -0.1500 1.9000 -3.1050
  endloop
 endfacet
 facet normal 1.00000 0.00000 0.00000
  outer loop
   vertex 0.3000 1.9000 -3.1500
   vertex 0.3000 1.9000 -3.1050
   vertex 0.3000 1.8648 -3.1219
  endloop
 endfacet
 facet normal 0.00000 -0.97493 0.22252
  outer loop
   vertex -0.1500 1.8648 -3.1219
   vertex -0.1500 1.8561 -3.1600
   vertex 0.3000 1.8561 -3.1600
  endloop
 endfacet
 facet normal 0.00000 -0.97493 0.22252
  outer loop
   vertex -0.1500 1.8648 -3.1219
   vertex 0.3000 1.8561 -3.1600
   vertex 0.3000 1.8648 -3.1219
  endloop
 endfacet
 facet normal -1.00000 0.00000 0.00000
  outer loop
   vertex -0.1500 1.9000 -3.1500
   vertex -0.1500 1.8561 -3.1600
   vertex -0.1500 1.8648 -3.1219
  endloop
 endfacet
 facet normal 1.00000 0.00000 0.00000
  outer loop
   vertex 0.3000 1.9000 -3.1500
   vertex 0.3000 1.8648 -3.1219
   vertex 0.3000 1.8561 -3.1600
  endloop
 endfacet
 facet normal 0.00000 -0.78183 -0.62349
  outer loop
   vertex -0.1500 1.8561 -3.1600
   vertex -0.1500 1.8805 -3.1905
   vertex 0.3000 1.8805 -3.1905
  endloop
 endfacet
 facet normal 0.00000 -0.78183 -0.62349
  outer loop
   vertex -0.1500 1.8561 -3.1600
   vertex 0.3000 1.8805 -3.1905
   vertex 0.3000 1.8561 -3.1600
  endloop
 endfacet
 facet normal -1.00000 0.00000 0.00000
  outer loop
   vertex -0.1500 1.9000 -3.1500
   vertex -0.1500 1.8805 -3.1905
   vertex -0.1500 1.8561 -3.1600
  endloop
 endfacet
 facet normal 1.00000 0.00000 0.00000
  outer loop
   vertex 0.3000 1.9000 -3.1500
   vertex 0.3000 1.8561 -3.1600
   vertex 0.3000 1.8805 -3.1905
  endloop
 endfacet
 facet normal 0.00000 0.00000 -1.00000
  outer loop
   vertex -0.1500 1.8805 -3.1905
   vertex -0.1500 1.9195 -3.1905
   vertex 0.3000 1.9195 -3.1905
  endloop
 endfacet
 facet normal 0.00000 0.00000 -1.00000
  outer loop
   vertex -0.1500 1.8805 -3.1905
   vertex 0.3000 1.9195 -3.1905
   vertex 0.3000 1.8805 -3.1905
  endloop
 endfacet
 facet normal -1.00000 0.00000 0.00000
  outer loop
   vertex -0.1500 1.9000 -3.1500
   vertex -0.1500 1.9195 -3.1905
   vertex -0.1500 1.8805 -3.1905
  endloop
 endfacet
 facet normal 1.00000 0.00000 0.00000
  outer loop
   vertex 0.3000 1.9000 -3.1500
   vertex 0.3000 1.8805 -3.1905
   vertex 0.3000 1.9195 -3.1905
  endloop
 endfacet
 facet normal 0.00000 0.78183 -0.62349
  outer loop
   vertex -0.1500 1.9195 -3.1905
   vertex -0.1500 1.9439 -3.1600
   vertex 0.3000 1.9439 -3.1600
  endloop
 endfacet
 facet normal 0.00000 0.78183 -0.62349
  outer loop
   vertex -0.1500 1.9195 -3.1905
   vertex 0.3000 1.9439 -3.1600
   vertex 0.3000 1.9195 -3.1905
  endloop
 endfacet
 facet normal -1.00000 0.00000 0.00000
  outer loop
   vertex -0.1500 1.9000 -3.1500
   vertex -0.1500 1.9439 -3.1600
   vertex -0.1500 1.9195 -3.1905
  endloop
 endfacet
 facet normal 1.00000 0.00000 0.00000
  outer loop
   vertex 0.3000 1.9000 -3.1500
   vertex 0.3000 1.9195 -3.1905
   vertex 0.3000 1.9439 -3.1600
  endloop
 endfacet
 facet normal 0.00000 0.97493 0.22252
  outer loop
   vertex -0.1500 1.9439 -3.1600
   vertex -0.1500 1.9352 -3.1219
   vertex 0.3000 1.9352 -3.1219
  endloop
 endfacet
 facet normal 0.00000 0.97493 0.22252
  outer loop
   vertex -0.1500 1.9439 -3.1600
   vertex 0.3000 1.9352 -3.1219
   vertex 0.3000 1.9439 -3.1600
  endloop
 endfacet
 facet normal -1.00000 0.00000 0.00000
  outer loop
   vertex -0.1500 1.9000 -3.1500
   vertex -0.1500 1.9352 -3.1219
   vertex -0.1500 1.9439 -3.1600
  endloop
 endfacet
 facet normal 1.00000 0.00000 0.00000
  outer loop
   vertex 0.3000 1.9000 -3.1500
   vertex 0.3000 1.9439 -3.1600
   vertex 0.3000 1.9352 -3.1219
  endloop
 endfacet
 facet normal 0.00000 0.43388 0.90097
  outer loop
   vertex -0.1500 1.9352 -3.1219
   vertex -0.1500 1.9000 -3.1050
   vertex 0.3000 1.9000 -3.1050
  endloop
 endfacet
 facet normal 0.00000 0.43388 0.90097
  outer loop
   vertex -0.1500 1.9352 -3.1219
   vertex 0.3000 1.9000 -3.1050
   vertex 0.3000 1.9352 -3.1219
  endloop
 endfacet
 facet normal -1.00000 0.00000 0.00000
  outer loop
   vertex -0.1500 1.9000 -3.1500
   vertex -0.1500 1.9000 -3.1050
   vertex -0.1500 1.9352 -3.1219
  endloop
 endfacet
 facet normal 1.00000 0.00000 0.00000
  outer loop
   vertex 0.3000 1.9000 -3.1500
   vertex 0.3000 1.9352 -3.1219
   vertex 0.3000 1.9000 -3.1050
  endloop
 endfacet
 facet normal -0.50000 0.00000 -0.86603
  outer loop
   vertex -0.4500 1.3000 -3.2100
   vertex -0.5020 1.3000 -3.1800
   vertex -0.5020 1.6000 -3.1800
  endloop
 endfacet
 facet normal -0.50000 0.00000 -0.86603
  outer loop
   vertex -0.4500 1.3000 -3.2100
   vertex -0.5020 1.6000 -3.1800
   vertex -0.4500 1.6000 -3.2100
  endloop
 endfacet
 facet normal 0.00000 -1.00000 0.00000
  outer loop
   vertex -0.4500 1.3000 -3.1500
   vertex -0.5020 1.3000 -3.1800
   vertex -0.4500 1.3000 -3.2100
  endloop
 endfacet
 facet normal 0.00000 1.00000 0.00000
  outer loop
   vertex -0.4500 1.6000 -3.1500
   vertex -0.4500 1.6000 -3.2100
   vertex -0.5020 1.6000 -3.1800
  endloop
 endfacet
 facet normal -1.00000 0.00000 0.00000
  outer loop
   vertex -0.5020 1.3000 -3.1800
   vertex -0.5020 1.3000 -3.1200
   vertex -0.5020 1.6000 -3.1200
  endloop
 endfacet
 facet normal -1.00000 0.00000 0.00000
  outer loop
   vertex -0.5020 1.3000 -3.1800
   vertex -0.5020 1.6000 -3.1200
   vertex -0.5020 1.6000 -3.1800
  endloop
 endfacet
 facet normal 0.00000 -1.00000 0.00000
  outer loop
   vertex -0.4500 1.3000 -3.1500
   vertex -0.5020 1.3000 -3.1200
   vertex -0.5020 1.3000 -3.1800
  endloop
 endfacet
 facet normal 0.00000 1.00000 0.00000
  outer loop
   vertex -0.4500 1.6000 -3.1500
   vertex -0.5020 1.6000 -3.1800
   vertex -0.5020 1.6000 -3.1200
  endloop
 endfacet
 facet normal -0.50000 0.00000 0.86603
  outer loop
   vertex -0.5020 1.3000 -3.1200
   vertex -0.4500 1.3000 -3.0900
   vertex -0.4500 1.6000 -3.0900
  endloop
 endfacet
 facet normal -0.50000 0.00000 0.86603
  outer loop
   vertex -0.5020 1.3000 -3.1200
   vertex -0.4500 1.6000 -3.0900
   vertex -0.5020 1.6000 -3.1200
  endloop
 endfacet
 facet normal 0.00000 -1.00000 0.00000
  outer loop
   vertex -0.4500 1.3000 -3.1500
   vertex -0.4500 1.3000 -3.0900
   vertex -0.5020 1.3000 -3.1200
  endloop
 endfacet
 facet normal 0.00000 1.00000 0.00000
  outer loop
   vertex -0.4500 1.6000 -3.1500
   vertex -0.5020 1.6000 -3.1200
   vertex -0.4500 1.6000 -3.0900
  endloop
 endfacet
 facet normal 0.50000 0.00000 0.86603
  outer loop
   vertex -0.4500 1.3000 -3.0900
   vertex -0.3980 1.3000 -3.1200
   vertex -0.3980 1.6000 -3.1200
  endloop
 endfacet
 facet normal 0.50000 0.00000 0.86603
  outer loop
   vertex -0.4500 1.3000 -3.0900
   vertex -0.3980 1.6000 -3.1200
   vertex -0.4500 1.6000 -3.0900
  endloop
 endfacet
 facet normal 0.00000 -1.00000 0.00000
  outer loop
   vertex -0.4500 1.3000 -3.1500
   vertex -0.3980 1.3000 -3.1200
   vertex -0.4500 1.3000 -3.0900
  endloop
 endfacet
 facet normal 0.00000 1.00000 0.00000
  outer loop
   vertex -0.4500 1.6000 -3.1500
   vertex -0.4500 1.6000 -3.0900
   vertex -0.3980 1.6000 -3.1200
  endloop
 endfacet
 facet normal 1.00000 0.00000 0.00000
  outer loop
   vertex -0.3980 1.3000 -3.1200
   vertex -0.3980 1.3000 -3.1800
   vertex -0.3980 1.6000 -3.1800
  endloop
 endfacet
 facet normal 1.00000 0.00000 0.00000
  outer loop
   vertex -0.3980 1.3000 -3.1200
   vertex -0.3980 1.6000 -3.1800
   vertex -0.3980 1.6000 -3.1200
  endloop
 endfacet
 facet normal 0.00000 -1.00000 0.00000
  outer loop
   vertex -0.4500 1.3000 -3.1500
   vertex -0.3980 1.3000 -3.1800
   vertex -0.3980 1.3000 -3.1200
  endloop
 endfacet
 facet normal 0.00000 1.00000 0.00000
  outer loop
   vertex -0.4500 1.6000 -3.1500
   vertex -0.3980 1.6000 -3.1200
   vertex -0.3980 1.6000 -3.1800
  endloop
 endfacet
 facet normal 0.50000 0.00000 -0.86603
  outer loop
   vertex -0.3980 1.3000 -3.1800
   vertex -0.4500 1.3000 -3.2100
   vertex -0.4500 1.6000 -3.2100
  endloop
 endfacet
 facet normal 0.50000 0.00000 -0.86603
  outer loop
   vertex -0.3980 1.3000 -3.1800
   vertex -0.4500 1.6000 -3.2100
   vertex -0.3980 1.6000 -3.1800
  endloop
 endfacet
 facet normal 0.00000 -1.00000 0.00000
  outer loop
   vertex -0.4500 1.3000 -3.1500
   vertex -0.4500 1.3000 -3.2100
   vertex -0.3980 1.3000 -3.1800
  endloop
 endfacet
 facet normal 0.00000 1.00000 0.00000
  outer loop
   vertex -0.4500 1.6000 -3.1500
   vertex -0.3980 1.6000 -3.1800
   vertex -0.4500 1.6000 -3.2100
  endloop
 endfacet
 facet normal 0.21527 -0.37672 0.90097
  outer loop
   vertex 0.5000 1.7000 -3.0800
   vertex 0.5272 1.6525 -3.1064
   vertex 0.8772 1.8525 -3.1064
  endloop
 endfacet
 facet normal 0.21527 -0.37672 0.90097
  outer loop
   vertex 0.5000 1.7000 -3.0800
   vertex 0.8772 1.8525 -3.1064
   vertex 0.8500 1.9000 -3.0800
  endloop
 endfacet
 facet normal -0.86824 -0.49614 0.00000
  outer loop
   vertex 0.5000 1.7000 -3.1500
   vertex 0.5272 1.6525 -3.1064
   vertex 0.5000 1.7000 -3.0800
  endloop
 endfacet
 facet normal 0.86824 0.49614 0.00000
  outer loop
   vertex 0.8500 1.9000 -3.1500
   vertex 0.8500 1.9000 -3.0800
   vertex 0.8772 1.8525 -3.1064
  endloop
 endfacet
 facet normal 0.48370 -0.84647 0.22252
  outer loop
   vertex 0.5272 1.6525 -3.1064
   vertex 0.5339 1.6407 -3.1656
   vertex 0.8839 1.8407 -3.1656
  endloop
 endfacet
 facet normal 0.48370 -0.84647 0.22252
  outer loop
   vertex 0.5272 1.6525 -3.1064
   vertex 0.8839 1.8407 -3.1656
   vertex 0.8772 1.8525 -3.1064
  endloop
 endfacet
 facet normal -0.86824 -0.49614 -0.00000
  outer loop
   vertex 0.5000 1.7000 -3.1500
   vertex 0.5339 1.6407 -3.1656
   vertex 0.5272 1.6525 -3.1064
  endloop
 endfacet
 facet normal 0.86824 0.49614 0.00000
  outer loop
   vertex 0.8500 1.9000 -3.1500
   vertex 0.8772 1.8525 -3.1064
   vertex 0.8839 1.8407 -3.1656
  endloop
 endfacet
 facet normal 0.38790 -0.67882 -0.62349
  outer loop
   vertex 0.5339 1.6407 -3.1656
   vertex 0.5151 1.6736 -3.2131
   vertex 0.8651 1.8736 -3.2131
  endloop
 endfacet
 facet normal 0.38790 -0.67882 -0.62349
  outer loop
   vertex 0.5339 1.6407 -3.1656
   vertex 0.8651 1.8736 -3.2131
   vertex 0.8839 1.8407 -3.1656
  endloop
 endfacet
 facet normal -0.86824 -0.49614 0.00000
  outer loop
   vertex 0.5000 1.7000 -3.1500
   vertex 0.5151 1.6736 -3.2131
   vertex 0.5339 1.6407 -3.1656
  endloop
 endfacet
 facet normal 0.86824 0.49614 -0.00000
  outer loop
   vertex 0.8500 1.9000 -3.1500
   vertex 0.8839 1.8407 -3.1656
   vertex 0.8651 1.8736 -3.2131
  endloop
 endfacet
 facet normal 0.00000 0.00000 -1.00000
  outer loop
   vertex 0.5151 1.6736 -3.2131
   vertex 0.4849 1.7264 -3.2131
   vertex 0.8349 1.9264 -3.2131
  endloop
 endfacet
 facet normal 0.00000 0.00000 -1.00000
  outer loop
   vertex 0.5151 1.6736 -3.2131
   vertex 0.8349 1.9264 -3.2131
   vertex 0.8651 1.8736 -3.2131
  endloop
 endfacet
 facet normal -0.86824 -0.49614 0.00000
  outer loop
   vertex 0.5000 1.7000 -3.1500
   vertex 0.4849 1.7264 -3.2131
   vertex 0.5151 1.6736 -3.2131
  endloop
 endfacet
 facet normal 0.86824 0.49614 0.00000
  outer loop
   vertex 0.8500 1.9000 -3.1500
   vertex 0.8651 1.8736 -3.2131
   vertex 0.8349 1.9264 -3.2131
  endloop
 endfacet
 facet normal -0.38790 0.67882 -0.62349
  outer loop
   vertex 0.4849 1.7264 -3.2131
   vertex 0.4661 1.7593 -3.1656
   vertex 0.8161 1.9593 -3.1656
  endloop
 endfacet
 facet normal -0.38790 0.67882 -0.62349
  outer loop
   vertex 0.4849 1.7264 -3.2131
   vertex 0.8161 1.9593 -3.1656
   vertex 0.8349 1.9264 -3.2131
  endloop
 endfacet
 facet normal -0.86824 -0.49614 0.00000
  outer loop
   vertex 0.5000 1.7000 -3.1500
   vertex 0.4661 1.7593 -3.1656
   vertex 0.4849 1.7264 -3.2131
  endloop
 endfacet
 facet normal 0.86824 0.49614 0.00000
  outer loop
   vertex 0.8500 1.9000 -3.1500
   vertex 0.8349 1.9264 -3.2131
   vertex 0.8161 1.9593 -3.1656
  endloop
 endfacet
 facet normal -0.48370 0.84647 0.22252
  outer loop
   vertex 0.4661 1.7593 -3.1656
   vertex 0.4728 1.7475 -3.1064
   vertex 0.8228 1.9475 -3.1064
  endloop
 endfacet
 facet normal -0.48370 0.84647 0.22252
  outer loop
   vertex 0.4661 1.7593 -3.1656
   vertex 0.8228 1.9475 -3.1064
   vertex 0.8161 1.9593 -3.1656
  endloop
 endfacet
 facet normal -0.86824 -0.49614 0.00000
  outer loop
   vertex 0.5000 1.7000 -3.1500
   vertex 0.4728 1.7475 -3.1064
   vertex 0.4661 1.7593 -3.1656
  endloop
 endfacet
 facet normal 0.86824 0.49614 -0.00000
  outer loop
   vertex 0.8500 1.9000 -3.1500
   vertex 0.8161 1.9593 -3.1656
   vertex 0.8228 1.9475 -3.1064
  endloop
 endfacet
 facet normal -0.21527 0.37672 0.90097
  outer loop
   vertex 0.4728 1.7475 -3.1064
   vertex 0.5000 1.7000 -3.0800
   vertex 0.8500 1.9000 -3.0800
  endloop
 endfacet
 facet normal -0.21527 0.37672 0.90097
  outer loop
   vertex 0.4728 1.7475 -3.1064
   vertex 0.8500 1.9000 -3.0800
   vertex 0.8228 1.9475 -3.1064
  endloop
 endfacet
 facet normal -0.86824 -0.49614 0.00000
  outer loop
   vertex 0.5000 1.7000 -3.1500
   vertex 0.5000 1.7000 -3.0800
   vertex 0.4728 1.7475 -3.1064
  endloop
 endfacet
 facet normal 0.86824 0.49614 0.00000
  outer loop
   vertex 0.8500 1.9000 -3.1500
   vertex 0.8228 1.9475 -3.1064
   vertex 0.8500 1.9000 -3.0800
  endloop
 endfacet
 facet normal 0.00000 -0.43388 0.90097
  outer loop
   vertex 0.8500 1.9000 -3.1050
   vertex 0.8500 1.8648 -3.1219
   vertex 1.3000 1.8648 -3.1219
  endloop
 endfacet
 facet normal 0.00000 -0.43388 0.90097
  outer loop
   vertex 0.8500 1.9000 -3.1050
   vertex 1.3000 1.8648 -3.1219
   vertex 1.3000 1.9000 -3.1050
  endloop
 endfacet
 facet normal -1.00000 0.00000 0.00000
  outer loop
   vertex 0.8500 1.9000 -3.1500
   vertex 0.8500 1.8648 -3.1219
   vertex 0.8500 1.9000 -3.1050
  endloop
 endfacet
 facet normal 1.00000 0.00000 0.00000
  outer loop
   vertex 1.3000 1.9000 -3.1500
   vertex 1.3000 1.9000 -3.1050
   vertex 1.3000 1.8648 -3.1219
  endloop
 endfacet
 facet normal 0.00000 -0.97493 0.22252
  outer loop
   vertex 0.8500 1.8648 -3.1219
   vertex 0.8500 1.8561 -3.1600
   vertex 1.3000 1.8561 -3.1600
  endloop
 endfacet
 facet normal 0.00000 -0.97493 0.22252
  outer loop
   vertex 0.8500 1.8648 -3.1219
   vertex 1.3000 1.8561 -3.1600
   vertex 1.3000 1.8648 -3.1219
  endloop
 endfacet
 facet normal -1.00000 0.00000 0.00000
  outer loop
   vertex 0.8500 1.9000 -3.1500
   vertex 0.8500 1.8561 -3.1600
   vertex 0.8500 1.8648 -3.1219
  endloop
 endfacet
 facet normal 1.00000 0.00000 0.00000
  outer loop
   vertex 1.3000 1.9000 -3.1500
   vertex 1.3000 1.8648 -3.1219
   vertex 1.3000 1.8561 -3.1600
  endloop
 endfacet
 facet normal 0.00000 -0.78183 -0.62349
  outer loop
   vertex 0.8500 1.8561 -3.1600
   vertex 0.8500 1.8805 -3.1905
   vertex 1.3000 1.8805 -3.1905
  endloop
 endfacet
 facet normal 0.00000 -0.78183 -0.62349
  outer loop
   vertex 0.8500 1.8561 -3.1600
   vertex 1.3000 1.8805 -3.1905
   vertex 1.3000 1.8561 -3.1600
  endloop
 endfacet
 facet normal -1.00000 0.00000 0.00000
  outer loop
   vertex 0.8500 1.9000 -3.1500
   vertex 0.8500 1.8805 -3.1905
   vertex 0.8500 1.8561 -3.1600
  endloop
 endfacet
 facet normal 1.00000 0.00000 0.00000
  outer loop
   vertex 1.3000 1.9000 -3.1500
   vertex 1.3000 1.8561 -3.1600
   vertex 1.3000 1.8805 -3.1905
  endloop
 endfacet
 facet normal 0.00000 0.00000 -1.00000
  outer loop
   vertex 0.8500 1.8805 -3.1905
   vertex 0.8500 1.9195 -3.1905
   vertex 1.3000 1.9195 -3.1905
  endloop
 endfacet
 facet normal 0.00000 0.00000 -1.00000
  outer loop
   vertex 0.8500 1.8805 -3.1905
   vertex 1.3000 1.9195 -3.1905
   vertex 1.3000 1.8805 -3.1905
  endloop
 endfacet
 facet normal -1.00000 0.00000 0.00000
  outer loop
   vertex 0.8500 1.9000 -3.1500
   vertex 0.8500 1.9195 -3.1905
   vertex 0.8500 1.8805 -3.1905
  endloop
 endfacet
 facet normal 1.00000 0.00000 0.00000
  outer loop
   vertex 1.3000 1.9000 -3.1500
   vertex 1.3000 1.8805 -3.1905
   vertex 1.3000 1.9195 -3.1905
  endloop
 endfacet
 facet normal 0.00000 0.78183 -0.62349
  outer loop
   vertex 0.8500 1.9195 -3.1905
   vertex 0.8500 1.9439 -3.1600
   vertex 1.3000 1.9439 -3.1600
  endloop
 endfacet
 facet normal 0.00000 0.78183 -0.62349
  outer loop
   vertex 0.8500 1.9195 -3.1905
   vertex 1.3000 1.9439 -3.1600
   vertex 1.3000 1.9195 -3.1905
  endloop
 endfacet
 facet normal -1.00000 0.00000 0.00000
  outer loop
   vertex 0.8500 1.9000 -3.1500
   vertex 0.8500 1.9439 -3.1600
   vertex 0.8500 1.9195 -3.1905
  endloop
 endfacet
 facet normal 1.00000 0.00000 0.00000
  outer loop
   vertex 1.3000 1.9000 -3.1500
   vertex 1.3000 1.9195 -3.1905
   vertex 1.3000 1.9439 -3.1600
  endloop
 endfacet
 facet normal 0.00000 0.97493 0.22252
  outer loop
   vertex 0.8500 1.9439 -3.1600
   vertex 0.8500 1.9352 -3.1219
   vertex 1.3000 1.9352 -3.1219
  endloop
 endfacet
 facet normal 0.00000 0.97493 0.22252
  outer loop
   vertex 0.8500 1.9439 -3.1600
   vertex 1.3000 1.9352 -3.1219
   vertex 1.3000 1.9439 -3.1600
  endloop
 endfacet
 facet normal -1.00000 0.00000 0.00000
  outer loop
   vertex 0.8500 1.9000 -3.1500
   vertex 0.8500 1.9352 -3.1219
   vertex 0.8500 1.9439 -3.1600
  endloop
 endfacet
 facet normal 1.00000 0.00000 0.00000
  outer loop
   vertex 1.3000 1.9000 -3.1500
   vertex 1.3000 1.9439 -3.1600
   vertex 1.3000 1.9352 -3.1219
  endloop
 endfacet
 facet normal 0.00000 0.43388 0.90097
  outer loop
   vertex 0.8500 1.9352 -3.1219
   vertex 0.8500 1.9000 -3.1050
   vertex 1.3000 1.9000 -3.1050
  endloop
 endfacet
 facet normal 0.00000 0.43388 0.90097
  outer loop
   vertex 0.8500 1.9352 -3.1219
   vertex 1.3000 1.9000 -3.1050
   vertex 1.3000 1.9352 -3.1219
  endloop
 endfacet
 facet normal -1.00000 0.00000 0.00000
  outer loop
   vertex 0.8500 1.9000 -3.1500
   vertex 0.8500 1.9000 -3.1050
   vertex 0.8500 1.9352 -3.1219
  endloop
 endfacet
 facet normal 1.00000 0.00000 0.00000
  outer loop
   vertex 1.3000 1.9000 -3.1500
   vertex 1.3000 1.9352 -3.1219
   vertex 1.3000 1.9000 -3.1050
  endloop
 endfacet
 facet normal -0.50000 0.00000 -0.86603
  outer loop
   vertex 0.5500 1.3000 -3.2100
   vertex 0.4980 1.3000 -3.1800
   vertex 0.4980 1.6000 -3.1800
  endloop
 endfacet
 facet normal -0.50000 0.00000 -0.86603
  outer loop
   vertex 0.5500 1.3000 -3.2100
   vertex 0.4980 1.6000 -3.1800
   vertex 0.5500 1.6000 -3.2100
  endloop
 endfacet
 facet normal 0.00000 -1.00000 0.00000
  outer loop
   vertex 0.5500 1.3000 -3.1500
   vertex 0.4980 1.3000 -3.1800
   vertex 0.5500 1.3000 -3.2100
  endloop
 endfacet
 facet normal 0.00000 1.00000 0.00000
  outer loop
   vertex 0.5500 1.6000 -3.1500
   vertex 0.5500 1.6000 -3.2100
   vertex 0.4980 1.6000 -3.1800
  endloop
 endfacet
 facet normal -1.00000 0.00000 -0.00000
  outer loop
   vertex 0.4980 1.3000 -3.1800
   vertex 0.4980 1.3000 -3.1200
   vertex 0.4980 1.6000 -3.1200
  endloop
 endfacet
 facet normal -1.00000 0.00000 -0.00000
  outer loop
   vertex 0.4980 1.3000 -3.1800
   vertex 0.4980 1.6000 -3.1200
   vertex 0.4980 1.6000 -3.1800
  endloop
 endfacet
 facet normal 0.00000 -1.00000 0.00000
  outer loop
   vertex 0.5500 1.3000 -3.1500
   vertex 0.4980 1.3000 -3.1200
   vertex 0.4980 1.3000 -3.1800
  endloop
 endfacet
 facet normal 0.00000 1.00000 0.00000
  outer loop
   vertex 0.5500 1.6000 -3.1500
   vertex 0.4980 1.6000 -3.1800
   vertex 0.4980 1.6000 -3.1200
  endloop
 endfacet
 facet normal -0.50000 0.00000 0.86603
  outer loop
   vertex 0.4980 1.3000 -3.1200
   vertex 0.5500 1.3000 -3.0900
   vertex 0.5500 1.6000 -3.0900
  endloop
 endfacet
 facet normal -0.50000 0.00000 0.86603
  outer loop
   vertex 0.4980 1.3000 -3.1200
   vertex 0.5500 1.6000 -3.0900
   vertex 0.4980 1.6000 -3.1200
  endloop
 endfacet
 facet normal 0.00000 -1.00000 0.00000
  outer loop
   vertex 0.5500 1.3000 -3.1500
   vertex 0.5500 1.3000 -3.0900
   vertex 0.4980 1.3000 -3.1200
  endloop
 endfacet
 facet normal 0.00000 1.00000 0.00000
  outer loop
   vertex 0.5500 1.6000 -3.1500
   vertex 0.4980 1.6000 -3.1200
   vertex 0.5500 1.6000 -3.0900
  endloop
 endfacet
 facet normal 0.50000 0.00000 0.86603
  outer loop
   vertex 0.5500 1.3000 -3.0900
   vertex 0.6020 1.3000 -3.1200
   vertex 0.6020 1.6000 -3.1200
  endloop
 endfacet
 facet normal 0.50000 0.00000 0.86603
  outer loop
   vertex 0.5500 1.3000 -3.0900
   vertex 0.6020 1.6000 -3.1200
   vertex 0.5500 1.6000 -3.0900
  endloop
 endfacet
 facet normal 0.00000 -1.00000 0.00000
  outer loop
   vertex 0.5500 1.3000 -3.1500
   vertex 0.6020 1.3000 -3.1200
   vertex 0.5500 1.3000 -3.0900
  endloop
 endfacet
 facet normal 0.00000 1.00000 0.00000
  outer loop
   vertex 0.5500 1.6000 -3.1500
   vertex 0.5500 1.6000 -3.0900
   vertex 0.6020 1.6000 -3.1200
  endloop
 endfacet
 facet normal 1.00000 0.00000 0.00000
  outer loop
   vertex 0.6020 1.3000 -3.1200
   vertex 0.6020 1.3000 -3.1800
   vertex 0.6020 1.6000 -3.1800
  endloop
 endfacet
 facet normal 1.00000 0.00000 0.00000
  outer loop
   vertex 0.6020 1.3000 -3.1200
   vertex 0.6020 1.6000 -3.1800
   vertex 0.6020 1.6000 -3.1200
  endloop
 endfacet
 facet normal 0.00000 -1.00000 0.00000
  outer loop
   vertex 0.5500 1.3000 -3.1500
   vertex 0.6020 1.3000 -3.1800
   vertex 0.6020 1.3000 -3.1200
  endloop
 endfacet
 facet normal 0.00000 1.00000 0.00000
  outer loop
   vertex 0.5500 1.6000 -3.1500
   vertex 0.6020 1.6000 -3.1200
   vertex 0.6020 1.6000 -3.1800
  endloop
 endfacet
 facet normal 0.50000 0.00000 -0.86603
  outer loop
   vertex 0.6020 1.3000 -3.1800
   vertex 0.5500 1.3000 -3.2100
   vertex 0.5500 1.6000 -3.2100
  endloop
 endfacet
 facet normal 0.50000 0.00000 -0.86603
  outer loop
   vertex 0.6020 1.3000 -3.1800
   vertex 0.5500 1.6000 -3.2100
   vertex 0.6020 1.6000 -3.1800
  endloop
 endfacet
 facet normal 0.00000 -1.00000 0.00000
  outer loop
   vertex 0.5500 1.3000 -3.1500
   vertex 0.5500 1.3000 -3.2100
   vertex 0.6020 1.3000 -3.1800
  endloop
 endfacet
 facet normal 0.00000 1.00000 0.00000
  outer loop
   vertex 0.5500 1.6000 -3.1500
   vertex 0.6020 1.6000 -3.1800
   vertex 0.5500 1.6000 -3.2100
  endloop
 endfacet
 facet normal 0.21527 -0.37672 0.90097
  outer loop
   vertex 1.5000 1.7000 -3.0800
   vertex 1.5272 1.6525 -3.1064
   vertex 1.8772 1.8525 -3.1064
  endloop
 endfacet
 facet normal 0.21527 -0.37672 0.90097
  outer loop
   vertex 1.5000 1.7000 -3.0800
   vertex 1.8772 1.8525 -3.1064
   vertex 1.8500 1.9000 -3.0800
  endloop
 endfacet
 facet normal -0.86824 -0.49614 0.00000
  outer loop
   vertex 1.5000 1.7000 -3.1500
   vertex 1.5272 1.6525 -3.1064
   vertex 1.5000 1.7000 -3.0800
  endloop
 endfacet
 facet normal 0.86824 0.49614 0.00000
  outer loop
   vertex 1.8500 1.9000 -3.1500
   vertex 1.8500 1.9000 -3.0800
   vertex 1.8772 1.8525 -3.1064
  endloop
 endfacet
 facet normal 0.48370 -0.84647 0.22252
  outer loop
   vertex 1.5272 1.6525 -3.1064
   vertex 1.5339 1.6407 -3.1656
   vertex 1.8839 1.8407 -3.1656
  endloop
 endfacet
 facet normal 0.48370 -0.84647 0.22252
  outer loop
   vertex 1.5272 1.6525 -3.1064
   vertex 1.8839 1.8407 -3.1656
   vertex 1.8772 1.8525 -3.1064
  endloop
 endfacet
 facet normal -0.86824 -0.49614 -0.00000
  outer loop
   vertex 1.5000 1.7000 -3.1500
   vertex 1.5339 1.6407 -3.1656
   vertex 1.5272 1.6525 -3.1064
  endloop
 endfacet
 facet normal 0.86824 0.49614 0.00000
  outer loop
   vertex 1.8500 1.9000 -3.1500
   vertex 1.8772 1.8525 -3.1064
   vertex 1.8839 1.8407 -3.1656
  endloop
 endfacet
 facet normal 0.38790 -0.67882 -0.62349
  outer loop
   vertex 1.5339 1.6407 -3.1656
   vertex 1.5151 1.6736 -3.2131
   vertex 1.8651 1.8736 -3.2131
  endloop
 endfacet
 facet normal 0.38790 -0.67882 -0.62349
  outer loop
   vertex 1.5339 1.6407 -3.1656
   vertex 1.8651 1.8736 -3.2131
   vertex 1.8839 1.8407 -3.1656
  endloop
 endfacet
 facet normal -0.86824 -0.49614 0.00000
  outer loop
   vertex 1.5000 1.7000 -3.1500
   vertex 1.5151 1.6736 -3.2131
   vertex 1.5339 1.6407 -3.1656
  endloop
 endfacet
 facet normal 0.86824 0.49614 -0.00000
  outer loop
   vertex 1.8500 1.9000 -3.1500
   vertex 1.8839 1.8407 -3.1656
   vertex 1.8651 1.8736 -3.2131
  endloop
 endfacet
 facet normal 0.00000 0.00000 -1.00000
  outer loop
   vertex 1.5151 1.6736 -3.2131
   vertex 1.4849 1.7264 -3.2131
   vertex 1.8349 1.9264 -3.2131
  endloop
 endfacet
 facet normal 0.00000 0.00000 -1.00000
  outer loop
   vertex 1.5151 1.6736 -3.2131
   vertex 1.8349 1.9264 -3.2131
   vertex 1.8651 1.8736 -3.2131
  endloop
 endfacet
 facet normal -0.86824 -0.49614 0.00000
  outer loop
   vertex 1.5000 1.7000 -3.1500
   vertex 1.4849 1.7264 -3.2131
   vertex 1.5151 1.6736 -3.2131
  endloop
 endfacet
 facet normal 0.86824 0.49614 -0.00000
  outer loop
   vertex 1.8500 1.9000 -3.1500
   vertex 1.8651 1.8736 -3.2131
   vertex 1.8349 1.9264 -3.2131
  endloop
 endfacet
 facet normal -0.38790 0.67882 -0.62349
  outer loop
   vertex 1.4849 1.7264 -3.2131
   vertex 1.4661 1.7593 -3.1656
   vertex 1.8161 1.9593 -3.1656
  endloop
 endfacet
 facet normal -0.38790 0.67882 -0.62349
  outer loop
   vertex 1.4849 1.7264 -3.2131
   vertex 1.8161 1.9593 -3.1656
   vertex 1.8349 1.9264 -3.2131
  endloop
 endfacet
 facet normal -0.86824 -0.49614 0.00000
  outer loop
   vertex 1.5000 1.7000 -3.1500
   vertex 1.4661 1.7593 -3.1656
   vertex 1.4849 1.7264 -3.2131
  endloop
 endfacet
 facet normal 0.86824 0.49614 -0.00000
  outer loop
   vertex 1.8500 1.9000 -3.1500
   vertex 1.8349 1.9264 -3.2131
   vertex 1.8161 1.9593 -3.1656
  endloop
 endfacet
 facet normal -0.48370 0.84647 0.22252
  outer loop
   vertex 1.4661 1.7593 -3.1656
   vertex 1.4728 1.7475 -3.1064
   vertex 1.8228 1.9475 -3.1064
  endloop
 endfacet
 facet normal -0.48370 0.84647 0.22252
  outer loop
   vertex 1.4661 1.7593 -3.1656
   vertex 1.8228 1.9475 -3.1064
   vertex 1.8161 1.9593 -3.1656
  endloop
 endfacet
 facet normal -0.86824 -0.49614 0.00000
  outer loop
   vertex 1.5000 1.7000 -3.1500
   vertex 1.4728 1.7475 -3.1064
   vertex 1.4661 1.7593 -3.1656
  endloop
 endfacet
 facet normal 0.86824 0.49614 -0.00000
  outer loop
   vertex 1.8500 1.9000 -3.1500
   vertex 1.8161 1.9593 -3.1656
   vertex 1.8228 1.9475 -3.1064
  endloop
 endfacet
 facet normal -0.21527 0.37672 0.90097
  outer loop
   vertex 1.4728 1.7475 -3.1064
   vertex 1.5000 1.7000 -3.0800
   vertex 1.8500 1.9000 -3.0800
  endloop
 endfacet
 facet normal -0.21527 0.37672 0.90097
  outer loop
   vertex 1.4728 1.7475 -3.1064
   vertex 1.8500 1.9000 -3.0800
   vertex 1.8228 1.9475 -3.1064
  endloop
 endfacet
 facet normal -0.86824 -0.49614 0.00000
  outer loop
   vertex 1.5000 1.7000 -3.1500
   vertex 1.5000 1.7000 -3.0800
   vertex 1.4728 1.7475 -3.1064
  endloop
 endfacet
 facet normal 0.86824 0.49614 0.00000
  outer loop
   vertex 1.8500 1.9000 -3.1500
   vertex 1.8228 1.9475 -3.1064
   vertex 1.8500 1.9000 -3.0800
  endloop
 endfacet
 facet normal 0.00000 -0.43388 0.90097
  outer loop
   vertex 1.8500 1.9000 -3.1050
   vertex 1.8500 1.8648 -3.1219
   vertex 2.3000 1.8648 -3.1219
  endloop
 endfacet
 facet normal 0.00000 -0.43388 0.90097
  outer loop
   vertex 1.8500 1.9000 -3.1050
   vertex 2.3000 1.8648 -3.1219
   vertex 2.3000 1.9000 -3.1050
  endloop
 endfacet
 facet normal -1.00000 0.00000 0.00000
  outer loop
   vertex 1.8500 1.9000 -3.1500
   vertex 1.8500 1.8648 -3.1219
   vertex 1.8500 1.9000 -3.1050
  endloop
 endfacet
 facet normal 1.00000 0.00000 0.00000
  outer loop
   vertex 2.3000 1.9000 -3.1500
   vertex 2.3000 1.9000 -3.1050
   vertex 2.3000 1.8648 -3.1219
  endloop
 endfacet
 facet normal 0.00000 -0.97493 0.22252
  outer loop
   vertex 1.8500 1.8648 -3.1219
   vertex 1.8500 1.8561 -3.1600
   vertex 2.3000 1.8561 -3.1600
  endloop
 endfacet
 facet normal 0.00000 -0.97493 0.22252
  outer loop
   vertex 1.8500 1.8648 -3.1219
   vertex 2.3000 1.8561 -3.1600
   vertex 2.3000 1.8648 -3.1219
  endloop
 endfacet
 facet normal -1.00000 0.00000 0.00000
  outer loop
   vertex 1.8500 1.9000 -3.1500
   vertex 1.8500 1.8561 -3.1600
   vertex 1.8500 1.8648 -3.1219
  endloop
 endfacet
 facet normal 1.00000 0.00000 0.00000
  outer loop
   vertex 2.3000 1.9000 -3.1500
   vertex 2.3000 1.8648 -3.1219
   vertex 2.3000 1.8561 -3.1600
  endloop
 endfacet
 facet normal 0.00000 -0.78183 -0.62349
  outer loop
   vertex 1.8500 1.8561 -3.1600
   vertex 1.8500 1.8805 -3.1905
   vertex 2.3000 1.8805 -3.1905
  endloop
 endfacet
 facet normal 0.00000 -0.78183 -0.62349
  outer loop
   vertex 1.8500 1.8561 -3.1600
   vertex 2.3000 1.8805 -3.1905
   vertex 2.3000 1.8561 -3.1600
  endloop
 endfacet
 facet normal -1.00000 0.00000 0.00000
  outer loop
   vertex 1.8500 1.9000 -3.1500
   vertex 1.8500 1.8805 -3.1905
   vertex 1.8500 1.8561 -3.1600
  endloop
 endfacet
 facet normal 1.00000 0.00000 0.00000
  outer loop
   vertex 2.3000 1.9000 -3.1500
   vertex 2.3000 1.8561 -3.1600
   vertex 2.3000 1.8805 -3.1905
  endloop
 endfacet
 facet normal 0.00000 0.00000 -1.00000
  outer loop
   vertex 1.8500 1.8805 -3.1905
   vertex 1.8500 1.9195 -3.1905
   vertex 2.3000 1.9195 -3.1905
  endloop
 endfacet
 facet normal 0.00000 0.00000 -1.00000
  outer loop
   vertex 1.8500 1.8805 -3.1905
   vertex 2.3000 1.9195 -3.1905
   vertex 2.3000 1.8805 -3.1905
  endloop
 endfacet
 facet normal -1.00000 0.00000 0.00000
  outer loop
   vertex 1.8500 1.9000 -3.1500
   vertex 1.8500 1.9195 -3.1905
   vertex 1.8500 1.8805 -3.1905
  endloop
 endfacet
 facet normal 1.00000 0.00000 0.00000
  outer loop
   vertex 2.3000 1.9000 -3.1500
   vertex 2.3000 1.8805 -3.1905
   vertex 2.3000 1.9195 -3.1905
  endloop
 endfacet
 facet normal 0.00000 0.78183 -0.62349
  outer loop
   vertex 1.8500 1.9195 -3.1905
   vertex 1.8500 1.9439 -3.1600
   vertex 2.3000 1.9439 -3.1600
  endloop
 endfacet
 facet normal 0.00000 0.78183 -0.62349
  outer loop
   vertex 1.8500 1.9195 -3.1905
   vertex 2.3000 1.9439 -3.1600
   vertex 2.3000 1.9195 -3.1905
  endloop
 endfacet
 facet normal -1.00000 0.00000 0.00000
  outer loop
   vertex 1.8500 1.9000 -3.1500
   vertex 1.8500 1.9439 -3.1600
   vertex 1.8500 1.9195 -3.1905
  endloop
 endfacet
 facet normal 1.00000 0.00000 0.00000
  outer loop
   vertex 2.3000 1.9000 -3.1500
   vertex 2.3000 1.9195 -3.1905
   vertex 2.3000 1.9439 -3.1600
  endloop
 endfacet
 facet normal 0.00000 0.97493 0.22252
  outer loop
   vertex 1.8500 1.9439 -3.1600
   vertex 1.8500 1.9352 -3.1219
   vertex 2.3000 1.9352 -3.1219
  endloop
 endfacet
 facet normal 0.00000 0.97493 0.22252
  outer loop
   vertex 1.8500 1.9439 -3.1600
   vertex 2.3000 1.9352 -3.1219
   vertex 2.3000 1.9439 -3.1600
  endloop
 endfacet
 facet normal -1.00000 0.00000 0.00000
  outer loop
   vertex 1.8500 1.9000 -3.1500
   vertex 1.8500 1.9352 -3.1219
   vertex 1.8500 1.9439 -3.1600
  endloop
 endfacet
 facet normal 1.00000 0.00000 0.00000
  outer loop
   vertex 2.3000 1.9000 -3.1500
   vertex 2.3000 1.9439 -3.1600
   vertex 2.3000 1.9352 -3.1219
  endloop
 endfacet
 facet normal 0.00000 0.43388 0.90097
  outer loop
   vertex 1.8500 1.9352 -3.1219
   vertex 1.8500 1.9000 -3.1050
   vertex 2.3000 1.9000 -3.1050
  endloop
 endfacet
 facet normal 0.00000 0.43388 0.90097
  outer loop
   vertex 1.8500 1.9352 -3.1219
   vertex 2.3000 1.9000 -3.1050
   vertex 2.3000 1.9352 -3.1219
  endloop
 endfacet
 facet normal -1.00000 0.00000 0.00000
  outer loop
   vertex 1.8500 1.9000 -3.1500
   vertex 1.8500 1.9000 -3.1050
   vertex 1.8500 1.9352 -3.1219
  endloop
 endfacet
 facet normal 1.00000 0.00000 0.00000
  outer loop
   vertex 2.3000 1.9000 -3.1500
   vertex 2.3000 1.9352 -3.1219
   vertex 2.3000 1.9000 -3.1050
  endloop
 endfacet
 facet normal -0.50000 0.00000 -0.86603
  outer loop
   vertex 1.5500 1.3000 -3.2100
   vertex 1.4980 1.3000 -3.1800
   vertex 1.4980 1.6000 -3.1800
  endloop
 endfacet
 facet normal -0.50000 0.00000 -0.86603
  outer loop
   vertex 1.5500 1.3000 -3.2100
   vertex 1.4980 1.6000 -3.1800
   vertex 1.5500 1.6000 -3.2100
  endloop
 endfacet
 facet normal 0.00000 -1.00000 0.00000
  outer loop
   vertex 1.5500 1.3000 -3.1500
   vertex 1.4980 1.3000 -3.1800
   vertex 1.5500 1.3000 -3.2100
  endloop
 endfacet
 facet normal 0.00000 1.00000 0.00000
  outer loop
   vertex 1.5500 1.6000 -3.1500
   vertex 1.5500 1.6000 -3.2100
   vertex 1.4980 1.6000 -3.1800
  endloop
 endfacet
 facet normal -1.00000 0.00000 0.00000
  outer loop
   vertex 1.4980 1.3000 -3.1800
   vertex 1.4980 1.3000 -3.1200
   vertex 1.4980 1.6000 -3.1200
  endloop
 endfacet
 facet normal -1.00000 0.00000 0.00000
  outer loop
   vertex 1.4980 1.3000 -3.1800
   vertex 1.4980 1.6000 -3.1200
   vertex 1.4980 1.6000 -3.1800
  endloop
 endfacet
 facet normal 0.00000 -1.00000 0.00000
  outer loop
   vertex 1.5500 1.3000 -3.1500
   vertex 1.4980 1.3000 -3.1200
   vertex 1.4980 1.3000 -3.1800
  endloop
 endfacet
 facet normal 0.00000 1.00000 0.00000
  outer loop
   vertex 1.5500 1.6000 -3.1500
   vertex 1.4980 1.6000 -3.1800
   vertex 1.4980 1.6000 -3.1200
  endloop
 endfacet
 facet normal -0.50000 0.00000 0.86603
  outer loop
   vertex 1.4980 1.3000 -3.1200
   vertex 1.5500 1.3000 -3.0900
   vertex 1.5500 1.6000 -3.0900
  endloop
 endfacet
 facet normal -0.50000 0.00000 0.86603
  outer loop
   vertex 1.4980 1.3000 -3.1200
   vertex 1.5500 1.6000 -3.0900
   vertex 1.4980 1.6000 -3.1200
  endloop
 endfacet
 facet normal 0.00000 -1.00000 0.00000
  outer loop
   vertex 1.5500 1.3000 -3.1500
   vertex 1.5500 1.3000 -3.0900
   vertex 1.4980 1.3000 -3.1200
  endloop
 endfacet
 facet normal 0.00000 1.00000 0.00000
  outer loop
   vertex 1.5500 1.6000 -3.1500
   vertex 1.4980 1.6000 -3.1200
   vertex 1.5500 1.6000 -3.0900
  endloop
 endfacet
 facet normal 0.50000 0.00000 0.86603
  outer loop
   vertex 1.5500 1.3000 -3.0900
   vertex 1.6020 1.3000 -3.1200
   vertex 1.6020 1.6000 -3.1200
  endloop
 endfacet
 facet normal 0.50000 0.00000 0.86603
  outer loop
   vertex 1.5500 1.3000 -3.0900
   vertex 1.6020 1.6000 -3.1200
   vertex 1.5500 1.6000 -3.0900
  endloop
 endfacet
 facet normal 0.00000 -1.00000 0.00000
  outer loop
   vertex 1.5500 1.3000 -3.1500
   vertex 1.6020 1.3000 -3.1200
   vertex 1.5500 1.3000 -3.0900
  endloop
 endfacet
 facet normal 0.00000 1.00000 0.00000
  outer loop
   vertex 1.5500 1.6000 -3.1500
   vertex 1.5500 1.6000 -3.0900
   vertex 1.6020 1.6000 -3.1200
  endloop
 endfacet
 facet normal 1.00000 0.00000 0.00000
  outer loop
   vertex 1.6020 1.3000 -3.1200
   vertex 1.6020 1.3000 -3.1800
   vertex 1.6020 1.6000 -3.1800
  endloop
 endfacet
 facet normal 1.00000 0.00000 0.00000
  outer loop
   vertex 1.6020 1.3000 -3.1200
   vertex 1.6020 1.6000 -3.1800
   vertex 1.6020 1.6000 -3.1200
  endloop
 endfacet
 facet normal 0.00000 -1.00000 0.00000
  outer loop
   vertex 1.5500 1.3000 -3.1500
   vertex 1.6020 1.3000 -3.1800
   vertex 1.6020 1.3000 -3.1200
  endloop
 endfacet
 facet normal 0.00000 1.00000 0.00000
  outer loop
   vertex 1.5500 1.6000 -3.1500
   vertex 1.6020 1.6000 -3.1200
   vertex 1.6020 1.6000 -3.1800
  endloop
 endfacet
 facet normal 0.50000 0.00000 -0.86603
  outer loop
   vertex 1.6020 1.3000 -3.1800
   vertex 1.5500 1.3000 -3.2100
   vertex 1.5500 1.6000 -3.2100
  endloop
 endfacet
 facet normal 0.50000 0.00000 -0.86603
  outer loop
   vertex 1.6020 1.3000 -3.1800
   vertex 1.5500 1.6000 -3.2100
   vertex 1.6020 1.6000 -3.1800
  endloop
 endfacet
 facet normal 0.00000 -1.00000 0.00000
  outer loop
   vertex 1.5500 1.3000 -3.1500
   vertex 1.5500 1.3000 -3.2100
   vertex 1.6020 1.3000 -3.1800
  endloop
 endfacet
 facet normal 0.00000 1.00000 0.00000
  outer loop
   vertex 1.5500 1.6000 -3.1500
   vertex 1.6020 1.6000 -3.1800
   vertex 1.5500 1.6000 -3.2100
  endloop
 endfacet
 facet normal 0.21527 -0.37672 0.90097
  outer loop
   vertex 3.2000 1.7000 -3.0800
   vertex 3.2272 1.6525 -3.1064
   vertex 3.5772 1.8525 -3.1064
  endloop
 endfacet
 facet normal 0.21527 -0.37672 0.90097
  outer loop
   vertex 3.2000 1.7000 -3.0800
   vertex 3.5772 1.8525 -3.1064
   vertex 3.5500 1.9000 -3.0800
  endloop
 endfacet
 facet normal -0.86824 -0.49614 0.00000
  outer loop
   vertex 3.2000 1.7000 -3.1500
   vertex 3.2272 1.6525 -3.1064
   vertex 3.2000 1.7000 -3.0800
  endloop
 endfacet
 facet normal 0.86824 0.49614 0.00000
  outer loop
   vertex 3.5500 1.9000 -3.1500
   vertex 3.5500 1.9000 -3.0800
   vertex 3.5772 1.8525 -3.1064
  endloop
 endfacet
 facet normal 0.48370 -0.84647 0.22252
  outer loop
   vertex 3.2272 1.6525 -3.1064
   vertex 3.2339 1.6407 -3.1656
   vertex 3.5839 1.8407 -3.1656
  endloop
 endfacet
 facet normal 0.48370 -0.84647 0.22252
  outer loop
   vertex 3.2272 1.6525 -3.1064
   vertex 3.5839 1.8407 -3.1656
   vertex 3.5772 1.8525 -3.1064
  endloop
 endfacet
 facet normal -0.86824 -0.49614 -0.00000
  outer loop
   vertex 3.2000 1.7000 -3.1500
   vertex 3.2339 1.6407 -3.1656
   vertex 3.2272 1.6525 -3.1064
  endloop
 endfacet
 facet normal 0.86824 0.49614 0.00000
  outer loop
   vertex 3.5500 1.9000 -3.1500
   vertex 3.5772 1.8525 -3.1064
   vertex 3.5839 1.8407 -3.1656
  endloop
 endfacet
 facet normal 0.38790 -0.67882 -0.62349
  outer loop
   vertex 3.2339 1.6407 -3.1656
   vertex 3.2151 1.6736 -3.2131
   vertex 3.5651 1.8736 -3.2131
  endloop
 endfacet
 facet normal 0.38790 -0.67882 -0.62349
  outer loop
   vertex 3.2339 1.6407 -3.1656
   vertex 3.5651 1.8736 -3.2131
   vertex 3.5839 1.8407 -3.1656
  endloop
 endfacet
 facet normal -0.86824 -0.49614 -0.00000
  outer loop
   vertex 3.2000 1.7000 -3.1500
   vertex 3.2151 1.6736 -3.2131
   vertex 3.2339 1.6407 -3.1656
  endloop
 endfacet
 facet normal 0.86824 0.49614 0.00000
  outer loop
   vertex 3.5500 1.9000 -3.1500
   vertex 3.5839 1.8407 -3.1656
   vertex 3.5651 1.8736 -3.2131
  endloop
 endfacet
 facet normal 0.00000 0.00000 -1.00000
  outer loop
   vertex 3.2151 1.6736 -3.2131
   vertex 3.1849 1.7264 -3.2131
   vertex 3.5349 1.9264 -3.2131
  endloop
 endfacet
 facet normal 0.00000 0.00000 -1.00000
  outer loop
   vertex 3.2151 1.6736 -3.2131
   vertex 3.5349 1.9264 -3.2131
   vertex 3.5651 1.8736 -3.2131
  endloop
 endfacet
 facet normal -0.86824 -0.49614 0.00000
  outer loop
   vertex 3.2000 1.7000 -3.1500
   vertex 3.1849 1.7264 -3.2131
   vertex 3.2151 1.6736 -3.2131
  endloop
 endfacet
 facet normal 0.86824 0.49614 -0.00000
  outer loop
   vertex 3.5500 1.9000 -3.1500
   vertex 3.5651 1.8736 -3.2131
   vertex 3.5349 1.9264 -3.2131
  endloop
 endfacet
 facet normal -0.38790 0.67882 -0.62349
  outer loop
   vertex 3.1849 1.7264 -3.2131
   vertex 3.1661 1.7593 -3.1656
   vertex 3.5161 1.9593 -3.1656
  endloop
 endfacet
 facet normal -0.38790 0.67882 -0.62349
  outer loop
   vertex 3.1849 1.7264 -3.2131
   vertex 3.5161 1.9593 -3.1656
   vertex 3.5349 1.9264 -3.2131
  endloop
 endfacet
 facet normal -0.86824 -0.49614 0.00000
  outer loop
   vertex 3.2000 1.7000 -3.1500
   vertex 3.1661 1.7593 -3.1656
   vertex 3.1849 1.7264 -3.2131
  endloop
 endfacet
 facet normal 0.86824 0.49614 -0.00000
  outer loop
   vertex 3.5500 1.9000 -3.1500
   vertex 3.5349 1.9264 -3.2131
   vertex 3.5161 1.9593 -3.1656
  endloop
 endfacet
 facet normal -0.48370 0.84647 0.22252
  outer loop
   vertex 3.1661 1.7593 -3.1656
   vertex 3.1728 1.7475 -3.1064
   vertex 3.5228 1.9475 -3.1064
  endloop
 endfacet
 facet normal -0.48370 0.84647 0.22252
  outer loop
   vertex 3.1661 1.7593 -3.1656
   vertex 3.5228 1.9475 -3.1064
   vertex 3.5161 1.9593 -3.1656
  endloop
 endfacet
 facet normal -0.86824 -0.49614 0.00000
  outer loop
   vertex 3.2000 1.7000 -3.1500
   vertex 3.1728 1.7475 -3.1064
   vertex 3.1661 1.7593 -3.1656
  endloop
 endfacet
 facet normal 0.86824 0.49614 -0.00000
  outer loop
   vertex 3.5500 1.9000 -3.1500
   vertex 3.5161 1.9593 -3.1656
   vertex 3.5228 1.9475 -3.1064
  endloop
 endfacet
 facet normal -0.21527 0.37672 0.90097
  outer loop
   vertex 3.1728 1.7475 -3.1064
   vertex 3.2000 1.7000 -3.0800
   vertex 3.5500 1.9000 -3.0800
  endloop
 endfacet
 facet normal -0.21527 0.37672 0.90097
  outer loop
   vertex 3.1728 1.7475 -3.1064
   vertex 3.5500 1.9000 -3.0800
   vertex 3.5228 1.9475 -3.1064
  endloop
 endfacet
 facet normal -0.86824 -0.49614 0.00000
  outer loop
   vertex 3.2000 1.7000 -3.1500
   vertex 3.2000 1.7000 -3.0800
   vertex 3.1728 1.7475 -3.1064
  endloop
 endfacet
 facet normal 0.86824 0.49614 0.00000
  outer loop
   vertex 3.5500 1.9000 -3.1500
   vertex 3.5228 1.9475 -3.1064
   vertex 3.5500 1.9000 -3.0800
  endloop
 endfacet
 facet normal 0.00000 -0.43388 0.90097
  outer loop
   vertex 3.5500 1.9000 -3.1050
   vertex 3.5500 1.8648 -3.1219
   vertex 4.0000 1.8648 -3.1219
  endloop
 endfacet
 facet normal 0.00000 -0.43388 0.90097
  outer loop
   vertex 3.5500 1.9000 -3.1050
   vertex 4.0000 1.8648 -3.1219
   vertex 4.0000 1.9000 -3.1050
  endloop
 endfacet
 facet normal -1.00000 0.00000 0.00000
  outer loop
   vertex 3.5500 1.9000 -3.1500
   vertex 3.5500 1.8648 -3.1219
   vertex 3.5500 1.9000 -3.1050
  endloop
 endfacet
 facet normal 1.00000 0.00000 0.00000
  outer loop
   vertex 4.0000 1.9000 -3.1500
   vertex 4.0000 1.9000 -3.1050
   vertex 4.0000 1.8648 -3.1219
  endloop
 endfacet
 facet normal 0.00000 -0.97493 0.22252
  outer loop
   vertex 3.5500 1.8648 -3.1219
   vertex 3.5500 1.8561 -3.1600
   vertex 4.0000 1.8561 -3.1600
  endloop
 endfacet
 facet normal 0.00000 -0.97493 0.22252
  outer loop
   vertex 3.5500 1.8648 -3.1219
   vertex 4.0000 1.8561 -3.1600
   vertex 4.0000 1.8648 -3.1219
  endloop
 endfacet
 facet normal -1.00000 0.00000 0.00000
  outer loop
   vertex 3.5500 1.9000 -3.1500
   vertex 3.5500 1.8561 -3.1600
   vertex 3.5500 1.8648 -3.1219
  endloop
 endfacet
 facet normal 1.00000 0.00000 0.00000
  outer loop
   vertex 4.0000 1.9000 -3.1500
   vertex 4.0000 1.8648 -3.1219
   vertex 4.0000 1.8561 -3.1600
  endloop
 endfacet
 facet normal 0.00000 -0.78183 -0.62349
  outer loop
   vertex 3.5500 1.8561 -3.1600
   vertex 3.5500 1.8805 -3.1905
   vertex 4.0000 1.8805 -3.1905
  endloop
 endfacet
 facet normal 0.00000 -0.78183 -0.62349
  outer loop
   vertex 3.5500 1.8561 -3.1600
   vertex 4.0000 1.8805 -3.1905
   vertex 4.0000 1.8561 -3.1600
  endloop
 endfacet
 facet normal -1.00000 0.00000 0.00000
  outer loop
   vertex 3.5500 1.9000 -3.1500
   vertex 3.5500 1.8805 -3.1905
   vertex 3.5500 1.8561 -3.1600
  endloop
 endfacet
 facet normal 1.00000 0.00000 0.00000
  outer loop
   vertex 4.0000 1.9000 -3.1500
   vertex 4.0000 1.8561 -3.1600
   vertex 4.0000 1.8805 -3.1905
  endloop
 endfacet
 facet normal 0.00000 0.00000 -1.00000
  outer loop
   vertex 3.5500 1.8805 -3.1905
   vertex 3.5500 1.9195 -3.1905
   vertex 4.0000 1.9195 -3.1905
  endloop
 endfacet
 facet normal 0.00000 0.00000 -1.00000
  outer loop
   vertex 3.5500 1.8805 -3.1905
   vertex 4.0000 1.9195 -3.1905
   vertex 4.0000 1.8805 -3.1905
  endloop
 endfacet
 facet normal -1.00000 0.00000 0.00000
  outer loop
   vertex 3.5500 1.9000 -3.1500
   vertex 3.5500 1.9195 -3.1905
   vertex 3.5500 1.8805 -3.1905
  endloop
 endfacet
 facet normal 1.00000 0.00000 0.00000
  outer loop
   vertex 4.0000 1.9000 -3.1500
   vertex 4.0000 1.8805 -3.1905
   vertex 4.0000 1.9195 -3.1905
  endloop
 endfacet
 facet normal 0.00000 0.78183 -0.62349
  outer loop
   vertex 3.5500 1.9195 -3.1905
   vertex 3.5500 1.9439 -3.1600
   vertex 4.0000 1.9439 -3.1600
  endloop
 endfacet
 facet normal 0.00000 0.78183 -0.62349
  outer loop
   vertex 3.5500 1.9195 -3.1905
   vertex 4.0000 1.9439 -3.1600
   vertex 4.0000 1.9195 -3.1905
  endloop
 endfacet
 facet normal -1.00000 0.00000 0.00000
  outer loop
   vertex 3.5500 1.9000 -3.1500
   vertex 3.5500 1.9439 -3.1600
   vertex 3.5500 1.9195 -3.1905
  endloop
 endfacet
 facet normal 1.00000 0.00000 0.00000
  outer loop
   vertex 4.0000 1.9000 -3.1500
   vertex 4.0000 1.9195 -3.1905
   vertex 4.0000 1.9439 -3.1600
  endloop
 endfacet
 facet normal 0.00000 0.97493 0.22252
  outer loop
   vertex 3.5500 1.9439 -3.1600
   vertex 3.5500 1.9352 -3.1219
   vertex 4.0000 1.9352 -3.1219
  endloop
 endfacet
 facet normal 0.00000 0.97493 0.22252
  outer loop
   vertex 3.5500 1.9439 -3.1600
   vertex 4.0000 1.9352 -3.1219
   vertex 4.0000 1.9439 -3.1600
  endloop
 endfacet
 facet normal -1.00000 0.00000 0.00000
  outer loop
   vertex 3.5500 1.9000 -3.1500
   vertex 3.5500 1.9352 -3.1219
   vertex 3.5500 1.9439 -3.1600
  endloop
 endfacet
 facet normal 1.00000 0.00000 0.00000
  outer loop
   vertex 4.0000 1.9000 -3.1500
   vertex 4.0000 1.9439 -3.1600
   vertex 4.0000 1.9352 -3.1219
  endloop
 endfacet
 facet normal 0.00000 0.43388 0.90097
  outer loop
   vertex 3.5500 1.9352 -3.1219
   vertex 3.5500 1.9000 -3.1050
   vertex 4.0000 1.9000 -3.1050
  endloop
 endfacet
 facet normal 0.00000 0.43388 0.90097
  outer loop
   vertex 3.5500 1.9352 -3.1219
   vertex 4.0000 1.9000 -3.1050
   vertex 4.0000 1.9352 -3.1219
  endloop
 endfacet
 facet normal -1.00000 0.00000 0.00000
  outer loop
   vertex 3.5500 1.9000 -3.1500
   vertex 3.5500 1.9000 -3.1050
   vertex 3.5500 1.9352 -3.1219
  endloop
 endfacet
 facet normal 1.00000 0.00000 0.00000
  outer loop
   vertex 4.0000 1.9000 -3.1500
   vertex 4.0000 1.9352 -3.1219
   vertex 4.0000 1.9000 -3.1050
  endloop
 endfacet
 facet normal -0.50000 0.00000 -0.86603
  outer loop
   vertex 3.2500 1.3000 -3.2100
   vertex 3.1980 1.3000 -3.1800
   vertex 3.1980 1.6000 -3.1800
  endloop
 endfacet
 facet normal -0.50000 0.00000 -0.86603
  outer loop
   vertex 3.2500 1.3000 -3.2100
   vertex 3.1980 1.6000 -3.1800
   vertex 3.2500 1.6000 -3.2100
  endloop
 endfacet
 facet normal 0.00000 -1.00000 0.00000
  outer loop
   vertex 3.2500 1.3000 -3.1500
   vertex 3.1980 1.3000 -3.1800
   vertex 3.2500 1.3000 -3.2100
  endloop
 endfacet
 facet normal 0.00000 1.00000 0.00000
  outer loop
   vertex 3.2500 1.6000 -3.1500
   vertex 3.2500 1.6000 -3.2100
   vertex 3.1980 1.6000 -3.1800
  endloop
 endfacet
 facet normal -1.00000 0.00000 0.00000
  outer loop
   vertex 3.1980 1.3000 -3.1800
   vertex 3.1980 1.3000 -3.1200
   vertex 3.1980 1.6000 -3.1200
  endloop
 endfacet
 facet normal -1.00000 0.00000 0.00000
  outer loop
   vertex 3.1980 1.3000 -3.1800
   vertex 3.1980 1.6000 -3.1200
   vertex 3.1980 1.6000 -3.1800
  endloop
 endfacet
 facet normal 0.00000 -1.00000 0.00000
  outer loop
   vertex 3.2500 1.3000 -3.1500
   vertex 3.1980 1.3000 -3.1200
   vertex 3.1980 1.3000 -3.1800
  endloop
 endfacet
 facet normal 0.00000 1.00000 0.00000
  outer loop
   vertex 3.2500 1.6000 -3.1500
   vertex 3.1980 1.6000 -3.1800
   vertex 3.1980 1.6000 -3.1200
  endloop
 endfacet
 facet normal -0.50000 0.00000 0.86603
  outer loop
   vertex 3.1980 1.3000 -3.1200
   vertex 3.2500 1.3000 -3.0900
   vertex 3.2500 1.6000 -3.0900
  endloop
 endfacet
 facet normal -0.50000 0.00000 0.86603
  outer loop
   vertex 3.1980 1.3000 -3.1200
   vertex 3.2500 1.6000 -3.0900
   vertex 3.1980 1.6000 -3.1200
  endloop
 endfacet
 facet normal 0.00000 -1.00000 0.00000
  outer loop
   vertex 3.2500 1.3000 -3.1500
   vertex 3.2500 1.3000 -3.0900
   vertex 3.1980 1.3000 -3.1200
  endloop
 endfacet
 facet normal 0.00000 1.00000 0.00000
  outer loop
   vertex 3.2500 1.6000 -3.1500
   vertex 3.1980 1.6000 -3.1200
   vertex 3.2500 1.6000 -3.0900
  endloop
 endfacet
 facet normal 0.50000 0.00000 0.86603
  outer loop
   vertex 3.2500 1.3000 -3.0900
   vertex 3.3020 1.3000 -3.1200
   vertex 3.3020 1.6000 -3.1200
  endloop
 endfacet
 facet normal 0.50000 0.00000 0.86603
  outer loop
   vertex 3.2500 1.3000 -3.0900
   vertex 3.3020 1.6000 -3.1200
   vertex 3.2500 1.6000 -3.0900
  endloop
 endfacet
 facet normal 0.00000 -1.00000 0.00000
  outer loop
   vertex 3.2500 1.3000 -3.1500
   vertex 3.3020 1.3000 -3.1200
   vertex 3.2500 1.3000 -3.0900
  endloop
 endfacet
 facet normal 0.00000 1.00000 0.00000
  outer loop
   vertex 3.2500 1.6000 -3.1500
   vertex 3.2500 1.6000 -3.0900
   vertex 3.3020 1.6000 -3.1200
  endloop
 endfacet
 facet normal 1.00000 0.00000 0.00000
  outer loop
   vertex 3.3020 1.3000 -3.1200
   vertex 3.3020 1.3000 -3.1800
   vertex 3.3020 1.6000 -3.1800
  endloop
 endfacet
 facet normal 1.00000 0.00000 0.00000
  outer loop
   vertex 3.3020 1.3000 -3.1200
   vertex 3.3020 1.6000 -3.1800
   vertex 3.3020 1.6000 -3.1200
  endloop
 endfacet
 facet normal 0.00000 -1.00000 0.00000
  outer loop
   vertex 3.2500 1.3000 -3.1500
   vertex 3.3020 1.3000 -3.1800
   vertex 3.3020 1.3000 -3.1200
  endloop
 endfacet
 facet normal 0.00000 1.00000 0.00000
  outer loop
   vertex 3.2500 1.6000 -3.1500
   vertex 3.3020 1.6000 -3.1200
   vertex 3.3020 1.6000 -3.1800
  endloop
 endfacet
 facet normal 0.50000 0.00000 -0.86603
  outer loop
   vertex 3.3020 1.3000 -3.1800
   vertex 3.2500 1.3000 -3.2100
   vertex 3.2500 1.6000 -3.2100
  endloop
 endfacet
 facet normal 0.50000 0.00000 -0.86603
  outer loop
   vertex 3.3020 1.3000 -3.1800
   vertex 3.2500 1.6000 -3.2100
   vertex 3.3020 1.6000 -3.1800
  endloop
 endfacet
 facet normal 0.00000 -1.00000 0.00000
  outer loop
   vertex 3.2500 1.3000 -3.1500
   vertex 3.2500 1.3000 -3.2100
   vertex 3.3020 1.3000 -3.1800
  endloop
 endfacet
 facet normal 0.00000 1.00000 0.00000
  outer loop
   vertex 3.2500 1.6000 -3.1500
   vertex 3.3020 1.6000 -3.1800
   vertex 3.2500 1.6000 -3.2100
  endloop
 endfacet
 facet normal 0.21527 -0.37672 0.90097
  outer loop
   vertex 4.2000 1.7000 -3.0800
   vertex 4.2272 1.6525 -3.1064
   vertex 4.5772 1.8525 -3.1064
  endloop
 endfacet
 facet normal 0.21527 -0.37672 0.90097
  outer loop
   vertex 4.2000 1.7000 -3.0800
   vertex 4.5772 1.8525 -3.1064
   vertex 4.5500 1.9000 -3.0800
  endloop
 endfacet
 facet normal -0.86824 -0.49614 0.00000
  outer loop
   vertex 4.2000 1.7000 -3.1500
   vertex 4.2272 1.6525 -3.1064
   vertex 4.2000 1.7000 -3.0800
  endloop
 endfacet
 facet normal 0.86824 0.49614 0.00000
  outer loop
   vertex 4.5500 1.9000 -3.1500
   vertex 4.5500 1.9000 -3.0800
   vertex 4.5772 1.8525 -3.1064
  endloop
 endfacet
 facet normal 0.48370 -0.84647 0.22252
  outer loop
   vertex 4.2272 1.6525 -3.1064
   vertex 4.2339 1.6407 -3.1656
   vertex 4.5839 1.8407 -3.1656
  endloop
 endfacet
 facet normal 0.48370 -0.84647 0.22252
  outer loop
   vertex 4.2272 1.6525 -3.1064
   vertex 4.5839 1.8407 -3.1656
   vertex 4.5772 1.8525 -3.1064
  endloop
 endfacet
 facet normal -0.86824 -0.49614 -0.00000
  outer loop
   vertex 4.2000 1.7000 -3.1500
   vertex 4.2339 1.6407 -3.1656
   vertex 4.2272 1.6525 -3.1064
  endloop
 endfacet
 facet normal 0.86824 0.49614 0.00000
  outer loop
   vertex 4.5500 1.9000 -3.1500
   vertex 4.5772 1.8525 -3.1064
   vertex 4.5839 1.8407 -3.1656
  endloop
 endfacet
 facet normal 0.38790 -0.67882 -0.62349
  outer loop
   vertex 4.2339 1.6407 -3.1656
   vertex 4.2151 1.6736 -3.2131
   vertex 4.5651 1.8736 -3.2131
  endloop
 endfacet
 facet normal 0.38790 -0.67882 -0.62349
  outer loop
   vertex 4.2339 1.6407 -3.1656
   vertex 4.5651 1.8736 -3.2131
   vertex 4.5839 1.8407 -3.1656
  endloop
 endfacet
 facet normal -0.86824 -0.49614 -0.00000
  outer loop
   vertex 4.2000 1.7000 -3.1500
   vertex 4.2151 1.6736 -3.2131
   vertex 4.2339 1.6407 -3.1656
  endloop
 endfacet
 facet normal 0.86824 0.49614 0.00000
  outer loop
   vertex 4.5500 1.9000 -3.1500
   vertex 4.5839 1.8407 -3.1656
   vertex 4.5651 1.8736 -3.2131
  endloop
 endfacet
 facet normal 0.00000 0.00000 -1.00000
  outer loop
   vertex 4.2151 1.6736 -3.2131
   vertex 4.1849 1.7264 -3.2131
   vertex 4.5349 1.9264 -3.2131
  endloop
 endfacet
 facet normal 0.00000 0.00000 -1.00000
  outer loop
   vertex 4.2151 1.6736 -3.2131
   vertex 4.5349 1.9264 -3.2131
   vertex 4.5651 1.8736 -3.2131
  endloop
 endfacet
 facet normal -0.86824 -0.49614 0.00000
  outer loop
   vertex 4.2000 1.7000 -3.1500
   vertex 4.1849 1.7264 -3.2131
   vertex 4.2151 1.6736 -3.2131
  endloop
 endfacet
 facet normal 0.86824 0.49614 -0.00000
  outer loop
   vertex 4.5500 1.9000 -3.1500
   vertex 4.5651 1.8736 -3.2131
   vertex 4.5349 1.9264 -3.2131
  endloop
 endfacet
 facet normal -0.38790 0.67882 -0.62349
  outer loop
   vertex 4.1849 1.7264 -3.2131
   vertex 4.1661 1.7593 -3.1656
   vertex 4.5161 1.9593 -3.1656
  endloop
 endfacet
 facet normal -0.38790 0.67882 -0.62349
  outer loop
   vertex 4.1849 1.7264 -3.2131
   vertex 4.5161 1.9593 -3.1656
   vertex 4.5349 1.9264 -3.2131
  endloop
 endfacet
 facet normal -0.86824 -0.49614 0.00000
  outer loop
   vertex 4.2000 1.7000 -3.1500
   vertex 4.1661 1.7593 -3.1656
   vertex 4.1849 1.7264 -3.2131
  endloop
 endfacet
 facet normal 0.86824 0.49614 -0.00000
  outer loop
   vertex 4.5500 1.9000 -3.1500
   vertex 4.5349 1.9264 -3.2131
   vertex 4.5161 1.9593 -3.1656
  endloop
 endfacet
 facet normal -0.48370 0.84647 0.22252
  outer loop
   vertex 4.1661 1.7593 -3.1656
   vertex 4.1728 1.7475 -3.1064
   vertex 4.5228 1.9475 -3.1064
  endloop
 endfacet
 facet normal -0.48370 0.84647 0.22252
  outer loop
   vertex 4.1661 1.7593 -3.1656
   vertex 4.5228 1.9475 -3.1064
   vertex 4.5161 1.9593 -3.1656
  endloop
 endfacet
 facet normal -0.86824 -0.49614 0.00000
  outer loop
   vertex 4.2000 1.7000 -3.1500
   vertex 4.1728 1.7475 -3.1064
   vertex 4.1661 1.7593 -3.1656
  endloop
 endfacet
 facet normal 0.86824 0.49614 -0.00000
  outer loop
   vertex 4.5500 1.9000 -3.1500
   vertex 4.5161 1.9593 -3.1656
   vertex 4.5228 1.9475 -3.1064
  endloop
 endfacet
 facet normal -0.21527 0.37672 0.90097
  outer loop
   vertex 4.1728 1.7475 -3.1064
   vertex 4.2000 1.7000 -3.0800
   vertex 4.5500 1.9000 -3.0800
  endloop
 endfacet
 facet normal -0.21527 0.37672 0.90097
  outer loop
   vertex 4.1728 1.7475 -3.1064
   vertex 4.5500 1.9000 -3.0800
   vertex 4.5228 1.9475 -3.1064
  endloop
 endfacet
 facet normal -0.86824 -0.49614 0.00000
  outer loop
   vertex 4.2000 1.7000 -3.1500
   vertex 4.2000 1.7000 -3.0800
   vertex 4.1728 1.7475 -3.1064
  endloop
 endfacet
 facet normal 0.86824 0.49614 0.00000
  outer loop
   vertex 4.5500 1.9000 -3.1500
   vertex 4.5228 1.9475 -3.1064
   vertex 4.5500 1.9000 -3.0800
  endloop
 endfacet
 facet normal 0.00000 -0.43388 0.90097
  outer loop
   vertex 4.5500 1.9000 -3.1050
   vertex 4.5500 1.8648 -3.1219
   vertex 5.0000 1.8648 -3.1219
  endloop
 endfacet
 facet normal 0.00000 -0.43388 0.90097
  outer loop
   vertex 4.5500 1.9000 -3.1050
   vertex 5.0000 1.8648 -3.1219
   vertex 5.0000 1.9000 -3.1050
  endloop
 endfacet
 facet normal -1.00000 0.00000 0.00000
  outer loop
   vertex 4.5500 1.9000 -3.1500
   vertex 4.5500 1.8648 -3.1219
   vertex 4.5500 1.9000 -3.1050
  endloop
 endfacet
 facet normal 1.00000 0.00000 0.00000
  outer loop
   vertex 5.0000 1.9000 -3.1500
   vertex 5.0000 1.9000 -3.1050
   vertex 5.0000 1.8648 -3.1219
  endloop
 endfacet
 facet normal 0.00000 -0.97493 0.22252
  outer loop
   vertex 4.5500 1.8648 -3.1219
   vertex 4.5500 1.8561 -3.1600
   vertex 5.0000 1.8561 -3.1600
  endloop
 endfacet
 facet normal 0.00000 -0.97493 0.22252
  outer loop
   vertex 4.5500 1.8648 -3.1219
   vertex 5.0000 1.8561 -3.1600
   vertex 5.0000 1.8648 -3.1219
  endloop
 endfacet
 facet normal -1.00000 0.00000 0.00000
  outer loop
   vertex 4.5500 1.9000 -3.1500
   vertex 4.5500 1.8561 -3.1600
   vertex 4.5500 1.8648 -3.1219
  endloop
 endfacet
 facet normal 1.00000 0.00000 0.00000
  outer loop
   vertex 5.0000 1.9000 -3.1500
   vertex 5.0000 1.8648 -3.1219
   vertex 5.0000 1.8561 -3.1600
  endloop
 endfacet
 facet normal 0.00000 -0.78183 -0.62349
  outer loop
   vertex 4.5500 1.8561 -3.1600
   vertex 4.5500 1.8805 -3.1905
   vertex 5.0000 1.8805 -3.1905
  endloop
 endfacet
 facet normal 0.00000 -0.78183 -0.62349
  outer loop
   vertex 4.5500 1.8561 -3.1600
   vertex 5.0000 1.8805 -3.1905
   vertex 5.0000 1.8561 -3.1600
  endloop
 endfacet
 facet normal -1.00000 0.00000 0.00000
  outer loop
   vertex 4.5500 1.9000 -3.1500
   vertex 4.5500 1.8805 -3.1905
   vertex 4.5500 1.8561 -3.1600
  endloop
 endfacet
 facet normal 1.00000 0.00000 0.00000
  outer loop
   vertex 5.0000 1.9000 -3.1500
   vertex 5.0000 1.8561 -3.1600
   vertex 5.0000 1.8805 -3.1905
  endloop
 endfacet
 facet normal 0.00000 0.00000 -1.00000
  outer loop
   vertex 4.5500 1.8805 -3.1905
   vertex 4.5500 1.9195 -3.1905
   vertex 5.0000 1.9195 -3.1905
  endloop
 endfacet
 facet normal 0.00000 0.00000 -1.00000
  outer loop
   vertex 4.5500 1.8805 -3.1905
   vertex 5.0000 1.9195 -3.1905
   vertex 5.0000 1.8805 -3.1905
  endloop
 endfacet
 facet normal -1.00000 0.00000 0.00000
  outer loop
   vertex 4.5500 1.9000 -3.1500
   vertex 4.5500 1.9195 -3.1905
   vertex 4.5500 1.8805 -3.1905
  endloop
 endfacet
 facet normal 1.00000 0.00000 0.00000
  outer loop
   vertex 5.0000 1.9000 -3.1500
   vertex 5.0000 1.8805 -3.1905
   vertex 5.0000 1.9195 -3.1905
  endloop
 endfacet
 facet normal 0.00000 0.78183 -0.62349
  outer loop
   vertex 4.5500 1.9195 -3.1905
   vertex 4.5500 1.9439 -3.1600
   vertex 5.0000 1.9439 -3.1600
  endloop
 endfacet
 facet normal 0.00000 0.78183 -0.62349
  outer loop
   vertex 4.5500 1.9195 -3.1905
   vertex 5.0000 1.9439 -3.1600
   vertex 5.0000 1.9195 -3.1905
  endloop
 endfacet
 facet normal -1.00000 0.00000 0.00000
  outer loop
   vertex 4.5500 1.9000 -3.1500
   vertex 4.5500 1.9439 -3.1600
   vertex 4.5500 1.9195 -3.1905
  endloop
 endfacet
 facet normal 1.00000 0.00000 0.00000
  outer loop
   vertex 5.0000 1.9000 -3.1500
   vertex 5.0000 1.9195 -3.1905
   vertex 5.0000 1.9439 -3.1600
  endloop
 endfacet
 facet normal 0.00000 0.97493 0.22252
  outer loop
   vertex 4.5500 1.9439 -3.1600
   vertex 4.5500 1.9352 -3.1219
   vertex 5.0000 1.9352 -3.1219
  endloop
 endfacet
 facet normal 0.00000 0.97493 0.22252
  outer loop
   vertex 4.5500 1.9439 -3.1600
   vertex 5.0000 1.9352 -3.1219
   vertex 5.0000 1.9439 -3.1600
  endloop
 endfacet
 facet normal -1.00000 0.00000 0.00000
  outer loop
   vertex 4.5500 1.9000 -3.1500
   vertex 4.5500 1.9352 -3.1219
   vertex 4.5500 1.9439 -3.1600
  endloop
 endfacet
 facet normal 1.00000 0.00000 0.00000
  outer loop
   vertex 5.0000 1.9000 -3.1500
   vertex 5.0000 1.9439 -3.1600
   vertex 5.0000 1.9352 -3.1219
  endloop
 endfacet
 facet normal 0.00000 0.43388 0.90097
  outer loop
   vertex 4.5500 1.9352 -3.1219
   vertex 4.5500 1.9000 -3.1050
   vertex 5.0000 1.9000 -3.1050
  endloop
 endfacet
 facet normal 0.00000 0.43388 0.90097
  outer loop
   vertex 4.5500 1.9352 -3.1219
   vertex 5.0000 1.9000 -3.1050
   vertex 5.0000 1.9352 -3.1219
  endloop
 endfacet
 facet normal -1.00000 0.00000 0.00000
  outer loop
   vertex 4.5500 1.9000 -3.1500
   vertex 4.5500 1.9000 -3.1050
   vertex 4.5500 1.9352 -3.1219
  endloop
 endfacet
 facet normal 1.00000 0.00000 0.00000
  outer loop
   vertex 5.0000 1.9000 -3.1500
   vertex 5.0000 1.9352 -3.1219
   vertex 5.0000 1.9000 -3.1050
  endloop
 endfacet
 facet normal -0.50000 0.00000 -0.86603
  outer loop
   vertex 4.2500 1.3000 -3.2100
   vertex 4.1980 1.3000 -3.1800
   vertex 4.1980 1.6000 -3.1800
  endloop
 endfacet
 facet normal -0.50000 0.00000 -0.86603
  outer loop
   vertex 4.2500 1.3000 -3.2100
   vertex 4.1980 1.6000 -3.1800
   vertex 4.2500 1.6000 -3.2100
  endloop
 endfacet
 facet normal 0.00000 -1.00000 0.00000
  outer loop
   vertex 4.2500 1.3000 -3.1500
   vertex 4.1980 1.3000 -3.1800
   vertex 4.2500 1.3000 -3.2100
  endloop
 endfacet
 facet normal 0.00000 1.00000 0.00000
  outer loop
   vertex 4.2500 1.6000 -3.1500
   vertex 4.2500 1.6000 -3.2100
   vertex 4.1980 1.6000 -3.1800
  endloop
 endfacet
 facet normal -1.00000 0.00000 0.00000
  outer loop
   vertex 4.1980 1.3000 -3.1800
   vertex 4.1980 1.3000 -3.1200
   vertex 4.1980 1.6000 -3.1200
  endloop
 endfacet
 facet normal -1.00000 0.00000 0.00000
  outer loop
   vertex 4.1980 1.3000 -3.1800
   vertex 4.1980 1.6000 -3.1200
   vertex 4.1980 1.6000 -3.1800
  endloop
 endfacet
 facet normal 0.00000 -1.00000 0.00000
  outer loop
   vertex 4.2500 1.3000 -3.1500
   vertex 4.1980 1.3000 -3.1200
   vertex 4.1980 1.3000 -3.1800
  endloop
 endfacet
 facet normal 0.00000 1.00000 0.00000
  outer loop
   vertex 4.2500 1.6000 -3.1500
   vertex 4.1980 1.6000 -3.1800
   vertex 4.1980 1.6000 -3.1200
  endloop
 endfacet
 facet normal -0.50000 0.00000 0.86603
  outer loop
   vertex 4.1980 1.3000 -3.1200
   vertex 4.2500 1.3000 -3.0900
   vertex 4.2500 1.6000 -3.0900
  endloop
 endfacet
 facet normal -0.50000 0.00000 0.86603
  outer loop
   vertex 4.1980 1.3000 -3.1200
   vertex 4.2500 1.6000 -3.0900
   vertex 4.1980 1.6000 -3.1200
  endloop
 endfacet
 facet normal 0.00000 -1.00000 0.00000
  outer loop
   vertex 4.2500 1.3000 -3.1500
   vertex 4.2500 1.3000 -3.0900
   vertex 4.1980 1.3000 -3.1200
  endloop
 endfacet
 facet normal 0.00000 1.00000 0.00000
  outer loop
   vertex 4.2500 1.6000 -3.1500
   vertex 4.1980 1.6000 -3.1200
   vertex 4.2500 1.6000 -3.0900
  endloop
 endfacet
 facet normal 0.50000 0.00000 0.86603
  outer loop
   vertex 4.2500 1.3000 -3.0900
   vertex 4.3020 1.3000 -3.1200
   vertex 4.3020 1.6000 -3.1200
  endloop
 endfacet
 facet normal 0.50000 0.00000 0.86603
  outer loop
   vertex 4.2500 1.3000 -3.0900
   vertex 4.3020 1.6000 -3.1200
   vertex 4.2500 1.6000 -3.0900
  endloop
 endfacet
 facet normal 0.00000 -1.00000 0.00000
  outer loop
   vertex 4.2500 1.3000 -3.1500
   vertex 4.3020 1.3000 -3.1200
   vertex 4.2500 1.3000 -3.0900
  endloop
 endfacet
 facet normal 0.00000 1.00000 0.00000
  outer loop
   vertex 4.2500 1.6000 -3.1500
   vertex 4.2500 1.6000 -3.0900
   vertex 4.3020 1.6000 -3.1200
  endloop
 endfacet
 facet normal 1.00000 0.00000 0.00000
  outer loop
   vertex 4.3020 1.3000 -3.1200
   vertex 4.3020 1.3000 -3.1800
   vertex 4.3020 1.6000 -3.1800
  endloop
 endfacet
 facet normal 1.00000 0.00000 0.00000
  outer loop
   vertex 4.3020 1.3000 -3.1200
   vertex 4.3020 1.6000 -3.1800
   vertex 4.3020 1.6000 -3.1200
  endloop
 endfacet
 facet normal 0.00000 -1.00000 0.00000
  outer loop
   vertex 4.2500 1.3000 -3.1500
   vertex 4.3020 1.3000 -3.1800
   vertex 4.3020 1.3000 -3.1200
  endloop
 endfacet
 facet normal 0.00000 1.00000 0.00000
  outer loop
   vertex 4.2500 1.6000 -3.1500
   vertex 4.3020 1.6000 -3.1200
   vertex 4.3020 1.6000 -3.1800
  endloop
 endfacet
 facet normal 0.50000 0.00000 -0.86603
  outer loop
   vertex 4.3020 1.3000 -3.1800
   vertex 4.2500 1.3000 -3.2100
   vertex 4.2500 1.6000 -3.2100
  endloop
 endfacet
 facet normal 0.50000 0.00000 -0.86603
  outer loop
   vertex 4.3020 1.3000 -3.1800
   vertex 4.2500 1.6000 -3.2100
   vertex 4.3020 1.6000 -3.1800
  endloop
 endfacet
 facet normal 0.00000 -1.00000 0.00000
  outer loop
   vertex 4.2500 1.3000 -3.1500
   vertex 4.2500 1.3000 -3.2100
   vertex 4.3020 1.3000 -3.1800
  endloop
 endfacet
 facet normal 0.00000 1.00000 0.00000
  outer loop
   vertex 4.2500 1.6000 -3.1500
   vertex 4.3020 1.6000 -3.1800
   vertex 4.2500 1.6000 -3.2100
  endloop
 endfacet
 facet normal 0.00000 0.00000 1.00000
  outer loop
   vertex -2.0000 0.5500 1.1500
   vertex 2.0000 0.5500 1.1500
   vertex 2.0000 0.8500 1.1500
  endloop
 endfacet
 facet normal 0.00000 0.00000 1.00000
  outer loop
   vertex -2.0000 0.5500 1.1500
   vertex 2.0000 0.8500 1.1500
   vertex -2.0000 0.8500 1.1500
  endloop
 endfacet
 facet normal 0.00000 0.00000 -1.00000
  outer loop
   vertex 2.0000 0.5500 2.4500
   vertex -2.0000 0.5500 2.4500
   vertex -2.0000 0.8500 2.4500
  endloop
 endfacet
 facet normal 0.00000 0.00000 -1.00000
  outer loop
   vertex 2.0000 0.5500 2.4500
   vertex -2.0000 0.8500 2.4500
   vertex 2.0000 0.8500 2.4500
  endloop
 endfacet
 facet normal 1.00000 0.00000 0.00000
  outer loop
   vertex -2.0000 0.5500 2.4500
   vertex -2.0000 0.5500 1.1500
   vertex -2.0000 0.8500 1.1500
  endloop
 endfacet
 facet normal 1.00000 0.00000 0.00000
  outer loop
   vertex -2.0000 0.5500 2.4500
   vertex -2.0000 0.8500 1.1500
   vertex -2.0000 0.8500 2.4500
  endloop
 endfacet
 facet normal -1.00000 0.00000 0.00000
  outer loop
   vertex 2.0000 0.5500 1.1500
   vertex 2.0000 0.5500 2.4500
   vertex 2.0000 0.8500 2.4500
  endloop
 endfacet
 facet normal -1.00000 0.00000 0.00000
  outer loop
   vertex 2.0000 0.5500 1.1500
   vertex 2.0000 0.8500 2.4500
   vertex 2.0000 0.8500 1.1500
  endloop
 endfacet
 facet normal 0.00000 -1.00000 0.00000
  outer loop
   vertex -2.0000 0.8500 1.1500
   vertex 2.0000 0.8500 1.1500
   vertex 2.0000 0.8500 2.4500
  endloop
 endfacet
 facet normal 0.00000 -1.00000 0.00000
  outer loop
   vertex -2.0000 0.8500 1.1500
   vertex 2.0000 0.8500 2.4500
   vertex -2.0000 0.8500 2.4500
  endloop
 endfacet
 facet normal 0.00000 1.00000 0.00000
  outer loop
   vertex -2.0000 0.5500 2.4500
   vertex 2.0000 0.5500 2.4500
   vertex 2.0000 0.5500 1.1500
  endloop
 endfacet
 facet normal 0.00000 1.00000 0.00000
  outer loop
   vertex -2.0000 0.5500 2.4500
   vertex 2.0000 0.5500 1.1500
   vertex -2.0000 0.5500 1.1500
  endloop
 endfacet
 facet normal 0.00000 0.00000 1.00000
  outer loop
   vertex -1.5600 0.7500 1.7400
   vertex -1.4400 0.7500 1.7400
   vertex -1.4400 1.4500 1.7400
  endloop
 endfacet
 facet normal 0.00000 0.00000 1.00000
  outer loop
   vertex -1.5600 0.7500 1.7400
   vertex -1.4400 1.4500 1.7400
   vertex -1.5600 1.4500 1.7400
  endloop
 endfacet
 facet normal 0.00000 0.00000 -1.00000
  outer loop
   vertex -1.4400 0.7500 1.8600
   vertex -1.5600 0.7500 1.8600
   vertex -1.5600 1.4500 1.8600
  endloop
 endfacet
 facet normal 0.00000 0.00000 -1.00000
  outer loop
   vertex -1.4400 0.7500 1.8600
   vertex -1.5600 1.4500 1.8600
   vertex -1.4400 1.4500 1.8600
  endloop
 endfacet
 facet normal 1.00000 0.00000 0.00000
  outer loop
   vertex -1.5600 0.7500 1.8600
   vertex -1.5600 0.7500 1.7400
   vertex -1.5600 1.4500 1.7400
  endloop
 endfacet
 facet normal 1.00000 0.00000 0.00000
  outer loop
   vertex -1.5600 0.7500 1.8600
   vertex -1.5600 1.4500 1.7400
   vertex -1.5600 1.4500 1.8600
  endloop
 endfacet
 facet normal -1.00000 0.00000 0.00000
  outer loop
   vertex -1.4400 0.7500 1.7400
   vertex -1.4400 0.7500 1.8600
   vertex -1.4400 1.4500 1.8600
  endloop
 endfacet
 facet normal -1.00000 0.00000 0.00000
  outer loop
   vertex -1.4400 0.7500 1.7400
   vertex -1.4400 1.4500 1.8600
   vertex -1.4400 1.4500 1.7400
  endloop
 endfacet
 facet normal 0.00000 -1.00000 0.00000
  outer loop
   vertex -1.5600 1.4500 1.7400
   vertex -1.4400 1.4500 1.7400
   vertex -1.4400 1.4500 1.8600
  endloop
 endfacet
 facet normal 0.00000 -1.00000 0.00000
  outer loop
   vertex -1.5600 1.4500 1.7400
   vertex -1.4400 1.4500 1.8600
   vertex -1.5600 1.4500 1.8600
  endloop
 endfacet
 facet normal 0.00000 1.00000 0.00000
  outer loop
   vertex -1.5600 0.7500 1.8600
   vertex -1.4400 0.7500 1.8600
   vertex -1.4400 0.7500 1.7400
  endloop
 endfacet
 facet normal 0.00000 1.00000 0.00000
  outer loop
   vertex -1.5600 0.7500 1.8600
   vertex -1.4400 0.7500 1.7400
   vertex -1.5600 0.7500 1.7400
  endloop
 endfacet
 facet normal 0.00000 0.00000 1.00000
  outer loop
   vertex 1.4400 0.7500 1.7400
   vertex 1.5600 0.7500 1.7400
   vertex 1.5600 1.4500 1.7400
  endloop
 endfacet
 facet normal 0.00000 0.00000 1.00000
  outer loop
   vertex 1.4400 0.7500 1.7400
   vertex 1.5600 1.4500 1.7400
   vertex 1.4400 1.4500 1.7400
  endloop
 endfacet
 facet normal 0.00000 0.00000 -1.00000
  outer loop
   vertex 1.5600 0.7500 1.8600
   vertex 1.4400 0.7500 1.8600
   vertex 1.4400 1.4500 1.8600
  endloop
 endfacet
 facet normal 0.00000 0.00000 -1.00000
  outer loop
   vertex 1.5600 0.7500 1.8600
   vertex 1.4400 1.4500 1.8600
   vertex 1.5600 1.4500 1.8600
  endloop
 endfacet
 facet normal 1.00000 0.00000 0.00000
  outer loop
   vertex 1.4400 0.7500 1.8600
   vertex 1.4400 0.7500 1.7400
   vertex 1.4400 1.4500 1.7400
  endloop
 endfacet
 facet normal 1.00000 0.00000 0.00000
  outer loop
   vertex 1.4400 0.7500 1.8600
   vertex 1.4400 1.4500 1.7400
   vertex 1.4400 1.4500 1.8600
  endloop
 endfacet
 facet normal -1.00000 0.00000 0.00000
  outer loop
   vertex 1.5600 0.7500 1.7400
   vertex 1.5600 0.7500 1.8600
   vertex 1.5600 1.4500 1.8600
  endloop
 endfacet
 facet normal -1.00000 0.00000 0.00000
  outer loop
   vertex 1.5600 0.7500 1.7400
   vertex 1.5600 1.4500 1.8600
   vertex 1.5600 1.4500 1.7400
  endloop
 endfacet
 facet normal 0.00000 -1.00000 0.00000
  outer loop
   vertex 1.4400 1.4500 1.7400
   vertex 1.5600 1.4500 1.7400
   vertex 1.5600 1.4500 1.8600
  endloop
 endfacet
 facet normal 0.00000 -1.00000 0.00000
  outer loop
   vertex 1.4400 1.4500 1.7400
   vertex 1.5600 1.4500 1.8600
   vertex 1.4400 1.4500 1.8600
  endloop
 endfacet
 facet normal 0.00000 1.00000 0.00000
  outer loop
   vertex 1.4400 0.7500 1.8600
   vertex 1.5600 0.7500 1.8600
   vertex 1.5600 0.7500 1.7400
  endloop
 endfacet
 facet normal 0.00000 1.00000 0.00000
  outer loop
   vertex 1.4400 0.7500 1.8600
   vertex 1.5600 0.7500 1.7400
   vertex 1.4400 0.7500 1.7400
  endloop
 endfacet
endsolid arsenal
