solid comedor_prision
 facet normal 0.00000 0.00000 1.00000
  outer loop
   vertex -7.5000 -0.3000 -5.5000
   vertex 7.5000 -0.3000 -5.5000
   vertex 7.5000 0.0000 -5.5000
  endloop
 endfacet
 facet normal 0.00000 0.00000 1.00000
  outer loop
   vertex -7.5000 -0.3000 -5.5000
   vertex 7.5000 0.0000 -5.5000
   vertex -7.5000 0.0000 -5.5000
  endloop
 endfacet
 facet normal 0.00000 0.00000 -1.00000
  outer loop
   vertex 7.5000 -0.3000 5.5000
   vertex -7.5000 -0.3000 5.5000
   vertex -7.5000 0.0000 5.5000
  endloop
 endfacet
 facet normal 0.00000 0.00000 -1.00000
  outer loop
   vertex 7.5000 -0.3000 5.5000
   vertex -7.5000 0.0000 5.5000
   vertex 7.5000 0.0000 5.5000
  endloop
 endfacet
 facet normal 1.00000 0.00000 0.00000
  outer loop
   vertex -7.5000 -0.3000 5.5000
   vertex -7.5000 -0.3000 -5.5000
   vertex -7.5000 0.0000 -5.5000
  endloop
 endfacet
 facet normal 1.00000 0.00000 0.00000
  outer loop
   vertex -7.5000 -0.3000 5.5000
   vertex -7.5000 0.0000 -5.5000
   vertex -7.5000 0.0000 5.5000
  endloop
 endfacet
 facet normal -1.00000 0.00000 0.00000
  outer loop
   vertex 7.5000 -0.3000 -5.5000
   vertex 7.5000 -0.3000 5.5000
   vertex 7.5000 0.0000 5.5000
  endloop
 endfacet
 facet normal -1.00000 0.00000 0.00000
  outer loop
   vertex 7.5000 -0.3000 -5.5000
   vertex 7.5000 0.0000 5.5000
   vertex 7.5000 0.0000 -5.5000
  endloop
 endfacet
 facet normal 0.00000 -1.00000 0.00000
  outer loop
   vertex -7.5000 0.0000 -5.5000
   vertex 7.5000 0.0000 -5.5000
   vertex 7.5000 0.0000 5.5000
  endloop
 endfacet
 facet normal 0.00000 -1.00000 0.00000
  outer loop
   vertex -7.5000 0.0000 -5.5000
   vertex 7.5000 0.0000 5.5000
   vertex -7.5000 0.0000 5.5000
  endloop
 endfacet
 facet normal 0.00000 1.00000 0.00000
  outer loop
   vertex -7.5000 -0.3000 5.5000
   vertex 7.5000 -0.3000 5.5000
   vertex 7.5000 -0.3000 -5.5000
  endloop
 endfacet
 facet normal 0.00000 1.00000 0.00000
  outer loop
   vertex -7.5000 -0.3000 5.5000
   vertex 7.5000 -0.3000 -5.5000
   vertex -7.5000 -0.3000 -5.5000
  endloop
 endfacet
 facet normal 0.00000 0.00000 1.00000
  outer loop
   vertex -7.5000 0.0000 -5.4500
   vertex 7.5000 0.0000 -5.4500
   vertex 7.5000 6.6000 -5.4500
  endloop
 endfacet
 facet normal 0.00000 0.00000 1.00000
  outer loop
   vertex -7.5000 0.0000 -5.4500
   vertex 7.5000 6.6000 -5.4500
   vertex -7.5000 6.6000 -5.4500
  endloop
 endfacet
 facet normal 0.00000 0.00000 -1.00000
  outer loop
   vertex 7.5000 0.0000 -5.1500
   vertex -7.5000 0.0000 -5.1500
   vertex -7.5000 6.6000 -5.1500
  endloop
 endfacet
 facet normal 0.00000 0.00000 -1.00000
  outer loop
   vertex 7.5000 0.0000 -5.1500
   vertex -7.5000 6.6000 -5.1500
   vertex 7.5000 6.6000 -5.1500
  endloop
 endfacet
 facet normal 1.00000 0.00000 0.00000
  outer loop
   vertex -7.5000 0.0000 -5.1500
   vertex -7.5000 0.0000 -5.4500
   vertex -7.5000 6.6000 -5.4500
  endloop
 endfacet
 facet normal 1.00000 0.00000 0.00000
  outer loop
   vertex -7.5000 0.0000 -5.1500
   vertex -7.5000 6.6000 -5.4500
   vertex -7.5000 6.6000 -5.1500
  endloop
 endfacet
 facet normal -1.00000 0.00000 0.00000
  outer loop
   vertex 7.5000 0.0000 -5.4500
   vertex 7.5000 0.0000 -5.1500
   vertex 7.5000 6.6000 -5.1500
  endloop
 endfacet
 facet normal -1.00000 0.00000 0.00000
  outer loop
   vertex 7.5000 0.0000 -5.4500
   vertex 7.5000 6.6000 -5.1500
   vertex 7.5000 6.6000 -5.4500
  endloop
 endfacet
 facet normal 0.00000 -1.00000 0.00000
  outer loop
   vertex -7.5000 6.6000 -5.4500
   vertex 7.5000 6.6000 -5.4500
   vertex 7.5000 6.6000 -5.1500
  endloop
 endfacet
 facet normal 0.00000 -1.00000 0.00000
  outer loop
   vertex -7.5000 6.6000 -5.4500
   vertex 7.5000 6.6000 -5.1500
   vertex -7.5000 6.6000 -5.1500
  endloop
 endfacet
 facet normal 0.00000 1.00000 0.00000
  outer loop
   vertex -7.5000 0.0000 -5.1500
   vertex 7.5000 0.0000 -5.1500
   vertex 7.5000 0.0000 -5.4500
  endloop
 endfacet
 facet normal 0.00000 1.00000 0.00000
  outer loop
   vertex -7.5000 0.0000 -5.1500
   vertex 7.5000 0.0000 -5.4500
   vertex -7.5000 0.0000 -5.4500
  endloop
 endfacet
 facet normal 0.00000 0.00000 1.00000
  outer loop
   vertex -7.4500 0.0000 -5.5000
   vertex -7.1500 0.0000 -5.5000
   vertex -7.1500 6.6000 -5.5000
  endloop
 endfacet
 facet normal 0.00000 0.00000 1.00000
  outer loop
   vertex -7.4500 0.0000 -5.5000
   vertex -7.1500 6.6000 -5.5000
   vertex -7.4500 6.6000 -5.5000
  endloop
 endfacet
 facet normal 0.00000 0.00000 -1.00000
  outer loop
   vertex -7.1500 0.0000 5.5000
   vertex -7.4500 0.0000 5.5000
   vertex -7.4500 6.6000 5.5000
  endloop
 endfacet
 facet normal 0.00000 0.00000 -1.00000
  outer loop
   vertex -7.1500 0.0000 5.5000
   vertex -7.4500 6.6000 5.5000
   vertex -7.1500 6.6000 5.5000
  endloop
 endfacet
 facet normal 1.00000 0.00000 0.00000
  outer loop
   vertex -7.4500 0.0000 5.5000
   vertex -7.4500 0.0000 -5.5000
   vertex -7.4500 6.6000 -5.5000
  endloop
 endfacet
 facet normal 1.00000 0.00000 0.00000
  outer loop
   vertex -7.4500 0.0000 5.5000
   vertex -7.4500 6.6000 -5.5000
   vertex -7.4500 6.6000 5.5000
  endloop
 endfacet
 facet normal -1.00000 0.00000 0.00000
  outer loop
   vertex -7.1500 0.0000 -5.5000
   vertex -7.1500 0.0000 5.5000
   vertex -7.1500 6.6000 5.5000
  endloop
 endfacet
 facet normal -1.00000 0.00000 0.00000
  outer loop
   vertex -7.1500 0.0000 -5.5000
   vertex -7.1500 6.6000 5.5000
   vertex -7.1500 6.6000 -5.5000
  endloop
 endfacet
 facet normal 0.00000 -1.00000 0.00000
  outer loop
   vertex -7.4500 6.6000 -5.5000
   vertex -7.1500 6.6000 -5.5000
   vertex -7.1500 6.6000 5.5000
  endloop
 endfacet
 facet normal 0.00000 -1.00000 0.00000
  outer loop
   vertex -7.4500 6.6000 -5.5000
   vertex -7.1500 6.6000 5.5000
   vertex -7.4500 6.6000 5.5000
  endloop
 endfacet
 facet normal 0.00000 1.00000 0.00000
  outer loop
   vertex -7.4500 0.0000 5.5000
   vertex -7.1500 0.0000 5.5000
   vertex -7.1500 0.0000 -5.5000
  endloop
 endfacet
 facet normal 0.00000 1.00000 0.00000
  outer loop
   vertex -7.4500 0.0000 5.5000
   vertex -7.1500 0.0000 -5.5000
   vertex -7.4500 0.0000 -5.5000
  endloop
 endfacet
 facet normal 0.00000 0.00000 1.00000
  outer loop
   vertex 7.1500 0.0000 -5.5000
   vertex 7.4500 0.0000 -5.5000
   vertex 7.4500 6.6000 -5.5000
  endloop
 endfacet
 facet normal 0.00000 0.00000 1.00000
  outer loop
   vertex 7.1500 0.0000 -5.5000
   vertex 7.4500 6.6000 -5.5000
   vertex 7.1500 6.6000 -5.5000
  endloop
 endfacet
 facet normal 0.00000 0.00000 -1.00000
  outer loop
   vertex 7.4500 0.0000 5.5000
   vertex 7.1500 0.0000 5.5000
   vertex 7.1500 6.6000 5.5000
  endloop
 endfacet
 facet normal 0.00000 0.00000 -1.00000
  outer loop
   vertex 7.4500 0.0000 5.5000
   vertex 7.1500 6.6000 5.5000
   vertex 7.4500 6.6000 5.5000
  endloop
 endfacet
 facet normal 1.00000 0.00000 0.00000
  outer loop
   vertex 7.1500 0.0000 5.5000
   vertex 7.1500 0.0000 -5.5000
   vertex 7.1500 6.6000 -5.5000
  endloop
 endfacet
 facet normal 1.00000 0.00000 0.00000
  outer loop
   vertex 7.1500 0.0000 5.5000
   vertex 7.1500 6.6000 -5.5000
   vertex 7.1500 6.6000 5.5000
  endloop
 endfacet
 facet normal -1.00000 0.00000 0.00000
  outer loop
   vertex 7.4500 0.0000 -5.5000
   vertex 7.4500 0.0000 5.5000
   vertex 7.4500 6.6000 5.5000
  endloop
 endfacet
 facet normal -1.00000 0.00000 0.00000
  outer loop
   vertex 7.4500 0.0000 -5.5000
   vertex 7.4500 6.6000 5.5000
   vertex 7.4500 6.6000 -5.5000
  endloop
 endfacet
 facet normal 0.00000 -1.00000 0.00000
  outer loop
   vertex 7.1500 6.6000 -5.5000
   vertex 7.4500 6.6000 -5.5000
   vertex 7.4500 6.6000 5.5000
  endloop
 endfacet
 facet normal 0.00000 -1.00000 0.00000
  outer loop
   vertex 7.1500 6.6000 -5.5000
   vertex 7.4500 6.6000 5.5000
   vertex 7.1500 6.6000 5.5000
  endloop
 endfacet
 facet normal 0.00000 1.00000 0.00000
  outer loop
   vertex 7.1500 0.0000 5.5000
   vertex 7.4500 0.0000 5.5000
   vertex 7.4500 0.0000 -5.5000
  endloop
 endfacet
 facet normal 0.00000 1.00000 0.00000
  outer loop
   vertex 7.1500 0.0000 5.5000
   vertex 7.4500 0.0000 -5.5000
   vertex 7.1500 0.0000 -5.5000
  endloop
 endfacet
 facet normal 0.00000 0.00000 1.00000
  outer loop
   vertex -5.0000 0.3500 -5.1000
   vertex 5.0000 0.3500 -5.1000
   vertex 5.0000 1.0500 -5.1000
  endloop
 endfacet
 facet normal 0.00000 0.00000 1.00000
  outer loop
   vertex -5.0000 0.3500 -5.1000
   vertex 5.0000 1.0500 -5.1000
   vertex -5.0000 1.0500 -5.1000
  endloop
 endfacet
 facet normal 0.00000 0.00000 -1.00000
  outer loop
   vertex 5.0000 0.3500 -4.5000
   vertex -5.0000 0.3500 -4.5000
   vertex -5.0000 1.0500 -4.5000
  endloop
 endfacet
 facet normal 0.00000 0.00000 -1.00000
  outer loop
   vertex 5.0000 0.3500 -4.5000
   vertex -5.0000 1.0500 -4.5000
   vertex 5.0000 1.0500 -4.5000
  endloop
 endfacet
 facet normal 1.00000 0.00000 0.00000
  outer loop
   vertex -5.0000 0.3500 -4.5000
   vertex -5.0000 0.3500 -5.1000
   vertex -5.0000 1.0500 -5.1000
  endloop
 endfacet
 facet normal 1.00000 0.00000 0.00000
  outer loop
   vertex -5.0000 0.3500 -4.5000
   vertex -5.0000 1.0500 -5.1000
   vertex -5.0000 1.0500 -4.5000
  endloop
 endfacet
 facet normal -1.00000 0.00000 0.00000
  outer loop
   vertex 5.0000 0.3500 -5.1000
   vertex 5.0000 0.3500 -4.5000
   vertex 5.0000 1.0500 -4.5000
  endloop
 endfacet
 facet normal -1.00000 0.00000 0.00000
  outer loop
   vertex 5.0000 0.3500 -5.1000
   vertex 5.0000 1.0500 -4.5000
   vertex 5.0000 1.0500 -5.1000
  endloop
 endfacet
 facet normal 0.00000 -1.00000 0.00000
  outer loop
   vertex -5.0000 1.0500 -5.1000
   vertex 5.0000 1.0500 -5.1000
   vertex 5.0000 1.0500 -4.5000
  endloop
 endfacet
 facet normal 0.00000 -1.00000 0.00000
  outer loop
   vertex -5.0000 1.0500 -5.1000
   vertex 5.0000 1.0500 -4.5000
   vertex -5.0000 1.0500 -4.5000
  endloop
 endfacet
 facet normal 0.00000 1.00000 0.00000
  outer loop
   vertex -5.0000 0.3500 -4.5000
   vertex 5.0000 0.3500 -4.5000
   vertex 5.0000 0.3500 -5.1000
  endloop
 endfacet
 facet normal 0.00000 1.00000 0.00000
  outer loop
   vertex -5.0000 0.3500 -4.5000
   vertex 5.0000 0.3500 -5.1000
   vertex -5.0000 0.3500 -5.1000
  endloop
 endfacet
 facet normal 0.00000 0.00000 1.00000
  outer loop
   vertex -4.2250 0.9500 -4.9250
   vertex -3.7750 0.9500 -4.9250
   vertex -3.7750 1.2500 -4.9250
  endloop
 endfacet
 facet normal 0.00000 0.00000 1.00000
  outer loop
   vertex -4.2250 0.9500 -4.9250
   vertex -3.7750 1.2500 -4.9250
   vertex -4.2250 1.2500 -4.9250
  endloop
 endfacet
 facet normal 0.00000 0.00000 -1.00000
  outer loop
   vertex -3.7750 0.9500 -4.4750
   vertex -4.2250 0.9500 -4.4750
   vertex -4.2250 1.2500 -4.4750
  endloop
 endfacet
 facet normal 0.00000 0.00000 -1.00000
  outer loop
   vertex -3.7750 0.9500 -4.4750
   vertex -4.2250 1.2500 -4.4750
   vertex -3.7750 1.2500 -4.4750
  endloop
 endfacet
 facet normal 1.00000 0.00000 0.00000
  outer loop
   vertex -4.2250 0.9500 -4.4750
   vertex -4.2250 0.9500 -4.9250
   vertex -4.2250 1.2500 -4.9250
  endloop
 endfacet
 facet normal 1.00000 0.00000 0.00000
  outer loop
   vertex -4.2250 0.9500 -4.4750
   vertex -4.2250 1.2500 -4.9250
   vertex -4.2250 1.2500 -4.4750
  endloop
 endfacet
 facet normal -1.00000 0.00000 0.00000
  outer loop
   vertex -3.7750 0.9500 -4.9250
   vertex -3.7750 0.9500 -4.4750
   vertex -3.7750 1.2500 -4.4750
  endloop
 endfacet
 facet normal -1.00000 0.00000 0.00000
  outer loop
   vertex -3.7750 0.9500 -4.9250
   vertex -3.7750 1.2500 -4.4750
   vertex -3.7750 1.2500 -4.9250
  endloop
 endfacet
 facet normal 0.00000 -1.00000 0.00000
  outer loop
   vertex -4.2250 1.2500 -4.9250
   vertex -3.7750 1.2500 -4.9250
   vertex -3.7750 1.2500 -4.4750
  endloop
 endfacet
 facet normal 0.00000 -1.00000 0.00000
  outer loop
   vertex -4.2250 1.2500 -4.9250
   vertex -3.7750 1.2500 -4.4750
   vertex -4.2250 1.2500 -4.4750
  endloop
 endfacet
 facet normal 0.00000 1.00000 0.00000
  outer loop
   vertex -4.2250 0.9500 -4.4750
   vertex -3.7750 0.9500 -4.4750
   vertex -3.7750 0.9500 -4.9250
  endloop
 endfacet
 facet normal 0.00000 1.00000 0.00000
  outer loop
   vertex -4.2250 0.9500 -4.4750
   vertex -3.7750 0.9500 -4.9250
   vertex -4.2250 0.9500 -4.9250
  endloop
 endfacet
 facet normal 0.00000 0.00000 1.00000
  outer loop
   vertex -1.5250 0.9500 -4.9250
   vertex -1.0750 0.9500 -4.9250
   vertex -1.0750 1.2500 -4.9250
  endloop
 endfacet
 facet normal 0.00000 0.00000 1.00000
  outer loop
   vertex -1.5250 0.9500 -4.9250
   vertex -1.0750 1.2500 -4.9250
   vertex -1.5250 1.2500 -4.9250
  endloop
 endfacet
 facet normal 0.00000 0.00000 -1.00000
  outer loop
   vertex -1.0750 0.9500 -4.4750
   vertex -1.5250 0.9500 -4.4750
   vertex -1.5250 1.2500 -4.4750
  endloop
 endfacet
 facet normal 0.00000 0.00000 -1.00000
  outer loop
   vertex -1.0750 0.9500 -4.4750
   vertex -1.5250 1.2500 -4.4750
   vertex -1.0750 1.2500 -4.4750
  endloop
 endfacet
 facet normal 1.00000 0.00000 0.00000
  outer loop
   vertex -1.5250 0.9500 -4.4750
   vertex -1.5250 0.9500 -4.9250
   vertex -1.5250 1.2500 -4.9250
  endloop
 endfacet
 facet normal 1.00000 0.00000 0.00000
  outer loop
   vertex -1.5250 0.9500 -4.4750
   vertex -1.5250 1.2500 -4.9250
   vertex -1.5250 1.2500 -4.4750
  endloop
 endfacet
 facet normal -1.00000 0.00000 0.00000
  outer loop
   vertex -1.0750 0.9500 -4.9250
   vertex -1.0750 0.9500 -4.4750
   vertex -1.0750 1.2500 -4.4750
  endloop
 endfacet
 facet normal -1.00000 0.00000 0.00000
  outer loop
   vertex -1.0750 0.9500 -4.9250
   vertex -1.0750 1.2500 -4.4750
   vertex -1.0750 1.2500 -4.9250
  endloop
 endfacet
 facet normal 0.00000 -1.00000 0.00000
  outer loop
   vertex -1.5250 1.2500 -4.9250
   vertex -1.0750 1.2500 -4.9250
   vertex -1.0750 1.2500 -4.4750
  endloop
 endfacet
 facet normal 0.00000 -1.00000 0.00000
  outer loop
   vertex -1.5250 1.2500 -4.9250
   vertex -1.0750 1.2500 -4.4750
   vertex -1.5250 1.2500 -4.4750
  endloop
 endfacet
 facet normal 0.00000 1.00000 0.00000
  outer loop
   vertex -1.5250 0.9500 -4.4750
   vertex -1.0750 0.9500 -4.4750
   vertex -1.0750 0.9500 -4.9250
  endloop
 endfacet
 facet normal 0.00000 1.00000 0.00000
  outer loop
   vertex -1.5250 0.9500 -4.4750
   vertex -1.0750 0.9500 -4.9250
   vertex -1.5250 0.9500 -4.9250
  endloop
 endfacet
 facet normal 0.00000 0.00000 1.00000
  outer loop
   vertex 1.0750 0.9500 -4.9250
   vertex 1.5250 0.9500 -4.9250
   vertex 1.5250 1.2500 -4.9250
  endloop
 endfacet
 facet normal 0.00000 0.00000 1.00000
  outer loop
   vertex 1.0750 0.9500 -4.9250
   vertex 1.5250 1.2500 -4.9250
   vertex 1.0750 1.2500 -4.9250
  endloop
 endfacet
 facet normal 0.00000 0.00000 -1.00000
  outer loop
   vertex 1.5250 0.9500 -4.4750
   vertex 1.0750 0.9500 -4.4750
   vertex 1.0750 1.2500 -4.4750
  endloop
 endfacet
 facet normal 0.00000 0.00000 -1.00000
  outer loop
   vertex 1.5250 0.9500 -4.4750
   vertex 1.0750 1.2500 -4.4750
   vertex 1.5250 1.2500 -4.4750
  endloop
 endfacet
 facet normal 1.00000 0.00000 0.00000
  outer loop
   vertex 1.0750 0.9500 -4.4750
   vertex 1.0750 0.9500 -4.9250
   vertex 1.0750 1.2500 -4.9250
  endloop
 endfacet
 facet normal 1.00000 0.00000 0.00000
  outer loop
   vertex 1.0750 0.9500 -4.4750
   vertex 1.0750 1.2500 -4.9250
   vertex 1.0750 1.2500 -4.4750
  endloop
 endfacet
 facet normal -1.00000 0.00000 0.00000
  outer loop
   vertex 1.5250 0.9500 -4.9250
   vertex 1.5250 0.9500 -4.4750
   vertex 1.5250 1.2500 -4.4750
  endloop
 endfacet
 facet normal -1.00000 0.00000 0.00000
  outer loop
   vertex 1.5250 0.9500 -4.9250
   vertex 1.5250 1.2500 -4.4750
   vertex 1.5250 1.2500 -4.9250
  endloop
 endfacet
 facet normal 0.00000 -1.00000 0.00000
  outer loop
   vertex 1.0750 1.2500 -4.9250
   vertex 1.5250 1.2500 -4.9250
   vertex 1.5250 1.2500 -4.4750
  endloop
 endfacet
 facet normal 0.00000 -1.00000 0.00000
  outer loop
   vertex 1.0750 1.2500 -4.9250
   vertex 1.5250 1.2500 -4.4750
   vertex 1.0750 1.2500 -4.4750
  endloop
 endfacet
 facet normal 0.00000 1.00000 0.00000
  outer loop
   vertex 1.0750 0.9500 -4.4750
   vertex 1.5250 0.9500 -4.4750
   vertex 1.5250 0.9500 -4.9250
  endloop
 endfacet
 facet normal 0.00000 1.00000 0.00000
  outer loop
   vertex 1.0750 0.9500 -4.4750
   vertex 1.5250 0.9500 -4.9250
   vertex 1.0750 0.9500 -4.9250
  endloop
 endfacet
 facet normal 0.00000 0.00000 1.00000
  outer loop
   vertex 3.7750 0.9500 -4.9250
   vertex 4.2250 0.9500 -4.9250
   vertex 4.2250 1.2500 -4.9250
  endloop
 endfacet
 facet normal 0.00000 0.00000 1.00000
  outer loop
   vertex 3.7750 0.9500 -4.9250
   vertex 4.2250 1.2500 -4.9250
   vertex 3.7750 1.2500 -4.9250
  endloop
 endfacet
 facet normal 0.00000 0.00000 -1.00000
  outer loop
   vertex 4.2250 0.9500 -4.4750
   vertex 3.7750 0.9500 -4.4750
   vertex 3.7750 1.2500 -4.4750
  endloop
 endfacet
 facet normal 0.00000 0.00000 -1.00000
  outer loop
   vertex 4.2250 0.9500 -4.4750
   vertex 3.7750 1.2500 -4.4750
   vertex 4.2250 1.2500 -4.4750
  endloop
 endfacet
 facet normal 1.00000 0.00000 0.00000
  outer loop
   vertex 3.7750 0.9500 -4.4750
   vertex 3.7750 0.9500 -4.9250
   vertex 3.7750 1.2500 -4.9250
  endloop
 endfacet
 facet normal 1.00000 0.00000 0.00000
  outer loop
   vertex 3.7750 0.9500 -4.4750
   vertex 3.7750 1.2500 -4.9250
   vertex 3.7750 1.2500 -4.4750
  endloop
 endfacet
 facet normal -1.00000 0.00000 0.00000
  outer loop
   vertex 4.2250 0.9500 -4.9250
   vertex 4.2250 0.9500 -4.4750
   vertex 4.2250 1.2500 -4.4750
  endloop
 endfacet
 facet normal -1.00000 0.00000 0.00000
  outer loop
   vertex 4.2250 0.9500 -4.9250
   vertex 4.2250 1.2500 -4.4750
   vertex 4.2250 1.2500 -4.9250
  endloop
 endfacet
 facet normal 0.00000 -1.00000 0.00000
  outer loop
   vertex 3.7750 1.2500 -4.9250
   vertex 4.2250 1.2500 -4.9250
   vertex 4.2250 1.2500 -4.4750
  endloop
 endfacet
 facet normal 0.00000 -1.00000 0.00000
  outer loop
   vertex 3.7750 1.2500 -4.9250
   vertex 4.2250 1.2500 -4.4750
   vertex 3.7750 1.2500 -4.4750
  endloop
 endfacet
 facet normal 0.00000 1.00000 0.00000
  outer loop
   vertex 3.7750 0.9500 -4.4750
   vertex 4.2250 0.9500 -4.4750
   vertex 4.2250 0.9500 -4.9250
  endloop
 endfacet
 facet normal 0.00000 1.00000 0.00000
  outer loop
   vertex 3.7750 0.9500 -4.4750
   vertex 4.2250 0.9500 -4.9250
   vertex 3.7750 0.9500 -4.9250
  endloop
 endfacet
 facet normal 0.00000 0.00000 1.00000
  outer loop
   vertex -5.4500 0.8600 -2.4250
   vertex -3.1500 0.8600 -2.4250
   vertex -3.1500 1.0400 -2.4250
  endloop
 endfacet
 facet normal 0.00000 0.00000 1.00000
  outer loop
   vertex -5.4500 0.8600 -2.4250
   vertex -3.1500 1.0400 -2.4250
   vertex -5.4500 1.0400 -2.4250
  endloop
 endfacet
 facet normal 0.00000 0.00000 -1.00000
  outer loop
   vertex -3.1500 0.8600 -1.5750
   vertex -5.4500 0.8600 -1.5750
   vertex -5.4500 1.0400 -1.5750
  endloop
 endfacet
 facet normal 0.00000 0.00000 -1.00000
  outer loop
   vertex -3.1500 0.8600 -1.5750
   vertex -5.4500 1.0400 -1.5750
   vertex -3.1500 1.0400 -1.5750
  endloop
 endfacet
 facet normal 1.00000 0.00000 0.00000
  outer loop
   vertex -5.4500 0.8600 -1.5750
   vertex -5.4500 0.8600 -2.4250
   vertex -5.4500 1.0400 -2.4250
  endloop
 endfacet
 facet normal 1.00000 0.00000 0.00000
  outer loop
   vertex -5.4500 0.8600 -1.5750
   vertex -5.4500 1.0400 -2.4250
   vertex -5.4500 1.0400 -1.5750
  endloop
 endfacet
 facet normal -1.00000 0.00000 0.00000
  outer loop
   vertex -3.1500 0.8600 -2.4250
   vertex -3.1500 0.8600 -1.5750
   vertex -3.1500 1.0400 -1.5750
  endloop
 endfacet
 facet normal -1.00000 0.00000 0.00000
  outer loop
   vertex -3.1500 0.8600 -2.4250
   vertex -3.1500 1.0400 -1.5750
   vertex -3.1500 1.0400 -2.4250
  endloop
 endfacet
 facet normal 0.00000 -1.00000 0.00000
  outer loop
   vertex -5.4500 1.0400 -2.4250
   vertex -3.1500 1.0400 -2.4250
   vertex -3.1500 1.0400 -1.5750
  endloop
 endfacet
 facet normal 0.00000 -1.00000 0.00000
  outer loop
   vertex -5.4500 1.0400 -2.4250
   vertex -3.1500 1.0400 -1.5750
   vertex -5.4500 1.0400 -1.5750
  endloop
 endfacet
 facet normal 0.00000 1.00000 0.00000
  outer loop
   vertex -5.4500 0.8600 -1.5750
   vertex -3.1500 0.8600 -1.5750
   vertex -3.1500 0.8600 -2.4250
  endloop
 endfacet
 facet normal 0.00000 1.00000 0.00000
  outer loop
   vertex -5.4500 0.8600 -1.5750
   vertex -3.1500 0.8600 -2.4250
   vertex -5.4500 0.8600 -2.4250
  endloop
 endfacet
 facet normal 0.00000 0.00000 1.00000
  outer loop
   vertex -5.1650 0.0800 -2.0650
   vertex -5.0350 0.0800 -2.0650
   vertex -5.0350 0.8800 -2.0650
  endloop
 endfacet
 facet normal 0.00000 0.00000 1.00000
  outer loop
   vertex -5.1650 0.0800 -2.0650
   vertex -5.0350 0.8800 -2.0650
   vertex -5.1650 0.8800 -2.0650
  endloop
 endfacet
 facet normal 0.00000 0.00000 -1.00000
  outer loop
   vertex -5.0350 0.0800 -1.9350
   vertex -5.1650 0.0800 -1.9350
   vertex -5.1650 0.8800 -1.9350
  endloop
 endfacet
 facet normal 0.00000 0.00000 -1.00000
  outer loop
   vertex -5.0350 0.0800 -1.9350
   vertex -5.1650 0.8800 -1.9350
   vertex -5.0350 0.8800 -1.9350
  endloop
 endfacet
 facet normal 1.00000 0.00000 0.00000
  outer loop
   vertex -5.1650 0.0800 -1.9350
   vertex -5.1650 0.0800 -2.0650
   vertex -5.1650 0.8800 -2.0650
  endloop
 endfacet
 facet normal 1.00000 0.00000 0.00000
  outer loop
   vertex -5.1650 0.0800 -1.9350
   vertex -5.1650 0.8800 -2.0650
   vertex -5.1650 0.8800 -1.9350
  endloop
 endfacet
 facet normal -1.00000 0.00000 0.00000
  outer loop
   vertex -5.0350 0.0800 -2.0650
   vertex -5.0350 0.0800 -1.9350
   vertex -5.0350 0.8800 -1.9350
  endloop
 endfacet
 facet normal -1.00000 0.00000 0.00000
  outer loop
   vertex -5.0350 0.0800 -2.0650
   vertex -5.0350 0.8800 -1.9350
   vertex -5.0350 0.8800 -2.0650
  endloop
 endfacet
 facet normal 0.00000 -1.00000 0.00000
  outer loop
   vertex -5.1650 0.8800 -2.0650
   vertex -5.0350 0.8800 -2.0650
   vertex -5.0350 0.8800 -1.9350
  endloop
 endfacet
 facet normal 0.00000 -1.00000 0.00000
  outer loop
   vertex -5.1650 0.8800 -2.0650
   vertex -5.0350 0.8800 -1.9350
   vertex -5.1650 0.8800 -1.9350
  endloop
 endfacet
 facet normal 0.00000 1.00000 0.00000
  outer loop
   vertex -5.1650 0.0800 -1.9350
   vertex -5.0350 0.0800 -1.9350
   vertex -5.0350 0.0800 -2.0650
  endloop
 endfacet
 facet normal 0.00000 1.00000 0.00000
  outer loop
   vertex -5.1650 0.0800 -1.9350
   vertex -5.0350 0.0800 -2.0650
   vertex -5.1650 0.0800 -2.0650
  endloop
 endfacet
 facet normal 0.00000 0.00000 1.00000
  outer loop
   vertex -5.1650 0.0700 -2.5450
   vertex -5.0350 0.0700 -2.5450
   vertex -5.0350 0.8700 -2.5450
  endloop
 endfacet
 facet normal 0.00000 0.00000 1.00000
  outer loop
   vertex -5.1650 0.0700 -2.5450
   vertex -5.0350 0.8700 -2.5450
   vertex -5.1650 0.8700 -2.5450
  endloop
 endfacet
 facet normal 0.00000 0.00000 -1.00000
  outer loop
   vertex -5.0350 0.0700 -2.4150
   vertex -5.1650 0.0700 -2.4150
   vertex -5.1650 0.8700 -2.4150
  endloop
 endfacet
 facet normal 0.00000 0.00000 -1.00000
  outer loop
   vertex -5.0350 0.0700 -2.4150
   vertex -5.1650 0.8700 -2.4150
   vertex -5.0350 0.8700 -2.4150
  endloop
 endfacet
 facet normal 1.00000 0.00000 0.00000
  outer loop
   vertex -5.1650 0.0700 -2.4150
   vertex -5.1650 0.0700 -2.5450
   vertex -5.1650 0.8700 -2.5450
  endloop
 endfacet
 facet normal 1.00000 0.00000 0.00000
  outer loop
   vertex -5.1650 0.0700 -2.4150
   vertex -5.1650 0.8700 -2.5450
   vertex -5.1650 0.8700 -2.4150
  endloop
 endfacet
 facet normal -1.00000 0.00000 0.00000
  outer loop
   vertex -5.0350 0.0700 -2.5450
   vertex -5.0350 0.0700 -2.4150
   vertex -5.0350 0.8700 -2.4150
  endloop
 endfacet
 facet normal -1.00000 0.00000 0.00000
  outer loop
   vertex -5.0350 0.0700 -2.5450
   vertex -5.0350 0.8700 -2.4150
   vertex -5.0350 0.8700 -2.5450
  endloop
 endfacet
 facet normal 0.00000 -1.00000 0.00000
  outer loop
   vertex -5.1650 0.8700 -2.5450
   vertex -5.0350 0.8700 -2.5450
   vertex -5.0350 0.8700 -2.4150
  endloop
 endfacet
 facet normal 0.00000 -1.00000 0.00000
  outer loop
   vertex -5.1650 0.8700 -2.5450
   vertex -5.0350 0.8700 -2.4150
   vertex -5.1650 0.8700 -2.4150
  endloop
 endfacet
 facet normal 0.00000 1.00000 0.00000
  outer loop
   vertex -5.1650 0.0700 -2.4150
   vertex -5.0350 0.0700 -2.4150
   vertex -5.0350 0.0700 -2.5450
  endloop
 endfacet
 facet normal 0.00000 1.00000 0.00000
  outer loop
   vertex -5.1650 0.0700 -2.4150
   vertex -5.0350 0.0700 -2.5450
   vertex -5.1650 0.0700 -2.5450
  endloop
 endfacet
 facet normal 0.00000 0.00000 1.00000
  outer loop
   vertex -3.5650 0.0800 -2.0650
   vertex -3.4350 0.0800 -2.0650
   vertex -3.4350 0.8800 -2.0650
  endloop
 endfacet
 facet normal 0.00000 0.00000 1.00000
  outer loop
   vertex -3.5650 0.0800 -2.0650
   vertex -3.4350 0.8800 -2.0650
   vertex -3.5650 0.8800 -2.0650
  endloop
 endfacet
 facet normal 0.00000 0.00000 -1.00000
  outer loop
   vertex -3.4350 0.0800 -1.9350
   vertex -3.5650 0.0800 -1.9350
   vertex -3.5650 0.8800 -1.9350
  endloop
 endfacet
 facet normal 0.00000 0.00000 -1.00000
  outer loop
   vertex -3.4350 0.0800 -1.9350
   vertex -3.5650 0.8800 -1.9350
   vertex -3.4350 0.8800 -1.9350
  endloop
 endfacet
 facet normal 1.00000 0.00000 0.00000
  outer loop
   vertex -3.5650 0.0800 -1.9350
   vertex -3.5650 0.0800 -2.0650
   vertex -3.5650 0.8800 -2.0650
  endloop
 endfacet
 facet normal 1.00000 0.00000 0.00000
  outer loop
   vertex -3.5650 0.0800 -1.9350
   vertex -3.5650 0.8800 -2.0650
   vertex -3.5650 0.8800 -1.9350
  endloop
 endfacet
 facet normal -1.00000 0.00000 0.00000
  outer loop
   vertex -3.4350 0.0800 -2.0650
   vertex -3.4350 0.0800 -1.9350
   vertex -3.4350 0.8800 -1.9350
  endloop
 endfacet
 facet normal -1.00000 0.00000 0.00000
  outer loop
   vertex -3.4350 0.0800 -2.0650
   vertex -3.4350 0.8800 -1.9350
   vertex -3.4350 0.8800 -2.0650
  endloop
 endfacet
 facet normal 0.00000 -1.00000 0.00000
  outer loop
   vertex -3.5650 0.8800 -2.0650
   vertex -3.4350 0.8800 -2.0650
   vertex -3.4350 0.8800 -1.9350
  endloop
 endfacet
 facet normal 0.00000 -1.00000 0.00000
  outer loop
   vertex -3.5650 0.8800 -2.0650
   vertex -3.4350 0.8800 -1.9350
   vertex -3.5650 0.8800 -1.9350
  endloop
 endfacet
 facet normal 0.00000 1.00000 0.00000
  outer loop
   vertex -3.5650 0.0800 -1.9350
   vertex -3.4350 0.0800 -1.9350
   vertex -3.4350 0.0800 -2.0650
  endloop
 endfacet
 facet normal 0.00000 1.00000 0.00000
  outer loop
   vertex -3.5650 0.0800 -1.9350
   vertex -3.4350 0.0800 -2.0650
   vertex -3.5650 0.0800 -2.0650
  endloop
 endfacet
 facet normal 0.00000 0.00000 1.00000
  outer loop
   vertex -3.5650 0.0700 -2.5450
   vertex -3.4350 0.0700 -2.5450
   vertex -3.4350 0.8700 -2.5450
  endloop
 endfacet
 facet normal 0.00000 0.00000 1.00000
  outer loop
   vertex -3.5650 0.0700 -2.5450
   vertex -3.4350 0.8700 -2.5450
   vertex -3.5650 0.8700 -2.5450
  endloop
 endfacet
 facet normal 0.00000 0.00000 -1.00000
  outer loop
   vertex -3.4350 0.0700 -2.4150
   vertex -3.5650 0.0700 -2.4150
   vertex -3.5650 0.8700 -2.4150
  endloop
 endfacet
 facet normal 0.00000 0.00000 -1.00000
  outer loop
   vertex -3.4350 0.0700 -2.4150
   vertex -3.5650 0.8700 -2.4150
   vertex -3.4350 0.8700 -2.4150
  endloop
 endfacet
 facet normal 1.00000 0.00000 0.00000
  outer loop
   vertex -3.5650 0.0700 -2.4150
   vertex -3.5650 0.0700 -2.5450
   vertex -3.5650 0.8700 -2.5450
  endloop
 endfacet
 facet normal 1.00000 0.00000 0.00000
  outer loop
   vertex -3.5650 0.0700 -2.4150
   vertex -3.5650 0.8700 -2.5450
   vertex -3.5650 0.8700 -2.4150
  endloop
 endfacet
 facet normal -1.00000 0.00000 0.00000
  outer loop
   vertex -3.4350 0.0700 -2.5450
   vertex -3.4350 0.0700 -2.4150
   vertex -3.4350 0.8700 -2.4150
  endloop
 endfacet
 facet normal -1.00000 0.00000 0.00000
  outer loop
   vertex -3.4350 0.0700 -2.5450
   vertex -3.4350 0.8700 -2.4150
   vertex -3.4350 0.8700 -2.5450
  endloop
 endfacet
 facet normal 0.00000 -1.00000 0.00000
  outer loop
   vertex -3.5650 0.8700 -2.5450
   vertex -3.4350 0.8700 -2.5450
   vertex -3.4350 0.8700 -2.4150
  endloop
 endfacet
 facet normal 0.00000 -1.00000 0.00000
  outer loop
   vertex -3.5650 0.8700 -2.5450
   vertex -3.4350 0.8700 -2.4150
   vertex -3.5650 0.8700 -2.4150
  endloop
 endfacet
 facet normal 0.00000 1.00000 0.00000
  outer loop
   vertex -3.5650 0.0700 -2.4150
   vertex -3.4350 0.0700 -2.4150
   vertex -3.4350 0.0700 -2.5450
  endloop
 endfacet
 facet normal 0.00000 1.00000 0.00000
  outer loop
   vertex -3.5650 0.0700 -2.4150
   vertex -3.4350 0.0700 -2.5450
   vertex -3.5650 0.0700 -2.5450
  endloop
 endfacet
 facet normal 0.00000 0.00000 1.00000
  outer loop
   vertex -5.3000 0.3050 -1.0750
   vertex -3.3000 0.3050 -1.0750
   vertex -3.3000 0.6550 -1.0750
  endloop
 endfacet
 facet normal 0.00000 0.00000 1.00000
  outer loop
   vertex -5.3000 0.3050 -1.0750
   vertex -3.3000 0.6550 -1.0750
   vertex -5.3000 0.6550 -1.0750
  endloop
 endfacet
 facet normal 0.00000 0.00000 -1.00000
  outer loop
   vertex -3.3000 0.3050 -0.7250
   vertex -5.3000 0.3050 -0.7250
   vertex -5.3000 0.6550 -0.7250
  endloop
 endfacet
 facet normal 0.00000 0.00000 -1.00000
  outer loop
   vertex -3.3000 0.3050 -0.7250
   vertex -5.3000 0.6550 -0.7250
   vertex -3.3000 0.6550 -0.7250
  endloop
 endfacet
 facet normal 1.00000 0.00000 0.00000
  outer loop
   vertex -5.3000 0.3050 -0.7250
   vertex -5.3000 0.3050 -1.0750
   vertex -5.3000 0.6550 -1.0750
  endloop
 endfacet
 facet normal 1.00000 0.00000 0.00000
  outer loop
   vertex -5.3000 0.3050 -0.7250
   vertex -5.3000 0.6550 -1.0750
   vertex -5.3000 0.6550 -0.7250
  endloop
 endfacet
 facet normal -1.00000 0.00000 0.00000
  outer loop
   vertex -3.3000 0.3050 -1.0750
   vertex -3.3000 0.3050 -0.7250
   vertex -3.3000 0.6550 -0.7250
  endloop
 endfacet
 facet normal -1.00000 0.00000 0.00000
  outer loop
   vertex -3.3000 0.3050 -1.0750
   vertex -3.3000 0.6550 -0.7250
   vertex -3.3000 0.6550 -1.0750
  endloop
 endfacet
 facet normal 0.00000 -1.00000 0.00000
  outer loop
   vertex -5.3000 0.6550 -1.0750
   vertex -3.3000 0.6550 -1.0750
   vertex -3.3000 0.6550 -0.7250
  endloop
 endfacet
 facet normal 0.00000 -1.00000 0.00000
  outer loop
   vertex -5.3000 0.6550 -1.0750
   vertex -3.3000 0.6550 -0.7250
   vertex -5.3000 0.6550 -0.7250
  endloop
 endfacet
 facet normal 0.00000 1.00000 0.00000
  outer loop
   vertex -5.3000 0.3050 -0.7250
   vertex -3.3000 0.3050 -0.7250
   vertex -3.3000 0.3050 -1.0750
  endloop
 endfacet
 facet normal 0.00000 1.00000 0.00000
  outer loop
   vertex -5.3000 0.3050 -0.7250
   vertex -3.3000 0.3050 -1.0750
   vertex -5.3000 0.3050 -1.0750
  endloop
 endfacet
 facet normal 0.00000 0.00000 1.00000
  outer loop
   vertex -1.1500 0.8600 -2.4250
   vertex 1.1500 0.8600 -2.4250
   vertex 1.1500 1.0400 -2.4250
  endloop
 endfacet
 facet normal 0.00000 0.00000 1.00000
  outer loop
   vertex -1.1500 0.8600 -2.4250
   vertex 1.1500 1.0400 -2.4250
   vertex -1.1500 1.0400 -2.4250
  endloop
 endfacet
 facet normal 0.00000 0.00000 -1.00000
  outer loop
   vertex 1.1500 0.8600 -1.5750
   vertex -1.1500 0.8600 -1.5750
   vertex -1.1500 1.0400 -1.5750
  endloop
 endfacet
 facet normal 0.00000 0.00000 -1.00000
  outer loop
   vertex 1.1500 0.8600 -1.5750
   vertex -1.1500 1.0400 -1.5750
   vertex 1.1500 1.0400 -1.5750
  endloop
 endfacet
 facet normal 1.00000 0.00000 0.00000
  outer loop
   vertex -1.1500 0.8600 -1.5750
   vertex -1.1500 0.8600 -2.4250
   vertex -1.1500 1.0400 -2.4250
  endloop
 endfacet
 facet normal 1.00000 0.00000 0.00000
  outer loop
   vertex -1.1500 0.8600 -1.5750
   vertex -1.1500 1.0400 -2.4250
   vertex -1.1500 1.0400 -1.5750
  endloop
 endfacet
 facet normal -1.00000 0.00000 0.00000
  outer loop
   vertex 1.1500 0.8600 -2.4250
   vertex 1.1500 0.8600 -1.5750
   vertex 1.1500 1.0400 -1.5750
  endloop
 endfacet
 facet normal -1.00000 0.00000 0.00000
  outer loop
   vertex 1.1500 0.8600 -2.4250
   vertex 1.1500 1.0400 -1.5750
   vertex 1.1500 1.0400 -2.4250
  endloop
 endfacet
 facet normal 0.00000 -1.00000 0.00000
  outer loop
   vertex -1.1500 1.0400 -2.4250
   vertex 1.1500 1.0400 -2.4250
   vertex 1.1500 1.0400 -1.5750
  endloop
 endfacet
 facet normal 0.00000 -1.00000 0.00000
  outer loop
   vertex -1.1500 1.0400 -2.4250
   vertex 1.1500 1.0400 -1.5750
   vertex -1.1500 1.0400 -1.5750
  endloop
 endfacet
 facet normal 0.00000 1.00000 0.00000
  outer loop
   vertex -1.1500 0.8600 -1.5750
   vertex 1.1500 0.8600 -1.5750
   vertex 1.1500 0.8600 -2.4250
  endloop
 endfacet
 facet normal 0.00000 1.00000 0.00000
  outer loop
   vertex -1.1500 0.8600 -1.5750
   vertex 1.1500 0.8600 -2.4250
   vertex -1.1500 0.8600 -2.4250
  endloop
 endfacet
 facet normal 0.00000 0.00000 1.00000
  outer loop
   vertex -0.8650 0.0800 -2.0650
   vertex -0.7350 0.0800 -2.0650
   vertex -0.7350 0.8800 -2.0650
  endloop
 endfacet
 facet normal 0.00000 0.00000 1.00000
  outer loop
   vertex -0.8650 0.0800 -2.0650
   vertex -0.7350 0.8800 -2.0650
   vertex -0.8650 0.8800 -2.0650
  endloop
 endfacet
 facet normal 0.00000 0.00000 -1.00000
  outer loop
   vertex -0.7350 0.0800 -1.9350
   vertex -0.8650 0.0800 -1.9350
   vertex -0.8650 0.8800 -1.9350
  endloop
 endfacet
 facet normal 0.00000 0.00000 -1.00000
  outer loop
   vertex -0.7350 0.0800 -1.9350
   vertex -0.8650 0.8800 -1.9350
   vertex -0.7350 0.8800 -1.9350
  endloop
 endfacet
 facet normal 1.00000 0.00000 0.00000
  outer loop
   vertex -0.8650 0.0800 -1.9350
   vertex -0.8650 0.0800 -2.0650
   vertex -0.8650 0.8800 -2.0650
  endloop
 endfacet
 facet normal 1.00000 0.00000 0.00000
  outer loop
   vertex -0.8650 0.0800 -1.9350
   vertex -0.8650 0.8800 -2.0650
   vertex -0.8650 0.8800 -1.9350
  endloop
 endfacet
 facet normal -1.00000 0.00000 0.00000
  outer loop
   vertex -0.7350 0.0800 -2.0650
   vertex -0.7350 0.0800 -1.9350
   vertex -0.7350 0.8800 -1.9350
  endloop
 endfacet
 facet normal -1.00000 0.00000 0.00000
  outer loop
   vertex -0.7350 0.0800 -2.0650
   vertex -0.7350 0.8800 -1.9350
   vertex -0.7350 0.8800 -2.0650
  endloop
 endfacet
 facet normal 0.00000 -1.00000 0.00000
  outer loop
   vertex -0.8650 0.8800 -2.0650
   vertex -0.7350 0.8800 -2.0650
   vertex -0.7350 0.8800 -1.9350
  endloop
 endfacet
 facet normal 0.00000 -1.00000 0.00000
  outer loop
   vertex -0.8650 0.8800 -2.0650
   vertex -0.7350 0.8800 -1.9350
   vertex -0.8650 0.8800 -1.9350
  endloop
 endfacet
 facet normal 0.00000 1.00000 0.00000
  outer loop
   vertex -0.8650 0.0800 -1.9350
   vertex -0.7350 0.0800 -1.9350
   vertex -0.7350 0.0800 -2.0650
  endloop
 endfacet
 facet normal 0.00000 1.00000 0.00000
  outer loop
   vertex -0.8650 0.0800 -1.9350
   vertex -0.7350 0.0800 -2.0650
   vertex -0.8650 0.0800 -2.0650
  endloop
 endfacet
 facet normal 0.00000 0.00000 1.00000
  outer loop
   vertex -0.8650 0.0700 -2.5450
   vertex -0.7350 0.0700 -2.5450
   vertex -0.7350 0.8700 -2.5450
  endloop
 endfacet
 facet normal 0.00000 0.00000 1.00000
  outer loop
   vertex -0.8650 0.0700 -2.5450
   vertex -0.7350 0.8700 -2.5450
   vertex -0.8650 0.8700 -2.5450
  endloop
 endfacet
 facet normal 0.00000 0.00000 -1.00000
  outer loop
   vertex -0.7350 0.0700 -2.4150
   vertex -0.8650 0.0700 -2.4150
   vertex -0.8650 0.8700 -2.4150
  endloop
 endfacet
 facet normal 0.00000 0.00000 -1.00000
  outer loop
   vertex -0.7350 0.0700 -2.4150
   vertex -0.8650 0.8700 -2.4150
   vertex -0.7350 0.8700 -2.4150
  endloop
 endfacet
 facet normal 1.00000 0.00000 0.00000
  outer loop
   vertex -0.8650 0.0700 -2.4150
   vertex -0.8650 0.0700 -2.5450
   vertex -0.8650 0.8700 -2.5450
  endloop
 endfacet
 facet normal 1.00000 0.00000 0.00000
  outer loop
   vertex -0.8650 0.0700 -2.4150
   vertex -0.8650 0.8700 -2.5450
   vertex -0.8650 0.8700 -2.4150
  endloop
 endfacet
 facet normal -1.00000 0.00000 0.00000
  outer loop
   vertex -0.7350 0.0700 -2.5450
   vertex -0.7350 0.0700 -2.4150
   vertex -0.7350 0.8700 -2.4150
  endloop
 endfacet
 facet normal -1.00000 0.00000 0.00000
  outer loop
   vertex -0.7350 0.0700 -2.5450
   vertex -0.7350 0.8700 -2.4150
   vertex -0.7350 0.8700 -2.5450
  endloop
 endfacet
 facet normal 0.00000 -1.00000 0.00000
  outer loop
   vertex -0.8650 0.8700 -2.5450
   vertex -0.7350 0.8700 -2.5450
   vertex -0.7350 0.8700 -2.4150
  endloop
 endfacet
 facet normal 0.00000 -1.00000 0.00000
  outer loop
   vertex -0.8650 0.8700 -2.5450
   vertex -0.7350 0.8700 -2.4150
   vertex -0.8650 0.8700 -2.4150
  endloop
 endfacet
 facet normal 0.00000 1.00000 0.00000
  outer loop
   vertex -0.8650 0.0700 -2.4150
   vertex -0.7350 0.0700 -2.4150
   vertex -0.7350 0.0700 -2.5450
  endloop
 endfacet
 facet normal 0.00000 1.00000 0.00000
  outer loop
   vertex -0.8650 0.0700 -2.4150
   vertex -0.7350 0.0700 -2.5450
   vertex -0.8650 0.0700 -2.5450
  endloop
 endfacet
 facet normal 0.00000 0.00000 1.00000
  outer loop
   vertex 0.7350 0.0800 -2.0650
   vertex 0.8650 0.0800 -2.0650
   vertex 0.8650 0.8800 -2.0650
  endloop
 endfacet
 facet normal 0.00000 0.00000 1.00000
  outer loop
   vertex 0.7350 0.0800 -2.0650
   vertex 0.8650 0.8800 -2.0650
   vertex 0.7350 0.8800 -2.0650
  endloop
 endfacet
 facet normal 0.00000 0.00000 -1.00000
  outer loop
   vertex 0.8650 0.0800 -1.9350
   vertex 0.7350 0.0800 -1.9350
   vertex 0.7350 0.8800 -1.9350
  endloop
 endfacet
 facet normal 0.00000 0.00000 -1.00000
  outer loop
   vertex 0.8650 0.0800 -1.9350
   vertex 0.7350 0.8800 -1.9350
   vertex 0.8650 0.8800 -1.9350
  endloop
 endfacet
 facet normal 1.00000 0.00000 0.00000
  outer loop
   vertex 0.7350 0.0800 -1.9350
   vertex 0.7350 0.0800 -2.0650
   vertex 0.7350 0.8800 -2.0650
  endloop
 endfacet
 facet normal 1.00000 0.00000 0.00000
  outer loop
   vertex 0.7350 0.0800 -1.9350
   vertex 0.7350 0.8800 -2.0650
   vertex 0.7350 0.8800 -1.9350
  endloop
 endfacet
 facet normal -1.00000 0.00000 0.00000
  outer loop
   vertex 0.8650 0.0800 -2.0650
   vertex 0.8650 0.0800 -1.9350
   vertex 0.8650 0.8800 -1.9350
  endloop
 endfacet
 facet normal -1.00000 0.00000 0.00000
  outer loop
   vertex 0.8650 0.0800 -2.0650
   vertex 0.8650 0.8800 -1.9350
   vertex 0.8650 0.8800 -2.0650
  endloop
 endfacet
 facet normal 0.00000 -1.00000 0.00000
  outer loop
   vertex 0.7350 0.8800 -2.0650
   vertex 0.8650 0.8800 -2.0650
   vertex 0.8650 0.8800 -1.9350
  endloop
 endfacet
 facet normal 0.00000 -1.00000 0.00000
  outer loop
   vertex 0.7350 0.8800 -2.0650
   vertex 0.8650 0.8800 -1.9350
   vertex 0.7350 0.8800 -1.9350
  endloop
 endfacet
 facet normal 0.00000 1.00000 0.00000
  outer loop
   vertex 0.7350 0.0800 -1.9350
   vertex 0.8650 0.0800 -1.9350
   vertex 0.8650 0.0800 -2.0650
  endloop
 endfacet
 facet normal 0.00000 1.00000 0.00000
  outer loop
   vertex 0.7350 0.0800 -1.9350
   vertex 0.8650 0.0800 -2.0650
   vertex 0.7350 0.0800 -2.0650
  endloop
 endfacet
 facet normal 0.00000 0.00000 1.00000
  outer loop
   vertex 0.7350 0.0700 -2.5450
   vertex 0.8650 0.0700 -2.5450
   vertex 0.8650 0.8700 -2.5450
  endloop
 endfacet
 facet normal 0.00000 0.00000 1.00000
  outer loop
   vertex 0.7350 0.0700 -2.5450
   vertex 0.8650 0.8700 -2.5450
   vertex 0.7350 0.8700 -2.5450
  endloop
 endfacet
 facet normal 0.00000 0.00000 -1.00000
  outer loop
   vertex 0.8650 0.0700 -2.4150
   vertex 0.7350 0.0700 -2.4150
   vertex 0.7350 0.8700 -2.4150
  endloop
 endfacet
 facet normal 0.00000 0.00000 -1.00000
  outer loop
   vertex 0.8650 0.0700 -2.4150
   vertex 0.7350 0.8700 -2.4150
   vertex 0.8650 0.8700 -2.4150
  endloop
 endfacet
 facet normal 1.00000 0.00000 0.00000
  outer loop
   vertex 0.7350 0.0700 -2.4150
   vertex 0.7350 0.0700 -2.5450
   vertex 0.7350 0.8700 -2.5450
  endloop
 endfacet
 facet normal 1.00000 0.00000 0.00000
  outer loop
   vertex 0.7350 0.0700 -2.4150
   vertex 0.7350 0.8700 -2.5450
   vertex 0.7350 0.8700 -2.4150
  endloop
 endfacet
 facet normal -1.00000 0.00000 0.00000
  outer loop
   vertex 0.8650 0.0700 -2.5450
   vertex 0.8650 0.0700 -2.4150
   vertex 0.8650 0.8700 -2.4150
  endloop
 endfacet
 facet normal -1.00000 0.00000 0.00000
  outer loop
   vertex 0.8650 0.0700 -2.5450
   vertex 0.8650 0.8700 -2.4150
   vertex 0.8650 0.8700 -2.5450
  endloop
 endfacet
 facet normal 0.00000 -1.00000 0.00000
  outer loop
   vertex 0.7350 0.8700 -2.5450
   vertex 0.8650 0.8700 -2.5450
   vertex 0.8650 0.8700 -2.4150
  endloop
 endfacet
 facet normal 0.00000 -1.00000 0.00000
  outer loop
   vertex 0.7350 0.8700 -2.5450
   vertex 0.8650 0.8700 -2.4150
   vertex 0.7350 0.8700 -2.4150
  endloop
 endfacet
 facet normal 0.00000 1.00000 0.00000
  outer loop
   vertex 0.7350 0.0700 -2.4150
   vertex 0.8650 0.0700 -2.4150
   vertex 0.8650 0.0700 -2.5450
  endloop
 endfacet
 facet normal 0.00000 1.00000 0.00000
  outer loop
   vertex 0.7350 0.0700 -2.4150
   vertex 0.8650 0.0700 -2.5450
   vertex 0.7350 0.0700 -2.5450
  endloop
 endfacet
 facet normal 0.00000 0.00000 1.00000
  outer loop
   vertex -1.0000 0.3050 -1.0750
   vertex 1.0000 0.3050 -1.0750
   vertex 1.0000 0.6550 -1.0750
  endloop
 endfacet
 facet normal 0.00000 0.00000 1.00000
  outer loop
   vertex -1.0000 0.3050 -1.0750
   vertex 1.0000 0.6550 -1.0750
   vertex -1.0000 0.6550 -1.0750
  endloop
 endfacet
 facet normal 0.00000 0.00000 -1.00000
  outer loop
   vertex 1.0000 0.3050 -0.7250
   vertex -1.0000 0.3050 -0.7250
   vertex -1.0000 0.6550 -0.7250
  endloop
 endfacet
 facet normal 0.00000 0.00000 -1.00000
  outer loop
   vertex 1.0000 0.3050 -0.7250
   vertex -1.0000 0.6550 -0.7250
   vertex 1.0000 0.6550 -0.7250
  endloop
 endfacet
 facet normal 1.00000 0.00000 0.00000
  outer loop
   vertex -1.0000 0.3050 -0.7250
   vertex -1.0000 0.3050 -1.0750
   vertex -1.0000 0.6550 -1.0750
  endloop
 endfacet
 facet normal 1.00000 0.00000 0.00000
  outer loop
   vertex -1.0000 0.3050 -0.7250
   vertex -1.0000 0.6550 -1.0750
   vertex -1.0000 0.6550 -0.7250
  endloop
 endfacet
 facet normal -1.00000 0.00000 0.00000
  outer loop
   vertex 1.0000 0.3050 -1.0750
   vertex 1.0000 0.3050 -0.7250
   vertex 1.0000 0.6550 -0.7250
  endloop
 endfacet
 facet normal -1.00000 0.00000 0.00000
  outer loop
   vertex 1.0000 0.3050 -1.0750
   vertex 1.0000 0.6550 -0.7250
   vertex 1.0000 0.6550 -1.0750
  endloop
 endfacet
 facet normal 0.00000 -1.00000 0.00000
  outer loop
   vertex -1.0000 0.6550 -1.0750
   vertex 1.0000 0.6550 -1.0750
   vertex 1.0000 0.6550 -0.7250
  endloop
 endfacet
 facet normal 0.00000 -1.00000 0.00000
  outer loop
   vertex -1.0000 0.6550 -1.0750
   vertex 1.0000 0.6550 -0.7250
   vertex -1.0000 0.6550 -0.7250
  endloop
 endfacet
 facet normal 0.00000 1.00000 0.00000
  outer loop
   vertex -1.0000 0.3050 -0.7250
   vertex 1.0000 0.3050 -0.7250
   vertex 1.0000 0.3050 -1.0750
  endloop
 endfacet
 facet normal 0.00000 1.00000 0.00000
  outer loop
   vertex -1.0000 0.3050 -0.7250
   vertex 1.0000 0.3050 -1.0750
   vertex -1.0000 0.3050 -1.0750
  endloop
 endfacet
 facet normal 0.00000 0.00000 1.00000
  outer loop
   vertex 3.1500 0.8600 -2.4250
   vertex 5.4500 0.8600 -2.4250
   vertex 5.4500 1.0400 -2.4250
  endloop
 endfacet
 facet normal 0.00000 0.00000 1.00000
  outer loop
   vertex 3.1500 0.8600 -2.4250
   vertex 5.4500 1.0400 -2.4250
   vertex 3.1500 1.0400 -2.4250
  endloop
 endfacet
 facet normal 0.00000 0.00000 -1.00000
  outer loop
   vertex 5.4500 0.8600 -1.5750
   vertex 3.1500 0.8600 -1.5750
   vertex 3.1500 1.0400 -1.5750
  endloop
 endfacet
 facet normal 0.00000 0.00000 -1.00000
  outer loop
   vertex 5.4500 0.8600 -1.5750
   vertex 3.1500 1.0400 -1.5750
   vertex 5.4500 1.0400 -1.5750
  endloop
 endfacet
 facet normal 1.00000 0.00000 0.00000
  outer loop
   vertex 3.1500 0.8600 -1.5750
   vertex 3.1500 0.8600 -2.4250
   vertex 3.1500 1.0400 -2.4250
  endloop
 endfacet
 facet normal 1.00000 0.00000 0.00000
  outer loop
   vertex 3.1500 0.8600 -1.5750
   vertex 3.1500 1.0400 -2.4250
   vertex 3.1500 1.0400 -1.5750
  endloop
 endfacet
 facet normal -1.00000 0.00000 0.00000
  outer loop
   vertex 5.4500 0.8600 -2.4250
   vertex 5.4500 0.8600 -1.5750
   vertex 5.4500 1.0400 -1.5750
  endloop
 endfacet
 facet normal -1.00000 0.00000 0.00000
  outer loop
   vertex 5.4500 0.8600 -2.4250
   vertex 5.4500 1.0400 -1.5750
   vertex 5.4500 1.0400 -2.4250
  endloop
 endfacet
 facet normal 0.00000 -1.00000 0.00000
  outer loop
   vertex 3.1500 1.0400 -2.4250
   vertex 5.4500 1.0400 -2.4250
   vertex 5.4500 1.0400 -1.5750
  endloop
 endfacet
 facet normal 0.00000 -1.00000 0.00000
  outer loop
   vertex 3.1500 1.0400 -2.4250
   vertex 5.4500 1.0400 -1.5750
   vertex 3.1500 1.0400 -1.5750
  endloop
 endfacet
 facet normal 0.00000 1.00000 0.00000
  outer loop
   vertex 3.1500 0.8600 -1.5750
   vertex 5.4500 0.8600 -1.5750
   vertex 5.4500 0.8600 -2.4250
  endloop
 endfacet
 facet normal 0.00000 1.00000 0.00000
  outer loop
   vertex 3.1500 0.8600 -1.5750
   vertex 5.4500 0.8600 -2.4250
   vertex 3.1500 0.8600 -2.4250
  endloop
 endfacet
 facet normal 0.00000 0.00000 1.00000
  outer loop
   vertex 3.4350 0.0800 -2.0650
   vertex 3.5650 0.0800 -2.0650
   vertex 3.5650 0.8800 -2.0650
  endloop
 endfacet
 facet normal 0.00000 0.00000 1.00000
  outer loop
   vertex 3.4350 0.0800 -2.0650
   vertex 3.5650 0.8800 -2.0650
   vertex 3.4350 0.8800 -2.0650
  endloop
 endfacet
 facet normal 0.00000 0.00000 -1.00000
  outer loop
   vertex 3.5650 0.0800 -1.9350
   vertex 3.4350 0.0800 -1.9350
   vertex 3.4350 0.8800 -1.9350
  endloop
 endfacet
 facet normal 0.00000 0.00000 -1.00000
  outer loop
   vertex 3.5650 0.0800 -1.9350
   vertex 3.4350 0.8800 -1.9350
   vertex 3.5650 0.8800 -1.9350
  endloop
 endfacet
 facet normal 1.00000 0.00000 0.00000
  outer loop
   vertex 3.4350 0.0800 -1.9350
   vertex 3.4350 0.0800 -2.0650
   vertex 3.4350 0.8800 -2.0650
  endloop
 endfacet
 facet normal 1.00000 0.00000 0.00000
  outer loop
   vertex 3.4350 0.0800 -1.9350
   vertex 3.4350 0.8800 -2.0650
   vertex 3.4350 0.8800 -1.9350
  endloop
 endfacet
 facet normal -1.00000 0.00000 0.00000
  outer loop
   vertex 3.5650 0.0800 -2.0650
   vertex 3.5650 0.0800 -1.9350
   vertex 3.5650 0.8800 -1.9350
  endloop
 endfacet
 facet normal -1.00000 0.00000 0.00000
  outer loop
   vertex 3.5650 0.0800 -2.0650
   vertex 3.5650 0.8800 -1.9350
   vertex 3.5650 0.8800 -2.0650
  endloop
 endfacet
 facet normal 0.00000 -1.00000 0.00000
  outer loop
   vertex 3.4350 0.8800 -2.0650
   vertex 3.5650 0.8800 -2.0650
   vertex 3.5650 0.8800 -1.9350
  endloop
 endfacet
 facet normal 0.00000 -1.00000 0.00000
  outer loop
   vertex 3.4350 0.8800 -2.0650
   vertex 3.5650 0.8800 -1.9350
   vertex 3.4350 0.8800 -1.9350
  endloop
 endfacet
 facet normal 0.00000 1.00000 0.00000
  outer loop
   vertex 3.4350 0.0800 -1.9350
   vertex 3.5650 0.0800 -1.9350
   vertex 3.5650 0.0800 -2.0650
  endloop
 endfacet
 facet normal 0.00000 1.00000 0.00000
  outer loop
   vertex 3.4350 0.0800 -1.9350
   vertex 3.5650 0.0800 -2.0650
   vertex 3.4350 0.0800 -2.0650
  endloop
 endfacet
 facet normal 0.00000 0.00000 1.00000
  outer loop
   vertex 3.4350 0.0700 -2.5450
   vertex 3.5650 0.0700 -2.5450
   vertex 3.5650 0.8700 -2.5450
  endloop
 endfacet
 facet normal 0.00000 0.00000 1.00000
  outer loop
   vertex 3.4350 0.0700 -2.5450
   vertex 3.5650 0.8700 -2.5450
   vertex 3.4350 0.8700 -2.5450
  endloop
 endfacet
 facet normal 0.00000 0.00000 -1.00000
  outer loop
   vertex 3.5650 0.0700 -2.4150
   vertex 3.4350 0.0700 -2.4150
   vertex 3.4350 0.8700 -2.4150
  endloop
 endfacet
 facet normal 0.00000 0.00000 -1.00000
  outer loop
   vertex 3.5650 0.0700 -2.4150
   vertex 3.4350 0.8700 -2.4150
   vertex 3.5650 0.8700 -2.4150
  endloop
 endfacet
 facet normal 1.00000 0.00000 0.00000
  outer loop
   vertex 3.4350 0.0700 -2.4150
   vertex 3.4350 0.0700 -2.5450
   vertex 3.4350 0.8700 -2.5450
  endloop
 endfacet
 facet normal 1.00000 0.00000 0.00000
  outer loop
   vertex 3.4350 0.0700 -2.4150
   vertex 3.4350 0.8700 -2.5450
   vertex 3.4350 0.8700 -2.4150
  endloop
 endfacet
 facet normal -1.00000 0.00000 0.00000
  outer loop
   vertex 3.5650 0.0700 -2.5450
   vertex 3.5650 0.0700 -2.4150
   vertex 3.5650 0.8700 -2.4150
  endloop
 endfacet
 facet normal -1.00000 0.00000 0.00000
  outer loop
   vertex 3.5650 0.0700 -2.5450
   vertex 3.5650 0.8700 -2.4150
   vertex 3.5650 0.8700 -2.5450
  endloop
 endfacet
 facet normal 0.00000 -1.00000 0.00000
  outer loop
   vertex 3.4350 0.8700 -2.5450
   vertex 3.5650 0.8700 -2.5450
   vertex 3.5650 0.8700 -2.4150
  endloop
 endfacet
 facet normal 0.00000 -1.00000 0.00000
  outer loop
   vertex 3.4350 0.8700 -2.5450
   vertex 3.5650 0.8700 -2.4150
   vertex 3.4350 0.8700 -2.4150
  endloop
 endfacet
 facet normal 0.00000 1.00000 0.00000
  outer loop
   vertex 3.4350 0.0700 -2.4150
   vertex 3.5650 0.0700 -2.4150
   vertex 3.5650 0.0700 -2.5450
  endloop
 endfacet
 facet normal 0.00000 1.00000 0.00000
  outer loop
   vertex 3.4350 0.0700 -2.4150
   vertex 3.5650 0.0700 -2.5450
   vertex 3.4350 0.0700 -2.5450
  endloop
 endfacet
 facet normal 0.00000 0.00000 1.00000
  outer loop
   vertex 5.0350 0.0800 -2.0650
   vertex 5.1650 0.0800 -2.0650
   vertex 5.1650 0.8800 -2.0650
  endloop
 endfacet
 facet normal 0.00000 0.00000 1.00000
  outer loop
   vertex 5.0350 0.0800 -2.0650
   vertex 5.1650 0.8800 -2.0650
   vertex 5.0350 0.8800 -2.0650
  endloop
 endfacet
 facet normal 0.00000 0.00000 -1.00000
  outer loop
   vertex 5.1650 0.0800 -1.9350
   vertex 5.0350 0.0800 -1.9350
   vertex 5.0350 0.8800 -1.9350
  endloop
 endfacet
 facet normal 0.00000 0.00000 -1.00000
  outer loop
   vertex 5.1650 0.0800 -1.9350
   vertex 5.0350 0.8800 -1.9350
   vertex 5.1650 0.8800 -1.9350
  endloop
 endfacet
 facet normal 1.00000 0.00000 0.00000
  outer loop
   vertex 5.0350 0.0800 -1.9350
   vertex 5.0350 0.0800 -2.0650
   vertex 5.0350 0.8800 -2.0650
  endloop
 endfacet
 facet normal 1.00000 0.00000 0.00000
  outer loop
   vertex 5.0350 0.0800 -1.9350
   vertex 5.0350 0.8800 -2.0650
   vertex 5.0350 0.8800 -1.9350
  endloop
 endfacet
 facet normal -1.00000 0.00000 0.00000
  outer loop
   vertex 5.1650 0.0800 -2.0650
   vertex 5.1650 0.0800 -1.9350
   vertex 5.1650 0.8800 -1.9350
  endloop
 endfacet
 facet normal -1.00000 0.00000 0.00000
  outer loop
   vertex 5.1650 0.0800 -2.0650
   vertex 5.1650 0.8800 -1.9350
   vertex 5.1650 0.8800 -2.0650
  endloop
 endfacet
 facet normal 0.00000 -1.00000 0.00000
  outer loop
   vertex 5.0350 0.8800 -2.0650
   vertex 5.1650 0.8800 -2.0650
   vertex 5.1650 0.8800 -1.9350
  endloop
 endfacet
 facet normal 0.00000 -1.00000 0.00000
  outer loop
   vertex 5.0350 0.8800 -2.0650
   vertex 5.1650 0.8800 -1.9350
   vertex 5.0350 0.8800 -1.9350
  endloop
 endfacet
 facet normal 0.00000 1.00000 0.00000
  outer loop
   vertex 5.0350 0.0800 -1.9350
   vertex 5.1650 0.0800 -1.9350
   vertex 5.1650 0.0800 -2.0650
  endloop
 endfacet
 facet normal 0.00000 1.00000 0.00000
  outer loop
   vertex 5.0350 0.0800 -1.9350
   vertex 5.1650 0.0800 -2.0650
   vertex 5.0350 0.0800 -2.0650
  endloop
 endfacet
 facet normal 0.00000 0.00000 1.00000
  outer loop
   vertex 5.0350 0.0700 -2.5450
   vertex 5.1650 0.0700 -2.5450
   vertex 5.1650 0.8700 -2.5450
  endloop
 endfacet
 facet normal 0.00000 0.00000 1.00000
  outer loop
   vertex 5.0350 0.0700 -2.5450
   vertex 5.1650 0.8700 -2.5450
   vertex 5.0350 0.8700 -2.5450
  endloop
 endfacet
 facet normal 0.00000 0.00000 -1.00000
  outer loop
   vertex 5.1650 0.0700 -2.4150
   vertex 5.0350 0.0700 -2.4150
   vertex 5.0350 0.8700 -2.4150
  endloop
 endfacet
 facet normal 0.00000 0.00000 -1.00000
  outer loop
   vertex 5.1650 0.0700 -2.4150
   vertex 5.0350 0.8700 -2.4150
   vertex 5.1650 0.8700 -2.4150
  endloop
 endfacet
 facet normal 1.00000 0.00000 0.00000
  outer loop
   vertex 5.0350 0.0700 -2.4150
   vertex 5.0350 0.0700 -2.5450
   vertex 5.0350 0.8700 -2.5450
  endloop
 endfacet
 facet normal 1.00000 0.00000 0.00000
  outer loop
   vertex 5.0350 0.0700 -2.4150
   vertex 5.0350 0.8700 -2.5450
   vertex 5.0350 0.8700 -2.4150
  endloop
 endfacet
 facet normal -1.00000 0.00000 0.00000
  outer loop
   vertex 5.1650 0.0700 -2.5450
   vertex 5.1650 0.0700 -2.4150
   vertex 5.1650 0.8700 -2.4150
  endloop
 endfacet
 facet normal -1.00000 0.00000 0.00000
  outer loop
   vertex 5.1650 0.0700 -2.5450
   vertex 5.1650 0.8700 -2.4150
   vertex 5.1650 0.8700 -2.5450
  endloop
 endfacet
 facet normal 0.00000 -1.00000 0.00000
  outer loop
   vertex 5.0350 0.8700 -2.5450
   vertex 5.1650 0.8700 -2.5450
   vertex 5.1650 0.8700 -2.4150
  endloop
 endfacet
 facet normal 0.00000 -1.00000 0.00000
  outer loop
   vertex 5.0350 0.8700 -2.5450
   vertex 5.1650 0.8700 -2.4150
   vertex 5.0350 0.8700 -2.4150
  endloop
 endfacet
 facet normal 0.00000 1.00000 0.00000
  outer loop
   vertex 5.0350 0.0700 -2.4150
   vertex 5.1650 0.0700 -2.4150
   vertex 5.1650 0.0700 -2.5450
  endloop
 endfacet
 facet normal 0.00000 1.00000 0.00000
  outer loop
   vertex 5.0350 0.0700 -2.4150
   vertex 5.1650 0.0700 -2.5450
   vertex 5.0350 0.0700 -2.5450
  endloop
 endfacet
 facet normal 0.00000 0.00000 1.00000
  outer loop
   vertex 3.3000 0.3050 -1.0750
   vertex 5.3000 0.3050 -1.0750
   vertex 5.3000 0.6550 -1.0750
  endloop
 endfacet
 facet normal 0.00000 0.00000 1.00000
  outer loop
   vertex 3.3000 0.3050 -1.0750
   vertex 5.3000 0.6550 -1.0750
   vertex 3.3000 0.6550 -1.0750
  endloop
 endfacet
 facet normal 0.00000 0.00000 -1.00000
  outer loop
   vertex 5.3000 0.3050 -0.7250
   vertex 3.3000 0.3050 -0.7250
   vertex 3.3000 0.6550 -0.7250
  endloop
 endfacet
 facet normal 0.00000 0.00000 -1.00000
  outer loop
   vertex 5.3000 0.3050 -0.7250
   vertex 3.3000 0.6550 -0.7250
   vertex 5.3000 0.6550 -0.7250
  endloop
 endfacet
 facet normal 1.00000 0.00000 0.00000
  outer loop
   vertex 3.3000 0.3050 -0.7250
   vertex 3.3000 0.3050 -1.0750
   vertex 3.3000 0.6550 -1.0750
  endloop
 endfacet
 facet normal 1.00000 0.00000 0.00000
  outer loop
   vertex 3.3000 0.3050 -0.7250
   vertex 3.3000 0.6550 -1.0750
   vertex 3.3000 0.6550 -0.7250
  endloop
 endfacet
 facet normal -1.00000 0.00000 0.00000
  outer loop
   vertex 5.3000 0.3050 -1.0750
   vertex 5.3000 0.3050 -0.7250
   vertex 5.3000 0.6550 -0.7250
  endloop
 endfacet
 facet normal -1.00000 0.00000 0.00000
  outer loop
   vertex 5.3000 0.3050 -1.0750
   vertex 5.3000 0.6550 -0.7250
   vertex 5.3000 0.6550 -1.0750
  endloop
 endfacet
 facet normal 0.00000 -1.00000 0.00000
  outer loop
   vertex 3.3000 0.6550 -1.0750
   vertex 5.3000 0.6550 -1.0750
   vertex 5.3000 0.6550 -0.7250
  endloop
 endfacet
 facet normal 0.00000 -1.00000 0.00000
  outer loop
   vertex 3.3000 0.6550 -1.0750
   vertex 5.3000 0.6550 -0.7250
   vertex 3.3000 0.6550 -0.7250
  endloop
 endfacet
 facet normal 0.00000 1.00000 0.00000
  outer loop
   vertex 3.3000 0.3050 -0.7250
   vertex 5.3000 0.3050 -0.7250
   vertex 5.3000 0.3050 -1.0750
  endloop
 endfacet
 facet normal 0.00000 1.00000 0.00000
  outer loop
   vertex 3.3000 0.3050 -0.7250
   vertex 5.3000 0.3050 -1.0750
   vertex 3.3000 0.3050 -1.0750
  endloop
 endfacet
 facet normal 0.00000 0.00000 1.00000
  outer loop
   vertex -5.4500 0.8600 0.5750
   vertex -3.1500 0.8600 0.5750
   vertex -3.1500 1.0400 0.5750
  endloop
 endfacet
 facet normal 0.00000 0.00000 1.00000
  outer loop
   vertex -5.4500 0.8600 0.5750
   vertex -3.1500 1.0400 0.5750
   vertex -5.4500 1.0400 0.5750
  endloop
 endfacet
 facet normal 0.00000 0.00000 -1.00000
  outer loop
   vertex -3.1500 0.8600 1.4250
   vertex -5.4500 0.8600 1.4250
   vertex -5.4500 1.0400 1.4250
  endloop
 endfacet
 facet normal 0.00000 0.00000 -1.00000
  outer loop
   vertex -3.1500 0.8600 1.4250
   vertex -5.4500 1.0400 1.4250
   vertex -3.1500 1.0400 1.4250
  endloop
 endfacet
 facet normal 1.00000 0.00000 0.00000
  outer loop
   vertex -5.4500 0.8600 1.4250
   vertex -5.4500 0.8600 0.5750
   vertex -5.4500 1.0400 0.5750
  endloop
 endfacet
 facet normal 1.00000 0.00000 0.00000
  outer loop
   vertex -5.4500 0.8600 1.4250
   vertex -5.4500 1.0400 0.5750
   vertex -5.4500 1.0400 1.4250
  endloop
 endfacet
 facet normal -1.00000 0.00000 0.00000
  outer loop
   vertex -3.1500 0.8600 0.5750
   vertex -3.1500 0.8600 1.4250
   vertex -3.1500 1.0400 1.4250
  endloop
 endfacet
 facet normal -1.00000 0.00000 0.00000
  outer loop
   vertex -3.1500 0.8600 0.5750
   vertex -3.1500 1.0400 1.4250
   vertex -3.1500 1.0400 0.5750
  endloop
 endfacet
 facet normal 0.00000 -1.00000 0.00000
  outer loop
   vertex -5.4500 1.0400 0.5750
   vertex -3.1500 1.0400 0.5750
   vertex -3.1500 1.0400 1.4250
  endloop
 endfacet
 facet normal 0.00000 -1.00000 0.00000
  outer loop
   vertex -5.4500 1.0400 0.5750
   vertex -3.1500 1.0400 1.4250
   vertex -5.4500 1.0400 1.4250
  endloop
 endfacet
 facet normal 0.00000 1.00000 0.00000
  outer loop
   vertex -5.4500 0.8600 1.4250
   vertex -3.1500 0.8600 1.4250
   vertex -3.1500 0.8600 0.5750
  endloop
 endfacet
 facet normal 0.00000 1.00000 0.00000
  outer loop
   vertex -5.4500 0.8600 1.4250
   vertex -3.1500 0.8600 0.5750
   vertex -5.4500 0.8600 0.5750
  endloop
 endfacet
 facet normal 0.00000 0.00000 1.00000
  outer loop
   vertex -5.1650 0.0800 0.9350
   vertex -5.0350 0.0800 0.9350
   vertex -5.0350 0.8800 0.9350
  endloop
 endfacet
 facet normal 0.00000 0.00000 1.00000
  outer loop
   vertex -5.1650 0.0800 0.9350
   vertex -5.0350 0.8800 0.9350
   vertex -5.1650 0.8800 0.9350
  endloop
 endfacet
 facet normal 0.00000 0.00000 -1.00000
  outer loop
   vertex -5.0350 0.0800 1.0650
   vertex -5.1650 0.0800 1.0650
   vertex -5.1650 0.8800 1.0650
  endloop
 endfacet
 facet normal 0.00000 0.00000 -1.00000
  outer loop
   vertex -5.0350 0.0800 1.0650
   vertex -5.1650 0.8800 1.0650
   vertex -5.0350 0.8800 1.0650
  endloop
 endfacet
 facet normal 1.00000 0.00000 0.00000
  outer loop
   vertex -5.1650 0.0800 1.0650
   vertex -5.1650 0.0800 0.9350
   vertex -5.1650 0.8800 0.9350
  endloop
 endfacet
 facet normal 1.00000 0.00000 0.00000
  outer loop
   vertex -5.1650 0.0800 1.0650
   vertex -5.1650 0.8800 0.9350
   vertex -5.1650 0.8800 1.0650
  endloop
 endfacet
 facet normal -1.00000 0.00000 0.00000
  outer loop
   vertex -5.0350 0.0800 0.9350
   vertex -5.0350 0.0800 1.0650
   vertex -5.0350 0.8800 1.0650
  endloop
 endfacet
 facet normal -1.00000 0.00000 0.00000
  outer loop
   vertex -5.0350 0.0800 0.9350
   vertex -5.0350 0.8800 1.0650
   vertex -5.0350 0.8800 0.9350
  endloop
 endfacet
 facet normal 0.00000 -1.00000 0.00000
  outer loop
   vertex -5.1650 0.8800 0.9350
   vertex -5.0350 0.8800 0.9350
   vertex -5.0350 0.8800 1.0650
  endloop
 endfacet
 facet normal 0.00000 -1.00000 0.00000
  outer loop
   vertex -5.1650 0.8800 0.9350
   vertex -5.0350 0.8800 1.0650
   vertex -5.1650 0.8800 1.0650
  endloop
 endfacet
 facet normal 0.00000 1.00000 0.00000
  outer loop
   vertex -5.1650 0.0800 1.0650
   vertex -5.0350 0.0800 1.0650
   vertex -5.0350 0.0800 0.9350
  endloop
 endfacet
 facet normal 0.00000 1.00000 0.00000
  outer loop
   vertex -5.1650 0.0800 1.0650
   vertex -5.0350 0.0800 0.9350
   vertex -5.1650 0.0800 0.9350
  endloop
 endfacet
 facet normal 0.00000 0.00000 1.00000
  outer loop
   vertex -5.1650 0.0700 0.4550
   vertex -5.0350 0.0700 0.4550
   vertex -5.0350 0.8700 0.4550
  endloop
 endfacet
 facet normal 0.00000 0.00000 1.00000
  outer loop
   vertex -5.1650 0.0700 0.4550
   vertex -5.0350 0.8700 0.4550
   vertex -5.1650 0.8700 0.4550
  endloop
 endfacet
 facet normal 0.00000 0.00000 -1.00000
  outer loop
   vertex -5.0350 0.0700 0.5850
   vertex -5.1650 0.0700 0.5850
   vertex -5.1650 0.8700 0.5850
  endloop
 endfacet
 facet normal 0.00000 0.00000 -1.00000
  outer loop
   vertex -5.0350 0.0700 0.5850
   vertex -5.1650 0.8700 0.5850
   vertex -5.0350 0.8700 0.5850
  endloop
 endfacet
 facet normal 1.00000 0.00000 0.00000
  outer loop
   vertex -5.1650 0.0700 0.5850
   vertex -5.1650 0.0700 0.4550
   vertex -5.1650 0.8700 0.4550
  endloop
 endfacet
 facet normal 1.00000 0.00000 0.00000
  outer loop
   vertex -5.1650 0.0700 0.5850
   vertex -5.1650 0.8700 0.4550
   vertex -5.1650 0.8700 0.5850
  endloop
 endfacet
 facet normal -1.00000 0.00000 0.00000
  outer loop
   vertex -5.0350 0.0700 0.4550
   vertex -5.0350 0.0700 0.5850
   vertex -5.0350 0.8700 0.5850
  endloop
 endfacet
 facet normal -1.00000 0.00000 0.00000
  outer loop
   vertex -5.0350 0.0700 0.4550
   vertex -5.0350 0.8700 0.5850
   vertex -5.0350 0.8700 0.4550
  endloop
 endfacet
 facet normal 0.00000 -1.00000 0.00000
  outer loop
   vertex -5.1650 0.8700 0.4550
   vertex -5.0350 0.8700 0.4550
   vertex -5.0350 0.8700 0.5850
  endloop
 endfacet
 facet normal 0.00000 -1.00000 0.00000
  outer loop
   vertex -5.1650 0.8700 0.4550
   vertex -5.0350 0.8700 0.5850
   vertex -5.1650 0.8700 0.5850
  endloop
 endfacet
 facet normal 0.00000 1.00000 0.00000
  outer loop
   vertex -5.1650 0.0700 0.5850
   vertex -5.0350 0.0700 0.5850
   vertex -5.0350 0.0700 0.4550
  endloop
 endfacet
 facet normal 0.00000 1.00000 0.00000
  outer loop
   vertex -5.1650 0.0700 0.5850
   vertex -5.0350 0.0700 0.4550
   vertex -5.1650 0.0700 0.4550
  endloop
 endfacet
 facet normal 0.00000 0.00000 1.00000
  outer loop
   vertex -3.5650 0.0800 0.9350
   vertex -3.4350 0.0800 0.9350
   vertex -3.4350 0.8800 0.9350
  endloop
 endfacet
 facet normal 0.00000 0.00000 1.00000
  outer loop
   vertex -3.5650 0.0800 0.9350
   vertex -3.4350 0.8800 0.9350
   vertex -3.5650 0.8800 0.9350
  endloop
 endfacet
 facet normal 0.00000 0.00000 -1.00000
  outer loop
   vertex -3.4350 0.0800 1.0650
   vertex -3.5650 0.0800 1.0650
   vertex -3.5650 0.8800 1.0650
  endloop
 endfacet
 facet normal 0.00000 0.00000 -1.00000
  outer loop
   vertex -3.4350 0.0800 1.0650
   vertex -3.5650 0.8800 1.0650
   vertex -3.4350 0.8800 1.0650
  endloop
 endfacet
 facet normal 1.00000 0.00000 0.00000
  outer loop
   vertex -3.5650 0.0800 1.0650
   vertex -3.5650 0.0800 0.9350
   vertex -3.5650 0.8800 0.9350
  endloop
 endfacet
 facet normal 1.00000 0.00000 0.00000
  outer loop
   vertex -3.5650 0.0800 1.0650
   vertex -3.5650 0.8800 0.9350
   vertex -3.5650 0.8800 1.0650
  endloop
 endfacet
 facet normal -1.00000 0.00000 0.00000
  outer loop
   vertex -3.4350 0.0800 0.9350
   vertex -3.4350 0.0800 1.0650
   vertex -3.4350 0.8800 1.0650
  endloop
 endfacet
 facet normal -1.00000 0.00000 0.00000
  outer loop
   vertex -3.4350 0.0800 0.9350
   vertex -3.4350 0.8800 1.0650
   vertex -3.4350 0.8800 0.9350
  endloop
 endfacet
 facet normal 0.00000 -1.00000 0.00000
  outer loop
   vertex -3.5650 0.8800 0.9350
   vertex -3.4350 0.8800 0.9350
   vertex -3.4350 0.8800 1.0650
  endloop
 endfacet
 facet normal 0.00000 -1.00000 0.00000
  outer loop
   vertex -3.5650 0.8800 0.9350
   vertex -3.4350 0.8800 1.0650
   vertex -3.5650 0.8800 1.0650
  endloop
 endfacet
 facet normal 0.00000 1.00000 0.00000
  outer loop
   vertex -3.5650 0.0800 1.0650
   vertex -3.4350 0.0800 1.0650
   vertex -3.4350 0.0800 0.9350
  endloop
 endfacet
 facet normal 0.00000 1.00000 0.00000
  outer loop
   vertex -3.5650 0.0800 1.0650
   vertex -3.4350 0.0800 0.9350
   vertex -3.5650 0.0800 0.9350
  endloop
 endfacet
 facet normal 0.00000 0.00000 1.00000
  outer loop
   vertex -3.5650 0.0700 0.4550
   vertex -3.4350 0.0700 0.4550
   vertex -3.4350 0.8700 0.4550
  endloop
 endfacet
 facet normal 0.00000 0.00000 1.00000
  outer loop
   vertex -3.5650 0.0700 0.4550
   vertex -3.4350 0.8700 0.4550
   vertex -3.5650 0.8700 0.4550
  endloop
 endfacet
 facet normal 0.00000 0.00000 -1.00000
  outer loop
   vertex -3.4350 0.0700 0.5850
   vertex -3.5650 0.0700 0.5850
   vertex -3.5650 0.8700 0.5850
  endloop
 endfacet
 facet normal 0.00000 0.00000 -1.00000
  outer loop
   vertex -3.4350 0.0700 0.5850
   vertex -3.5650 0.8700 0.5850
   vertex -3.4350 0.8700 0.5850
  endloop
 endfacet
 facet normal 1.00000 0.00000 0.00000
  outer loop
   vertex -3.5650 0.0700 0.5850
   vertex -3.5650 0.0700 0.4550
   vertex -3.5650 0.8700 0.4550
  endloop
 endfacet
 facet normal 1.00000 0.00000 0.00000
  outer loop
   vertex -3.5650 0.0700 0.5850
   vertex -3.5650 0.8700 0.4550
   vertex -3.5650 0.8700 0.5850
  endloop
 endfacet
 facet normal -1.00000 0.00000 0.00000
  outer loop
   vertex -3.4350 0.0700 0.4550
   vertex -3.4350 0.0700 0.5850
   vertex -3.4350 0.8700 0.5850
  endloop
 endfacet
 facet normal -1.00000 0.00000 0.00000
  outer loop
   vertex -3.4350 0.0700 0.4550
   vertex -3.4350 0.8700 0.5850
   vertex -3.4350 0.8700 0.4550
  endloop
 endfacet
 facet normal 0.00000 -1.00000 0.00000
  outer loop
   vertex -3.5650 0.8700 0.4550
   vertex -3.4350 0.8700 0.4550
   vertex -3.4350 0.8700 0.5850
  endloop
 endfacet
 facet normal 0.00000 -1.00000 0.00000
  outer loop
   vertex -3.5650 0.8700 0.4550
   vertex -3.4350 0.8700 0.5850
   vertex -3.5650 0.8700 0.5850
  endloop
 endfacet
 facet normal 0.00000 1.00000 0.00000
  outer loop
   vertex -3.5650 0.0700 0.5850
   vertex -3.4350 0.0700 0.5850
   vertex -3.4350 0.0700 0.4550
  endloop
 endfacet
 facet normal 0.00000 1.00000 0.00000
  outer loop
   vertex -3.5650 0.0700 0.5850
   vertex -3.4350 0.0700 0.4550
   vertex -3.5650 0.0700 0.4550
  endloop
 endfacet
 facet normal 0.00000 0.00000 1.00000
  outer loop
   vertex -5.3000 0.3050 1.9250
   vertex -3.3000 0.3050 1.9250
   vertex -3.3000 0.6550 1.9250
  endloop
 endfacet
 facet normal 0.00000 0.00000 1.00000
  outer loop
   vertex -5.3000 0.3050 1.9250
   vertex -3.3000 0.6550 1.9250
   vertex -5.3000 0.6550 1.9250
  endloop
 endfacet
 facet normal 0.00000 0.00000 -1.00000
  outer loop
   vertex -3.3000 0.3050 2.2750
   vertex -5.3000 0.3050 2.2750
   vertex -5.3000 0.6550 2.2750
  endloop
 endfacet
 facet normal 0.00000 0.00000 -1.00000
  outer loop
   vertex -3.3000 0.3050 2.2750
   vertex -5.3000 0.6550 2.2750
   vertex -3.3000 0.6550 2.2750
  endloop
 endfacet
 facet normal 1.00000 0.00000 0.00000
  outer loop
   vertex -5.3000 0.3050 2.2750
   vertex -5.3000 0.3050 1.9250
   vertex -5.3000 0.6550 1.9250
  endloop
 endfacet
 facet normal 1.00000 0.00000 0.00000
  outer loop
   vertex -5.3000 0.3050 2.2750
   vertex -5.3000 0.6550 1.9250
   vertex -5.3000 0.6550 2.2750
  endloop
 endfacet
 facet normal -1.00000 0.00000 0.00000
  outer loop
   vertex -3.3000 0.3050 1.9250
   vertex -3.3000 0.3050 2.2750
   vertex -3.3000 0.6550 2.2750
  endloop
 endfacet
 facet normal -1.00000 0.00000 0.00000
  outer loop
   vertex -3.3000 0.3050 1.9250
   vertex -3.3000 0.6550 2.2750
   vertex -3.3000 0.6550 1.9250
  endloop
 endfacet
 facet normal 0.00000 -1.00000 0.00000
  outer loop
   vertex -5.3000 0.6550 1.9250
   vertex -3.3000 0.6550 1.9250
   vertex -3.3000 0.6550 2.2750
  endloop
 endfacet
 facet normal 0.00000 -1.00000 0.00000
  outer loop
   vertex -5.3000 0.6550 1.9250
   vertex -3.3000 0.6550 2.2750
   vertex -5.3000 0.6550 2.2750
  endloop
 endfacet
 facet normal 0.00000 1.00000 0.00000
  outer loop
   vertex -5.3000 0.3050 2.2750
   vertex -3.3000 0.3050 2.2750
   vertex -3.3000 0.3050 1.9250
  endloop
 endfacet
 facet normal 0.00000 1.00000 0.00000
  outer loop
   vertex -5.3000 0.3050 2.2750
   vertex -3.3000 0.3050 1.9250
   vertex -5.3000 0.3050 1.9250
  endloop
 endfacet
 facet normal 0.00000 0.00000 1.00000
  outer loop
   vertex -1.1500 0.8600 0.5750
   vertex 1.1500 0.8600 0.5750
   vertex 1.1500 1.0400 0.5750
  endloop
 endfacet
 facet normal 0.00000 0.00000 1.00000
  outer loop
   vertex -1.1500 0.8600 0.5750
   vertex 1.1500 1.0400 0.5750
   vertex -1.1500 1.0400 0.5750
  endloop
 endfacet
 facet normal 0.00000 0.00000 -1.00000
  outer loop
   vertex 1.1500 0.8600 1.4250
   vertex -1.1500 0.8600 1.4250
   vertex -1.1500 1.0400 1.4250
  endloop
 endfacet
 facet normal 0.00000 0.00000 -1.00000
  outer loop
   vertex 1.1500 0.8600 1.4250
   vertex -1.1500 1.0400 1.4250
   vertex 1.1500 1.0400 1.4250
  endloop
 endfacet
 facet normal 1.00000 0.00000 0.00000
  outer loop
   vertex -1.1500 0.8600 1.4250
   vertex -1.1500 0.8600 0.5750
   vertex -1.1500 1.0400 0.5750
  endloop
 endfacet
 facet normal 1.00000 0.00000 0.00000
  outer loop
   vertex -1.1500 0.8600 1.4250
   vertex -1.1500 1.0400 0.5750
   vertex -1.1500 1.0400 1.4250
  endloop
 endfacet
 facet normal -1.00000 0.00000 0.00000
  outer loop
   vertex 1.1500 0.8600 0.5750
   vertex 1.1500 0.8600 1.4250
   vertex 1.1500 1.0400 1.4250
  endloop
 endfacet
 facet normal -1.00000 0.00000 0.00000
  outer loop
   vertex 1.1500 0.8600 0.5750
   vertex 1.1500 1.0400 1.4250
   vertex 1.1500 1.0400 0.5750
  endloop
 endfacet
 facet normal 0.00000 -1.00000 0.00000
  outer loop
   vertex -1.1500 1.0400 0.5750
   vertex 1.1500 1.0400 0.5750
   vertex 1.1500 1.0400 1.4250
  endloop
 endfacet
 facet normal 0.00000 -1.00000 0.00000
  outer loop
   vertex -1.1500 1.0400 0.5750
   vertex 1.1500 1.0400 1.4250
   vertex -1.1500 1.0400 1.4250
  endloop
 endfacet
 facet normal 0.00000 1.00000 0.00000
  outer loop
   vertex -1.1500 0.8600 1.4250
   vertex 1.1500 0.8600 1.4250
   vertex 1.1500 0.8600 0.5750
  endloop
 endfacet
 facet normal 0.00000 1.00000 0.00000
  outer loop
   vertex -1.1500 0.8600 1.4250
   vertex 1.1500 0.8600 0.5750
   vertex -1.1500 0.8600 0.5750
  endloop
 endfacet
 facet normal 0.00000 0.00000 1.00000
  outer loop
   vertex -0.8650 0.0800 0.9350
   vertex -0.7350 0.0800 0.9350
   vertex -0.7350 0.8800 0.9350
  endloop
 endfacet
 facet normal 0.00000 0.00000 1.00000
  outer loop
   vertex -0.8650 0.0800 0.9350
   vertex -0.7350 0.8800 0.9350
   vertex -0.8650 0.8800 0.9350
  endloop
 endfacet
 facet normal 0.00000 0.00000 -1.00000
  outer loop
   vertex -0.7350 0.0800 1.0650
   vertex -0.8650 0.0800 1.0650
   vertex -0.8650 0.8800 1.0650
  endloop
 endfacet
 facet normal 0.00000 0.00000 -1.00000
  outer loop
   vertex -0.7350 0.0800 1.0650
   vertex -0.8650 0.8800 1.0650
   vertex -0.7350 0.8800 1.0650
  endloop
 endfacet
 facet normal 1.00000 0.00000 0.00000
  outer loop
   vertex -0.8650 0.0800 1.0650
   vertex -0.8650 0.0800 0.9350
   vertex -0.8650 0.8800 0.9350
  endloop
 endfacet
 facet normal 1.00000 0.00000 0.00000
  outer loop
   vertex -0.8650 0.0800 1.0650
   vertex -0.8650 0.8800 0.9350
   vertex -0.8650 0.8800 1.0650
  endloop
 endfacet
 facet normal -1.00000 0.00000 0.00000
  outer loop
   vertex -0.7350 0.0800 0.9350
   vertex -0.7350 0.0800 1.0650
   vertex -0.7350 0.8800 1.0650
  endloop
 endfacet
 facet normal -1.00000 0.00000 0.00000
  outer loop
   vertex -0.7350 0.0800 0.9350
   vertex -0.7350 0.8800 1.0650
   vertex -0.7350 0.8800 0.9350
  endloop
 endfacet
 facet normal 0.00000 -1.00000 0.00000
  outer loop
   vertex -0.8650 0.8800 0.9350
   vertex -0.7350 0.8800 0.9350
   vertex -0.7350 0.8800 1.0650
  endloop
 endfacet
 facet normal 0.00000 -1.00000 0.00000
  outer loop
   vertex -0.8650 0.8800 0.9350
   vertex -0.7350 0.8800 1.0650
   vertex -0.8650 0.8800 1.0650
  endloop
 endfacet
 facet normal 0.00000 1.00000 0.00000
  outer loop
   vertex -0.8650 0.0800 1.0650
   vertex -0.7350 0.0800 1.0650
   vertex -0.7350 0.0800 0.9350
  endloop
 endfacet
 facet normal 0.00000 1.00000 0.00000
  outer loop
   vertex -0.8650 0.0800 1.0650
   vertex -0.7350 0.0800 0.9350
   vertex -0.8650 0.0800 0.9350
  endloop
 endfacet
 facet normal 0.00000 0.00000 1.00000
  outer loop
   vertex -0.8650 0.0700 0.4550
   vertex -0.7350 0.0700 0.4550
   vertex -0.7350 0.8700 0.4550
  endloop
 endfacet
 facet normal 0.00000 0.00000 1.00000
  outer loop
   vertex -0.8650 0.0700 0.4550
   vertex -0.7350 0.8700 0.4550
   vertex -0.8650 0.8700 0.4550
  endloop
 endfacet
 facet normal 0.00000 0.00000 -1.00000
  outer loop
   vertex -0.7350 0.0700 0.5850
   vertex -0.8650 0.0700 0.5850
   vertex -0.8650 0.8700 0.5850
  endloop
 endfacet
 facet normal 0.00000 0.00000 -1.00000
  outer loop
   vertex -0.7350 0.0700 0.5850
   vertex -0.8650 0.8700 0.5850
   vertex -0.7350 0.8700 0.5850
  endloop
 endfacet
 facet normal 1.00000 0.00000 0.00000
  outer loop
   vertex -0.8650 0.0700 0.5850
   vertex -0.8650 0.0700 0.4550
   vertex -0.8650 0.8700 0.4550
  endloop
 endfacet
 facet normal 1.00000 0.00000 0.00000
  outer loop
   vertex -0.8650 0.0700 0.5850
   vertex -0.8650 0.8700 0.4550
   vertex -0.8650 0.8700 0.5850
  endloop
 endfacet
 facet normal -1.00000 0.00000 0.00000
  outer loop
   vertex -0.7350 0.0700 0.4550
   vertex -0.7350 0.0700 0.5850
   vertex -0.7350 0.8700 0.5850
  endloop
 endfacet
 facet normal -1.00000 0.00000 0.00000
  outer loop
   vertex -0.7350 0.0700 0.4550
   vertex -0.7350 0.8700 0.5850
   vertex -0.7350 0.8700 0.4550
  endloop
 endfacet
 facet normal 0.00000 -1.00000 0.00000
  outer loop
   vertex -0.8650 0.8700 0.4550
   vertex -0.7350 0.8700 0.4550
   vertex -0.7350 0.8700 0.5850
  endloop
 endfacet
 facet normal 0.00000 -1.00000 0.00000
  outer loop
   vertex -0.8650 0.8700 0.4550
   vertex -0.7350 0.8700 0.5850
   vertex -0.8650 0.8700 0.5850
  endloop
 endfacet
 facet normal 0.00000 1.00000 0.00000
  outer loop
   vertex -0.8650 0.0700 0.5850
   vertex -0.7350 0.0700 0.5850
   vertex -0.7350 0.0700 0.4550
  endloop
 endfacet
 facet normal 0.00000 1.00000 0.00000
  outer loop
   vertex -0.8650 0.0700 0.5850
   vertex -0.7350 0.0700 0.4550
   vertex -0.8650 0.0700 0.4550
  endloop
 endfacet
 facet normal 0.00000 0.00000 1.00000
  outer loop
   vertex 0.7350 0.0800 0.9350
   vertex 0.8650 0.0800 0.9350
   vertex 0.8650 0.8800 0.9350
  endloop
 endfacet
 facet normal 0.00000 0.00000 1.00000
  outer loop
   vertex 0.7350 0.0800 0.9350
   vertex 0.8650 0.8800 0.9350
   vertex 0.7350 0.8800 0.9350
  endloop
 endfacet
 facet normal 0.00000 0.00000 -1.00000
  outer loop
   vertex 0.8650 0.0800 1.0650
   vertex 0.7350 0.0800 1.0650
   vertex 0.7350 0.8800 1.0650
  endloop
 endfacet
 facet normal 0.00000 0.00000 -1.00000
  outer loop
   vertex 0.8650 0.0800 1.0650
   vertex 0.7350 0.8800 1.0650
   vertex 0.8650 0.8800 1.0650
  endloop
 endfacet
 facet normal 1.00000 0.00000 0.00000
  outer loop
   vertex 0.7350 0.0800 1.0650
   vertex 0.7350 0.0800 0.9350
   vertex 0.7350 0.8800 0.9350
  endloop
 endfacet
 facet normal 1.00000 0.00000 0.00000
  outer loop
   vertex 0.7350 0.0800 1.0650
   vertex 0.7350 0.8800 0.9350
   vertex 0.7350 0.8800 1.0650
  endloop
 endfacet
 facet normal -1.00000 0.00000 0.00000
  outer loop
   vertex 0.8650 0.0800 0.9350
   vertex 0.8650 0.0800 1.0650
   vertex 0.8650 0.8800 1.0650
  endloop
 endfacet
 facet normal -1.00000 0.00000 0.00000
  outer loop
   vertex 0.8650 0.0800 0.9350
   vertex 0.8650 0.8800 1.0650
   vertex 0.8650 0.8800 0.9350
  endloop
 endfacet
 facet normal 0.00000 -1.00000 0.00000
  outer loop
   vertex 0.7350 0.8800 0.9350
   vertex 0.8650 0.8800 0.9350
   vertex 0.8650 0.8800 1.0650
  endloop
 endfacet
 facet normal 0.00000 -1.00000 0.00000
  outer loop
   vertex 0.7350 0.8800 0.9350
   vertex 0.8650 0.8800 1.0650
   vertex 0.7350 0.8800 1.0650
  endloop
 endfacet
 facet normal 0.00000 1.00000 0.00000
  outer loop
   vertex 0.7350 0.0800 1.0650
   vertex 0.8650 0.0800 1.0650
   vertex 0.8650 0.0800 0.9350
  endloop
 endfacet
 facet normal 0.00000 1.00000 0.00000
  outer loop
   vertex 0.7350 0.0800 1.0650
   vertex 0.8650 0.0800 0.9350
   vertex 0.7350 0.0800 0.9350
  endloop
 endfacet
 facet normal 0.00000 0.00000 1.00000
  outer loop
   vertex 0.7350 0.0700 0.4550
   vertex 0.8650 0.0700 0.4550
   vertex 0.8650 0.8700 0.4550
  endloop
 endfacet
 facet normal 0.00000 0.00000 1.00000
  outer loop
   vertex 0.7350 0.0700 0.4550
   vertex 0.8650 0.8700 0.4550
   vertex 0.7350 0.8700 0.4550
  endloop
 endfacet
 facet normal 0.00000 0.00000 -1.00000
  outer loop
   vertex 0.8650 0.0700 0.5850
   vertex 0.7350 0.0700 0.5850
   vertex 0.7350 0.8700 0.5850
  endloop
 endfacet
 facet normal 0.00000 0.00000 -1.00000
  outer loop
   vertex 0.8650 0.0700 0.5850
   vertex 0.7350 0.8700 0.5850
   vertex 0.8650 0.8700 0.5850
  endloop
 endfacet
 facet normal 1.00000 0.00000 0.00000
  outer loop
   vertex 0.7350 0.0700 0.5850
   vertex 0.7350 0.0700 0.4550
   vertex 0.7350 0.8700 0.4550
  endloop
 endfacet
 facet normal 1.00000 0.00000 0.00000
  outer loop
   vertex 0.7350 0.0700 0.5850
   vertex 0.7350 0.8700 0.4550
   vertex 0.7350 0.8700 0.5850
  endloop
 endfacet
 facet normal -1.00000 0.00000 0.00000
  outer loop
   vertex 0.8650 0.0700 0.4550
   vertex 0.8650 0.0700 0.5850
   vertex 0.8650 0.8700 0.5850
  endloop
 endfacet
 facet normal -1.00000 0.00000 0.00000
  outer loop
   vertex 0.8650 0.0700 0.4550
   vertex 0.8650 0.8700 0.5850
   vertex 0.8650 0.8700 0.4550
  endloop
 endfacet
 facet normal 0.00000 -1.00000 0.00000
  outer loop
   vertex 0.7350 0.8700 0.4550
   vertex 0.8650 0.8700 0.4550
   vertex 0.8650 0.8700 0.5850
  endloop
 endfacet
 facet normal 0.00000 -1.00000 0.00000
  outer loop
   vertex 0.7350 0.8700 0.4550
   vertex 0.8650 0.8700 0.5850
   vertex 0.7350 0.8700 0.5850
  endloop
 endfacet
 facet normal 0.00000 1.00000 0.00000
  outer loop
   vertex 0.7350 0.0700 0.5850
   vertex 0.8650 0.0700 0.5850
   vertex 0.8650 0.0700 0.4550
  endloop
 endfacet
 facet normal 0.00000 1.00000 0.00000
  outer loop
   vertex 0.7350 0.0700 0.5850
   vertex 0.8650 0.0700 0.4550
   vertex 0.7350 0.0700 0.4550
  endloop
 endfacet
 facet normal 0.00000 0.00000 1.00000
  outer loop
   vertex -1.0000 0.3050 1.9250
   vertex 1.0000 0.3050 1.9250
   vertex 1.0000 0.6550 1.9250
  endloop
 endfacet
 facet normal 0.00000 0.00000 1.00000
  outer loop
   vertex -1.0000 0.3050 1.9250
   vertex 1.0000 0.6550 1.9250
   vertex -1.0000 0.6550 1.9250
  endloop
 endfacet
 facet normal 0.00000 0.00000 -1.00000
  outer loop
   vertex 1.0000 0.3050 2.2750
   vertex -1.0000 0.3050 2.2750
   vertex -1.0000 0.6550 2.2750
  endloop
 endfacet
 facet normal 0.00000 0.00000 -1.00000
  outer loop
   vertex 1.0000 0.3050 2.2750
   vertex -1.0000 0.6550 2.2750
   vertex 1.0000 0.6550 2.2750
  endloop
 endfacet
 facet normal 1.00000 0.00000 0.00000
  outer loop
   vertex -1.0000 0.3050 2.2750
   vertex -1.0000 0.3050 1.9250
   vertex -1.0000 0.6550 1.9250
  endloop
 endfacet
 facet normal 1.00000 0.00000 0.00000
  outer loop
   vertex -1.0000 0.3050 2.2750
   vertex -1.0000 0.6550 1.9250
   vertex -1.0000 0.6550 2.2750
  endloop
 endfacet
 facet normal -1.00000 0.00000 0.00000
  outer loop
   vertex 1.0000 0.3050 1.9250
   vertex 1.0000 0.3050 2.2750
   vertex 1.0000 0.6550 2.2750
  endloop
 endfacet
 facet normal -1.00000 0.00000 0.00000
  outer loop
   vertex 1.0000 0.3050 1.9250
   vertex 1.0000 0.6550 2.2750
   vertex 1.0000 0.6550 1.9250
  endloop
 endfacet
 facet normal 0.00000 -1.00000 0.00000
  outer loop
   vertex -1.0000 0.6550 1.9250
   vertex 1.0000 0.6550 1.9250
   vertex 1.0000 0.6550 2.2750
  endloop
 endfacet
 facet normal 0.00000 -1.00000 0.00000
  outer loop
   vertex -1.0000 0.6550 1.9250
   vertex 1.0000 0.6550 2.2750
   vertex -1.0000 0.6550 2.2750
  endloop
 endfacet
 facet normal 0.00000 1.00000 0.00000
  outer loop
   vertex -1.0000 0.3050 2.2750
   vertex 1.0000 0.3050 2.2750
   vertex 1.0000 0.3050 1.9250
  endloop
 endfacet
 facet normal 0.00000 1.00000 0.00000
  outer loop
   vertex -1.0000 0.3050 2.2750
   vertex 1.0000 0.3050 1.9250
   vertex -1.0000 0.3050 1.9250
  endloop
 endfacet
 facet normal 0.00000 0.00000 1.00000
  outer loop
   vertex 3.1500 0.8600 0.5750
   vertex 5.4500 0.8600 0.5750
   vertex 5.4500 1.0400 0.5750
  endloop
 endfacet
 facet normal 0.00000 0.00000 1.00000
  outer loop
   vertex 3.1500 0.8600 0.5750
   vertex 5.4500 1.0400 0.5750
   vertex 3.1500 1.0400 0.5750
  endloop
 endfacet
 facet normal 0.00000 0.00000 -1.00000
  outer loop
   vertex 5.4500 0.8600 1.4250
   vertex 3.1500 0.8600 1.4250
   vertex 3.1500 1.0400 1.4250
  endloop
 endfacet
 facet normal 0.00000 0.00000 -1.00000
  outer loop
   vertex 5.4500 0.8600 1.4250
   vertex 3.1500 1.0400 1.4250
   vertex 5.4500 1.0400 1.4250
  endloop
 endfacet
 facet normal 1.00000 0.00000 0.00000
  outer loop
   vertex 3.1500 0.8600 1.4250
   vertex 3.1500 0.8600 0.5750
   vertex 3.1500 1.0400 0.5750
  endloop
 endfacet
 facet normal 1.00000 0.00000 0.00000
  outer loop
   vertex 3.1500 0.8600 1.4250
   vertex 3.1500 1.0400 0.5750
   vertex 3.1500 1.0400 1.4250
  endloop
 endfacet
 facet normal -1.00000 0.00000 0.00000
  outer loop
   vertex 5.4500 0.8600 0.5750
   vertex 5.4500 0.8600 1.4250
   vertex 5.4500 1.0400 1.4250
  endloop
 endfacet
 facet normal -1.00000 0.00000 0.00000
  outer loop
   vertex 5.4500 0.8600 0.5750
   vertex 5.4500 1.0400 1.4250
   vertex 5.4500 1.0400 0.5750
  endloop
 endfacet
 facet normal 0.00000 -1.00000 0.00000
  outer loop
   vertex 3.1500 1.0400 0.5750
   vertex 5.4500 1.0400 0.5750
   vertex 5.4500 1.0400 1.4250
  endloop
 endfacet
 facet normal 0.00000 -1.00000 0.00000
  outer loop
   vertex 3.1500 1.0400 0.5750
   vertex 5.4500 1.0400 1.4250
   vertex 3.1500 1.0400 1.4250
  endloop
 endfacet
 facet normal 0.00000 1.00000 0.00000
  outer loop
   vertex 3.1500 0.8600 1.4250
   vertex 5.4500 0.8600 1.4250
   vertex 5.4500 0.8600 0.5750
  endloop
 endfacet
 facet normal 0.00000 1.00000 0.00000
  outer loop
   vertex 3.1500 0.8600 1.4250
   vertex 5.4500 0.8600 0.5750
   vertex 3.1500 0.8600 0.5750
  endloop
 endfacet
 facet normal 0.00000 0.00000 1.00000
  outer loop
   vertex 3.4350 0.0800 0.9350
   vertex 3.5650 0.0800 0.9350
   vertex 3.5650 0.8800 0.9350
  endloop
 endfacet
 facet normal 0.00000 0.00000 1.00000
  outer loop
   vertex 3.4350 0.0800 0.9350
   vertex 3.5650 0.8800 0.9350
   vertex 3.4350 0.8800 0.9350
  endloop
 endfacet
 facet normal 0.00000 0.00000 -1.00000
  outer loop
   vertex 3.5650 0.0800 1.0650
   vertex 3.4350 0.0800 1.0650
   vertex 3.4350 0.8800 1.0650
  endloop
 endfacet
 facet normal 0.00000 0.00000 -1.00000
  outer loop
   vertex 3.5650 0.0800 1.0650
   vertex 3.4350 0.8800 1.0650
   vertex 3.5650 0.8800 1.0650
  endloop
 endfacet
 facet normal 1.00000 0.00000 0.00000
  outer loop
   vertex 3.4350 0.0800 1.0650
   vertex 3.4350 0.0800 0.9350
   vertex 3.4350 0.8800 0.9350
  endloop
 endfacet
 facet normal 1.00000 0.00000 0.00000
  outer loop
   vertex 3.4350 0.0800 1.0650
   vertex 3.4350 0.8800 0.9350
   vertex 3.4350 0.8800 1.0650
  endloop
 endfacet
 facet normal -1.00000 0.00000 0.00000
  outer loop
   vertex 3.5650 0.0800 0.9350
   vertex 3.5650 0.0800 1.0650
   vertex 3.5650 0.8800 1.0650
  endloop
 endfacet
 facet normal -1.00000 0.00000 0.00000
  outer loop
   vertex 3.5650 0.0800 0.9350
   vertex 3.5650 0.8800 1.0650
   vertex 3.5650 0.8800 0.9350
  endloop
 endfacet
 facet normal 0.00000 -1.00000 0.00000
  outer loop
   vertex 3.4350 0.8800 0.9350
   vertex 3.5650 0.8800 0.9350
   vertex 3.5650 0.8800 1.0650
  endloop
 endfacet
 facet normal 0.00000 -1.00000 0.00000
  outer loop
   vertex 3.4350 0.8800 0.9350
   vertex 3.5650 0.8800 1.0650
   vertex 3.4350 0.8800 1.0650
  endloop
 endfacet
 facet normal 0.00000 1.00000 0.00000
  outer loop
   vertex 3.4350 0.0800 1.0650
   vertex 3.5650 0.0800 1.0650
   vertex 3.5650 0.0800 0.9350
  endloop
 endfacet
 facet normal 0.00000 1.00000 0.00000
  outer loop
   vertex 3.4350 0.0800 1.0650
   vertex 3.5650 0.0800 0.9350
   vertex 3.4350 0.0800 0.9350
  endloop
 endfacet
 facet normal 0.00000 0.00000 1.00000
  outer loop
   vertex 3.4350 0.0700 0.4550
   vertex 3.5650 0.0700 0.4550
   vertex 3.5650 0.8700 0.4550
  endloop
 endfacet
 facet normal 0.00000 0.00000 1.00000
  outer loop
   vertex 3.4350 0.0700 0.4550
   vertex 3.5650 0.8700 0.4550
   vertex 3.4350 0.8700 0.4550
  endloop
 endfacet
 facet normal 0.00000 0.00000 -1.00000
  outer loop
   vertex 3.5650 0.0700 0.5850
   vertex 3.4350 0.0700 0.5850
   vertex 3.4350 0.8700 0.5850
  endloop
 endfacet
 facet normal 0.00000 0.00000 -1.00000
  outer loop
   vertex 3.5650 0.0700 0.5850
   vertex 3.4350 0.8700 0.5850
   vertex 3.5650 0.8700 0.5850
  endloop
 endfacet
 facet normal 1.00000 0.00000 0.00000
  outer loop
   vertex 3.4350 0.0700 0.5850
   vertex 3.4350 0.0700 0.4550
   vertex 3.4350 0.8700 0.4550
  endloop
 endfacet
 facet normal 1.00000 0.00000 0.00000
  outer loop
   vertex 3.4350 0.0700 0.5850
   vertex 3.4350 0.8700 0.4550
   vertex 3.4350 0.8700 0.5850
  endloop
 endfacet
 facet normal -1.00000 0.00000 0.00000
  outer loop
   vertex 3.5650 0.0700 0.4550
   vertex 3.5650 0.0700 0.5850
   vertex 3.5650 0.8700 0.5850
  endloop
 endfacet
 facet normal -1.00000 0.00000 0.00000
  outer loop
   vertex 3.5650 0.0700 0.4550
   vertex 3.5650 0.8700 0.5850
   vertex 3.5650 0.8700 0.4550
  endloop
 endfacet
 facet normal 0.00000 -1.00000 0.00000
  outer loop
   vertex 3.4350 0.8700 0.4550
   vertex 3.5650 0.8700 0.4550
   vertex 3.5650 0.8700 0.5850
  endloop
 endfacet
 facet normal 0.00000 -1.00000 0.00000
  outer loop
   vertex 3.4350 0.8700 0.4550
   vertex 3.5650 0.8700 0.5850
   vertex 3.4350 0.8700 0.5850
  endloop
 endfacet
 facet normal 0.00000 1.00000 0.00000
  outer loop
   vertex 3.4350 0.0700 0.5850
   vertex 3.5650 0.0700 0.5850
   vertex 3.5650 0.0700 0.4550
  endloop
 endfacet
 facet normal 0.00000 1.00000 0.00000
  outer loop
   vertex 3.4350 0.0700 0.5850
   vertex 3.5650 0.0700 0.4550
   vertex 3.4350 0.0700 0.4550
  endloop
 endfacet
 facet normal 0.00000 0.00000 1.00000
  outer loop
   vertex 5.0350 0.0800 0.9350
   vertex 5.1650 0.0800 0.9350
   vertex 5.1650 0.8800 0.9350
  endloop
 endfacet
 facet normal 0.00000 0.00000 1.00000
  outer loop
   vertex 5.0350 0.0800 0.9350
   vertex 5.1650 0.8800 0.9350
   vertex 5.0350 0.8800 0.9350
  endloop
 endfacet
 facet normal 0.00000 0.00000 -1.00000
  outer loop
   vertex 5.1650 0.0800 1.0650
   vertex 5.0350 0.0800 1.0650
   vertex 5.0350 0.8800 1.0650
  endloop
 endfacet
 facet normal 0.00000 0.00000 -1.00000
  outer loop
   vertex 5.1650 0.0800 1.0650
   vertex 5.0350 0.8800 1.0650
   vertex 5.1650 0.8800 1.0650
  endloop
 endfacet
 facet normal 1.00000 0.00000 0.00000
  outer loop
   vertex 5.0350 0.0800 1.0650
   vertex 5.0350 0.0800 0.9350
   vertex 5.0350 0.8800 0.9350
  endloop
 endfacet
 facet normal 1.00000 0.00000 0.00000
  outer loop
   vertex 5.0350 0.0800 1.0650
   vertex 5.0350 0.8800 0.9350
   vertex 5.0350 0.8800 1.0650
  endloop
 endfacet
 facet normal -1.00000 0.00000 0.00000
  outer loop
   vertex 5.1650 0.0800 0.9350
   vertex 5.1650 0.0800 1.0650
   vertex 5.1650 0.8800 1.0650
  endloop
 endfacet
 facet normal -1.00000 0.00000 0.00000
  outer loop
   vertex 5.1650 0.0800 0.9350
   vertex 5.1650 0.8800 1.0650
   vertex 5.1650 0.8800 0.9350
  endloop
 endfacet
 facet normal 0.00000 -1.00000 0.00000
  outer loop
   vertex 5.0350 0.8800 0.9350
   vertex 5.1650 0.8800 0.9350
   vertex 5.1650 0.8800 1.0650
  endloop
 endfacet
 facet normal 0.00000 -1.00000 0.00000
  outer loop
   vertex 5.0350 0.8800 0.9350
   vertex 5.1650 0.8800 1.0650
   vertex 5.0350 0.8800 1.0650
  endloop
 endfacet
 facet normal 0.00000 1.00000 0.00000
  outer loop
   vertex 5.0350 0.0800 1.0650
   vertex 5.1650 0.0800 1.0650
   vertex 5.1650 0.0800 0.9350
  endloop
 endfacet
 facet normal 0.00000 1.00000 0.00000
  outer loop
   vertex 5.0350 0.0800 1.0650
   vertex 5.1650 0.0800 0.9350
   vertex 5.0350 0.0800 0.9350
  endloop
 endfacet
 facet normal 0.00000 0.00000 1.00000
  outer loop
   vertex 5.0350 0.0700 0.4550
   vertex 5.1650 0.0700 0.4550
   vertex 5.1650 0.8700 0.4550
  endloop
 endfacet
 facet normal 0.00000 0.00000 1.00000
  outer loop
   vertex 5.0350 0.0700 0.4550
   vertex 5.1650 0.8700 0.4550
   vertex 5.0350 0.8700 0.4550
  endloop
 endfacet
 facet normal 0.00000 0.00000 -1.00000
  outer loop
   vertex 5.1650 0.0700 0.5850
   vertex 5.0350 0.0700 0.5850
   vertex 5.0350 0.8700 0.5850
  endloop
 endfacet
 facet normal 0.00000 0.00000 -1.00000
  outer loop
   vertex 5.1650 0.0700 0.5850
   vertex 5.0350 0.8700 0.5850
   vertex 5.1650 0.8700 0.5850
  endloop
 endfacet
 facet normal 1.00000 0.00000 0.00000
  outer loop
   vertex 5.0350 0.0700 0.5850
   vertex 5.0350 0.0700 0.4550
   vertex 5.0350 0.8700 0.4550
  endloop
 endfacet
 facet normal 1.00000 0.00000 0.00000
  outer loop
   vertex 5.0350 0.0700 0.5850
   vertex 5.0350 0.8700 0.4550
   vertex 5.0350 0.8700 0.5850
  endloop
 endfacet
 facet normal -1.00000 0.00000 0.00000
  outer loop
   vertex 5.1650 0.0700 0.4550
   vertex 5.1650 0.0700 0.5850
   vertex 5.1650 0.8700 0.5850
  endloop
 endfacet
 facet normal -1.00000 0.00000 0.00000
  outer loop
   vertex 5.1650 0.0700 0.4550
   vertex 5.1650 0.8700 0.5850
   vertex 5.1650 0.8700 0.4550
  endloop
 endfacet
 facet normal 0.00000 -1.00000 0.00000
  outer loop
   vertex 5.0350 0.8700 0.4550
   vertex 5.1650 0.8700 0.4550
   vertex 5.1650 0.8700 0.5850
  endloop
 endfacet
 facet normal 0.00000 -1.00000 0.00000
  outer loop
   vertex 5.0350 0.8700 0.4550
   vertex 5.1650 0.8700 0.5850
   vertex 5.0350 0.8700 0.5850
  endloop
 endfacet
 facet normal 0.00000 1.00000 0.00000
  outer loop
   vertex 5.0350 0.0700 0.5850
   vertex 5.1650 0.0700 0.5850
   vertex 5.1650 0.0700 0.4550
  endloop
 endfacet
 facet normal 0.00000 1.00000 0.00000
  outer loop
   vertex 5.0350 0.0700 0.5850
   vertex 5.1650 0.0700 0.4550
   vertex 5.0350 0.0700 0.4550
  endloop
 endfacet
 facet normal 0.00000 0.00000 1.00000
  outer loop
   vertex 3.3000 0.3050 1.9250
   vertex 5.3000 0.3050 1.9250
   vertex 5.3000 0.6550 1.9250
  endloop
 endfacet
 facet normal 0.00000 0.00000 1.00000
  outer loop
   vertex 3.3000 0.3050 1.9250
   vertex 5.3000 0.6550 1.9250
   vertex 3.3000 0.6550 1.9250
  endloop
 endfacet
 facet normal 0.00000 0.00000 -1.00000
  outer loop
   vertex 5.3000 0.3050 2.2750
   vertex 3.3000 0.3050 2.2750
   vertex 3.3000 0.6550 2.2750
  endloop
 endfacet
 facet normal 0.00000 0.00000 -1.00000
  outer loop
   vertex 5.3000 0.3050 2.2750
   vertex 3.3000 0.6550 2.2750
   vertex 5.3000 0.6550 2.2750
  endloop
 endfacet
 facet normal 1.00000 0.00000 0.00000
  outer loop
   vertex 3.3000 0.3050 2.2750
   vertex 3.3000 0.3050 1.9250
   vertex 3.3000 0.6550 1.9250
  endloop
 endfacet
 facet normal 1.00000 0.00000 0.00000
  outer loop
   vertex 3.3000 0.3050 2.2750
   vertex 3.3000 0.6550 1.9250
   vertex 3.3000 0.6550 2.2750
  endloop
 endfacet
 facet normal -1.00000 0.00000 0.00000
  outer loop
   vertex 5.3000 0.3050 1.9250
   vertex 5.3000 0.3050 2.2750
   vertex 5.3000 0.6550 2.2750
  endloop
 endfacet
 facet normal -1.00000 0.00000 0.00000
  outer loop
   vertex 5.3000 0.3050 1.9250
   vertex 5.3000 0.6550 2.2750
   vertex 5.3000 0.6550 1.9250
  endloop
 endfacet
 facet normal 0.00000 -1.00000 0.00000
  outer loop
   vertex 3.3000 0.6550 1.9250
   vertex 5.3000 0.6550 1.9250
   vertex 5.3000 0.6550 2.2750
  endloop
 endfacet
 facet normal 0.00000 -1.00000 0.00000
  outer loop
   vertex 3.3000 0.6550 1.9250
   vertex 5.3000 0.6550 2.2750
   vertex 3.3000 0.6550 2.2750
  endloop
 endfacet
 facet normal 0.00000 1.00000 0.00000
  outer loop
   vertex 3.3000 0.3050 2.2750
   vertex 5.3000 0.3050 2.2750
   vertex 5.3000 0.3050 1.9250
  endloop
 endfacet
 facet normal 0.00000 1.00000 0.00000
  outer loop
   vertex 3.3000 0.3050 2.2750
   vertex 5.3000 0.3050 1.9250
   vertex 3.3000 0.3050 1.9250
  endloop
 endfacet
 facet normal 0.00000 0.00000 1.00000
  outer loop
   vertex -5.4500 0.8600 3.3750
   vertex -3.1500 0.8600 3.3750
   vertex -3.1500 1.0400 3.3750
  endloop
 endfacet
 facet normal 0.00000 0.00000 1.00000
  outer loop
   vertex -5.4500 0.8600 3.3750
   vertex -3.1500 1.0400 3.3750
   vertex -5.4500 1.0400 3.3750
  endloop
 endfacet
 facet normal 0.00000 0.00000 -1.00000
  outer loop
   vertex -3.1500 0.8600 4.2250
   vertex -5.4500 0.8600 4.2250
   vertex -5.4500 1.0400 4.2250
  endloop
 endfacet
 facet normal 0.00000 0.00000 -1.00000
  outer loop
   vertex -3.1500 0.8600 4.2250
   vertex -5.4500 1.0400 4.2250
   vertex -3.1500 1.0400 4.2250
  endloop
 endfacet
 facet normal 1.00000 0.00000 0.00000
  outer loop
   vertex -5.4500 0.8600 4.2250
   vertex -5.4500 0.8600 3.3750
   vertex -5.4500 1.0400 3.3750
  endloop
 endfacet
 facet normal 1.00000 0.00000 0.00000
  outer loop
   vertex -5.4500 0.8600 4.2250
   vertex -5.4500 1.0400 3.3750
   vertex -5.4500 1.0400 4.2250
  endloop
 endfacet
 facet normal -1.00000 0.00000 0.00000
  outer loop
   vertex -3.1500 0.8600 3.3750
   vertex -3.1500 0.8600 4.2250
   vertex -3.1500 1.0400 4.2250
  endloop
 endfacet
 facet normal -1.00000 0.00000 0.00000
  outer loop
   vertex -3.1500 0.8600 3.3750
   vertex -3.1500 1.0400 4.2250
   vertex -3.1500 1.0400 3.3750
  endloop
 endfacet
 facet normal 0.00000 -1.00000 0.00000
  outer loop
   vertex -5.4500 1.0400 3.3750
   vertex -3.1500 1.0400 3.3750
   vertex -3.1500 1.0400 4.2250
  endloop
 endfacet
 facet normal 0.00000 -1.00000 0.00000
  outer loop
   vertex -5.4500 1.0400 3.3750
   vertex -3.1500 1.0400 4.2250
   vertex -5.4500 1.0400 4.2250
  endloop
 endfacet
 facet normal 0.00000 1.00000 0.00000
  outer loop
   vertex -5.4500 0.8600 4.2250
   vertex -3.1500 0.8600 4.2250
   vertex -3.1500 0.8600 3.3750
  endloop
 endfacet
 facet normal 0.00000 1.00000 0.00000
  outer loop
   vertex -5.4500 0.8600 4.2250
   vertex -3.1500 0.8600 3.3750
   vertex -5.4500 0.8600 3.3750
  endloop
 endfacet
 facet normal 0.00000 0.00000 1.00000
  outer loop
   vertex -5.1650 0.0800 3.7350
   vertex -5.0350 0.0800 3.7350
   vertex -5.0350 0.8800 3.7350
  endloop
 endfacet
 facet normal 0.00000 0.00000 1.00000
  outer loop
   vertex -5.1650 0.0800 3.7350
   vertex -5.0350 0.8800 3.7350
   vertex -5.1650 0.8800 3.7350
  endloop
 endfacet
 facet normal 0.00000 0.00000 -1.00000
  outer loop
   vertex -5.0350 0.0800 3.8650
   vertex -5.1650 0.0800 3.8650
   vertex -5.1650 0.8800 3.8650
  endloop
 endfacet
 facet normal 0.00000 0.00000 -1.00000
  outer loop
   vertex -5.0350 0.0800 3.8650
   vertex -5.1650 0.8800 3.8650
   vertex -5.0350 0.8800 3.8650
  endloop
 endfacet
 facet normal 1.00000 0.00000 0.00000
  outer loop
   vertex -5.1650 0.0800 3.8650
   vertex -5.1650 0.0800 3.7350
   vertex -5.1650 0.8800 3.7350
  endloop
 endfacet
 facet normal 1.00000 0.00000 0.00000
  outer loop
   vertex -5.1650 0.0800 3.8650
   vertex -5.1650 0.8800 3.7350
   vertex -5.1650 0.8800 3.8650
  endloop
 endfacet
 facet normal -1.00000 0.00000 0.00000
  outer loop
   vertex -5.0350 0.0800 3.7350
   vertex -5.0350 0.0800 3.8650
   vertex -5.0350 0.8800 3.8650
  endloop
 endfacet
 facet normal -1.00000 0.00000 0.00000
  outer loop
   vertex -5.0350 0.0800 3.7350
   vertex -5.0350 0.8800 3.8650
   vertex -5.0350 0.8800 3.7350
  endloop
 endfacet
 facet normal 0.00000 -1.00000 0.00000
  outer loop
   vertex -5.1650 0.8800 3.7350
   vertex -5.0350 0.8800 3.7350
   vertex -5.0350 0.8800 3.8650
  endloop
 endfacet
 facet normal 0.00000 -1.00000 0.00000
  outer loop
   vertex -5.1650 0.8800 3.7350
   vertex -5.0350 0.8800 3.8650
   vertex -5.1650 0.8800 3.8650
  endloop
 endfacet
 facet normal 0.00000 1.00000 0.00000
  outer loop
   vertex -5.1650 0.0800 3.8650
   vertex -5.0350 0.0800 3.8650
   vertex -5.0350 0.0800 3.7350
  endloop
 endfacet
 facet normal 0.00000 1.00000 0.00000
  outer loop
   vertex -5.1650 0.0800 3.8650
   vertex -5.0350 0.0800 3.7350
   vertex -5.1650 0.0800 3.7350
  endloop
 endfacet
 facet normal 0.00000 0.00000 1.00000
  outer loop
   vertex -5.1650 0.0700 3.2550
   vertex -5.0350 0.0700 3.2550
   vertex -5.0350 0.8700 3.2550
  endloop
 endfacet
 facet normal 0.00000 0.00000 1.00000
  outer loop
   vertex -5.1650 0.0700 3.2550
   vertex -5.0350 0.8700 3.2550
   vertex -5.1650 0.8700 3.2550
  endloop
 endfacet
 facet normal 0.00000 0.00000 -1.00000
  outer loop
   vertex -5.0350 0.0700 3.3850
   vertex -5.1650 0.0700 3.3850
   vertex -5.1650 0.8700 3.3850
  endloop
 endfacet
 facet normal 0.00000 0.00000 -1.00000
  outer loop
   vertex -5.0350 0.0700 3.3850
   vertex -5.1650 0.8700 3.3850
   vertex -5.0350 0.8700 3.3850
  endloop
 endfacet
 facet normal 1.00000 0.00000 0.00000
  outer loop
   vertex -5.1650 0.0700 3.3850
   vertex -5.1650 0.0700 3.2550
   vertex -5.1650 0.8700 3.2550
  endloop
 endfacet
 facet normal 1.00000 0.00000 0.00000
  outer loop
   vertex -5.1650 0.0700 3.3850
   vertex -5.1650 0.8700 3.2550
   vertex -5.1650 0.8700 3.3850
  endloop
 endfacet
 facet normal -1.00000 0.00000 0.00000
  outer loop
   vertex -5.0350 0.0700 3.2550
   vertex -5.0350 0.0700 3.3850
   vertex -5.0350 0.8700 3.3850
  endloop
 endfacet
 facet normal -1.00000 0.00000 0.00000
  outer loop
   vertex -5.0350 0.0700 3.2550
   vertex -5.0350 0.8700 3.3850
   vertex -5.0350 0.8700 3.2550
  endloop
 endfacet
 facet normal 0.00000 -1.00000 0.00000
  outer loop
   vertex -5.1650 0.8700 3.2550
   vertex -5.0350 0.8700 3.2550
   vertex -5.0350 0.8700 3.3850
  endloop
 endfacet
 facet normal 0.00000 -1.00000 0.00000
  outer loop
   vertex -5.1650 0.8700 3.2550
   vertex -5.0350 0.8700 3.3850
   vertex -5.1650 0.8700 3.3850
  endloop
 endfacet
 facet normal 0.00000 1.00000 0.00000
  outer loop
   vertex -5.1650 0.0700 3.3850
   vertex -5.0350 0.0700 3.3850
   vertex -5.0350 0.0700 3.2550
  endloop
 endfacet
 facet normal 0.00000 1.00000 0.00000
  outer loop
   vertex -5.1650 0.0700 3.3850
   vertex -5.0350 0.0700 3.2550
   vertex -5.1650 0.0700 3.2550
  endloop
 endfacet
 facet normal 0.00000 0.00000 1.00000
  outer loop
   vertex -3.5650 0.0800 3.7350
   vertex -3.4350 0.0800 3.7350
   vertex -3.4350 0.8800 3.7350
  endloop
 endfacet
 facet normal 0.00000 0.00000 1.00000
  outer loop
   vertex -3.5650 0.0800 3.7350
   vertex -3.4350 0.8800 3.7350
   vertex -3.5650 0.8800 3.7350
  endloop
 endfacet
 facet normal 0.00000 0.00000 -1.00000
  outer loop
   vertex -3.4350 0.0800 3.8650
   vertex -3.5650 0.0800 3.8650
   vertex -3.5650 0.8800 3.8650
  endloop
 endfacet
 facet normal 0.00000 0.00000 -1.00000
  outer loop
   vertex -3.4350 0.0800 3.8650
   vertex -3.5650 0.8800 3.8650
   vertex -3.4350 0.8800 3.8650
  endloop
 endfacet
 facet normal 1.00000 0.00000 0.00000
  outer loop
   vertex -3.5650 0.0800 3.8650
   vertex -3.5650 0.0800 3.7350
   vertex -3.5650 0.8800 3.7350
  endloop
 endfacet
 facet normal 1.00000 0.00000 0.00000
  outer loop
   vertex -3.5650 0.0800 3.8650
   vertex -3.5650 0.8800 3.7350
   vertex -3.5650 0.8800 3.8650
  endloop
 endfacet
 facet normal -1.00000 0.00000 0.00000
  outer loop
   vertex -3.4350 0.0800 3.7350
   vertex -3.4350 0.0800 3.8650
   vertex -3.4350 0.8800 3.8650
  endloop
 endfacet
 facet normal -1.00000 0.00000 0.00000
  outer loop
   vertex -3.4350 0.0800 3.7350
   vertex -3.4350 0.8800 3.8650
   vertex -3.4350 0.8800 3.7350
  endloop
 endfacet
 facet normal 0.00000 -1.00000 0.00000
  outer loop
   vertex -3.5650 0.8800 3.7350
   vertex -3.4350 0.8800 3.7350
   vertex -3.4350 0.8800 3.8650
  endloop
 endfacet
 facet normal 0.00000 -1.00000 0.00000
  outer loop
   vertex -3.5650 0.8800 3.7350
   vertex -3.4350 0.8800 3.8650
   vertex -3.5650 0.8800 3.8650
  endloop
 endfacet
 facet normal 0.00000 1.00000 0.00000
  outer loop
   vertex -3.5650 0.0800 3.8650
   vertex -3.4350 0.0800 3.8650
   vertex -3.4350 0.0800 3.7350
  endloop
 endfacet
 facet normal 0.00000 1.00000 0.00000
  outer loop
   vertex -3.5650 0.0800 3.8650
   vertex -3.4350 0.0800 3.7350
   vertex -3.5650 0.0800 3.7350
  endloop
 endfacet
 facet normal 0.00000 0.00000 1.00000
  outer loop
   vertex -3.5650 0.0700 3.2550
   vertex -3.4350 0.0700 3.2550
   vertex -3.4350 0.8700 3.2550
  endloop
 endfacet
 facet normal 0.00000 0.00000 1.00000
  outer loop
   vertex -3.5650 0.0700 3.2550
   vertex -3.4350 0.8700 3.2550
   vertex -3.5650 0.8700 3.2550
  endloop
 endfacet
 facet normal 0.00000 0.00000 -1.00000
  outer loop
   vertex -3.4350 0.0700 3.3850
   vertex -3.5650 0.0700 3.3850
   vertex -3.5650 0.8700 3.3850
  endloop
 endfacet
 facet normal 0.00000 0.00000 -1.00000
  outer loop
   vertex -3.4350 0.0700 3.3850
   vertex -3.5650 0.8700 3.3850
   vertex -3.4350 0.8700 3.3850
  endloop
 endfacet
 facet normal 1.00000 0.00000 0.00000
  outer loop
   vertex -3.5650 0.0700 3.3850
   vertex -3.5650 0.0700 3.2550
   vertex -3.5650 0.8700 3.2550
  endloop
 endfacet
 facet normal 1.00000 0.00000 0.00000
  outer loop
   vertex -3.5650 0.0700 3.3850
   vertex -3.5650 0.8700 3.2550
   vertex -3.5650 0.8700 3.3850
  endloop
 endfacet
 facet normal -1.00000 0.00000 0.00000
  outer loop
   vertex -3.4350 0.0700 3.2550
   vertex -3.4350 0.0700 3.3850
   vertex -3.4350 0.8700 3.3850
  endloop
 endfacet
 facet normal -1.00000 0.00000 0.00000
  outer loop
   vertex -3.4350 0.0700 3.2550
   vertex -3.4350 0.8700 3.3850
   vertex -3.4350 0.8700 3.2550
  endloop
 endfacet
 facet normal 0.00000 -1.00000 0.00000
  outer loop
   vertex -3.5650 0.8700 3.2550
   vertex -3.4350 0.8700 3.2550
   vertex -3.4350 0.8700 3.3850
  endloop
 endfacet
 facet normal 0.00000 -1.00000 0.00000
  outer loop
   vertex -3.5650 0.8700 3.2550
   vertex -3.4350 0.8700 3.3850
   vertex -3.5650 0.8700 3.3850
  endloop
 endfacet
 facet normal 0.00000 1.00000 0.00000
  outer loop
   vertex -3.5650 0.0700 3.3850
   vertex -3.4350 0.0700 3.3850
   vertex -3.4350 0.0700 3.2550
  endloop
 endfacet
 facet normal 0.00000 1.00000 0.00000
  outer loop
   vertex -3.5650 0.0700 3.3850
   vertex -3.4350 0.0700 3.2550
   vertex -3.5650 0.0700 3.2550
  endloop
 endfacet
 facet normal 0.00000 0.00000 1.00000
  outer loop
   vertex -5.3000 0.3050 4.7250
   vertex -3.3000 0.3050 4.7250
   vertex -3.3000 0.6550 4.7250
  endloop
 endfacet
 facet normal 0.00000 0.00000 1.00000
  outer loop
   vertex -5.3000 0.3050 4.7250
   vertex -3.3000 0.6550 4.7250
   vertex -5.3000 0.6550 4.7250
  endloop
 endfacet
 facet normal 0.00000 0.00000 -1.00000
  outer loop
   vertex -3.3000 0.3050 5.0750
   vertex -5.3000 0.3050 5.0750
   vertex -5.3000 0.6550 5.0750
  endloop
 endfacet
 facet normal 0.00000 0.00000 -1.00000
  outer loop
   vertex -3.3000 0.3050 5.0750
   vertex -5.3000 0.6550 5.0750
   vertex -3.3000 0.6550 5.0750
  endloop
 endfacet
 facet normal 1.00000 0.00000 0.00000
  outer loop
   vertex -5.3000 0.3050 5.0750
   vertex -5.3000 0.3050 4.7250
   vertex -5.3000 0.6550 4.7250
  endloop
 endfacet
 facet normal 1.00000 0.00000 0.00000
  outer loop
   vertex -5.3000 0.3050 5.0750
   vertex -5.3000 0.6550 4.7250
   vertex -5.3000 0.6550 5.0750
  endloop
 endfacet
 facet normal -1.00000 0.00000 0.00000
  outer loop
   vertex -3.3000 0.3050 4.7250
   vertex -3.3000 0.3050 5.0750
   vertex -3.3000 0.6550 5.0750
  endloop
 endfacet
 facet normal -1.00000 0.00000 0.00000
  outer loop
   vertex -3.3000 0.3050 4.7250
   vertex -3.3000 0.6550 5.0750
   vertex -3.3000 0.6550 4.7250
  endloop
 endfacet
 facet normal 0.00000 -1.00000 0.00000
  outer loop
   vertex -5.3000 0.6550 4.7250
   vertex -3.3000 0.6550 4.7250
   vertex -3.3000 0.6550 5.0750
  endloop
 endfacet
 facet normal 0.00000 -1.00000 0.00000
  outer loop
   vertex -5.3000 0.6550 4.7250
   vertex -3.3000 0.6550 5.0750
   vertex -5.3000 0.6550 5.0750
  endloop
 endfacet
 facet normal 0.00000 1.00000 0.00000
  outer loop
   vertex -5.3000 0.3050 5.0750
   vertex -3.3000 0.3050 5.0750
   vertex -3.3000 0.3050 4.7250
  endloop
 endfacet
 facet normal 0.00000 1.00000 0.00000
  outer loop
   vertex -5.3000 0.3050 5.0750
   vertex -3.3000 0.3050 4.7250
   vertex -5.3000 0.3050 4.7250
  endloop
 endfacet
 facet normal 0.00000 0.00000 1.00000
  outer loop
   vertex -1.1500 0.8600 3.3750
   vertex 1.1500 0.8600 3.3750
   vertex 1.1500 1.0400 3.3750
  endloop
 endfacet
 facet normal 0.00000 0.00000 1.00000
  outer loop
   vertex -1.1500 0.8600 3.3750
   vertex 1.1500 1.0400 3.3750
   vertex -1.1500 1.0400 3.3750
  endloop
 endfacet
 facet normal 0.00000 0.00000 -1.00000
  outer loop
   vertex 1.1500 0.8600 4.2250
   vertex -1.1500 0.8600 4.2250
   vertex -1.1500 1.0400 4.2250
  endloop
 endfacet
 facet normal 0.00000 0.00000 -1.00000
  outer loop
   vertex 1.1500 0.8600 4.2250
   vertex -1.1500 1.0400 4.2250
   vertex 1.1500 1.0400 4.2250
  endloop
 endfacet
 facet normal 1.00000 0.00000 0.00000
  outer loop
   vertex -1.1500 0.8600 4.2250
   vertex -1.1500 0.8600 3.3750
   vertex -1.1500 1.0400 3.3750
  endloop
 endfacet
 facet normal 1.00000 0.00000 0.00000
  outer loop
   vertex -1.1500 0.8600 4.2250
   vertex -1.1500 1.0400 3.3750
   vertex -1.1500 1.0400 4.2250
  endloop
 endfacet
 facet normal -1.00000 0.00000 0.00000
  outer loop
   vertex 1.1500 0.8600 3.3750
   vertex 1.1500 0.8600 4.2250
   vertex 1.1500 1.0400 4.2250
  endloop
 endfacet
 facet normal -1.00000 0.00000 0.00000
  outer loop
   vertex 1.1500 0.8600 3.3750
   vertex 1.1500 1.0400 4.2250
   vertex 1.1500 1.0400 3.3750
  endloop
 endfacet
 facet normal 0.00000 -1.00000 0.00000
  outer loop
   vertex -1.1500 1.0400 3.3750
   vertex 1.1500 1.0400 3.3750
   vertex 1.1500 1.0400 4.2250
  endloop
 endfacet
 facet normal 0.00000 -1.00000 0.00000
  outer loop
   vertex -1.1500 1.0400 3.3750
   vertex 1.1500 1.0400 4.2250
   vertex -1.1500 1.0400 4.2250
  endloop
 endfacet
 facet normal 0.00000 1.00000 0.00000
  outer loop
   vertex -1.1500 0.8600 4.2250
   vertex 1.1500 0.8600 4.2250
   vertex 1.1500 0.8600 3.3750
  endloop
 endfacet
 facet normal 0.00000 1.00000 0.00000
  outer loop
   vertex -1.1500 0.8600 4.2250
   vertex 1.1500 0.8600 3.3750
   vertex -1.1500 0.8600 3.3750
  endloop
 endfacet
 facet normal 0.00000 0.00000 1.00000
  outer loop
   vertex -0.8650 0.0800 3.7350
   vertex -0.7350 0.0800 3.7350
   vertex -0.7350 0.8800 3.7350
  endloop
 endfacet
 facet normal 0.00000 0.00000 1.00000
  outer loop
   vertex -0.8650 0.0800 3.7350
   vertex -0.7350 0.8800 3.7350
   vertex -0.8650 0.8800 3.7350
  endloop
 endfacet
 facet normal 0.00000 0.00000 -1.00000
  outer loop
   vertex -0.7350 0.0800 3.8650
   vertex -0.8650 0.0800 3.8650
   vertex -0.8650 0.8800 3.8650
  endloop
 endfacet
 facet normal 0.00000 0.00000 -1.00000
  outer loop
   vertex -0.7350 0.0800 3.8650
   vertex -0.8650 0.8800 3.8650
   vertex -0.7350 0.8800 3.8650
  endloop
 endfacet
 facet normal 1.00000 0.00000 0.00000
  outer loop
   vertex -0.8650 0.0800 3.8650
   vertex -0.8650 0.0800 3.7350
   vertex -0.8650 0.8800 3.7350
  endloop
 endfacet
 facet normal 1.00000 0.00000 0.00000
  outer loop
   vertex -0.8650 0.0800 3.8650
   vertex -0.8650 0.8800 3.7350
   vertex -0.8650 0.8800 3.8650
  endloop
 endfacet
 facet normal -1.00000 0.00000 0.00000
  outer loop
   vertex -0.7350 0.0800 3.7350
   vertex -0.7350 0.0800 3.8650
   vertex -0.7350 0.8800 3.8650
  endloop
 endfacet
 facet normal -1.00000 0.00000 0.00000
  outer loop
   vertex -0.7350 0.0800 3.7350
   vertex -0.7350 0.8800 3.8650
   vertex -0.7350 0.8800 3.7350
  endloop
 endfacet
 facet normal 0.00000 -1.00000 0.00000
  outer loop
   vertex -0.8650 0.8800 3.7350
   vertex -0.7350 0.8800 3.7350
   vertex -0.7350 0.8800 3.8650
  endloop
 endfacet
 facet normal 0.00000 -1.00000 0.00000
  outer loop
   vertex -0.8650 0.8800 3.7350
   vertex -0.7350 0.8800 3.8650
   vertex -0.8650 0.8800 3.8650
  endloop
 endfacet
 facet normal 0.00000 1.00000 0.00000
  outer loop
   vertex -0.8650 0.0800 3.8650
   vertex -0.7350 0.0800 3.8650
   vertex -0.7350 0.0800 3.7350
  endloop
 endfacet
 facet normal 0.00000 1.00000 0.00000
  outer loop
   vertex -0.8650 0.0800 3.8650
   vertex -0.7350 0.0800 3.7350
   vertex -0.8650 0.0800 3.7350
  endloop
 endfacet
 facet normal 0.00000 0.00000 1.00000
  outer loop
   vertex -0.8650 0.0700 3.2550
   vertex -0.7350 0.0700 3.2550
   vertex -0.7350 0.8700 3.2550
  endloop
 endfacet
 facet normal 0.00000 0.00000 1.00000
  outer loop
   vertex -0.8650 0.0700 3.2550
   vertex -0.7350 0.8700 3.2550
   vertex -0.8650 0.8700 3.2550
  endloop
 endfacet
 facet normal 0.00000 0.00000 -1.00000
  outer loop
   vertex -0.7350 0.0700 3.3850
   vertex -0.8650 0.0700 3.3850
   vertex -0.8650 0.8700 3.3850
  endloop
 endfacet
 facet normal 0.00000 0.00000 -1.00000
  outer loop
   vertex -0.7350 0.0700 3.3850
   vertex -0.8650 0.8700 3.3850
   vertex -0.7350 0.8700 3.3850
  endloop
 endfacet
 facet normal 1.00000 0.00000 0.00000
  outer loop
   vertex -0.8650 0.0700 3.3850
   vertex -0.8650 0.0700 3.2550
   vertex -0.8650 0.8700 3.2550
  endloop
 endfacet
 facet normal 1.00000 0.00000 0.00000
  outer loop
   vertex -0.8650 0.0700 3.3850
   vertex -0.8650 0.8700 3.2550
   vertex -0.8650 0.8700 3.3850
  endloop
 endfacet
 facet normal -1.00000 0.00000 0.00000
  outer loop
   vertex -0.7350 0.0700 3.2550
   vertex -0.7350 0.0700 3.3850
   vertex -0.7350 0.8700 3.3850
  endloop
 endfacet
 facet normal -1.00000 0.00000 0.00000
  outer loop
   vertex -0.7350 0.0700 3.2550
   vertex -0.7350 0.8700 3.3850
   vertex -0.7350 0.8700 3.2550
  endloop
 endfacet
 facet normal 0.00000 -1.00000 0.00000
  outer loop
   vertex -0.8650 0.8700 3.2550
   vertex -0.7350 0.8700 3.2550
   vertex -0.7350 0.8700 3.3850
  endloop
 endfacet
 facet normal 0.00000 -1.00000 0.00000
  outer loop
   vertex -0.8650 0.8700 3.2550
   vertex -0.7350 0.8700 3.3850
   vertex -0.8650 0.8700 3.3850
  endloop
 endfacet
 facet normal 0.00000 1.00000 0.00000
  outer loop
   vertex -0.8650 0.0700 3.3850
   vertex -0.7350 0.0700 3.3850
   vertex -0.7350 0.0700 3.2550
  endloop
 endfacet
 facet normal 0.00000 1.00000 0.00000
  outer loop
   vertex -0.8650 0.0700 3.3850
   vertex -0.7350 0.0700 3.2550
   vertex -0.8650 0.0700 3.2550
  endloop
 endfacet
 facet normal 0.00000 0.00000 1.00000
  outer loop
   vertex 0.7350 0.0800 3.7350
   vertex 0.8650 0.0800 3.7350
   vertex 0.8650 0.8800 3.7350
  endloop
 endfacet
 facet normal 0.00000 0.00000 1.00000
  outer loop
   vertex 0.7350 0.0800 3.7350
   vertex 0.8650 0.8800 3.7350
   vertex 0.7350 0.8800 3.7350
  endloop
 endfacet
 facet normal 0.00000 0.00000 -1.00000
  outer loop
   vertex 0.8650 0.0800 3.8650
   vertex 0.7350 0.0800 3.8650
   vertex 0.7350 0.8800 3.8650
  endloop
 endfacet
 facet normal 0.00000 0.00000 -1.00000
  outer loop
   vertex 0.8650 0.0800 3.8650
   vertex 0.7350 0.8800 3.8650
   vertex 0.8650 0.8800 3.8650
  endloop
 endfacet
 facet normal 1.00000 0.00000 0.00000
  outer loop
   vertex 0.7350 0.0800 3.8650
   vertex 0.7350 0.0800 3.7350
   vertex 0.7350 0.8800 3.7350
  endloop
 endfacet
 facet normal 1.00000 0.00000 0.00000
  outer loop
   vertex 0.7350 0.0800 3.8650
   vertex 0.7350 0.8800 3.7350
   vertex 0.7350 0.8800 3.8650
  endloop
 endfacet
 facet normal -1.00000 0.00000 0.00000
  outer loop
   vertex 0.8650 0.0800 3.7350
   vertex 0.8650 0.0800 3.8650
   vertex 0.8650 0.8800 3.8650
  endloop
 endfacet
 facet normal -1.00000 0.00000 0.00000
  outer loop
   vertex 0.8650 0.0800 3.7350
   vertex 0.8650 0.8800 3.8650
   vertex 0.8650 0.8800 3.7350
  endloop
 endfacet
 facet normal 0.00000 -1.00000 0.00000
  outer loop
   vertex 0.7350 0.8800 3.7350
   vertex 0.8650 0.8800 3.7350
   vertex 0.8650 0.8800 3.8650
  endloop
 endfacet
 facet normal 0.00000 -1.00000 0.00000
  outer loop
   vertex 0.7350 0.8800 3.7350
   vertex 0.8650 0.8800 3.8650
   vertex 0.7350 0.8800 3.8650
  endloop
 endfacet
 facet normal 0.00000 1.00000 0.00000
  outer loop
   vertex 0.7350 0.0800 3.8650
   vertex 0.8650 0.0800 3.8650
   vertex 0.8650 0.0800 3.7350
  endloop
 endfacet
 facet normal 0.00000 1.00000 0.00000
  outer loop
   vertex 0.7350 0.0800 3.8650
   vertex 0.8650 0.0800 3.7350
   vertex 0.7350 0.0800 3.7350
  endloop
 endfacet
 facet normal 0.00000 0.00000 1.00000
  outer loop
   vertex 0.7350 0.0700 3.2550
   vertex 0.8650 0.0700 3.2550
   vertex 0.8650 0.8700 3.2550
  endloop
 endfacet
 facet normal 0.00000 0.00000 1.00000
  outer loop
   vertex 0.7350 0.0700 3.2550
   vertex 0.8650 0.8700 3.2550
   vertex 0.7350 0.8700 3.2550
  endloop
 endfacet
 facet normal 0.00000 0.00000 -1.00000
  outer loop
   vertex 0.8650 0.0700 3.3850
   vertex 0.7350 0.0700 3.3850
   vertex 0.7350 0.8700 3.3850
  endloop
 endfacet
 facet normal 0.00000 0.00000 -1.00000
  outer loop
   vertex 0.8650 0.0700 3.3850
   vertex 0.7350 0.8700 3.3850
   vertex 0.8650 0.8700 3.3850
  endloop
 endfacet
 facet normal 1.00000 0.00000 0.00000
  outer loop
   vertex 0.7350 0.0700 3.3850
   vertex 0.7350 0.0700 3.2550
   vertex 0.7350 0.8700 3.2550
  endloop
 endfacet
 facet normal 1.00000 0.00000 0.00000
  outer loop
   vertex 0.7350 0.0700 3.3850
   vertex 0.7350 0.8700 3.2550
   vertex 0.7350 0.8700 3.3850
  endloop
 endfacet
 facet normal -1.00000 0.00000 0.00000
  outer loop
   vertex 0.8650 0.0700 3.2550
   vertex 0.8650 0.0700 3.3850
   vertex 0.8650 0.8700 3.3850
  endloop
 endfacet
 facet normal -1.00000 0.00000 0.00000
  outer loop
   vertex 0.8650 0.0700 3.2550
   vertex 0.8650 0.8700 3.3850
   vertex 0.8650 0.8700 3.2550
  endloop
 endfacet
 facet normal 0.00000 -1.00000 0.00000
  outer loop
   vertex 0.7350 0.8700 3.2550
   vertex 0.8650 0.8700 3.2550
   vertex 0.8650 0.8700 3.3850
  endloop
 endfacet
 facet normal 0.00000 -1.00000 0.00000
  outer loop
   vertex 0.7350 0.8700 3.2550
   vertex 0.8650 0.8700 3.3850
   vertex 0.7350 0.8700 3.3850
  endloop
 endfacet
 facet normal 0.00000 1.00000 0.00000
  outer loop
   vertex 0.7350 0.0700 3.3850
   vertex 0.8650 0.0700 3.3850
   vertex 0.8650 0.0700 3.2550
  endloop
 endfacet
 facet normal 0.00000 1.00000 0.00000
  outer loop
   vertex 0.7350 0.0700 3.3850
   vertex 0.8650 0.0700 3.2550
   vertex 0.7350 0.0700 3.2550
  endloop
 endfacet
 facet normal 0.00000 0.00000 1.00000
  outer loop
   vertex -1.0000 0.3050 4.7250
   vertex 1.0000 0.3050 4.7250
   vertex 1.0000 0.6550 4.7250
  endloop
 endfacet
 facet normal 0.00000 0.00000 1.00000
  outer loop
   vertex -1.0000 0.3050 4.7250
   vertex 1.0000 0.6550 4.7250
   vertex -1.0000 0.6550 4.7250
  endloop
 endfacet
 facet normal 0.00000 0.00000 -1.00000
  outer loop
   vertex 1.0000 0.3050 5.0750
   vertex -1.0000 0.3050 5.0750
   vertex -1.0000 0.6550 5.0750
  endloop
 endfacet
 facet normal 0.00000 0.00000 -1.00000
  outer loop
   vertex 1.0000 0.3050 5.0750
   vertex -1.0000 0.6550 5.0750
   vertex 1.0000 0.6550 5.0750
  endloop
 endfacet
 facet normal 1.00000 0.00000 0.00000
  outer loop
   vertex -1.0000 0.3050 5.0750
   vertex -1.0000 0.3050 4.7250
   vertex -1.0000 0.6550 4.7250
  endloop
 endfacet
 facet normal 1.00000 0.00000 0.00000
  outer loop
   vertex -1.0000 0.3050 5.0750
   vertex -1.0000 0.6550 4.7250
   vertex -1.0000 0.6550 5.0750
  endloop
 endfacet
 facet normal -1.00000 0.00000 0.00000
  outer loop
   vertex 1.0000 0.3050 4.7250
   vertex 1.0000 0.3050 5.0750
   vertex 1.0000 0.6550 5.0750
  endloop
 endfacet
 facet normal -1.00000 0.00000 0.00000
  outer loop
   vertex 1.0000 0.3050 4.7250
   vertex 1.0000 0.6550 5.0750
   vertex 1.0000 0.6550 4.7250
  endloop
 endfacet
 facet normal 0.00000 -1.00000 0.00000
  outer loop
   vertex -1.0000 0.6550 4.7250
   vertex 1.0000 0.6550 4.7250
   vertex 1.0000 0.6550 5.0750
  endloop
 endfacet
 facet normal 0.00000 -1.00000 0.00000
  outer loop
   vertex -1.0000 0.6550 4.7250
   vertex 1.0000 0.6550 5.0750
   vertex -1.0000 0.6550 5.0750
  endloop
 endfacet
 facet normal 0.00000 1.00000 0.00000
  outer loop
   vertex -1.0000 0.3050 5.0750
   vertex 1.0000 0.3050 5.0750
   vertex 1.0000 0.3050 4.7250
  endloop
 endfacet
 facet normal 0.00000 1.00000 0.00000
  outer loop
   vertex -1.0000 0.3050 5.0750
   vertex 1.0000 0.3050 4.7250
   vertex -1.0000 0.3050 4.7250
  endloop
 endfacet
 facet normal 0.00000 0.00000 1.00000
  outer loop
   vertex 3.1500 0.8600 3.3750
   vertex 5.4500 0.8600 3.3750
   vertex 5.4500 1.0400 3.3750
  endloop
 endfacet
 facet normal 0.00000 0.00000 1.00000
  outer loop
   vertex 3.1500 0.8600 3.3750
   vertex 5.4500 1.0400 3.3750
   vertex 3.1500 1.0400 3.3750
  endloop
 endfacet
 facet normal 0.00000 0.00000 -1.00000
  outer loop
   vertex 5.4500 0.8600 4.2250
   vertex 3.1500 0.8600 4.2250
   vertex 3.1500 1.0400 4.2250
  endloop
 endfacet
 facet normal 0.00000 0.00000 -1.00000
  outer loop
   vertex 5.4500 0.8600 4.2250
   vertex 3.1500 1.0400 4.2250
   vertex 5.4500 1.0400 4.2250
  endloop
 endfacet
 facet normal 1.00000 0.00000 0.00000
  outer loop
   vertex 3.1500 0.8600 4.2250
   vertex 3.1500 0.8600 3.3750
   vertex 3.1500 1.0400 3.3750
  endloop
 endfacet
 facet normal 1.00000 0.00000 0.00000
  outer loop
   vertex 3.1500 0.8600 4.2250
   vertex 3.1500 1.0400 3.3750
   vertex 3.1500 1.0400 4.2250
  endloop
 endfacet
 facet normal -1.00000 0.00000 0.00000
  outer loop
   vertex 5.4500 0.8600 3.3750
   vertex 5.4500 0.8600 4.2250
   vertex 5.4500 1.0400 4.2250
  endloop
 endfacet
 facet normal -1.00000 0.00000 0.00000
  outer loop
   vertex 5.4500 0.8600 3.3750
   vertex 5.4500 1.0400 4.2250
   vertex 5.4500 1.0400 3.3750
  endloop
 endfacet
 facet normal 0.00000 -1.00000 0.00000
  outer loop
   vertex 3.1500 1.0400 3.3750
   vertex 5.4500 1.0400 3.3750
   vertex 5.4500 1.0400 4.2250
  endloop
 endfacet
 facet normal 0.00000 -1.00000 0.00000
  outer loop
   vertex 3.1500 1.0400 3.3750
   vertex 5.4500 1.0400 4.2250
   vertex 3.1500 1.0400 4.2250
  endloop
 endfacet
 facet normal 0.00000 1.00000 0.00000
  outer loop
   vertex 3.1500 0.8600 4.2250
   vertex 5.4500 0.8600 4.2250
   vertex 5.4500 0.8600 3.3750
  endloop
 endfacet
 facet normal 0.00000 1.00000 0.00000
  outer loop
   vertex 3.1500 0.8600 4.2250
   vertex 5.4500 0.8600 3.3750
   vertex 3.1500 0.8600 3.3750
  endloop
 endfacet
 facet normal 0.00000 0.00000 1.00000
  outer loop
   vertex 3.4350 0.0800 3.7350
   vertex 3.5650 0.0800 3.7350
   vertex 3.5650 0.8800 3.7350
  endloop
 endfacet
 facet normal 0.00000 0.00000 1.00000
  outer loop
   vertex 3.4350 0.0800 3.7350
   vertex 3.5650 0.8800 3.7350
   vertex 3.4350 0.8800 3.7350
  endloop
 endfacet
 facet normal 0.00000 0.00000 -1.00000
  outer loop
   vertex 3.5650 0.0800 3.8650
   vertex 3.4350 0.0800 3.8650
   vertex 3.4350 0.8800 3.8650
  endloop
 endfacet
 facet normal 0.00000 0.00000 -1.00000
  outer loop
   vertex 3.5650 0.0800 3.8650
   vertex 3.4350 0.8800 3.8650
   vertex 3.5650 0.8800 3.8650
  endloop
 endfacet
 facet normal 1.00000 0.00000 0.00000
  outer loop
   vertex 3.4350 0.0800 3.8650
   vertex 3.4350 0.0800 3.7350
   vertex 3.4350 0.8800 3.7350
  endloop
 endfacet
 facet normal 1.00000 0.00000 0.00000
  outer loop
   vertex 3.4350 0.0800 3.8650
   vertex 3.4350 0.8800 3.7350
   vertex 3.4350 0.8800 3.8650
  endloop
 endfacet
 facet normal -1.00000 0.00000 0.00000
  outer loop
   vertex 3.5650 0.0800 3.7350
   vertex 3.5650 0.0800 3.8650
   vertex 3.5650 0.8800 3.8650
  endloop
 endfacet
 facet normal -1.00000 0.00000 0.00000
  outer loop
   vertex 3.5650 0.0800 3.7350
   vertex 3.5650 0.8800 3.8650
   vertex 3.5650 0.8800 3.7350
  endloop
 endfacet
 facet normal 0.00000 -1.00000 0.00000
  outer loop
   vertex 3.4350 0.8800 3.7350
   vertex 3.5650 0.8800 3.7350
   vertex 3.5650 0.8800 3.8650
  endloop
 endfacet
 facet normal 0.00000 -1.00000 0.00000
  outer loop
   vertex 3.4350 0.8800 3.7350
   vertex 3.5650 0.8800 3.8650
   vertex 3.4350 0.8800 3.8650
  endloop
 endfacet
 facet normal 0.00000 1.00000 0.00000
  outer loop
   vertex 3.4350 0.0800 3.8650
   vertex 3.5650 0.0800 3.8650
   vertex 3.5650 0.0800 3.7350
  endloop
 endfacet
 facet normal 0.00000 1.00000 0.00000
  outer loop
   vertex 3.4350 0.0800 3.8650
   vertex 3.5650 0.0800 3.7350
   vertex 3.4350 0.0800 3.7350
  endloop
 endfacet
 facet normal 0.00000 0.00000 1.00000
  outer loop
   vertex 3.4350 0.0700 3.2550
   vertex 3.5650 0.0700 3.2550
   vertex 3.5650 0.8700 3.2550
  endloop
 endfacet
 facet normal 0.00000 0.00000 1.00000
  outer loop
   vertex 3.4350 0.0700 3.2550
   vertex 3.5650 0.8700 3.2550
   vertex 3.4350 0.8700 3.2550
  endloop
 endfacet
 facet normal 0.00000 0.00000 -1.00000
  outer loop
   vertex 3.5650 0.0700 3.3850
   vertex 3.4350 0.0700 3.3850
   vertex 3.4350 0.8700 3.3850
  endloop
 endfacet
 facet normal 0.00000 0.00000 -1.00000
  outer loop
   vertex 3.5650 0.0700 3.3850
   vertex 3.4350 0.8700 3.3850
   vertex 3.5650 0.8700 3.3850
  endloop
 endfacet
 facet normal 1.00000 0.00000 0.00000
  outer loop
   vertex 3.4350 0.0700 3.3850
   vertex 3.4350 0.0700 3.2550
   vertex 3.4350 0.8700 3.2550
  endloop
 endfacet
 facet normal 1.00000 0.00000 0.00000
  outer loop
   vertex 3.4350 0.0700 3.3850
   vertex 3.4350 0.8700 3.2550
   vertex 3.4350 0.8700 3.3850
  endloop
 endfacet
 facet normal -1.00000 0.00000 0.00000
  outer loop
   vertex 3.5650 0.0700 3.2550
   vertex 3.5650 0.0700 3.3850
   vertex 3.5650 0.8700 3.3850
  endloop
 endfacet
 facet normal -1.00000 0.00000 0.00000
  outer loop
   vertex 3.5650 0.0700 3.2550
   vertex 3.5650 0.8700 3.3850
   vertex 3.5650 0.8700 3.2550
  endloop
 endfacet
 facet normal 0.00000 -1.00000 0.00000
  outer loop
   vertex 3.4350 0.8700 3.2550
   vertex 3.5650 0.8700 3.2550
   vertex 3.5650 0.8700 3.3850
  endloop
 endfacet
 facet normal 0.00000 -1.00000 0.00000
  outer loop
   vertex 3.4350 0.8700 3.2550
   vertex 3.5650 0.8700 3.3850
   vertex 3.4350 0.8700 3.3850
  endloop
 endfacet
 facet normal 0.00000 1.00000 0.00000
  outer loop
   vertex 3.4350 0.0700 3.3850
   vertex 3.5650 0.0700 3.3850
   vertex 3.5650 0.0700 3.2550
  endloop
 endfacet
 facet normal 0.00000 1.00000 0.00000
  outer loop
   vertex 3.4350 0.0700 3.3850
   vertex 3.5650 0.0700 3.2550
   vertex 3.4350 0.0700 3.2550
  endloop
 endfacet
 facet normal 0.00000 0.00000 1.00000
  outer loop
   vertex 5.0350 0.0800 3.7350
   vertex 5.1650 0.0800 3.7350
   vertex 5.1650 0.8800 3.7350
  endloop
 endfacet
 facet normal 0.00000 0.00000 1.00000
  outer loop
   vertex 5.0350 0.0800 3.7350
   vertex 5.1650 0.8800 3.7350
   vertex 5.0350 0.8800 3.7350
  endloop
 endfacet
 facet normal 0.00000 0.00000 -1.00000
  outer loop
   vertex 5.1650 0.0800 3.8650
   vertex 5.0350 0.0800 3.8650
   vertex 5.0350 0.8800 3.8650
  endloop
 endfacet
 facet normal 0.00000 0.00000 -1.00000
  outer loop
   vertex 5.1650 0.0800 3.8650
   vertex 5.0350 0.8800 3.8650
   vertex 5.1650 0.8800 3.8650
  endloop
 endfacet
 facet normal 1.00000 0.00000 0.00000
  outer loop
   vertex 5.0350 0.0800 3.8650
   vertex 5.0350 0.0800 3.7350
   vertex 5.0350 0.8800 3.7350
  endloop
 endfacet
 facet normal 1.00000 0.00000 0.00000
  outer loop
   vertex 5.0350 0.0800 3.8650
   vertex 5.0350 0.8800 3.7350
   vertex 5.0350 0.8800 3.8650
  endloop
 endfacet
 facet normal -1.00000 0.00000 0.00000
  outer loop
   vertex 5.1650 0.0800 3.7350
   vertex 5.1650 0.0800 3.8650
   vertex 5.1650 0.8800 3.8650
  endloop
 endfacet
 facet normal -1.00000 0.00000 0.00000
  outer loop
   vertex 5.1650 0.0800 3.7350
   vertex 5.1650 0.8800 3.8650
   vertex 5.1650 0.8800 3.7350
  endloop
 endfacet
 facet normal 0.00000 -1.00000 0.00000
  outer loop
   vertex 5.0350 0.8800 3.7350
   vertex 5.1650 0.8800 3.7350
   vertex 5.1650 0.8800 3.8650
  endloop
 endfacet
 facet normal 0.00000 -1.00000 0.00000
  outer loop
   vertex 5.0350 0.8800 3.7350
   vertex 5.1650 0.8800 3.8650
   vertex 5.0350 0.8800 3.8650
  endloop
 endfacet
 facet normal 0.00000 1.00000 0.00000
  outer loop
   vertex 5.0350 0.0800 3.8650
   vertex 5.1650 0.0800 3.8650
   vertex 5.1650 0.0800 3.7350
  endloop
 endfacet
 facet normal 0.00000 1.00000 0.00000
  outer loop
   vertex 5.0350 0.0800 3.8650
   vertex 5.1650 0.0800 3.7350
   vertex 5.0350 0.0800 3.7350
  endloop
 endfacet
 facet normal 0.00000 0.00000 1.00000
  outer loop
   vertex 5.0350 0.0700 3.2550
   vertex 5.1650 0.0700 3.2550
   vertex 5.1650 0.8700 3.2550
  endloop
 endfacet
 facet normal 0.00000 0.00000 1.00000
  outer loop
   vertex 5.0350 0.0700 3.2550
   vertex 5.1650 0.8700 3.2550
   vertex 5.0350 0.8700 3.2550
  endloop
 endfacet
 facet normal 0.00000 0.00000 -1.00000
  outer loop
   vertex 5.1650 0.0700 3.3850
   vertex 5.0350 0.0700 3.3850
   vertex 5.0350 0.8700 3.3850
  endloop
 endfacet
 facet normal 0.00000 0.00000 -1.00000
  outer loop
   vertex 5.1650 0.0700 3.3850
   vertex 5.0350 0.8700 3.3850
   vertex 5.1650 0.8700 3.3850
  endloop
 endfacet
 facet normal 1.00000 0.00000 0.00000
  outer loop
   vertex 5.0350 0.0700 3.3850
   vertex 5.0350 0.0700 3.2550
   vertex 5.0350 0.8700 3.2550
  endloop
 endfacet
 facet normal 1.00000 0.00000 0.00000
  outer loop
   vertex 5.0350 0.0700 3.3850
   vertex 5.0350 0.8700 3.2550
   vertex 5.0350 0.8700 3.3850
  endloop
 endfacet
 facet normal -1.00000 0.00000 0.00000
  outer loop
   vertex 5.1650 0.0700 3.2550
   vertex 5.1650 0.0700 3.3850
   vertex 5.1650 0.8700 3.3850
  endloop
 endfacet
 facet normal -1.00000 0.00000 0.00000
  outer loop
   vertex 5.1650 0.0700 3.2550
   vertex 5.1650 0.8700 3.3850
   vertex 5.1650 0.8700 3.2550
  endloop
 endfacet
 facet normal 0.00000 -1.00000 0.00000
  outer loop
   vertex 5.0350 0.8700 3.2550
   vertex 5.1650 0.8700 3.2550
   vertex 5.1650 0.8700 3.3850
  endloop
 endfacet
 facet normal 0.00000 -1.00000 0.00000
  outer loop
   vertex 5.0350 0.8700 3.2550
   vertex 5.1650 0.8700 3.3850
   vertex 5.0350 0.8700 3.3850
  endloop
 endfacet
 facet normal 0.00000 1.00000 0.00000
  outer loop
   vertex 5.0350 0.0700 3.3850
   vertex 5.1650 0.0700 3.3850
   vertex 5.1650 0.0700 3.2550
  endloop
 endfacet
 facet normal 0.00000 1.00000 0.00000
  outer loop
   vertex 5.0350 0.0700 3.3850
   vertex 5.1650 0.0700 3.2550
   vertex 5.0350 0.0700 3.2550
  endloop
 endfacet
 facet normal 0.00000 0.00000 1.00000
  outer loop
   vertex 3.3000 0.3050 4.7250
   vertex 5.3000 0.3050 4.7250
   vertex 5.3000 0.6550 4.7250
  endloop
 endfacet
 facet normal 0.00000 0.00000 1.00000
  outer loop
   vertex 3.3000 0.3050 4.7250
   vertex 5.3000 0.6550 4.7250
   vertex 3.3000 0.6550 4.7250
  endloop
 endfacet
 facet normal 0.00000 0.00000 -1.00000
  outer loop
   vertex 5.3000 0.3050 5.0750
   vertex 3.3000 0.3050 5.0750
   vertex 3.3000 0.6550 5.0750
  endloop
 endfacet
 facet normal 0.00000 0.00000 -1.00000
  outer loop
   vertex 5.3000 0.3050 5.0750
   vertex 3.3000 0.6550 5.0750
   vertex 5.3000 0.6550 5.0750
  endloop
 endfacet
 facet normal 1.00000 0.00000 0.00000
  outer loop
   vertex 3.3000 0.3050 5.0750
   vertex 3.3000 0.3050 4.7250
   vertex 3.3000 0.6550 4.7250
  endloop
 endfacet
 facet normal 1.00000 0.00000 0.00000
  outer loop
   vertex 3.3000 0.3050 5.0750
   vertex 3.3000 0.6550 4.7250
   vertex 3.3000 0.6550 5.0750
  endloop
 endfacet
 facet normal -1.00000 0.00000 0.00000
  outer loop
   vertex 5.3000 0.3050 4.7250
   vertex 5.3000 0.3050 5.0750
   vertex 5.3000 0.6550 5.0750
  endloop
 endfacet
 facet normal -1.00000 0.00000 0.00000
  outer loop
   vertex 5.3000 0.3050 4.7250
   vertex 5.3000 0.6550 5.0750
   vertex 5.3000 0.6550 4.7250
  endloop
 endfacet
 facet normal 0.00000 -1.00000 0.00000
  outer loop
   vertex 3.3000 0.6550 4.7250
   vertex 5.3000 0.6550 4.7250
   vertex 5.3000 0.6550 5.0750
  endloop
 endfacet
 facet normal 0.00000 -1.00000 0.00000
  outer loop
   vertex 3.3000 0.6550 4.7250
   vertex 5.3000 0.6550 5.0750
   vertex 3.3000 0.6550 5.0750
  endloop
 endfacet
 facet normal 0.00000 1.00000 0.00000
  outer loop
   vertex 3.3000 0.3050 5.0750
   vertex 5.3000 0.3050 5.0750
   vertex 5.3000 0.3050 4.7250
  endloop
 endfacet
 facet normal 0.00000 1.00000 0.00000
  outer loop
   vertex 3.3000 0.3050 5.0750
   vertex 5.3000 0.3050 4.7250
   vertex 3.3000 0.3050 4.7250
  endloop
 endfacet
endsolid comedor_prision
