solid duchas
 facet normal 0.00000 0.00000 1.00000
  outer loop
   vertex -6.0000 -0.3000 -4.5000
   vertex 6.0000 -0.3000 -4.5000
   vertex 6.0000 0.0000 -4.5000
  endloop
 endfacet
 facet normal 0.00000 0.00000 1.00000
  outer loop
   vertex -6.0000 -0.3000 -4.5000
   vertex 6.0000 0.0000 -4.5000
   vertex -6.0000 0.0000 -4.5000
  endloop
 endfacet
 facet normal 0.00000 0.00000 -1.00000
  outer loop
   vertex 6.0000 -0.3000 4.5000
   vertex -6.0000 -0.3000 4.5000
   vertex -6.0000 0.0000 4.5000
  endloop
 endfacet
 facet normal 0.00000 0.00000 -1.00000
  outer loop
   vertex 6.0000 -0.3000 4.5000
   vertex -6.0000 0.0000 4.5000
   vertex 6.0000 0.0000 4.5000
  endloop
 endfacet
 facet normal 1.00000 0.00000 0.00000
  outer loop
   vertex -6.0000 -0.3000 4.5000
   vertex -6.0000 -0.3000 -4.5000
   vertex -6.0000 0.0000 -4.5000
  endloop
 endfacet
 facet normal 1.00000 0.00000 0.00000
  outer loop
   vertex -6.0000 -0.3000 4.5000
   vertex -6.0000 0.0000 -4.5000
   vertex -6.0000 0.0000 4.5000
  endloop
 endfacet
 facet normal -1.00000 0.00000 0.00000
  outer loop
   vertex 6.0000 -0.3000 -4.5000
   vertex 6.0000 -0.3000 4.5000
   vertex 6.0000 0.0000 4.5000
  endloop
 endfacet
 facet normal -1.00000 0.00000 0.00000
  outer loop
   vertex 6.0000 -0.3000 -4.5000
   vertex 6.0000 0.0000 4.5000
   vertex 6.0000 0.0000 -4.5000
  endloop
 endfacet
 facet normal 0.00000 -1.00000 0.00000
  outer loop
   vertex -6.0000 0.0000 -4.5000
   vertex 6.0000 0.0000 -4.5000
   vertex 6.0000 0.0000 4.5000
  endloop
 endfacet
 facet normal 0.00000 -1.00000 0.00000
  outer loop
   vertex -6.0000 0.0000 -4.5000
   vertex 6.0000 0.0000 4.5000
   vertex -6.0000 0.0000 4.5000
  endloop
 endfacet
 facet normal 0.00000 1.00000 0.00000
  outer loop
   vertex -6.0000 -0.3000 4.5000
   vertex 6.0000 -0.3000 4.5000
   vertex 6.0000 -0.3000 -4.5000
  endloop
 endfacet
 facet normal 0.00000 1.00000 0.00000
  outer loop
   vertex -6.0000 -0.3000 4.5000
   vertex 6.0000 -0.3000 -4.5000
   vertex -6.0000 -0.3000 -4.5000
  endloop
 endfacet
 facet normal 0.00000 0.00000 1.00000
  outer loop
   vertex -6.0000 0.0000 -4.4500
   vertex 6.0000 0.0000 -4.4500
   vertex 6.0000 5.4000 -4.4500
  endloop
 endfacet
 facet normal 0.00000 0.00000 1.00000
  outer loop
   vertex -6.0000 0.0000 -4.4500
   vertex 6.0000 5.4000 -4.4500
   vertex -6.0000 5.4000 -4.4500
  endloop
 endfacet
 facet normal 0.00000 0.00000 -1.00000
  outer loop
   vertex 6.0000 0.0000 -4.1500
   vertex -6.0000 0.0000 -4.1500
   vertex -6.0000 5.4000 -4.1500
  endloop
 endfacet
 facet normal 0.00000 0.00000 -1.00000
  outer loop
   vertex 6.0000 0.0000 -4.1500
   vertex -6.0000 5.4000 -4.1500
   vertex 6.0000 5.4000 -4.1500
  endloop
 endfacet
 facet normal 1.00000 0.00000 0.00000
  outer loop
   vertex -6.0000 0.0000 -4.1500
   vertex -6.0000 0.0000 -4.4500
   vertex -6.0000 5.4000 -4.4500
  endloop
 endfacet
 facet normal 1.00000 0.00000 0.00000
  outer loop
   vertex -6.0000 0.0000 -4.1500
   vertex -6.0000 5.4000 -4.4500
   vertex -6.0000 5.4000 -4.1500
  endloop
 endfacet
 facet normal -1.00000 0.00000 0.00000
  outer loop
   vertex 6.0000 0.0000 -4.4500
   vertex 6.0000 0.0000 -4.1500
   vertex 6.0000 5.4000 -4.1500
  endloop
 endfacet
 facet normal -1.00000 0.00000 0.00000
  outer loop
   vertex 6.0000 0.0000 -4.4500
   vertex 6.0000 5.4000 -4.1500
   vertex 6.0000 5.4000 -4.4500
  endloop
 endfacet
 facet normal 0.00000 -1.00000 0.00000
  outer loop
   vertex -6.0000 5.4000 -4.4500
   vertex 6.0000 5.4000 -4.4500
   vertex 6.0000 5.4000 -4.1500
  endloop
 endfacet
 facet normal 0.00000 -1.00000 0.00000
  outer loop
   vertex -6.0000 5.4000 -4.4500
   vertex 6.0000 5.4000 -4.1500
   vertex -6.0000 5.4000 -4.1500
  endloop
 endfacet
 facet normal 0.00000 1.00000 0.00000
  outer loop
   vertex -6.0000 0.0000 -4.1500
   vertex 6.0000 0.0000 -4.1500
   vertex 6.0000 0.0000 -4.4500
  endloop
 endfacet
 facet normal 0.00000 1.00000 0.00000
  outer loop
   vertex -6.0000 0.0000 -4.1500
   vertex 6.0000 0.0000 -4.4500
   vertex -6.0000 0.0000 -4.4500
  endloop
 endfacet
 facet normal 0.00000 0.00000 1.00000
  outer loop
   vertex -5.9500 0.0000 -4.5000
   vertex -5.6500 0.0000 -4.5000
   vertex -5.6500 5.4000 -4.5000
  endloop
 endfacet
 facet normal 0.00000 0.00000 1.00000
  outer loop
   vertex -5.9500 0.0000 -4.5000
   vertex -5.6500 5.4000 -4.5000
   vertex -5.9500 5.4000 -4.5000
  endloop
 endfacet
 facet normal 0.00000 0.00000 -1.00000
  outer loop
   vertex -5.6500 0.0000 4.5000
   vertex -5.9500 0.0000 4.5000
   vertex -5.9500 5.4000 4.5000
  endloop
 endfacet
 facet normal 0.00000 0.00000 -1.00000
  outer loop
   vertex -5.6500 0.0000 4.5000
   vertex -5.9500 5.4000 4.5000
   vertex -5.6500 5.4000 4.5000
  endloop
 endfacet
 facet normal 1.00000 0.00000 0.00000
  outer loop
   vertex -5.9500 0.0000 4.5000
   vertex -5.9500 0.0000 -4.5000
   vertex -5.9500 5.4000 -4.5000
  endloop
 endfacet
 facet normal 1.00000 0.00000 0.00000
  outer loop
   vertex -5.9500 0.0000 4.5000
   vertex -5.9500 5.4000 -4.5000
   vertex -5.9500 5.4000 4.5000
  endloop
 endfacet
 facet normal -1.00000 0.00000 0.00000
  outer loop
   vertex -5.6500 0.0000 -4.5000
   vertex -5.6500 0.0000 4.5000
   vertex -5.6500 5.4000 4.5000
  endloop
 endfacet
 facet normal -1.00000 0.00000 0.00000
  outer loop
   vertex -5.6500 0.0000 -4.5000
   vertex -5.6500 5.4000 4.5000
   vertex -5.6500 5.4000 -4.5000
  endloop
 endfacet
 facet normal 0.00000 -1.00000 0.00000
  outer loop
   vertex -5.9500 5.4000 -4.5000
   vertex -5.6500 5.4000 -4.5000
   vertex -5.6500 5.4000 4.5000
  endloop
 endfacet
 facet normal 0.00000 -1.00000 0.00000
  outer loop
   vertex -5.9500 5.4000 -4.5000
   vertex -5.6500 5.4000 4.5000
   vertex -5.9500 5.4000 4.5000
  endloop
 endfacet
 facet normal 0.00000 1.00000 0.00000
  outer loop
   vertex -5.9500 0.0000 4.5000
   vertex -5.6500 0.0000 4.5000
   vertex -5.6500 0.0000 -4.5000
  endloop
 endfacet
 facet normal 0.00000 1.00000 0.00000
  outer loop
   vertex -5.9500 0.0000 4.5000
   vertex -5.6500 0.0000 -4.5000
   vertex -5.9500 0.0000 -4.5000
  endloop
 endfacet
 facet normal 0.00000 0.00000 1.00000
  outer loop
   vertex 5.6500 0.0000 -4.5000
   vertex 5.9500 0.0000 -4.5000
   vertex 5.9500 5.4000 -4.5000
  endloop
 endfacet
 facet normal 0.00000 0.00000 1.00000
  outer loop
   vertex 5.6500 0.0000 -4.5000
   vertex 5.9500 5.4000 -4.5000
   vertex 5.6500 5.4000 -4.5000
  endloop
 endfacet
 facet normal 0.00000 0.00000 -1.00000
  outer loop
   vertex 5.9500 0.0000 4.5000
   vertex 5.6500 0.0000 4.5000
   vertex 5.6500 5.4000 4.5000
  endloop
 endfacet
 facet normal 0.00000 0.00000 -1.00000
  outer loop
   vertex 5.9500 0.0000 4.5000
   vertex 5.6500 5.4000 4.5000
   vertex 5.9500 5.4000 4.5000
  endloop
 endfacet
 facet normal 1.00000 0.00000 0.00000
  outer loop
   vertex 5.6500 0.0000 4.5000
   vertex 5.6500 0.0000 -4.5000
   vertex 5.6500 5.4000 -4.5000
  endloop
 endfacet
 facet normal 1.00000 0.00000 0.00000
  outer loop
   vertex 5.6500 0.0000 4.5000
   vertex 5.6500 5.4000 -4.5000
   vertex 5.6500 5.4000 4.5000
  endloop
 endfacet
 facet normal -1.00000 0.00000 0.00000
  outer loop
   vertex 5.9500 0.0000 -4.5000
   vertex 5.9500 0.0000 4.5000
   vertex 5.9500 5.4000 4.5000
  endloop
 endfacet
 facet normal -1.00000 0.00000 0.00000
  outer loop
   vertex 5.9500 0.0000 -4.5000
   vertex 5.9500 5.4000 4.5000
   vertex 5.9500 5.4000 -4.5000
  endloop
 endfacet
 facet normal 0.00000 -1.00000 0.00000
  outer loop
   vertex 5.6500 5.4000 -4.5000
   vertex 5.9500 5.4000 -4.5000
   vertex 5.9500 5.4000 4.5000
  endloop
 endfacet
 facet normal 0.00000 -1.00000 0.00000
  outer loop
   vertex 5.6500 5.4000 -4.5000
   vertex 5.9500 5.4000 4.5000
   vertex 5.6500 5.4000 4.5000
  endloop
 endfacet
 facet normal 0.00000 1.00000 0.00000
  outer loop
   vertex 5.6500 0.0000 4.5000
   vertex 5.9500 0.0000 4.5000
   vertex 5.9500 0.0000 -4.5000
  endloop
 endfacet
 facet normal 0.00000 1.00000 0.00000
  outer loop
   vertex 5.6500 0.0000 4.5000
   vertex 5.9500 0.0000 -4.5000
   vertex 5.6500 0.0000 -4.5000
  endloop
 endfacet
 facet normal 0.00000 0.00000 1.00000
  outer loop
   vertex -4.5400 0.0000 -4.0500
   vertex -4.4600 0.0000 -4.0500
   vertex -4.4600 2.8000 -4.0500
  endloop
 endfacet
 facet normal 0.00000 0.00000 1.00000
  outer loop
   vertex -4.5400 0.0000 -4.0500
   vertex -4.4600 2.8000 -4.0500
   vertex -4.5400 2.8000 -4.0500
  endloop
 endfacet
 facet normal 0.00000 0.00000 -1.00000
  outer loop
   vertex -4.4600 0.0000 -1.3500
   vertex -4.5400 0.0000 -1.3500
   vertex -4.5400 2.8000 -1.3500
  endloop
 endfacet
 facet normal 0.00000 0.00000 -1.00000
  outer loop
   vertex -4.4600 0.0000 -1.3500
   vertex -4.5400 2.8000 -1.3500
   vertex -4.4600 2.8000 -1.3500
  endloop
 endfacet
 facet normal 1.00000 0.00000 0.00000
  outer loop
   vertex -4.5400 0.0000 -1.3500
   vertex -4.5400 0.0000 -4.0500
   vertex -4.5400 2.8000 -4.0500
  endloop
 endfacet
 facet normal 1.00000 0.00000 0.00000
  outer loop
   vertex -4.5400 0.0000 -1.3500
   vertex -4.5400 2.8000 -4.0500
   vertex -4.5400 2.8000 -1.3500
  endloop
 endfacet
 facet normal -1.00000 0.00000 0.00000
  outer loop
   vertex -4.4600 0.0000 -4.0500
   vertex -4.4600 0.0000 -1.3500
   vertex -4.4600 2.8000 -1.3500
  endloop
 endfacet
 facet normal -1.00000 0.00000 0.00000
  outer loop
   vertex -4.4600 0.0000 -4.0500
   vertex -4.4600 2.8000 -1.3500
   vertex -4.4600 2.8000 -4.0500
  endloop
 endfacet
 facet normal 0.00000 -1.00000 0.00000
  outer loop
   vertex -4.5400 2.8000 -4.0500
   vertex -4.4600 2.8000 -4.0500
   vertex -4.4600 2.8000 -1.3500
  endloop
 endfacet
 facet normal 0.00000 -1.00000 0.00000
  outer loop
   vertex -4.5400 2.8000 -4.0500
   vertex -4.4600 2.8000 -1.3500
   vertex -4.5400 2.8000 -1.3500
  endloop
 endfacet
 facet normal 0.00000 1.00000 0.00000
  outer loop
   vertex -4.5400 0.0000 -1.3500
   vertex -4.4600 0.0000 -1.3500
   vertex -4.4600 0.0000 -4.0500
  endloop
 endfacet
 facet normal 0.00000 1.00000 0.00000
  outer loop
   vertex -4.5400 0.0000 -1.3500
   vertex -4.4600 0.0000 -4.0500
   vertex -4.5400 0.0000 -4.0500
  endloop
 endfacet
 facet normal -0.43388 0.00000 -0.90097
  outer loop
   vertex -4.5000 2.4000 -2.1400
   vertex -4.5313 2.4000 -2.1249
   vertex -4.5313 2.7000 -2.1249
  endloop
 endfacet
 facet normal -0.43388 0.00000 -0.90097
  outer loop
   vertex -4.5000 2.4000 -2.1400
   vertex -4.5313 2.7000 -2.1249
   vertex -4.5000 2.7000 -2.1400
  endloop
 endfacet
 facet normal 0.00000 -1.00000 0.00000
  outer loop
   vertex -4.5000 2.4000 -2.1000
   vertex -4.5313 2.4000 -2.1249
   vertex -4.5000 2.4000 -2.1400
  endloop
 endfacet
 facet normal 0.00000 1.00000 0.00000
  outer loop
   vertex -4.5000 2.7000 -2.1000
   vertex -4.5000 2.7000 -2.1400
   vertex -4.5313 2.7000 -2.1249
  endloop
 endfacet
 facet normal -0.97493 0.00000 -0.22252
  outer loop
   vertex -4.5313 2.4000 -2.1249
   vertex -4.5390 2.4000 -2.0911
   vertex -4.5390 2.7000 -2.0911
  endloop
 endfacet
 facet normal -0.97493 0.00000 -0.22252
  outer loop
   vertex -4.5313 2.4000 -2.1249
   vertex -4.5390 2.7000 -2.0911
   vertex -4.5313 2.7000 -2.1249
  endloop
 endfacet
 facet normal 0.00000 -1.00000 0.00000
  outer loop
   vertex -4.5000 2.4000 -2.1000
   vertex -4.5390 2.4000 -2.0911
   vertex -4.5313 2.4000 -2.1249
  endloop
 endfacet
 facet normal 0.00000 1.00000 0.00000
  outer loop
   vertex -4.5000 2.7000 -2.1000
   vertex -4.5313 2.7000 -2.1249
   vertex -4.5390 2.7000 -2.0911
  endloop
 endfacet
 facet normal -0.78183 0.00000 0.62349
  outer loop
   vertex -4.5390 2.4000 -2.0911
   vertex -4.5174 2.4000 -2.0640
   vertex -4.5174 2.7000 -2.0640
  endloop
 endfacet
 facet normal -0.78183 0.00000 0.62349
  outer loop
   vertex -4.5390 2.4000 -2.0911
   vertex -4.5174 2.7000 -2.0640
   vertex -4.5390 2.7000 -2.0911
  endloop
 endfacet
 facet normal 0.00000 -1.00000 0.00000
  outer loop
   vertex -4.5000 2.4000 -2.1000
   vertex -4.5174 2.4000 -2.0640
   vertex -4.5390 2.4000 -2.0911
  endloop
 endfacet
 facet normal 0.00000 1.00000 0.00000
  outer loop
   vertex -4.5000 2.7000 -2.1000
   vertex -4.5390 2.7000 -2.0911
   vertex -4.5174 2.7000 -2.0640
  endloop
 endfacet
 facet normal 0.00000 0.00000 1.00000
  outer loop
   vertex -4.5174 2.4000 -2.0640
   vertex -4.4826 2.4000 -2.0640
   vertex -4.4826 2.7000 -2.0640
  endloop
 endfacet
 facet normal 0.00000 0.00000 1.00000
  outer loop
   vertex -4.5174 2.4000 -2.0640
   vertex -4.4826 2.7000 -2.0640
   vertex -4.5174 2.7000 -2.0640
  endloop
 endfacet
 facet normal 0.00000 -1.00000 0.00000
  outer loop
   vertex -4.5000 2.4000 -2.1000
   vertex -4.4826 2.4000 -2.0640
   vertex -4.5174 2.4000 -2.0640
  endloop
 endfacet
 facet normal 0.00000 1.00000 0.00000
  outer loop
   vertex -4.5000 2.7000 -2.1000
   vertex -4.5174 2.7000 -2.0640
   vertex -4.4826 2.7000 -2.0640
  endloop
 endfacet
 facet normal 0.78183 0.00000 0.62349
  outer loop
   vertex -4.4826 2.4000 -2.0640
   vertex -4.4610 2.4000 -2.0911
   vertex -4.4610 2.7000 -2.0911
  endloop
 endfacet
 facet normal 0.78183 0.00000 0.62349
  outer loop
   vertex -4.4826 2.4000 -2.0640
   vertex -4.4610 2.7000 -2.0911
   vertex -4.4826 2.7000 -2.0640
  endloop
 endfacet
 facet normal 0.00000 -1.00000 0.00000
  outer loop
   vertex -4.5000 2.4000 -2.1000
   vertex -4.4610 2.4000 -2.0911
   vertex -4.4826 2.4000 -2.0640
  endloop
 endfacet
 facet normal 0.00000 1.00000 0.00000
  outer loop
   vertex -4.5000 2.7000 -2.1000
   vertex -4.4826 2.7000 -2.0640
   vertex -4.4610 2.7000 -2.0911
  endloop
 endfacet
 facet normal 0.97493 0.00000 -0.22252
  outer loop
   vertex -4.4610 2.4000 -2.0911
   vertex -4.4687 2.4000 -2.1249
   vertex -4.4687 2.7000 -2.1249
  endloop
 endfacet
 facet normal 0.97493 0.00000 -0.22252
  outer loop
   vertex -4.4610 2.4000 -2.0911
   vertex -4.4687 2.7000 -2.1249
   vertex -4.4610 2.7000 -2.0911
  endloop
 endfacet
 facet normal 0.00000 -1.00000 0.00000
  outer loop
   vertex -4.5000 2.4000 -2.1000
   vertex -4.4687 2.4000 -2.1249
   vertex -4.4610 2.4000 -2.0911
  endloop
 endfacet
 facet normal 0.00000 1.00000 0.00000
  outer loop
   vertex -4.5000 2.7000 -2.1000
   vertex -4.4610 2.7000 -2.0911
   vertex -4.4687 2.7000 -2.1249
  endloop
 endfacet
 facet normal 0.43388 0.00000 -0.90097
  outer loop
   vertex -4.4687 2.4000 -2.1249
   vertex -4.5000 2.4000 -2.1400
   vertex -4.5000 2.7000 -2.1400
  endloop
 endfacet
 facet normal 0.43388 0.00000 -0.90097
  outer loop
   vertex -4.4687 2.4000 -2.1249
   vertex -4.5000 2.7000 -2.1400
   vertex -4.4687 2.7000 -2.1249
  endloop
 endfacet
 facet normal 0.00000 -1.00000 0.00000
  outer loop
   vertex -4.5000 2.4000 -2.1000
   vertex -4.5000 2.4000 -2.1400
   vertex -4.4687 2.4000 -2.1249
  endloop
 endfacet
 facet normal 0.00000 1.00000 0.00000
  outer loop
   vertex -4.5000 2.7000 -2.1000
   vertex -4.4687 2.7000 -2.1249
   vertex -4.5000 2.7000 -2.1400
  endloop
 endfacet
 facet normal 0.90097 -0.43388 0.00000
  outer loop
   vertex -4.4500 2.4500 -2.1000
   vertex -4.4688 2.4109 -2.1000
   vertex -4.4688 2.4109 -3.2000
  endloop
 endfacet
 facet normal 0.90097 -0.43388 0.00000
  outer loop
   vertex -4.4500 2.4500 -2.1000
   vertex -4.4688 2.4109 -3.2000
   vertex -4.4500 2.4500 -3.2000
  endloop
 endfacet
 facet normal 0.00000 0.00000 1.00000
  outer loop
   vertex -4.5000 2.4500 -2.1000
   vertex -4.4688 2.4109 -2.1000
   vertex -4.4500 2.4500 -2.1000
  endloop
 endfacet
 facet normal 0.00000 0.00000 -1.00000
  outer loop
   vertex -4.5000 2.4500 -3.2000
   vertex -4.4500 2.4500 -3.2000
   vertex -4.4688 2.4109 -3.2000
  endloop
 endfacet
 facet normal 0.22252 -0.97493 0.00000
  outer loop
   vertex -4.4688 2.4109 -2.1000
   vertex -4.5111 2.4013 -2.1000
   vertex -4.5111 2.4013 -3.2000
  endloop
 endfacet
 facet normal 0.22252 -0.97493 0.00000
  outer loop
   vertex -4.4688 2.4109 -2.1000
   vertex -4.5111 2.4013 -3.2000
   vertex -4.4688 2.4109 -3.2000
  endloop
 endfacet
 facet normal 0.00000 0.00000 1.00000
  outer loop
   vertex -4.5000 2.4500 -2.1000
   vertex -4.5111 2.4013 -2.1000
   vertex -4.4688 2.4109 -2.1000
  endloop
 endfacet
 facet normal 0.00000 0.00000 -1.00000
  outer loop
   vertex -4.5000 2.4500 -3.2000
   vertex -4.4688 2.4109 -3.2000
   vertex -4.5111 2.4013 -3.2000
  endloop
 endfacet
 facet normal -0.62349 -0.78183 0.00000
  outer loop
   vertex -4.5111 2.4013 -2.1000
   vertex -4.5450 2.4283 -2.1000
   vertex -4.5450 2.4283 -3.2000
  endloop
 endfacet
 facet normal -0.62349 -0.78183 0.00000
  outer loop
   vertex -4.5111 2.4013 -2.1000
   vertex -4.5450 2.4283 -3.2000
   vertex -4.5111 2.4013 -3.2000
  endloop
 endfacet
 facet normal 0.00000 0.00000 1.00000
  outer loop
   vertex -4.5000 2.4500 -2.1000
   vertex -4.5450 2.4283 -2.1000
   vertex -4.5111 2.4013 -2.1000
  endloop
 endfacet
 facet normal 0.00000 0.00000 -1.00000
  outer loop
   vertex -4.5000 2.4500 -3.2000
   vertex -4.5111 2.4013 -3.2000
   vertex -4.5450 2.4283 -3.2000
  endloop
 endfacet
 facet normal -1.00000 0.00000 0.00000
  outer loop
   vertex -4.5450 2.4283 -2.1000
   vertex -4.5450 2.4717 -2.1000
   vertex -4.5450 2.4717 -3.2000
  endloop
 endfacet
 facet normal -1.00000 0.00000 0.00000
  outer loop
   vertex -4.5450 2.4283 -2.1000
   vertex -4.5450 2.4717 -3.2000
   vertex -4.5450 2.4283 -3.2000
  endloop
 endfacet
 facet normal 0.00000 0.00000 1.00000
  outer loop
   vertex -4.5000 2.4500 -2.1000
   vertex -4.5450 2.4717 -2.1000
   vertex -4.5450 2.4283 -2.1000
  endloop
 endfacet
 facet normal 0.00000 0.00000 -1.00000
  outer loop
   vertex -4.5000 2.4500 -3.2000
   vertex -4.5450 2.4283 -3.2000
   vertex -4.5450 2.4717 -3.2000
  endloop
 endfacet
 facet normal -0.62349 0.78183 0.00000
  outer loop
   vertex -4.5450 2.4717 -2.1000
   vertex -4.5111 2.4987 -2.1000
   vertex -4.5111 2.4987 -3.2000
  endloop
 endfacet
 facet normal -0.62349 0.78183 0.00000
  outer loop
   vertex -4.5450 2.4717 -2.1000
   vertex -4.5111 2.4987 -3.2000
   vertex -4.5450 2.4717 -3.2000
  endloop
 endfacet
 facet normal 0.00000 0.00000 1.00000
  outer loop
   vertex -4.5000 2.4500 -2.1000
   vertex -4.5111 2.4987 -2.1000
   vertex -4.5450 2.4717 -2.1000
  endloop
 endfacet
 facet normal 0.00000 0.00000 -1.00000
  outer loop
   vertex -4.5000 2.4500 -3.2000
   vertex -4.5450 2.4717 -3.2000
   vertex -4.5111 2.4987 -3.2000
  endloop
 endfacet
 facet normal 0.22252 0.97493 0.00000
  outer loop
   vertex -4.5111 2.4987 -2.1000
   vertex -4.4688 2.4891 -2.1000
   vertex -4.4688 2.4891 -3.2000
  endloop
 endfacet
 facet normal 0.22252 0.97493 0.00000
  outer loop
   vertex -4.5111 2.4987 -2.1000
   vertex -4.4688 2.4891 -3.2000
   vertex -4.5111 2.4987 -3.2000
  endloop
 endfacet
 facet normal 0.00000 0.00000 1.00000
  outer loop
   vertex -4.5000 2.4500 -2.1000
   vertex -4.4688 2.4891 -2.1000
   vertex -4.5111 2.4987 -2.1000
  endloop
 endfacet
 facet normal 0.00000 0.00000 -1.00000
  outer loop
   vertex -4.5000 2.4500 -3.2000
   vertex -4.5111 2.4987 -3.2000
   vertex -4.4688 2.4891 -3.2000
  endloop
 endfacet
 facet normal 0.90097 0.43388 0.00000
  outer loop
   vertex -4.4688 2.4891 -2.1000
   vertex -4.4500 2.4500 -2.1000
   vertex -4.4500 2.4500 -3.2000
  endloop
 endfacet
 facet normal 0.90097 0.43388 0.00000
  outer loop
   vertex -4.4688 2.4891 -2.1000
   vertex -4.4500 2.4500 -3.2000
   vertex -4.4688 2.4891 -3.2000
  endloop
 endfacet
 facet normal 0.00000 0.00000 1.00000
  outer loop
   vertex -4.5000 2.4500 -2.1000
   vertex -4.4500 2.4500 -2.1000
   vertex -4.4688 2.4891 -2.1000
  endloop
 endfacet
 facet normal 0.00000 0.00000 -1.00000
  outer loop
   vertex -4.5000 2.4500 -3.2000
   vertex -4.4688 2.4891 -3.2000
   vertex -4.4500 2.4500 -3.2000
  endloop
 endfacet
 facet normal -0.38268 0.00000 -0.92388
  outer loop
   vertex -4.5000 2.2600 -3.2900
   vertex -4.5636 2.2600 -3.2636
   vertex -4.5636 2.3400 -3.2636
  endloop
 endfacet
 facet normal -0.38268 0.00000 -0.92388
  outer loop
   vertex -4.5000 2.2600 -3.2900
   vertex -4.5636 2.3400 -3.2636
   vertex -4.5000 2.3400 -3.2900
  endloop
 endfacet
 facet normal 0.00000 -1.00000 0.00000
  outer loop
   vertex -4.5000 2.2600 -3.2000
   vertex -4.5636 2.2600 -3.2636
   vertex -4.5000 2.2600 -3.2900
  endloop
 endfacet
 facet normal 0.00000 1.00000 0.00000
  outer loop
   vertex -4.5000 2.3400 -3.2000
   vertex -4.5000 2.3400 -3.2900
   vertex -4.5636 2.3400 -3.2636
  endloop
 endfacet
 facet normal -0.92388 0.00000 -0.38268
  outer loop
   vertex -4.5636 2.2600 -3.2636
   vertex -4.5900 2.2600 -3.2000
   vertex -4.5900 2.3400 -3.2000
  endloop
 endfacet
 facet normal -0.92388 0.00000 -0.38268
  outer loop
   vertex -4.5636 2.2600 -3.2636
   vertex -4.5900 2.3400 -3.2000
   vertex -4.5636 2.3400 -3.2636
  endloop
 endfacet
 facet normal 0.00000 -1.00000 0.00000
  outer loop
   vertex -4.5000 2.2600 -3.2000
   vertex -4.5900 2.2600 -3.2000
   vertex -4.5636 2.2600 -3.2636
  endloop
 endfacet
 facet normal 0.00000 1.00000 0.00000
  outer loop
   vertex -4.5000 2.3400 -3.2000
   vertex -4.5636 2.3400 -3.2636
   vertex -4.5900 2.3400 -3.2000
  endloop
 endfacet
 facet normal -0.92388 0.00000 0.38268
  outer loop
   vertex -4.5900 2.2600 -3.2000
   vertex -4.5636 2.2600 -3.1364
   vertex -4.5636 2.3400 -3.1364
  endloop
 endfacet
 facet normal -0.92388 0.00000 0.38268
  outer loop
   vertex -4.5900 2.2600 -3.2000
   vertex -4.5636 2.3400 -3.1364
   vertex -4.5900 2.3400 -3.2000
  endloop
 endfacet
 facet normal 0.00000 -1.00000 0.00000
  outer loop
   vertex -4.5000 2.2600 -3.2000
   vertex -4.5636 2.2600 -3.1364
   vertex -4.5900 2.2600 -3.2000
  endloop
 endfacet
 facet normal 0.00000 1.00000 0.00000
  outer loop
   vertex -4.5000 2.3400 -3.2000
   vertex -4.5900 2.3400 -3.2000
   vertex -4.5636 2.3400 -3.1364
  endloop
 endfacet
 facet normal -0.38268 0.00000 0.92388
  outer loop
   vertex -4.5636 2.2600 -3.1364
   vertex -4.5000 2.2600 -3.1100
   vertex -4.5000 2.3400 -3.1100
  endloop
 endfacet
 facet normal -0.38268 0.00000 0.92388
  outer loop
   vertex -4.5636 2.2600 -3.1364
   vertex -4.5000 2.3400 -3.1100
   vertex -4.5636 2.3400 -3.1364
  endloop
 endfacet
 facet normal 0.00000 -1.00000 0.00000
  outer loop
   vertex -4.5000 2.2600 -3.2000
   vertex -4.5000 2.2600 -3.1100
   vertex -4.5636 2.2600 -3.1364
  endloop
 endfacet
 facet normal 0.00000 1.00000 0.00000
  outer loop
   vertex -4.5000 2.3400 -3.2000
   vertex -4.5636 2.3400 -3.1364
   vertex -4.5000 2.3400 -3.1100
  endloop
 endfacet
 facet normal 0.38268 0.00000 0.92388
  outer loop
   vertex -4.5000 2.2600 -3.1100
   vertex -4.4364 2.2600 -3.1364
   vertex -4.4364 2.3400 -3.1364
  endloop
 endfacet
 facet normal 0.38268 0.00000 0.92388
  outer loop
   vertex -4.5000 2.2600 -3.1100
   vertex -4.4364 2.3400 -3.1364
   vertex -4.5000 2.3400 -3.1100
  endloop
 endfacet
 facet normal 0.00000 -1.00000 0.00000
  outer loop
   vertex -4.5000 2.2600 -3.2000
   vertex -4.4364 2.2600 -3.1364
   vertex -4.5000 2.2600 -3.1100
  endloop
 endfacet
 facet normal 0.00000 1.00000 0.00000
  outer loop
   vertex -4.5000 2.3400 -3.2000
   vertex -4.5000 2.3400 -3.1100
   vertex -4.4364 2.3400 -3.1364
  endloop
 endfacet
 facet normal 0.92388 0.00000 0.38268
  outer loop
   vertex -4.4364 2.2600 -3.1364
   vertex -4.4100 2.2600 -3.2000
   vertex -4.4100 2.3400 -3.2000
  endloop
 endfacet
 facet normal 0.92388 0.00000 0.38268
  outer loop
   vertex -4.4364 2.2600 -3.1364
   vertex -4.4100 2.3400 -3.2000
   vertex -4.4364 2.3400 -3.1364
  endloop
 endfacet
 facet normal 0.00000 -1.00000 0.00000
  outer loop
   vertex -4.5000 2.2600 -3.2000
   vertex -4.4100 2.2600 -3.2000
   vertex -4.4364 2.2600 -3.1364
  endloop
 endfacet
 facet normal 0.00000 1.00000 0.00000
  outer loop
   vertex -4.5000 2.3400 -3.2000
   vertex -4.4364 2.3400 -3.1364
   vertex -4.4100 2.3400 -3.2000
  endloop
 endfacet
 facet normal 0.92388 0.00000 -0.38268
  outer loop
   vertex -4.4100 2.2600 -3.2000
   vertex -4.4364 2.2600 -3.2636
   vertex -4.4364 2.3400 -3.2636
  endloop
 endfacet
 facet normal 0.92388 0.00000 -0.38268
  outer loop
   vertex -4.4100 2.2600 -3.2000
   vertex -4.4364 2.3400 -3.2636
   vertex -4.4100 2.3400 -3.2000
  endloop
 endfacet
 facet normal 0.00000 -1.00000 0.00000
  outer loop
   vertex -4.5000 2.2600 -3.2000
   vertex -4.4364 2.2600 -3.2636
   vertex -4.4100 2.2600 -3.2000
  endloop
 endfacet
 facet normal 0.00000 1.00000 0.00000
  outer loop
   vertex -4.5000 2.3400 -3.2000
   vertex -4.4100 2.3400 -3.2000
   vertex -4.4364 2.3400 -3.2636
  endloop
 endfacet
 facet normal 0.38268 0.00000 -0.92388
  outer loop
   vertex -4.4364 2.2600 -3.2636
   vertex -4.5000 2.2600 -3.2900
   vertex -4.5000 2.3400 -3.2900
  endloop
 endfacet
 facet normal 0.38268 0.00000 -0.92388
  outer loop
   vertex -4.4364 2.2600 -3.2636
   vertex -4.5000 2.3400 -3.2900
   vertex -4.4364 2.3400 -3.2636
  endloop
 endfacet
 facet normal 0.00000 -1.00000 0.00000
  outer loop
   vertex -4.5000 2.2600 -3.2000
   vertex -4.5000 2.2600 -3.2900
   vertex -4.4364 2.2600 -3.2636
  endloop
 endfacet
 facet normal 0.00000 1.00000 0.00000
  outer loop
   vertex -4.5000 2.3400 -3.2000
   vertex -4.4364 2.3400 -3.2636
   vertex -4.5000 2.3400 -3.2900
  endloop
 endfacet
 facet normal 0.00000 0.00000 1.00000
  outer loop
   vertex -5.0500 0.0000 -3.9500
   vertex -3.9500 0.0000 -3.9500
   vertex -3.9500 0.0800 -3.9500
  endloop
 endfacet
 facet normal 0.00000 0.00000 1.00000
  outer loop
   vertex -5.0500 0.0000 -3.9500
   vertex -3.9500 0.0800 -3.9500
   vertex -5.0500 0.0800 -3.9500
  endloop
 endfacet
 facet normal 0.00000 0.00000 -1.00000
  outer loop
   vertex -3.9500 0.0000 -1.4500
   vertex -5.0500 0.0000 -1.4500
   vertex -5.0500 0.0800 -1.4500
  endloop
 endfacet
 facet normal 0.00000 0.00000 -1.00000
  outer loop
   vertex -3.9500 0.0000 -1.4500
   vertex -5.0500 0.0800 -1.4500
   vertex -3.9500 0.0800 -1.4500
  endloop
 endfacet
 facet normal 1.00000 0.00000 0.00000
  outer loop
   vertex -5.0500 0.0000 -1.4500
   vertex -5.0500 0.0000 -3.9500
   vertex -5.0500 0.0800 -3.9500
  endloop
 endfacet
 facet normal 1.00000 0.00000 0.00000
  outer loop
   vertex -5.0500 0.0000 -1.4500
   vertex -5.0500 0.0800 -3.9500
   vertex -5.0500 0.0800 -1.4500
  endloop
 endfacet
 facet normal -1.00000 0.00000 0.00000
  outer loop
   vertex -3.9500 0.0000 -3.9500
   vertex -3.9500 0.0000 -1.4500
   vertex -3.9500 0.0800 -1.4500
  endloop
 endfacet
 facet normal -1.00000 0.00000 0.00000
  outer loop
   vertex -3.9500 0.0000 -3.9500
   vertex -3.9500 0.0800 -1.4500
   vertex -3.9500 0.0800 -3.9500
  endloop
 endfacet
 facet normal 0.00000 -1.00000 0.00000
  outer loop
   vertex -5.0500 0.0800 -3.9500
   vertex -3.9500 0.0800 -3.9500
   vertex -3.9500 0.0800 -1.4500
  endloop
 endfacet
 facet normal 0.00000 -1.00000 0.00000
  outer loop
   vertex -5.0500 0.0800 -3.9500
   vertex -3.9500 0.0800 -1.4500
   vertex -5.0500 0.0800 -1.4500
  endloop
 endfacet
 facet normal 0.00000 1.00000 0.00000
  outer loop
   vertex -5.0500 0.0000 -1.4500
   vertex -3.9500 0.0000 -1.4500
   vertex -3.9500 0.0000 -3.9500
  endloop
 endfacet
 facet normal 0.00000 1.00000 0.00000
  outer loop
   vertex -5.0500 0.0000 -1.4500
   vertex -3.9500 0.0000 -3.9500
   vertex -5.0500 0.0000 -3.9500
  endloop
 endfacet
 facet normal 0.00000 0.00000 1.00000
  outer loop
   vertex -2.3400 0.0000 -4.0500
   vertex -2.2600 0.0000 -4.0500
   vertex -2.2600 2.8000 -4.0500
  endloop
 endfacet
 facet normal 0.00000 0.00000 1.00000
  outer loop
   vertex -2.3400 0.0000 -4.0500
   vertex -2.2600 2.8000 -4.0500
   vertex -2.3400 2.8000 -4.0500
  endloop
 endfacet
 facet normal 0.00000 0.00000 -1.00000
  outer loop
   vertex -2.2600 0.0000 -1.3500
   vertex -2.3400 0.0000 -1.3500
   vertex -2.3400 2.8000 -1.3500
  endloop
 endfacet
 facet normal 0.00000 0.00000 -1.00000
  outer loop
   vertex -2.2600 0.0000 -1.3500
   vertex -2.3400 2.8000 -1.3500
   vertex -2.2600 2.8000 -1.3500
  endloop
 endfacet
 facet normal 1.00000 0.00000 0.00000
  outer loop
   vertex -2.3400 0.0000 -1.3500
   vertex -2.3400 0.0000 -4.0500
   vertex -2.3400 2.8000 -4.0500
  endloop
 endfacet
 facet normal 1.00000 0.00000 0.00000
  outer loop
   vertex -2.3400 0.0000 -1.3500
   vertex -2.3400 2.8000 -4.0500
   vertex -2.3400 2.8000 -1.3500
  endloop
 endfacet
 facet normal -1.00000 0.00000 0.00000
  outer loop
   vertex -2.2600 0.0000 -4.0500
   vertex -2.2600 0.0000 -1.3500
   vertex -2.2600 2.8000 -1.3500
  endloop
 endfacet
 facet normal -1.00000 0.00000 0.00000
  outer loop
   vertex -2.2600 0.0000 -4.0500
   vertex -2.2600 2.8000 -1.3500
   vertex -2.2600 2.8000 -4.0500
  endloop
 endfacet
 facet normal 0.00000 -1.00000 0.00000
  outer loop
   vertex -2.3400 2.8000 -4.0500
   vertex -2.2600 2.8000 -4.0500
   vertex -2.2600 2.8000 -1.3500
  endloop
 endfacet
 facet normal 0.00000 -1.00000 0.00000
  outer loop
   vertex -2.3400 2.8000 -4.0500
   vertex -2.2600 2.8000 -1.3500
   vertex -2.3400 2.8000 -1.3500
  endloop
 endfacet
 facet normal 0.00000 1.00000 0.00000
  outer loop
   vertex -2.3400 0.0000 -1.3500
   vertex -2.2600 0.0000 -1.3500
   vertex -2.2600 0.0000 -4.0500
  endloop
 endfacet
 facet normal 0.00000 1.00000 0.00000
  outer loop
   vertex -2.3400 0.0000 -1.3500
   vertex -2.2600 0.0000 -4.0500
   vertex -2.3400 0.0000 -4.0500
  endloop
 endfacet
 facet normal -0.43388 0.00000 -0.90097
  outer loop
   vertex -2.3000 2.4000 -2.1400
   vertex -2.3313 2.4000 -2.1249
   vertex -2.3313 2.7000 -2.1249
  endloop
 endfacet
 facet normal -0.43388 0.00000 -0.90097
  outer loop
   vertex -2.3000 2.4000 -2.1400
   vertex -2.3313 2.7000 -2.1249
   vertex -2.3000 2.7000 -2.1400
  endloop
 endfacet
 facet normal 0.00000 -1.00000 0.00000
  outer loop
   vertex -2.3000 2.4000 -2.1000
   vertex -2.3313 2.4000 -2.1249
   vertex -2.3000 2.4000 -2.1400
  endloop
 endfacet
 facet normal 0.00000 1.00000 0.00000
  outer loop
   vertex -2.3000 2.7000 -2.1000
   vertex -2.3000 2.7000 -2.1400
   vertex -2.3313 2.7000 -2.1249
  endloop
 endfacet
 facet normal -0.97493 0.00000 -0.22252
  outer loop
   vertex -2.3313 2.4000 -2.1249
   vertex -2.3390 2.4000 -2.0911
   vertex -2.3390 2.7000 -2.0911
  endloop
 endfacet
 facet normal -0.97493 0.00000 -0.22252
  outer loop
   vertex -2.3313 2.4000 -2.1249
   vertex -2.3390 2.7000 -2.0911
   vertex -2.3313 2.7000 -2.1249
  endloop
 endfacet
 facet normal 0.00000 -1.00000 0.00000
  outer loop
   vertex -2.3000 2.4000 -2.1000
   vertex -2.3390 2.4000 -2.0911
   vertex -2.3313 2.4000 -2.1249
  endloop
 endfacet
 facet normal 0.00000 1.00000 0.00000
  outer loop
   vertex -2.3000 2.7000 -2.1000
   vertex -2.3313 2.7000 -2.1249
   vertex -2.3390 2.7000 -2.0911
  endloop
 endfacet
 facet normal -0.78183 0.00000 0.62349
  outer loop
   vertex -2.3390 2.4000 -2.0911
   vertex -2.3174 2.4000 -2.0640
   vertex -2.3174 2.7000 -2.0640
  endloop
 endfacet
 facet normal -0.78183 0.00000 0.62349
  outer loop
   vertex -2.3390 2.4000 -2.0911
   vertex -2.3174 2.7000 -2.0640
   vertex -2.3390 2.7000 -2.0911
  endloop
 endfacet
 facet normal 0.00000 -1.00000 0.00000
  outer loop
   vertex -2.3000 2.4000 -2.1000
   vertex -2.3174 2.4000 -2.0640
   vertex -2.3390 2.4000 -2.0911
  endloop
 endfacet
 facet normal 0.00000 1.00000 0.00000
  outer loop
   vertex -2.3000 2.7000 -2.1000
   vertex -2.3390 2.7000 -2.0911
   vertex -2.3174 2.7000 -2.0640
  endloop
 endfacet
 facet normal 0.00000 0.00000 1.00000
  outer loop
   vertex -2.3174 2.4000 -2.0640
   vertex -2.2826 2.4000 -2.0640
   vertex -2.2826 2.7000 -2.0640
  endloop
 endfacet
 facet normal 0.00000 0.00000 1.00000
  outer loop
   vertex -2.3174 2.4000 -2.0640
   vertex -2.2826 2.7000 -2.0640
   vertex -2.3174 2.7000 -2.0640
  endloop
 endfacet
 facet normal 0.00000 -1.00000 0.00000
  outer loop
   vertex -2.3000 2.4000 -2.1000
   vertex -2.2826 2.4000 -2.0640
   vertex -2.3174 2.4000 -2.0640
  endloop
 endfacet
 facet normal 0.00000 1.00000 0.00000
  outer loop
   vertex -2.3000 2.7000 -2.1000
   vertex -2.3174 2.7000 -2.0640
   vertex -2.2826 2.7000 -2.0640
  endloop
 endfacet
 facet normal 0.78183 0.00000 0.62349
  outer loop
   vertex -2.2826 2.4000 -2.0640
   vertex -2.2610 2.4000 -2.0911
   vertex -2.2610 2.7000 -2.0911
  endloop
 endfacet
 facet normal 0.78183 0.00000 0.62349
  outer loop
   vertex -2.2826 2.4000 -2.0640
   vertex -2.2610 2.7000 -2.0911
   vertex -2.2826 2.7000 -2.0640
  endloop
 endfacet
 facet normal 0.00000 -1.00000 0.00000
  outer loop
   vertex -2.3000 2.4000 -2.1000
   vertex -2.2610 2.4000 -2.0911
   vertex -2.2826 2.4000 -2.0640
  endloop
 endfacet
 facet normal 0.00000 1.00000 0.00000
  outer loop
   vertex -2.3000 2.7000 -2.1000
   vertex -2.2826 2.7000 -2.0640
   vertex -2.2610 2.7000 -2.0911
  endloop
 endfacet
 facet normal 0.97493 0.00000 -0.22252
  outer loop
   vertex -2.2610 2.4000 -2.0911
   vertex -2.2687 2.4000 -2.1249
   vertex -2.2687 2.7000 -2.1249
  endloop
 endfacet
 facet normal 0.97493 0.00000 -0.22252
  outer loop
   vertex -2.2610 2.4000 -2.0911
   vertex -2.2687 2.7000 -2.1249
   vertex -2.2610 2.7000 -2.0911
  endloop
 endfacet
 facet normal 0.00000 -1.00000 0.00000
  outer loop
   vertex -2.3000 2.4000 -2.1000
   vertex -2.2687 2.4000 -2.1249
   vertex -2.2610 2.4000 -2.0911
  endloop
 endfacet
 facet normal 0.00000 1.00000 0.00000
  outer loop
   vertex -2.3000 2.7000 -2.1000
   vertex -2.2610 2.7000 -2.0911
   vertex -2.2687 2.7000 -2.1249
  endloop
 endfacet
 facet normal 0.43388 0.00000 -0.90097
  outer loop
   vertex -2.2687 2.4000 -2.1249
   vertex -2.3000 2.4000 -2.1400
   vertex -2.3000 2.7000 -2.1400
  endloop
 endfacet
 facet normal 0.43388 0.00000 -0.90097
  outer loop
   vertex -2.2687 2.4000 -2.1249
   vertex -2.3000 2.7000 -2.1400
   vertex -2.2687 2.7000 -2.1249
  endloop
 endfacet
 facet normal 0.00000 -1.00000 0.00000
  outer loop
   vertex -2.3000 2.4000 -2.1000
   vertex -2.3000 2.4000 -2.1400
   vertex -2.2687 2.4000 -2.1249
  endloop
 endfacet
 facet normal 0.00000 1.00000 0.00000
  outer loop
   vertex -2.3000 2.7000 -2.1000
   vertex -2.2687 2.7000 -2.1249
   vertex -2.3000 2.7000 -2.1400
  endloop
 endfacet
 facet normal 0.90097 -0.43388 0.00000
  outer loop
   vertex -2.2500 2.4500 -2.1000
   vertex -2.2688 2.4109 -2.1000
   vertex -2.2688 2.4109 -3.2000
  endloop
 endfacet
 facet normal 0.90097 -0.43388 0.00000
  outer loop
   vertex -2.2500 2.4500 -2.1000
   vertex -2.2688 2.4109 -3.2000
   vertex -2.2500 2.4500 -3.2000
  endloop
 endfacet
 facet normal 0.00000 0.00000 1.00000
  outer loop
   vertex -2.3000 2.4500 -2.1000
   vertex -2.2688 2.4109 -2.1000
   vertex -2.2500 2.4500 -2.1000
  endloop
 endfacet
 facet normal 0.00000 0.00000 -1.00000
  outer loop
   vertex -2.3000 2.4500 -3.2000
   vertex -2.2500 2.4500 -3.2000
   vertex -2.2688 2.4109 -3.2000
  endloop
 endfacet
 facet normal 0.22252 -0.97493 0.00000
  outer loop
   vertex -2.2688 2.4109 -2.1000
   vertex -2.3111 2.4013 -2.1000
   vertex -2.3111 2.4013 -3.2000
  endloop
 endfacet
 facet normal 0.22252 -0.97493 0.00000
  outer loop
   vertex -2.2688 2.4109 -2.1000
   vertex -2.3111 2.4013 -3.2000
   vertex -2.2688 2.4109 -3.2000
  endloop
 endfacet
 facet normal 0.00000 0.00000 1.00000
  outer loop
   vertex -2.3000 2.4500 -2.1000
   vertex -2.3111 2.4013 -2.1000
   vertex -2.2688 2.4109 -2.1000
  endloop
 endfacet
 facet normal 0.00000 0.00000 -1.00000
  outer loop
   vertex -2.3000 2.4500 -3.2000
   vertex -2.2688 2.4109 -3.2000
   vertex -2.3111 2.4013 -3.2000
  endloop
 endfacet
 facet normal -0.62349 -0.78183 0.00000
  outer loop
   vertex -2.3111 2.4013 -2.1000
   vertex -2.3450 2.4283 -2.1000
   vertex -2.3450 2.4283 -3.2000
  endloop
 endfacet
 facet normal -0.62349 -0.78183 0.00000
  outer loop
   vertex -2.3111 2.4013 -2.1000
   vertex -2.3450 2.4283 -3.2000
   vertex -2.3111 2.4013 -3.2000
  endloop
 endfacet
 facet normal 0.00000 0.00000 1.00000
  outer loop
   vertex -2.3000 2.4500 -2.1000
   vertex -2.3450 2.4283 -2.1000
   vertex -2.3111 2.4013 -2.1000
  endloop
 endfacet
 facet normal 0.00000 0.00000 -1.00000
  outer loop
   vertex -2.3000 2.4500 -3.2000
   vertex -2.3111 2.4013 -3.2000
   vertex -2.3450 2.4283 -3.2000
  endloop
 endfacet
 facet normal -1.00000 0.00000 0.00000
  outer loop
   vertex -2.3450 2.4283 -2.1000
   vertex -2.3450 2.4717 -2.1000
   vertex -2.3450 2.4717 -3.2000
  endloop
 endfacet
 facet normal -1.00000 0.00000 0.00000
  outer loop
   vertex -2.3450 2.4283 -2.1000
   vertex -2.3450 2.4717 -3.2000
   vertex -2.3450 2.4283 -3.2000
  endloop
 endfacet
 facet normal 0.00000 0.00000 1.00000
  outer loop
   vertex -2.3000 2.4500 -2.1000
   vertex -2.3450 2.4717 -2.1000
   vertex -2.3450 2.4283 -2.1000
  endloop
 endfacet
 facet normal 0.00000 0.00000 -1.00000
  outer loop
   vertex -2.3000 2.4500 -3.2000
   vertex -2.3450 2.4283 -3.2000
   vertex -2.3450 2.4717 -3.2000
  endloop
 endfacet
 facet normal -0.62349 0.78183 0.00000
  outer loop
   vertex -2.3450 2.4717 -2.1000
   vertex -2.3111 2.4987 -2.1000
   vertex -2.3111 2.4987 -3.2000
  endloop
 endfacet
 facet normal -0.62349 0.78183 0.00000
  outer loop
   vertex -2.3450 2.4717 -2.1000
   vertex -2.3111 2.4987 -3.2000
   vertex -2.3450 2.4717 -3.2000
  endloop
 endfacet
 facet normal 0.00000 0.00000 1.00000
  outer loop
   vertex -2.3000 2.4500 -2.1000
   vertex -2.3111 2.4987 -2.1000
   vertex -2.3450 2.4717 -2.1000
  endloop
 endfacet
 facet normal 0.00000 0.00000 -1.00000
  outer loop
   vertex -2.3000 2.4500 -3.2000
   vertex -2.3450 2.4717 -3.2000
   vertex -2.3111 2.4987 -3.2000
  endloop
 endfacet
 facet normal 0.22252 0.97493 0.00000
  outer loop
   vertex -2.3111 2.4987 -2.1000
   vertex -2.2688 2.4891 -2.1000
   vertex -2.2688 2.4891 -3.2000
  endloop
 endfacet
 facet normal 0.22252 0.97493 0.00000
  outer loop
   vertex -2.3111 2.4987 -2.1000
   vertex -2.2688 2.4891 -3.2000
   vertex -2.3111 2.4987 -3.2000
  endloop
 endfacet
 facet normal 0.00000 0.00000 1.00000
  outer loop
   vertex -2.3000 2.4500 -2.1000
   vertex -2.2688 2.4891 -2.1000
   vertex -2.3111 2.4987 -2.1000
  endloop
 endfacet
 facet normal 0.00000 0.00000 -1.00000
  outer loop
   vertex -2.3000 2.4500 -3.2000
   vertex -2.3111 2.4987 -3.2000
   vertex -2.2688 2.4891 -3.2000
  endloop
 endfacet
 facet normal 0.90097 0.43388 0.00000
  outer loop
   vertex -2.2688 2.4891 -2.1000
   vertex -2.2500 2.4500 -2.1000
   vertex -2.2500 2.4500 -3.2000
  endloop
 endfacet
 facet normal 0.90097 0.43388 0.00000
  outer loop
   vertex -2.2688 2.4891 -2.1000
   vertex -2.2500 2.4500 -3.2000
   vertex -2.2688 2.4891 -3.2000
  endloop
 endfacet
 facet normal 0.00000 0.00000 1.00000
  outer loop
   vertex -2.3000 2.4500 -2.1000
   vertex -2.2500 2.4500 -2.1000
   vertex -2.2688 2.4891 -2.1000
  endloop
 endfacet
 facet normal 0.00000 0.00000 -1.00000
  outer loop
   vertex -2.3000 2.4500 -3.2000
   vertex -2.2688 2.4891 -3.2000
   vertex -2.2500 2.4500 -3.2000
  endloop
 endfacet
 facet normal -0.38268 0.00000 -0.92388
  outer loop
   vertex -2.3000 2.2600 -3.2900
   vertex -2.3636 2.2600 -3.2636
   vertex -2.3636 2.3400 -3.2636
  endloop
 endfacet
 facet normal -0.38268 0.00000 -0.92388
  outer loop
   vertex -2.3000 2.2600 -3.2900
   vertex -2.3636 2.3400 -3.2636
   vertex -2.3000 2.3400 -3.2900
  endloop
 endfacet
 facet normal 0.00000 -1.00000 0.00000
  outer loop
   vertex -2.3000 2.2600 -3.2000
   vertex -2.3636 2.2600 -3.2636
   vertex -2.3000 2.2600 -3.2900
  endloop
 endfacet
 facet normal 0.00000 1.00000 0.00000
  outer loop
   vertex -2.3000 2.3400 -3.2000
   vertex -2.3000 2.3400 -3.2900
   vertex -2.3636 2.3400 -3.2636
  endloop
 endfacet
 facet normal -0.92388 0.00000 -0.38268
  outer loop
   vertex -2.3636 2.2600 -3.2636
   vertex -2.3900 2.2600 -3.2000
   vertex -2.3900 2.3400 -3.2000
  endloop
 endfacet
 facet normal -0.92388 0.00000 -0.38268
  outer loop
   vertex -2.3636 2.2600 -3.2636
   vertex -2.3900 2.3400 -3.2000
   vertex -2.3636 2.3400 -3.2636
  endloop
 endfacet
 facet normal 0.00000 -1.00000 0.00000
  outer loop
   vertex -2.3000 2.2600 -3.2000
   vertex -2.3900 2.2600 -3.2000
   vertex -2.3636 2.2600 -3.2636
  endloop
 endfacet
 facet normal 0.00000 1.00000 0.00000
  outer loop
   vertex -2.3000 2.3400 -3.2000
   vertex -2.3636 2.3400 -3.2636
   vertex -2.3900 2.3400 -3.2000
  endloop
 endfacet
 facet normal -0.92388 0.00000 0.38268
  outer loop
   vertex -2.3900 2.2600 -3.2000
   vertex -2.3636 2.2600 -3.1364
   vertex -2.3636 2.3400 -3.1364
  endloop
 endfacet
 facet normal -0.92388 0.00000 0.38268
  outer loop
   vertex -2.3900 2.2600 -3.2000
   vertex -2.3636 2.3400 -3.1364
   vertex -2.3900 2.3400 -3.2000
  endloop
 endfacet
 facet normal 0.00000 -1.00000 0.00000
  outer loop
   vertex -2.3000 2.2600 -3.2000
   vertex -2.3636 2.2600 -3.1364
   vertex -2.3900 2.2600 -3.2000
  endloop
 endfacet
 facet normal 0.00000 1.00000 0.00000
  outer loop
   vertex -2.3000 2.3400 -3.2000
   vertex -2.3900 2.3400 -3.2000
   vertex -2.3636 2.3400 -3.1364
  endloop
 endfacet
 facet normal -0.38268 0.00000 0.92388
  outer loop
   vertex -2.3636 2.2600 -3.1364
   vertex -2.3000 2.2600 -3.1100
   vertex -2.3000 2.3400 -3.1100
  endloop
 endfacet
 facet normal -0.38268 0.00000 0.92388
  outer loop
   vertex -2.3636 2.2600 -3.1364
   vertex -2.3000 2.3400 -3.1100
   vertex -2.3636 2.3400 -3.1364
  endloop
 endfacet
 facet normal 0.00000 -1.00000 0.00000
  outer loop
   vertex -2.3000 2.2600 -3.2000
   vertex -2.3000 2.2600 -3.1100
   vertex -2.3636 2.2600 -3.1364
  endloop
 endfacet
 facet normal 0.00000 1.00000 0.00000
  outer loop
   vertex -2.3000 2.3400 -3.2000
   vertex -2.3636 2.3400 -3.1364
   vertex -2.3000 2.3400 -3.1100
  endloop
 endfacet
 facet normal 0.38268 0.00000 0.92388
  outer loop
   vertex -2.3000 2.2600 -3.1100
   vertex -2.2364 2.2600 -3.1364
   vertex -2.2364 2.3400 -3.1364
  endloop
 endfacet
 facet normal 0.38268 0.00000 0.92388
  outer loop
   vertex -2.3000 2.2600 -3.1100
   vertex -2.2364 2.3400 -3.1364
   vertex -2.3000 2.3400 -3.1100
  endloop
 endfacet
 facet normal 0.00000 -1.00000 0.00000
  outer loop
   vertex -2.3000 2.2600 -3.2000
   vertex -2.2364 2.2600 -3.1364
   vertex -2.3000 2.2600 -3.1100
  endloop
 endfacet
 facet normal 0.00000 1.00000 0.00000
  outer loop
   vertex -2.3000 2.3400 -3.2000
   vertex -2.3000 2.3400 -3.1100
   vertex -2.2364 2.3400 -3.1364
  endloop
 endfacet
 facet normal 0.92388 0.00000 0.38268
  outer loop
   vertex -2.2364 2.2600 -3.1364
   vertex -2.2100 2.2600 -3.2000
   vertex -2.2100 2.3400 -3.2000
  endloop
 endfacet
 facet normal 0.92388 0.00000 0.38268
  outer loop
   vertex -2.2364 2.2600 -3.1364
   vertex -2.2100 2.3400 -3.2000
   vertex -2.2364 2.3400 -3.1364
  endloop
 endfacet
 facet normal 0.00000 -1.00000 0.00000
  outer loop
   vertex -2.3000 2.2600 -3.2000
   vertex -2.2100 2.2600 -3.2000
   vertex -2.2364 2.2600 -3.1364
  endloop
 endfacet
 facet normal 0.00000 1.00000 0.00000
  outer loop
   vertex -2.3000 2.3400 -3.2000
   vertex -2.2364 2.3400 -3.1364
   vertex -2.2100 2.3400 -3.2000
  endloop
 endfacet
 facet normal 0.92388 0.00000 -0.38268
  outer loop
   vertex -2.2100 2.2600 -3.2000
   vertex -2.2364 2.2600 -3.2636
   vertex -2.2364 2.3400 -3.2636
  endloop
 endfacet
 facet normal 0.92388 0.00000 -0.38268
  outer loop
   vertex -2.2100 2.2600 -3.2000
   vertex -2.2364 2.3400 -3.2636
   vertex -2.2100 2.3400 -3.2000
  endloop
 endfacet
 facet normal 0.00000 -1.00000 0.00000
  outer loop
   vertex -2.3000 2.2600 -3.2000
   vertex -2.2364 2.2600 -3.2636
   vertex -2.2100 2.2600 -3.2000
  endloop
 endfacet
 facet normal 0.00000 1.00000 0.00000
  outer loop
   vertex -2.3000 2.3400 -3.2000
   vertex -2.2100 2.3400 -3.2000
   vertex -2.2364 2.3400 -3.2636
  endloop
 endfacet
 facet normal 0.38268 0.00000 -0.92388
  outer loop
   vertex -2.2364 2.2600 -3.2636
   vertex -2.3000 2.2600 -3.2900
   vertex -2.3000 2.3400 -3.2900
  endloop
 endfacet
 facet normal 0.38268 0.00000 -0.92388
  outer loop
   vertex -2.2364 2.2600 -3.2636
   vertex -2.3000 2.3400 -3.2900
   vertex -2.2364 2.3400 -3.2636
  endloop
 endfacet
 facet normal 0.00000 -1.00000 0.00000
  outer loop
   vertex -2.3000 2.2600 -3.2000
   vertex -2.3000 2.2600 -3.2900
   vertex -2.2364 2.2600 -3.2636
  endloop
 endfacet
 facet normal 0.00000 1.00000 0.00000
  outer loop
   vertex -2.3000 2.3400 -3.2000
   vertex -2.2364 2.3400 -3.2636
   vertex -2.3000 2.3400 -3.2900
  endloop
 endfacet
 facet normal 0.00000 0.00000 1.00000
  outer loop
   vertex -2.8500 0.0000 -3.9500
   vertex -1.7500 0.0000 -3.9500
   vertex -1.7500 0.0800 -3.9500
  endloop
 endfacet
 facet normal 0.00000 0.00000 1.00000
  outer loop
   vertex -2.8500 0.0000 -3.9500
   vertex -1.7500 0.0800 -3.9500
   vertex -2.8500 0.0800 -3.9500
  endloop
 endfacet
 facet normal 0.00000 0.00000 -1.00000
  outer loop
   vertex -1.7500 0.0000 -1.4500
   vertex -2.8500 0.0000 -1.4500
   vertex -2.8500 0.0800 -1.4500
  endloop
 endfacet
 facet normal 0.00000 0.00000 -1.00000
  outer loop
   vertex -1.7500 0.0000 -1.4500
   vertex -2.8500 0.0800 -1.4500
   vertex -1.7500 0.0800 -1.4500
  endloop
 endfacet
 facet normal 1.00000 0.00000 0.00000
  outer loop
   vertex -2.8500 0.0000 -1.4500
   vertex -2.8500 0.0000 -3.9500
   vertex -2.8500 0.0800 -3.9500
  endloop
 endfacet
 facet normal 1.00000 0.00000 0.00000
  outer loop
   vertex -2.8500 0.0000 -1.4500
   vertex -2.8500 0.0800 -3.9500
   vertex -2.8500 0.0800 -1.4500
  endloop
 endfacet
 facet normal -1.00000 0.00000 0.00000
  outer loop
   vertex -1.7500 0.0000 -3.9500
   vertex -1.7500 0.0000 -1.4500
   vertex -1.7500 0.0800 -1.4500
  endloop
 endfacet
 facet normal -1.00000 0.00000 0.00000
  outer loop
   vertex -1.7500 0.0000 -3.9500
   vertex -1.7500 0.0800 -1.4500
   vertex -1.7500 0.0800 -3.9500
  endloop
 endfacet
 facet normal 0.00000 -1.00000 0.00000
  outer loop
   vertex -2.8500 0.0800 -3.9500
   vertex -1.7500 0.0800 -3.9500
   vertex -1.7500 0.0800 -1.4500
  endloop
 endfacet
 facet normal 0.00000 -1.00000 0.00000
  outer loop
   vertex -2.8500 0.0800 -3.9500
   vertex -1.7500 0.0800 -1.4500
   vertex -2.8500 0.0800 -1.4500
  endloop
 endfacet
 facet normal 0.00000 1.00000 0.00000
  outer loop
   vertex -2.8500 0.0000 -1.4500
   vertex -1.7500 0.0000 -1.4500
   vertex -1.7500 0.0000 -3.9500
  endloop
 endfacet
 facet normal 0.00000 1.00000 0.00000
  outer loop
   vertex -2.8500 0.0000 -1.4500
   vertex -1.7500 0.0000 -3.9500
   vertex -2.8500 0.0000 -3.9500
  endloop
 endfacet
 facet normal 0.00000 0.00000 1.00000
  outer loop
   vertex -0.0400 0.0000 -4.0500
   vertex 0.0400 0.0000 -4.0500
   vertex 0.0400 2.8000 -4.0500
  endloop
 endfacet
 facet normal 0.00000 0.00000 1.00000
  outer loop
   vertex -0.0400 0.0000 -4.0500
   vertex 0.0400 2.8000 -4.0500
   vertex -0.0400 2.8000 -4.0500
  endloop
 endfacet
 facet normal 0.00000 0.00000 -1.00000
  outer loop
   vertex 0.0400 0.0000 -1.3500
   vertex -0.0400 0.0000 -1.3500
   vertex -0.0400 2.8000 -1.3500
  endloop
 endfacet
 facet normal 0.00000 0.00000 -1.00000
  outer loop
   vertex 0.0400 0.0000 -1.3500
   vertex -0.0400 2.8000 -1.3500
   vertex 0.0400 2.8000 -1.3500
  endloop
 endfacet
 facet normal 1.00000 0.00000 0.00000
  outer loop
   vertex -0.0400 0.0000 -1.3500
   vertex -0.0400 0.0000 -4.0500
   vertex -0.0400 2.8000 -4.0500
  endloop
 endfacet
 facet normal 1.00000 0.00000 0.00000
  outer loop
   vertex -0.0400 0.0000 -1.3500
   vertex -0.0400 2.8000 -4.0500
   vertex -0.0400 2.8000 -1.3500
  endloop
 endfacet
 facet normal -1.00000 0.00000 0.00000
  outer loop
   vertex 0.0400 0.0000 -4.0500
   vertex 0.0400 0.0000 -1.3500
   vertex 0.0400 2.8000 -1.3500
  endloop
 endfacet
 facet normal -1.00000 0.00000 0.00000
  outer loop
   vertex 0.0400 0.0000 -4.0500
   vertex 0.0400 2.8000 -1.3500
   vertex 0.0400 2.8000 -4.0500
  endloop
 endfacet
 facet normal 0.00000 -1.00000 0.00000
  outer loop
   vertex -0.0400 2.8000 -4.0500
   vertex 0.0400 2.8000 -4.0500
   vertex 0.0400 2.8000 -1.3500
  endloop
 endfacet
 facet normal 0.00000 -1.00000 0.00000
  outer loop
   vertex -0.0400 2.8000 -4.0500
   vertex 0.0400 2.8000 -1.3500
   vertex -0.0400 2.8000 -1.3500
  endloop
 endfacet
 facet normal 0.00000 1.00000 0.00000
  outer loop
   vertex -0.0400 0.0000 -1.3500
   vertex 0.0400 0.0000 -1.3500
   vertex 0.0400 0.0000 -4.0500
  endloop
 endfacet
 facet normal 0.00000 1.00000 0.00000
  outer loop
   vertex -0.0400 0.0000 -1.3500
   vertex 0.0400 0.0000 -4.0500
   vertex -0.0400 0.0000 -4.0500
  endloop
 endfacet
 facet normal -0.43388 0.00000 -0.90097
  outer loop
   vertex 0.0000 2.4000 -2.1400
   vertex -0.0313 2.4000 -2.1249
   vertex -0.0313 2.7000 -2.1249
  endloop
 endfacet
 facet normal -0.43388 0.00000 -0.90097
  outer loop
   vertex 0.0000 2.4000 -2.1400
   vertex -0.0313 2.7000 -2.1249
   vertex 0.0000 2.7000 -2.1400
  endloop
 endfacet
 facet normal 0.00000 -1.00000 0.00000
  outer loop
   vertex 0.0000 2.4000 -2.1000
   vertex -0.0313 2.4000 -2.1249
   vertex 0.0000 2.4000 -2.1400
  endloop
 endfacet
 facet normal 0.00000 1.00000 0.00000
  outer loop
   vertex 0.0000 2.7000 -2.1000
   vertex 0.0000 2.7000 -2.1400
   vertex -0.0313 2.7000 -2.1249
  endloop
 endfacet
 facet normal -0.97493 0.00000 -0.22252
  outer loop
   vertex -0.0313 2.4000 -2.1249
   vertex -0.0390 2.4000 -2.0911
   vertex -0.0390 2.7000 -2.0911
  endloop
 endfacet
 facet normal -0.97493 0.00000 -0.22252
  outer loop
   vertex -0.0313 2.4000 -2.1249
   vertex -0.0390 2.7000 -2.0911
   vertex -0.0313 2.7000 -2.1249
  endloop
 endfacet
 facet normal 0.00000 -1.00000 0.00000
  outer loop
   vertex 0.0000 2.4000 -2.1000
   vertex -0.0390 2.4000 -2.0911
   vertex -0.0313 2.4000 -2.1249
  endloop
 endfacet
 facet normal 0.00000 1.00000 0.00000
  outer loop
   vertex 0.0000 2.7000 -2.1000
   vertex -0.0313 2.7000 -2.1249
   vertex -0.0390 2.7000 -2.0911
  endloop
 endfacet
 facet normal -0.78183 0.00000 0.62349
  outer loop
   vertex -0.0390 2.4000 -2.0911
   vertex -0.0174 2.4000 -2.0640
   vertex -0.0174 2.7000 -2.0640
  endloop
 endfacet
 facet normal -0.78183 0.00000 0.62349
  outer loop
   vertex -0.0390 2.4000 -2.0911
   vertex -0.0174 2.7000 -2.0640
   vertex -0.0390 2.7000 -2.0911
  endloop
 endfacet
 facet normal 0.00000 -1.00000 0.00000
  outer loop
   vertex 0.0000 2.4000 -2.1000
   vertex -0.0174 2.4000 -2.0640
   vertex -0.0390 2.4000 -2.0911
  endloop
 endfacet
 facet normal 0.00000 1.00000 0.00000
  outer loop
   vertex 0.0000 2.7000 -2.1000
   vertex -0.0390 2.7000 -2.0911
   vertex -0.0174 2.7000 -2.0640
  endloop
 endfacet
 facet normal 0.00000 0.00000 1.00000
  outer loop
   vertex -0.0174 2.4000 -2.0640
   vertex 0.0174 2.4000 -2.0640
   vertex 0.0174 2.7000 -2.0640
  endloop
 endfacet
 facet normal 0.00000 0.00000 1.00000
  outer loop
   vertex -0.0174 2.4000 -2.0640
   vertex 0.0174 2.7000 -2.0640
   vertex -0.0174 2.7000 -2.0640
  endloop
 endfacet
 facet normal 0.00000 -1.00000 0.00000
  outer loop
   vertex 0.0000 2.4000 -2.1000
   vertex 0.0174 2.4000 -2.0640
   vertex -0.0174 2.4000 -2.0640
  endloop
 endfacet
 facet normal 0.00000 1.00000 0.00000
  outer loop
   vertex 0.0000 2.7000 -2.1000
   vertex -0.0174 2.7000 -2.0640
   vertex 0.0174 2.7000 -2.0640
  endloop
 endfacet
 facet normal 0.78183 0.00000 0.62349
  outer loop
   vertex 0.0174 2.4000 -2.0640
   vertex 0.0390 2.4000 -2.0911
   vertex 0.0390 2.7000 -2.0911
  endloop
 endfacet
 facet normal 0.78183 0.00000 0.62349
  outer loop
   vertex 0.0174 2.4000 -2.0640
   vertex 0.0390 2.7000 -2.0911
   vertex 0.0174 2.7000 -2.0640
  endloop
 endfacet
 facet normal 0.00000 -1.00000 0.00000
  outer loop
   vertex 0.0000 2.4000 -2.1000
   vertex 0.0390 2.4000 -2.0911
   vertex 0.0174 2.4000 -2.0640
  endloop
 endfacet
 facet normal 0.00000 1.00000 0.00000
  outer loop
   vertex 0.0000 2.7000 -2.1000
   vertex 0.0174 2.7000 -2.0640
   vertex 0.0390 2.7000 -2.0911
  endloop
 endfacet
 facet normal 0.97493 0.00000 -0.22252
  outer loop
   vertex 0.0390 2.4000 -2.0911
   vertex 0.0313 2.4000 -2.1249
   vertex 0.0313 2.7000 -2.1249
  endloop
 endfacet
 facet normal 0.97493 0.00000 -0.22252
  outer loop
   vertex 0.0390 2.4000 -2.0911
   vertex 0.0313 2.7000 -2.1249
   vertex 0.0390 2.7000 -2.0911
  endloop
 endfacet
 facet normal 0.00000 -1.00000 0.00000
  outer loop
   vertex 0.0000 2.4000 -2.1000
   vertex 0.0313 2.4000 -2.1249
   vertex 0.0390 2.4000 -2.0911
  endloop
 endfacet
 facet normal 0.00000 1.00000 0.00000
  outer loop
   vertex 0.0000 2.7000 -2.1000
   vertex 0.0390 2.7000 -2.0911
   vertex 0.0313 2.7000 -2.1249
  endloop
 endfacet
 facet normal 0.43388 0.00000 -0.90097
  outer loop
   vertex 0.0313 2.4000 -2.1249
   vertex 0.0000 2.4000 -2.1400
   vertex 0.0000 2.7000 -2.1400
  endloop
 endfacet
 facet normal 0.43388 0.00000 -0.90097
  outer loop
   vertex 0.0313 2.4000 -2.1249
   vertex 0.0000 2.7000 -2.1400
   vertex 0.0313 2.7000 -2.1249
  endloop
 endfacet
 facet normal 0.00000 -1.00000 0.00000
  outer loop
   vertex 0.0000 2.4000 -2.1000
   vertex 0.0000 2.4000 -2.1400
   vertex 0.0313 2.4000 -2.1249
  endloop
 endfacet
 facet normal 0.00000 1.00000 0.00000
  outer loop
   vertex 0.0000 2.7000 -2.1000
   vertex 0.0313 2.7000 -2.1249
   vertex 0.0000 2.7000 -2.1400
  endloop
 endfacet
 facet normal 0.90097 -0.43388 0.00000
  outer loop
   vertex 0.0500 2.4500 -2.1000
   vertex 0.0312 2.4109 -2.1000
   vertex 0.0312 2.4109 -3.2000
  endloop
 endfacet
 facet normal 0.90097 -0.43388 0.00000
  outer loop
   vertex 0.0500 2.4500 -2.1000
   vertex 0.0312 2.4109 -3.2000
   vertex 0.0500 2.4500 -3.2000
  endloop
 endfacet
 facet normal 0.00000 0.00000 1.00000
  outer loop
   vertex 0.0000 2.4500 -2.1000
   vertex 0.0312 2.4109 -2.1000
   vertex 0.0500 2.4500 -2.1000
  endloop
 endfacet
 facet normal 0.00000 0.00000 -1.00000
  outer loop
   vertex 0.0000 2.4500 -3.2000
   vertex 0.0500 2.4500 -3.2000
   vertex 0.0312 2.4109 -3.2000
  endloop
 endfacet
 facet normal 0.22252 -0.97493 0.00000
  outer loop
   vertex 0.0312 2.4109 -2.1000
   vertex -0.0111 2.4013 -2.1000
   vertex -0.0111 2.4013 -3.2000
  endloop
 endfacet
 facet normal 0.22252 -0.97493 0.00000
  outer loop
   vertex 0.0312 2.4109 -2.1000
   vertex -0.0111 2.4013 -3.2000
   vertex 0.0312 2.4109 -3.2000
  endloop
 endfacet
 facet normal 0.00000 0.00000 1.00000
  outer loop
   vertex 0.0000 2.4500 -2.1000
   vertex -0.0111 2.4013 -2.1000
   vertex 0.0312 2.4109 -2.1000
  endloop
 endfacet
 facet normal 0.00000 0.00000 -1.00000
  outer loop
   vertex 0.0000 2.4500 -3.2000
   vertex 0.0312 2.4109 -3.2000
   vertex -0.0111 2.4013 -3.2000
  endloop
 endfacet
 facet normal -0.62349 -0.78183 0.00000
  outer loop
   vertex -0.0111 2.4013 -2.1000
   vertex -0.0450 2.4283 -2.1000
   vertex -0.0450 2.4283 -3.2000
  endloop
 endfacet
 facet normal -0.62349 -0.78183 0.00000
  outer loop
   vertex -0.0111 2.4013 -2.1000
   vertex -0.0450 2.4283 -3.2000
   vertex -0.0111 2.4013 -3.2000
  endloop
 endfacet
 facet normal 0.00000 0.00000 1.00000
  outer loop
   vertex 0.0000 2.4500 -2.1000
   vertex -0.0450 2.4283 -2.1000
   vertex -0.0111 2.4013 -2.1000
  endloop
 endfacet
 facet normal 0.00000 0.00000 -1.00000
  outer loop
   vertex 0.0000 2.4500 -3.2000
   vertex -0.0111 2.4013 -3.2000
   vertex -0.0450 2.4283 -3.2000
  endloop
 endfacet
 facet normal -1.00000 0.00000 0.00000
  outer loop
   vertex -0.0450 2.4283 -2.1000
   vertex -0.0450 2.4717 -2.1000
   vertex -0.0450 2.4717 -3.2000
  endloop
 endfacet
 facet normal -1.00000 0.00000 0.00000
  outer loop
   vertex -0.0450 2.4283 -2.1000
   vertex -0.0450 2.4717 -3.2000
   vertex -0.0450 2.4283 -3.2000
  endloop
 endfacet
 facet normal 0.00000 0.00000 1.00000
  outer loop
   vertex 0.0000 2.4500 -2.1000
   vertex -0.0450 2.4717 -2.1000
   vertex -0.0450 2.4283 -2.1000
  endloop
 endfacet
 facet normal 0.00000 0.00000 -1.00000
  outer loop
   vertex 0.0000 2.4500 -3.2000
   vertex -0.0450 2.4283 -3.2000
   vertex -0.0450 2.4717 -3.2000
  endloop
 endfacet
 facet normal -0.62349 0.78183 0.00000
  outer loop
   vertex -0.0450 2.4717 -2.1000
   vertex -0.0111 2.4987 -2.1000
   vertex -0.0111 2.4987 -3.2000
  endloop
 endfacet
 facet normal -0.62349 0.78183 0.00000
  outer loop
   vertex -0.0450 2.4717 -2.1000
   vertex -0.0111 2.4987 -3.2000
   vertex -0.0450 2.4717 -3.2000
  endloop
 endfacet
 facet normal 0.00000 0.00000 1.00000
  outer loop
   vertex 0.0000 2.4500 -2.1000
   vertex -0.0111 2.4987 -2.1000
   vertex -0.0450 2.4717 -2.1000
  endloop
 endfacet
 facet normal 0.00000 0.00000 -1.00000
  outer loop
   vertex 0.0000 2.4500 -3.2000
   vertex -0.0450 2.4717 -3.2000
   vertex -0.0111 2.4987 -3.2000
  endloop
 endfacet
 facet normal 0.22252 0.97493 0.00000
  outer loop
   vertex -0.0111 2.4987 -2.1000
   vertex 0.0312 2.4891 -2.1000
   vertex 0.0312 2.4891 -3.2000
  endloop
 endfacet
 facet normal 0.22252 0.97493 0.00000
  outer loop
   vertex -0.0111 2.4987 -2.1000
   vertex 0.0312 2.4891 -3.2000
   vertex -0.0111 2.4987 -3.2000
  endloop
 endfacet
 facet normal 0.00000 0.00000 1.00000
  outer loop
   vertex 0.0000 2.4500 -2.1000
   vertex 0.0312 2.4891 -2.1000
   vertex -0.0111 2.4987 -2.1000
  endloop
 endfacet
 facet normal 0.00000 0.00000 -1.00000
  outer loop
   vertex 0.0000 2.4500 -3.2000
   vertex -0.0111 2.4987 -3.2000
   vertex 0.0312 2.4891 -3.2000
  endloop
 endfacet
 facet normal 0.90097 0.43388 0.00000
  outer loop
   vertex 0.0312 2.4891 -2.1000
   vertex 0.0500 2.4500 -2.1000
   vertex 0.0500 2.4500 -3.2000
  endloop
 endfacet
 facet normal 0.90097 0.43388 0.00000
  outer loop
   vertex 0.0312 2.4891 -2.1000
   vertex 0.0500 2.4500 -3.2000
   vertex 0.0312 2.4891 -3.2000
  endloop
 endfacet
 facet normal 0.00000 0.00000 1.00000
  outer loop
   vertex 0.0000 2.4500 -2.1000
   vertex 0.0500 2.4500 -2.1000
   vertex 0.0312 2.4891 -2.1000
  endloop
 endfacet
 facet normal 0.00000 0.00000 -1.00000
  outer loop
   vertex 0.0000 2.4500 -3.2000
   vertex 0.0312 2.4891 -3.2000
   vertex 0.0500 2.4500 -3.2000
  endloop
 endfacet
 facet normal -0.38268 0.00000 -0.92388
  outer loop
   vertex 0.0000 2.2600 -3.2900
   vertex -0.0636 2.2600 -3.2636
   vertex -0.0636 2.3400 -3.2636
  endloop
 endfacet
 facet normal -0.38268 0.00000 -0.92388
  outer loop
   vertex 0.0000 2.2600 -3.2900
   vertex -0.0636 2.3400 -3.2636
   vertex 0.0000 2.3400 -3.2900
  endloop
 endfacet
 facet normal 0.00000 -1.00000 0.00000
  outer loop
   vertex 0.0000 2.2600 -3.2000
   vertex -0.0636 2.2600 -3.2636
   vertex 0.0000 2.2600 -3.2900
  endloop
 endfacet
 facet normal 0.00000 1.00000 0.00000
  outer loop
   vertex 0.0000 2.3400 -3.2000
   vertex 0.0000 2.3400 -3.2900
   vertex -0.0636 2.3400 -3.2636
  endloop
 endfacet
 facet normal -0.92388 0.00000 -0.38268
  outer loop
   vertex -0.0636 2.2600 -3.2636
   vertex -0.0900 2.2600 -3.2000
   vertex -0.0900 2.3400 -3.2000
  endloop
 endfacet
 facet normal -0.92388 0.00000 -0.38268
  outer loop
   vertex -0.0636 2.2600 -3.2636
   vertex -0.0900 2.3400 -3.2000
   vertex -0.0636 2.3400 -3.2636
  endloop
 endfacet
 facet normal 0.00000 -1.00000 0.00000
  outer loop
   vertex 0.0000 2.2600 -3.2000
   vertex -0.0900 2.2600 -3.2000
   vertex -0.0636 2.2600 -3.2636
  endloop
 endfacet
 facet normal 0.00000 1.00000 0.00000
  outer loop
   vertex 0.0000 2.3400 -3.2000
   vertex -0.0636 2.3400 -3.2636
   vertex -0.0900 2.3400 -3.2000
  endloop
 endfacet
 facet normal -0.92388 0.00000 0.38268
  outer loop
   vertex -0.0900 2.2600 -3.2000
   vertex -0.0636 2.2600 -3.1364
   vertex -0.0636 2.3400 -3.1364
  endloop
 endfacet
 facet normal -0.92388 0.00000 0.38268
  outer loop
   vertex -0.0900 2.2600 -3.2000
   vertex -0.0636 2.3400 -3.1364
   vertex -0.0900 2.3400 -3.2000
  endloop
 endfacet
 facet normal 0.00000 -1.00000 0.00000
  outer loop
   vertex 0.0000 2.2600 -3.2000
   vertex -0.0636 2.2600 -3.1364
   vertex -0.0900 2.2600 -3.2000
  endloop
 endfacet
 facet normal 0.00000 1.00000 0.00000
  outer loop
   vertex 0.0000 2.3400 -3.2000
   vertex -0.0900 2.3400 -3.2000
   vertex -0.0636 2.3400 -3.1364
  endloop
 endfacet
 facet normal -0.38268 0.00000 0.92388
  outer loop
   vertex -0.0636 2.2600 -3.1364
   vertex -0.0000 2.2600 -3.1100
   vertex -0.0000 2.3400 -3.1100
  endloop
 endfacet
 facet normal -0.38268 0.00000 0.92388
  outer loop
   vertex -0.0636 2.2600 -3.1364
   vertex -0.0000 2.3400 -3.1100
   vertex -0.0636 2.3400 -3.1364
  endloop
 endfacet
 facet normal 0.00000 -1.00000 0.00000
  outer loop
   vertex 0.0000 2.2600 -3.2000
   vertex -0.0000 2.2600 -3.1100
   vertex -0.0636 2.2600 -3.1364
  endloop
 endfacet
 facet normal 0.00000 1.00000 0.00000
  outer loop
   vertex 0.0000 2.3400 -3.2000
   vertex -0.0636 2.3400 -3.1364
   vertex -0.0000 2.3400 -3.1100
  endloop
 endfacet
 facet normal 0.38268 0.00000 0.92388
  outer loop
   vertex -0.0000 2.2600 -3.1100
   vertex 0.0636 2.2600 -3.1364
   vertex 0.0636 2.3400 -3.1364
  endloop
 endfacet
 facet normal 0.38268 0.00000 0.92388
  outer loop
   vertex -0.0000 2.2600 -3.1100
   vertex 0.0636 2.3400 -3.1364
   vertex -0.0000 2.3400 -3.1100
  endloop
 endfacet
 facet normal 0.00000 -1.00000 0.00000
  outer loop
   vertex 0.0000 2.2600 -3.2000
   vertex 0.0636 2.2600 -3.1364
   vertex -0.0000 2.2600 -3.1100
  endloop
 endfacet
 facet normal 0.00000 1.00000 0.00000
  outer loop
   vertex 0.0000 2.3400 -3.2000
   vertex -0.0000 2.3400 -3.1100
   vertex 0.0636 2.3400 -3.1364
  endloop
 endfacet
 facet normal 0.92388 0.00000 0.38268
  outer loop
   vertex 0.0636 2.2600 -3.1364
   vertex 0.0900 2.2600 -3.2000
   vertex 0.0900 2.3400 -3.2000
  endloop
 endfacet
 facet normal 0.92388 0.00000 0.38268
  outer loop
   vertex 0.0636 2.2600 -3.1364
   vertex 0.0900 2.3400 -3.2000
   vertex 0.0636 2.3400 -3.1364
  endloop
 endfacet
 facet normal 0.00000 -1.00000 0.00000
  outer loop
   vertex 0.0000 2.2600 -3.2000
   vertex 0.0900 2.2600 -3.2000
   vertex 0.0636 2.2600 -3.1364
  endloop
 endfacet
 facet normal 0.00000 1.00000 0.00000
  outer loop
   vertex 0.0000 2.3400 -3.2000
   vertex 0.0636 2.3400 -3.1364
   vertex 0.0900 2.3400 -3.2000
  endloop
 endfacet
 facet normal 0.92388 0.00000 -0.38268
  outer loop
   vertex 0.0900 2.2600 -3.2000
   vertex 0.0636 2.2600 -3.2636
   vertex 0.0636 2.3400 -3.2636
  endloop
 endfacet
 facet normal 0.92388 0.00000 -0.38268
  outer loop
   vertex 0.0900 2.2600 -3.2000
   vertex 0.0636 2.3400 -3.2636
   vertex 0.0900 2.3400 -3.2000
  endloop
 endfacet
 facet normal 0.00000 -1.00000 0.00000
  outer loop
   vertex 0.0000 2.2600 -3.2000
   vertex 0.0636 2.2600 -3.2636
   vertex 0.0900 2.2600 -3.2000
  endloop
 endfacet
 facet normal 0.00000 1.00000 0.00000
  outer loop
   vertex 0.0000 2.3400 -3.2000
   vertex 0.0900 2.3400 -3.2000
   vertex 0.0636 2.3400 -3.2636
  endloop
 endfacet
 facet normal 0.38268 0.00000 -0.92388
  outer loop
   vertex 0.0636 2.2600 -3.2636
   vertex 0.0000 2.2600 -3.2900
   vertex 0.0000 2.3400 -3.2900
  endloop
 endfacet
 facet normal 0.38268 0.00000 -0.92388
  outer loop
   vertex 0.0636 2.2600 -3.2636
   vertex 0.0000 2.3400 -3.2900
   vertex 0.0636 2.3400 -3.2636
  endloop
 endfacet
 facet normal 0.00000 -1.00000 0.00000
  outer loop
   vertex 0.0000 2.2600 -3.2000
   vertex 0.0000 2.2600 -3.2900
   vertex 0.0636 2.2600 -3.2636
  endloop
 endfacet
 facet normal 0.00000 1.00000 0.00000
  outer loop
   vertex 0.0000 2.3400 -3.2000
   vertex 0.0636 2.3400 -3.2636
   vertex 0.0000 2.3400 -3.2900
  endloop
 endfacet
 facet normal 0.00000 0.00000 1.00000
  outer loop
   vertex -0.5500 0.0000 -3.9500
   vertex 0.5500 0.0000 -3.9500
   vertex 0.5500 0.0800 -3.9500
  endloop
 endfacet
 facet normal 0.00000 0.00000 1.00000
  outer loop
   vertex -0.5500 0.0000 -3.9500
   vertex 0.5500 0.0800 -3.9500
   vertex -0.5500 0.0800 -3.9500
  endloop
 endfacet
 facet normal 0.00000 0.00000 -1.00000
  outer loop
   vertex 0.5500 0.0000 -1.4500
   vertex -0.5500 0.0000 -1.4500
   vertex -0.5500 0.0800 -1.4500
  endloop
 endfacet
 facet normal 0.00000 0.00000 -1.00000
  outer loop
   vertex 0.5500 0.0000 -1.4500
   vertex -0.5500 0.0800 -1.4500
   vertex 0.5500 0.0800 -1.4500
  endloop
 endfacet
 facet normal 1.00000 0.00000 0.00000
  outer loop
   vertex -0.5500 0.0000 -1.4500
   vertex -0.5500 0.0000 -3.9500
   vertex -0.5500 0.0800 -3.9500
  endloop
 endfacet
 facet normal 1.00000 0.00000 0.00000
  outer loop
   vertex -0.5500 0.0000 -1.4500
   vertex -0.5500 0.0800 -3.9500
   vertex -0.5500 0.0800 -1.4500
  endloop
 endfacet
 facet normal -1.00000 0.00000 0.00000
  outer loop
   vertex 0.5500 0.0000 -3.9500
   vertex 0.5500 0.0000 -1.4500
   vertex 0.5500 0.0800 -1.4500
  endloop
 endfacet
 facet normal -1.00000 0.00000 0.00000
  outer loop
   vertex 0.5500 0.0000 -3.9500
   vertex 0.5500 0.0800 -1.4500
   vertex 0.5500 0.0800 -3.9500
  endloop
 endfacet
 facet normal 0.00000 -1.00000 0.00000
  outer loop
   vertex -0.5500 0.0800 -3.9500
   vertex 0.5500 0.0800 -3.9500
   vertex 0.5500 0.0800 -1.4500
  endloop
 endfacet
 facet normal 0.00000 -1.00000 0.00000
  outer loop
   vertex -0.5500 0.0800 -3.9500
   vertex 0.5500 0.0800 -1.4500
   vertex -0.5500 0.0800 -1.4500
  endloop
 endfacet
 facet normal 0.00000 1.00000 0.00000
  outer loop
   vertex -0.5500 0.0000 -1.4500
   vertex 0.5500 0.0000 -1.4500
   vertex 0.5500 0.0000 -3.9500
  endloop
 endfacet
 facet normal 0.00000 1.00000 0.00000
  outer loop
   vertex -0.5500 0.0000 -1.4500
   vertex 0.5500 0.0000 -3.9500
   vertex -0.5500 0.0000 -3.9500
  endloop
 endfacet
 facet normal 0.00000 0.00000 1.00000
  outer loop
   vertex 2.2600 0.0000 -4.0500
   vertex 2.3400 0.0000 -4.0500
   vertex 2.3400 2.8000 -4.0500
  endloop
 endfacet
 facet normal 0.00000 0.00000 1.00000
  outer loop
   vertex 2.2600 0.0000 -4.0500
   vertex 2.3400 2.8000 -4.0500
   vertex 2.2600 2.8000 -4.0500
  endloop
 endfacet
 facet normal 0.00000 0.00000 -1.00000
  outer loop
   vertex 2.3400 0.0000 -1.3500
   vertex 2.2600 0.0000 -1.3500
   vertex 2.2600 2.8000 -1.3500
  endloop
 endfacet
 facet normal 0.00000 0.00000 -1.00000
  outer loop
   vertex 2.3400 0.0000 -1.3500
   vertex 2.2600 2.8000 -1.3500
   vertex 2.3400 2.8000 -1.3500
  endloop
 endfacet
 facet normal 1.00000 0.00000 0.00000
  outer loop
   vertex 2.2600 0.0000 -1.3500
   vertex 2.2600 0.0000 -4.0500
   vertex 2.2600 2.8000 -4.0500
  endloop
 endfacet
 facet normal 1.00000 0.00000 0.00000
  outer loop
   vertex 2.2600 0.0000 -1.3500
   vertex 2.2600 2.8000 -4.0500
   vertex 2.2600 2.8000 -1.3500
  endloop
 endfacet
 facet normal -1.00000 0.00000 0.00000
  outer loop
   vertex 2.3400 0.0000 -4.0500
   vertex 2.3400 0.0000 -1.3500
   vertex 2.3400 2.8000 -1.3500
  endloop
 endfacet
 facet normal -1.00000 0.00000 0.00000
  outer loop
   vertex 2.3400 0.0000 -4.0500
   vertex 2.3400 2.8000 -1.3500
   vertex 2.3400 2.8000 -4.0500
  endloop
 endfacet
 facet normal 0.00000 -1.00000 0.00000
  outer loop
   vertex 2.2600 2.8000 -4.0500
   vertex 2.3400 2.8000 -4.0500
   vertex 2.3400 2.8000 -1.3500
  endloop
 endfacet
 facet normal 0.00000 -1.00000 0.00000
  outer loop
   vertex 2.2600 2.8000 -4.0500
   vertex 2.3400 2.8000 -1.3500
   vertex 2.2600 2.8000 -1.3500
  endloop
 endfacet
 facet normal 0.00000 1.00000 0.00000
  outer loop
   vertex 2.2600 0.0000 -1.3500
   vertex 2.3400 0.0000 -1.3500
   vertex 2.3400 0.0000 -4.0500
  endloop
 endfacet
 facet normal 0.00000 1.00000 0.00000
  outer loop
   vertex 2.2600 0.0000 -1.3500
   vertex 2.3400 0.0000 -4.0500
   vertex 2.2600 0.0000 -4.0500
  endloop
 endfacet
 facet normal -0.43388 0.00000 -0.90097
  outer loop
   vertex 2.3000 2.4000 -2.1400
   vertex 2.2687 2.4000 -2.1249
   vertex 2.2687 2.7000 -2.1249
  endloop
 endfacet
 facet normal -0.43388 0.00000 -0.90097
  outer loop
   vertex 2.3000 2.4000 -2.1400
   vertex 2.2687 2.7000 -2.1249
   vertex 2.3000 2.7000 -2.1400
  endloop
 endfacet
 facet normal 0.00000 -1.00000 0.00000
  outer loop
   vertex 2.3000 2.4000 -2.1000
   vertex 2.2687 2.4000 -2.1249
   vertex 2.3000 2.4000 -2.1400
  endloop
 endfacet
 facet normal 0.00000 1.00000 0.00000
  outer loop
   vertex 2.3000 2.7000 -2.1000
   vertex 2.3000 2.7000 -2.1400
   vertex 2.2687 2.7000 -2.1249
  endloop
 endfacet
 facet normal -0.97493 0.00000 -0.22252
  outer loop
   vertex 2.2687 2.4000 -2.1249
   vertex 2.2610 2.4000 -2.0911
   vertex 2.2610 2.7000 -2.0911
  endloop
 endfacet
 facet normal -0.97493 0.00000 -0.22252
  outer loop
   vertex 2.2687 2.4000 -2.1249
   vertex 2.2610 2.7000 -2.0911
   vertex 2.2687 2.7000 -2.1249
  endloop
 endfacet
 facet normal 0.00000 -1.00000 0.00000
  outer loop
   vertex 2.3000 2.4000 -2.1000
   vertex 2.2610 2.4000 -2.0911
   vertex 2.2687 2.4000 -2.1249
  endloop
 endfacet
 facet normal 0.00000 1.00000 0.00000
  outer loop
   vertex 2.3000 2.7000 -2.1000
   vertex 2.2687 2.7000 -2.1249
   vertex 2.2610 2.7000 -2.0911
  endloop
 endfacet
 facet normal -0.78183 0.00000 0.62349
  outer loop
   vertex 2.2610 2.4000 -2.0911
   vertex 2.2826 2.4000 -2.0640
   vertex 2.2826 2.7000 -2.0640
  endloop
 endfacet
 facet normal -0.78183 0.00000 0.62349
  outer loop
   vertex 2.2610 2.4000 -2.0911
   vertex 2.2826 2.7000 -2.0640
   vertex 2.2610 2.7000 -2.0911
  endloop
 endfacet
 facet normal 0.00000 -1.00000 0.00000
  outer loop
   vertex 2.3000 2.4000 -2.1000
   vertex 2.2826 2.4000 -2.0640
   vertex 2.2610 2.4000 -2.0911
  endloop
 endfacet
 facet normal 0.00000 1.00000 0.00000
  outer loop
   vertex 2.3000 2.7000 -2.1000
   vertex 2.2610 2.7000 -2.0911
   vertex 2.2826 2.7000 -2.0640
  endloop
 endfacet
 facet normal 0.00000 0.00000 1.00000
  outer loop
   vertex 2.2826 2.4000 -2.0640
   vertex 2.3174 2.4000 -2.0640
   vertex 2.3174 2.7000 -2.0640
  endloop
 endfacet
 facet normal 0.00000 0.00000 1.00000
  outer loop
   vertex 2.2826 2.4000 -2.0640
   vertex 2.3174 2.7000 -2.0640
   vertex 2.2826 2.7000 -2.0640
  endloop
 endfacet
 facet normal 0.00000 -1.00000 0.00000
  outer loop
   vertex 2.3000 2.4000 -2.1000
   vertex 2.3174 2.4000 -2.0640
   vertex 2.2826 2.4000 -2.0640
  endloop
 endfacet
 facet normal 0.00000 1.00000 0.00000
  outer loop
   vertex 2.3000 2.7000 -2.1000
   vertex 2.2826 2.7000 -2.0640
   vertex 2.3174 2.7000 -2.0640
  endloop
 endfacet
 facet normal 0.78183 0.00000 0.62349
  outer loop
   vertex 2.3174 2.4000 -2.0640
   vertex 2.3390 2.4000 -2.0911
   vertex 2.3390 2.7000 -2.0911
  endloop
 endfacet
 facet normal 0.78183 0.00000 0.62349
  outer loop
   vertex 2.3174 2.4000 -2.0640
   vertex 2.3390 2.7000 -2.0911
   vertex 2.3174 2.7000 -2.0640
  endloop
 endfacet
 facet normal 0.00000 -1.00000 0.00000
  outer loop
   vertex 2.3000 2.4000 -2.1000
   vertex 2.3390 2.4000 -2.0911
   vertex 2.3174 2.4000 -2.0640
  endloop
 endfacet
 facet normal 0.00000 1.00000 0.00000
  outer loop
   vertex 2.3000 2.7000 -2.1000
   vertex 2.3174 2.7000 -2.0640
   vertex 2.3390 2.7000 -2.0911
  endloop
 endfacet
 facet normal 0.97493 0.00000 -0.22252
  outer loop
   vertex 2.3390 2.4000 -2.0911
   vertex 2.3313 2.4000 -2.1249
   vertex 2.3313 2.7000 -2.1249
  endloop
 endfacet
 facet normal 0.97493 0.00000 -0.22252
  outer loop
   vertex 2.3390 2.4000 -2.0911
   vertex 2.3313 2.7000 -2.1249
   vertex 2.3390 2.7000 -2.0911
  endloop
 endfacet
 facet normal 0.00000 -1.00000 0.00000
  outer loop
   vertex 2.3000 2.4000 -2.1000
   vertex 2.3313 2.4000 -2.1249
   vertex 2.3390 2.4000 -2.0911
  endloop
 endfacet
 facet normal 0.00000 1.00000 0.00000
  outer loop
   vertex 2.3000 2.7000 -2.1000
   vertex 2.3390 2.7000 -2.0911
   vertex 2.3313 2.7000 -2.1249
  endloop
 endfacet
 facet normal 0.43388 0.00000 -0.90097
  outer loop
   vertex 2.3313 2.4000 -2.1249
   vertex 2.3000 2.4000 -2.1400
   vertex 2.3000 2.7000 -2.1400
  endloop
 endfacet
 facet normal 0.43388 0.00000 -0.90097
  outer loop
   vertex 2.3313 2.4000 -2.1249
   vertex 2.3000 2.7000 -2.1400
   vertex 2.3313 2.7000 -2.1249
  endloop
 endfacet
 facet normal 0.00000 -1.00000 0.00000
  outer loop
   vertex 2.3000 2.4000 -2.1000
   vertex 2.3000 2.4000 -2.1400
   vertex 2.3313 2.4000 -2.1249
  endloop
 endfacet
 facet normal 0.00000 1.00000 0.00000
  outer loop
   vertex 2.3000 2.7000 -2.1000
   vertex 2.3313 2.7000 -2.1249
   vertex 2.3000 2.7000 -2.1400
  endloop
 endfacet
 facet normal 0.90097 -0.43388 0.00000
  outer loop
   vertex 2.3500 2.4500 -2.1000
   vertex 2.3312 2.4109 -2.1000
   vertex 2.3312 2.4109 -3.2000
  endloop
 endfacet
 facet normal 0.90097 -0.43388 0.00000
  outer loop
   vertex 2.3500 2.4500 -2.1000
   vertex 2.3312 2.4109 -3.2000
   vertex 2.3500 2.4500 -3.2000
  endloop
 endfacet
 facet normal 0.00000 0.00000 1.00000
  outer loop
   vertex 2.3000 2.4500 -2.1000
   vertex 2.3312 2.4109 -2.1000
   vertex 2.3500 2.4500 -2.1000
  endloop
 endfacet
 facet normal 0.00000 0.00000 -1.00000
  outer loop
   vertex 2.3000 2.4500 -3.2000
   vertex 2.3500 2.4500 -3.2000
   vertex 2.3312 2.4109 -3.2000
  endloop
 endfacet
 facet normal 0.22252 -0.97493 0.00000
  outer loop
   vertex 2.3312 2.4109 -2.1000
   vertex 2.2889 2.4013 -2.1000
   vertex 2.2889 2.4013 -3.2000
  endloop
 endfacet
 facet normal 0.22252 -0.97493 0.00000
  outer loop
   vertex 2.3312 2.4109 -2.1000
   vertex 2.2889 2.4013 -3.2000
   vertex 2.3312 2.4109 -3.2000
  endloop
 endfacet
 facet normal 0.00000 0.00000 1.00000
  outer loop
   vertex 2.3000 2.4500 -2.1000
   vertex 2.2889 2.4013 -2.1000
   vertex 2.3312 2.4109 -2.1000
  endloop
 endfacet
 facet normal 0.00000 0.00000 -1.00000
  outer loop
   vertex 2.3000 2.4500 -3.2000
   vertex 2.3312 2.4109 -3.2000
   vertex 2.2889 2.4013 -3.2000
  endloop
 endfacet
 facet normal -0.62349 -0.78183 0.00000
  outer loop
   vertex 2.2889 2.4013 -2.1000
   vertex 2.2550 2.4283 -2.1000
   vertex 2.2550 2.4283 -3.2000
  endloop
 endfacet
 facet normal -0.62349 -0.78183 0.00000
  outer loop
   vertex 2.2889 2.4013 -2.1000
   vertex 2.2550 2.4283 -3.2000
   vertex 2.2889 2.4013 -3.2000
  endloop
 endfacet
 facet normal 0.00000 0.00000 1.00000
  outer loop
   vertex 2.3000 2.4500 -2.1000
   vertex 2.2550 2.4283 -2.1000
   vertex 2.2889 2.4013 -2.1000
  endloop
 endfacet
 facet normal 0.00000 0.00000 -1.00000
  outer loop
   vertex 2.3000 2.4500 -3.2000
   vertex 2.2889 2.4013 -3.2000
   vertex 2.2550 2.4283 -3.2000
  endloop
 endfacet
 facet normal -1.00000 0.00000 0.00000
  outer loop
   vertex 2.2550 2.4283 -2.1000
   vertex 2.2550 2.4717 -2.1000
   vertex 2.2550 2.4717 -3.2000
  endloop
 endfacet
 facet normal -1.00000 0.00000 0.00000
  outer loop
   vertex 2.2550 2.4283 -2.1000
   vertex 2.2550 2.4717 -3.2000
   vertex 2.2550 2.4283 -3.2000
  endloop
 endfacet
 facet normal 0.00000 0.00000 1.00000
  outer loop
   vertex 2.3000 2.4500 -2.1000
   vertex 2.2550 2.4717 -2.1000
   vertex 2.2550 2.4283 -2.1000
  endloop
 endfacet
 facet normal 0.00000 0.00000 -1.00000
  outer loop
   vertex 2.3000 2.4500 -3.2000
   vertex 2.2550 2.4283 -3.2000
   vertex 2.2550 2.4717 -3.2000
  endloop
 endfacet
 facet normal -0.62349 0.78183 0.00000
  outer loop
   vertex 2.2550 2.4717 -2.1000
   vertex 2.2889 2.4987 -2.1000
   vertex 2.2889 2.4987 -3.2000
  endloop
 endfacet
 facet normal -0.62349 0.78183 0.00000
  outer loop
   vertex 2.2550 2.4717 -2.1000
   vertex 2.2889 2.4987 -3.2000
   vertex 2.2550 2.4717 -3.2000
  endloop
 endfacet
 facet normal 0.00000 0.00000 1.00000
  outer loop
   vertex 2.3000 2.4500 -2.1000
   vertex 2.2889 2.4987 -2.1000
   vertex 2.2550 2.4717 -2.1000
  endloop
 endfacet
 facet normal 0.00000 0.00000 -1.00000
  outer loop
   vertex 2.3000 2.4500 -3.2000
   vertex 2.2550 2.4717 -3.2000
   vertex 2.2889 2.4987 -3.2000
  endloop
 endfacet
 facet normal 0.22252 0.97493 0.00000
  outer loop
   vertex 2.2889 2.4987 -2.1000
   vertex 2.3312 2.4891 -2.1000
   vertex 2.3312 2.4891 -3.2000
  endloop
 endfacet
 facet normal 0.22252 0.97493 0.00000
  outer loop
   vertex 2.2889 2.4987 -2.1000
   vertex 2.3312 2.4891 -3.2000
   vertex 2.2889 2.4987 -3.2000
  endloop
 endfacet
 facet normal 0.00000 0.00000 1.00000
  outer loop
   vertex 2.3000 2.4500 -2.1000
   vertex 2.3312 2.4891 -2.1000
   vertex 2.2889 2.4987 -2.1000
  endloop
 endfacet
 facet normal 0.00000 0.00000 -1.00000
  outer loop
   vertex 2.3000 2.4500 -3.2000
   vertex 2.2889 2.4987 -3.2000
   vertex 2.3312 2.4891 -3.2000
  endloop
 endfacet
 facet normal 0.90097 0.43388 0.00000
  outer loop
   vertex 2.3312 2.4891 -2.1000
   vertex 2.3500 2.4500 -2.1000
   vertex 2.3500 2.4500 -3.2000
  endloop
 endfacet
 facet normal 0.90097 0.43388 0.00000
  outer loop
   vertex 2.3312 2.4891 -2.1000
   vertex 2.3500 2.4500 -3.2000
   vertex 2.3312 2.4891 -3.2000
  endloop
 endfacet
 facet normal 0.00000 0.00000 1.00000
  outer loop
   vertex 2.3000 2.4500 -2.1000
   vertex 2.3500 2.4500 -2.1000
   vertex 2.3312 2.4891 -2.1000
  endloop
 endfacet
 facet normal 0.00000 0.00000 -1.00000
  outer loop
   vertex 2.3000 2.4500 -3.2000
   vertex 2.3312 2.4891 -3.2000
   vertex 2.3500 2.4500 -3.2000
  endloop
 endfacet
 facet normal -0.38268 0.00000 -0.92388
  outer loop
   vertex 2.3000 2.2600 -3.2900
   vertex 2.2364 2.2600 -3.2636
   vertex 2.2364 2.3400 -3.2636
  endloop
 endfacet
 facet normal -0.38268 0.00000 -0.92388
  outer loop
   vertex 2.3000 2.2600 -3.2900
   vertex 2.2364 2.3400 -3.2636
   vertex 2.3000 2.3400 -3.2900
  endloop
 endfacet
 facet normal 0.00000 -1.00000 0.00000
  outer loop
   vertex 2.3000 2.2600 -3.2000
   vertex 2.2364 2.2600 -3.2636
   vertex 2.3000 2.2600 -3.2900
  endloop
 endfacet
 facet normal 0.00000 1.00000 0.00000
  outer loop
   vertex 2.3000 2.3400 -3.2000
   vertex 2.3000 2.3400 -3.2900
   vertex 2.2364 2.3400 -3.2636
  endloop
 endfacet
 facet normal -0.92388 0.00000 -0.38268
  outer loop
   vertex 2.2364 2.2600 -3.2636
   vertex 2.2100 2.2600 -3.2000
   vertex 2.2100 2.3400 -3.2000
  endloop
 endfacet
 facet normal -0.92388 0.00000 -0.38268
  outer loop
   vertex 2.2364 2.2600 -3.2636
   vertex 2.2100 2.3400 -3.2000
   vertex 2.2364 2.3400 -3.2636
  endloop
 endfacet
 facet normal 0.00000 -1.00000 0.00000
  outer loop
   vertex 2.3000 2.2600 -3.2000
   vertex 2.2100 2.2600 -3.2000
   vertex 2.2364 2.2600 -3.2636
  endloop
 endfacet
 facet normal 0.00000 1.00000 0.00000
  outer loop
   vertex 2.3000 2.3400 -3.2000
   vertex 2.2364 2.3400 -3.2636
   vertex 2.2100 2.3400 -3.2000
  endloop
 endfacet
 facet normal -0.92388 0.00000 0.38268
  outer loop
   vertex 2.2100 2.2600 -3.2000
   vertex 2.2364 2.2600 -3.1364
   vertex 2.2364 2.3400 -3.1364
  endloop
 endfacet
 facet normal -0.92388 0.00000 0.38268
  outer loop
   vertex 2.2100 2.2600 -3.2000
   vertex 2.2364 2.3400 -3.1364
   vertex 2.2100 2.3400 -3.2000
  endloop
 endfacet
 facet normal 0.00000 -1.00000 0.00000
  outer loop
   vertex 2.3000 2.2600 -3.2000
   vertex 2.2364 2.2600 -3.1364
   vertex 2.2100 2.2600 -3.2000
  endloop
 endfacet
 facet normal 0.00000 1.00000 0.00000
  outer loop
   vertex 2.3000 2.3400 -3.2000
   vertex 2.2100 2.3400 -3.2000
   vertex 2.2364 2.3400 -3.1364
  endloop
 endfacet
 facet normal -0.38268 0.00000 0.92388
  outer loop
   vertex 2.2364 2.2600 -3.1364
   vertex 2.3000 2.2600 -3.1100
   vertex 2.3000 2.3400 -3.1100
  endloop
 endfacet
 facet normal -0.38268 0.00000 0.92388
  outer loop
   vertex 2.2364 2.2600 -3.1364
   vertex 2.3000 2.3400 -3.1100
   vertex 2.2364 2.3400 -3.1364
  endloop
 endfacet
 facet normal 0.00000 -1.00000 0.00000
  outer loop
   vertex 2.3000 2.2600 -3.2000
   vertex 2.3000 2.2600 -3.1100
   vertex 2.2364 2.2600 -3.1364
  endloop
 endfacet
 facet normal 0.00000 1.00000 0.00000
  outer loop
   vertex 2.3000 2.3400 -3.2000
   vertex 2.2364 2.3400 -3.1364
   vertex 2.3000 2.3400 -3.1100
  endloop
 endfacet
 facet normal 0.38268 0.00000 0.92388
  outer loop
   vertex 2.3000 2.2600 -3.1100
   vertex 2.3636 2.2600 -3.1364
   vertex 2.3636 2.3400 -3.1364
  endloop
 endfacet
 facet normal 0.38268 0.00000 0.92388
  outer loop
   vertex 2.3000 2.2600 -3.1100
   vertex 2.3636 2.3400 -3.1364
   vertex 2.3000 2.3400 -3.1100
  endloop
 endfacet
 facet normal 0.00000 -1.00000 0.00000
  outer loop
   vertex 2.3000 2.2600 -3.2000
   vertex 2.3636 2.2600 -3.1364
   vertex 2.3000 2.2600 -3.1100
  endloop
 endfacet
 facet normal 0.00000 1.00000 0.00000
  outer loop
   vertex 2.3000 2.3400 -3.2000
   vertex 2.3000 2.3400 -3.1100
   vertex 2.3636 2.3400 -3.1364
  endloop
 endfacet
 facet normal 0.92388 0.00000 0.38268
  outer loop
   vertex 2.3636 2.2600 -3.1364
   vertex 2.3900 2.2600 -3.2000
   vertex 2.3900 2.3400 -3.2000
  endloop
 endfacet
 facet normal 0.92388 0.00000 0.38268
  outer loop
   vertex 2.3636 2.2600 -3.1364
   vertex 2.3900 2.3400 -3.2000
   vertex 2.3636 2.3400 -3.1364
  endloop
 endfacet
 facet normal 0.00000 -1.00000 0.00000
  outer loop
   vertex 2.3000 2.2600 -3.2000
   vertex 2.3900 2.2600 -3.2000
   vertex 2.3636 2.2600 -3.1364
  endloop
 endfacet
 facet normal 0.00000 1.00000 0.00000
  outer loop
   vertex 2.3000 2.3400 -3.2000
   vertex 2.3636 2.3400 -3.1364
   vertex 2.3900 2.3400 -3.2000
  endloop
 endfacet
 facet normal 0.92388 0.00000 -0.38268
  outer loop
   vertex 2.3900 2.2600 -3.2000
   vertex 2.3636 2.2600 -3.2636
   vertex 2.3636 2.3400 -3.2636
  endloop
 endfacet
 facet normal 0.92388 0.00000 -0.38268
  outer loop
   vertex 2.3900 2.2600 -3.2000
   vertex 2.3636 2.3400 -3.2636
   vertex 2.3900 2.3400 -3.2000
  endloop
 endfacet
 facet normal 0.00000 -1.00000 0.00000
  outer loop
   vertex 2.3000 2.2600 -3.2000
   vertex 2.3636 2.2600 -3.2636
   vertex 2.3900 2.2600 -3.2000
  endloop
 endfacet
 facet normal 0.00000 1.00000 0.00000
  outer loop
   vertex 2.3000 2.3400 -3.2000
   vertex 2.3900 2.3400 -3.2000
   vertex 2.3636 2.3400 -3.2636
  endloop
 endfacet
 facet normal 0.38268 0.00000 -0.92388
  outer loop
   vertex 2.3636 2.2600 -3.2636
   vertex 2.3000 2.2600 -3.2900
   vertex 2.3000 2.3400 -3.2900
  endloop
 endfacet
 facet normal 0.38268 0.00000 -0.92388
  outer loop
   vertex 2.3636 2.2600 -3.2636
   vertex 2.3000 2.3400 -3.2900
   vertex 2.3636 2.3400 -3.2636
  endloop
 endfacet
 facet normal 0.00000 -1.00000 0.00000
  outer loop
   vertex 2.3000 2.2600 -3.2000
   vertex 2.3000 2.2600 -3.2900
   vertex 2.3636 2.2600 -3.2636
  endloop
 endfacet
 facet normal 0.00000 1.00000 0.00000
  outer loop
   vertex 2.3000 2.3400 -3.2000
   vertex 2.3636 2.3400 -3.2636
   vertex 2.3000 2.3400 -3.2900
  endloop
 endfacet
 facet normal 0.00000 0.00000 1.00000
  outer loop
   vertex 1.7500 0.0000 -3.9500
   vertex 2.8500 0.0000 -3.9500
   vertex 2.8500 0.0800 -3.9500
  endloop
 endfacet
 facet normal 0.00000 0.00000 1.00000
  outer loop
   vertex 1.7500 0.0000 -3.9500
   vertex 2.8500 0.0800 -3.9500
   vertex 1.7500 0.0800 -3.9500
  endloop
 endfacet
 facet normal 0.00000 0.00000 -1.00000
  outer loop
   vertex 2.8500 0.0000 -1.4500
   vertex 1.7500 0.0000 -1.4500
   vertex 1.7500 0.0800 -1.4500
  endloop
 endfacet
 facet normal 0.00000 0.00000 -1.00000
  outer loop
   vertex 2.8500 0.0000 -1.4500
   vertex 1.7500 0.0800 -1.4500
   vertex 2.8500 0.0800 -1.4500
  endloop
 endfacet
 facet normal 1.00000 0.00000 0.00000
  outer loop
   vertex 1.7500 0.0000 -1.4500
   vertex 1.7500 0.0000 -3.9500
   vertex 1.7500 0.0800 -3.9500
  endloop
 endfacet
 facet normal 1.00000 0.00000 0.00000
  outer loop
   vertex 1.7500 0.0000 -1.4500
   vertex 1.7500 0.0800 -3.9500
   vertex 1.7500 0.0800 -1.4500
  endloop
 endfacet
 facet normal -1.00000 0.00000 0.00000
  outer loop
   vertex 2.8500 0.0000 -3.9500
   vertex 2.8500 0.0000 -1.4500
   vertex 2.8500 0.0800 -1.4500
  endloop
 endfacet
 facet normal -1.00000 0.00000 0.00000
  outer loop
   vertex 2.8500 0.0000 -3.9500
   vertex 2.8500 0.0800 -1.4500
   vertex 2.8500 0.0800 -3.9500
  endloop
 endfacet
 facet normal 0.00000 -1.00000 0.00000
  outer loop
   vertex 1.7500 0.0800 -3.9500
   vertex 2.8500 0.0800 -3.9500
   vertex 2.8500 0.0800 -1.4500
  endloop
 endfacet
 facet normal 0.00000 -1.00000 0.00000
  outer loop
   vertex 1.7500 0.0800 -3.9500
   vertex 2.8500 0.0800 -1.4500
   vertex 1.7500 0.0800 -1.4500
  endloop
 endfacet
 facet normal 0.00000 1.00000 0.00000
  outer loop
   vertex 1.7500 0.0000 -1.4500
   vertex 2.8500 0.0000 -1.4500
   vertex 2.8500 0.0000 -3.9500
  endloop
 endfacet
 facet normal 0.00000 1.00000 0.00000
  outer loop
   vertex 1.7500 0.0000 -1.4500
   vertex 2.8500 0.0000 -3.9500
   vertex 1.7500 0.0000 -3.9500
  endloop
 endfacet
 facet normal 0.00000 0.00000 1.00000
  outer loop
   vertex 4.4600 0.0000 -4.0500
   vertex 4.5400 0.0000 -4.0500
   vertex 4.5400 2.8000 -4.0500
  endloop
 endfacet
 facet normal 0.00000 0.00000 1.00000
  outer loop
   vertex 4.4600 0.0000 -4.0500
   vertex 4.5400 2.8000 -4.0500
   vertex 4.4600 2.8000 -4.0500
  endloop
 endfacet
 facet normal 0.00000 0.00000 -1.00000
  outer loop
   vertex 4.5400 0.0000 -1.3500
   vertex 4.4600 0.0000 -1.3500
   vertex 4.4600 2.8000 -1.3500
  endloop
 endfacet
 facet normal 0.00000 0.00000 -1.00000
  outer loop
   vertex 4.5400 0.0000 -1.3500
   vertex 4.4600 2.8000 -1.3500
   vertex 4.5400 2.8000 -1.3500
  endloop
 endfacet
 facet normal 1.00000 0.00000 0.00000
  outer loop
   vertex 4.4600 0.0000 -1.3500
   vertex 4.4600 0.0000 -4.0500
   vertex 4.4600 2.8000 -4.0500
  endloop
 endfacet
 facet normal 1.00000 0.00000 0.00000
  outer loop
   vertex 4.4600 0.0000 -1.3500
   vertex 4.4600 2.8000 -4.0500
   vertex 4.4600 2.8000 -1.3500
  endloop
 endfacet
 facet normal -1.00000 0.00000 0.00000
  outer loop
   vertex 4.5400 0.0000 -4.0500
   vertex 4.5400 0.0000 -1.3500
   vertex 4.5400 2.8000 -1.3500
  endloop
 endfacet
 facet normal -1.00000 0.00000 0.00000
  outer loop
   vertex 4.5400 0.0000 -4.0500
   vertex 4.5400 2.8000 -1.3500
   vertex 4.5400 2.8000 -4.0500
  endloop
 endfacet
 facet normal 0.00000 -1.00000 0.00000
  outer loop
   vertex 4.4600 2.8000 -4.0500
   vertex 4.5400 2.8000 -4.0500
   vertex 4.5400 2.8000 -1.3500
  endloop
 endfacet
 facet normal 0.00000 -1.00000 0.00000
  outer loop
   vertex 4.4600 2.8000 -4.0500
   vertex 4.5400 2.8000 -1.3500
   vertex 4.4600 2.8000 -1.3500
  endloop
 endfacet
 facet normal 0.00000 1.00000 0.00000
  outer loop
   vertex 4.4600 0.0000 -1.3500
   vertex 4.5400 0.0000 -1.3500
   vertex 4.5400 0.0000 -4.0500
  endloop
 endfacet
 facet normal 0.00000 1.00000 0.00000
  outer loop
   vertex 4.4600 0.0000 -1.3500
   vertex 4.5400 0.0000 -4.0500
   vertex 4.4600 0.0000 -4.0500
  endloop
 endfacet
 facet normal -0.43388 0.00000 -0.90097
  outer loop
   vertex 4.5000 2.4000 -2.1400
   vertex 4.4687 2.4000 -2.1249
   vertex 4.4687 2.7000 -2.1249
  endloop
 endfacet
 facet normal -0.43388 0.00000 -0.90097
  outer loop
   vertex 4.5000 2.4000 -2.1400
   vertex 4.4687 2.7000 -2.1249
   vertex 4.5000 2.7000 -2.1400
  endloop
 endfacet
 facet normal 0.00000 -1.00000 0.00000
  outer loop
   vertex 4.5000 2.4000 -2.1000
   vertex 4.4687 2.4000 -2.1249
   vertex 4.5000 2.4000 -2.1400
  endloop
 endfacet
 facet normal 0.00000 1.00000 0.00000
  outer loop
   vertex 4.5000 2.7000 -2.1000
   vertex 4.5000 2.7000 -2.1400
   vertex 4.4687 2.7000 -2.1249
  endloop
 endfacet
 facet normal -0.97493 0.00000 -0.22252
  outer loop
   vertex 4.4687 2.4000 -2.1249
   vertex 4.4610 2.4000 -2.0911
   vertex 4.4610 2.7000 -2.0911
  endloop
 endfacet
 facet normal -0.97493 0.00000 -0.22252
  outer loop
   vertex 4.4687 2.4000 -2.1249
   vertex 4.4610 2.7000 -2.0911
   vertex 4.4687 2.7000 -2.1249
  endloop
 endfacet
 facet normal 0.00000 -1.00000 0.00000
  outer loop
   vertex 4.5000 2.4000 -2.1000
   vertex 4.4610 2.4000 -2.0911
   vertex 4.4687 2.4000 -2.1249
  endloop
 endfacet
 facet normal 0.00000 1.00000 0.00000
  outer loop
   vertex 4.5000 2.7000 -2.1000
   vertex 4.4687 2.7000 -2.1249
   vertex 4.4610 2.7000 -2.0911
  endloop
 endfacet
 facet normal -0.78183 0.00000 0.62349
  outer loop
   vertex 4.4610 2.4000 -2.0911
   vertex 4.4826 2.4000 -2.0640
   vertex 4.4826 2.7000 -2.0640
  endloop
 endfacet
 facet normal -0.78183 0.00000 0.62349
  outer loop
   vertex 4.4610 2.4000 -2.0911
   vertex 4.4826 2.7000 -2.0640
   vertex 4.4610 2.7000 -2.0911
  endloop
 endfacet
 facet normal 0.00000 -1.00000 0.00000
  outer loop
   vertex 4.5000 2.4000 -2.1000
   vertex 4.4826 2.4000 -2.0640
   vertex 4.4610 2.4000 -2.0911
  endloop
 endfacet
 facet normal 0.00000 1.00000 0.00000
  outer loop
   vertex 4.5000 2.7000 -2.1000
   vertex 4.4610 2.7000 -2.0911
   vertex 4.4826 2.7000 -2.0640
  endloop
 endfacet
 facet normal 0.00000 0.00000 1.00000
  outer loop
   vertex 4.4826 2.4000 -2.0640
   vertex 4.5174 2.4000 -2.0640
   vertex 4.5174 2.7000 -2.0640
  endloop
 endfacet
 facet normal 0.00000 0.00000 1.00000
  outer loop
   vertex 4.4826 2.4000 -2.0640
   vertex 4.5174 2.7000 -2.0640
   vertex 4.4826 2.7000 -2.0640
  endloop
 endfacet
 facet normal 0.00000 -1.00000 0.00000
  outer loop
   vertex 4.5000 2.4000 -2.1000
   vertex 4.5174 2.4000 -2.0640
   vertex 4.4826 2.4000 -2.0640
  endloop
 endfacet
 facet normal 0.00000 1.00000 0.00000
  outer loop
   vertex 4.5000 2.7000 -2.1000
   vertex 4.4826 2.7000 -2.0640
   vertex 4.5174 2.7000 -2.0640
  endloop
 endfacet
 facet normal 0.78183 0.00000 0.62349
  outer loop
   vertex 4.5174 2.4000 -2.0640
   vertex 4.5390 2.4000 -2.0911
   vertex 4.5390 2.7000 -2.0911
  endloop
 endfacet
 facet normal 0.78183 0.00000 0.62349
  outer loop
   vertex 4.5174 2.4000 -2.0640
   vertex 4.5390 2.7000 -2.0911
   vertex 4.5174 2.7000 -2.0640
  endloop
 endfacet
 facet normal 0.00000 -1.00000 0.00000
  outer loop
   vertex 4.5000 2.4000 -2.1000
   vertex 4.5390 2.4000 -2.0911
   vertex 4.5174 2.4000 -2.0640
  endloop
 endfacet
 facet normal 0.00000 1.00000 0.00000
  outer loop
   vertex 4.5000 2.7000 -2.1000
   vertex 4.5174 2.7000 -2.0640
   vertex 4.5390 2.7000 -2.0911
  endloop
 endfacet
 facet normal 0.97493 0.00000 -0.22252
  outer loop
   vertex 4.5390 2.4000 -2.0911
   vertex 4.5313 2.4000 -2.1249
   vertex 4.5313 2.7000 -2.1249
  endloop
 endfacet
 facet normal 0.97493 0.00000 -0.22252
  outer loop
   vertex 4.5390 2.4000 -2.0911
   vertex 4.5313 2.7000 -2.1249
   vertex 4.5390 2.7000 -2.0911
  endloop
 endfacet
 facet normal 0.00000 -1.00000 0.00000
  outer loop
   vertex 4.5000 2.4000 -2.1000
   vertex 4.5313 2.4000 -2.1249
   vertex 4.5390 2.4000 -2.0911
  endloop
 endfacet
 facet normal 0.00000 1.00000 0.00000
  outer loop
   vertex 4.5000 2.7000 -2.1000
   vertex 4.5390 2.7000 -2.0911
   vertex 4.5313 2.7000 -2.1249
  endloop
 endfacet
 facet normal 0.43388 0.00000 -0.90097
  outer loop
   vertex 4.5313 2.4000 -2.1249
   vertex 4.5000 2.4000 -2.1400
   vertex 4.5000 2.7000 -2.1400
  endloop
 endfacet
 facet normal 0.43388 0.00000 -0.90097
  outer loop
   vertex 4.5313 2.4000 -2.1249
   vertex 4.5000 2.7000 -2.1400
   vertex 4.5313 2.7000 -2.1249
  endloop
 endfacet
 facet normal 0.00000 -1.00000 0.00000
  outer loop
   vertex 4.5000 2.4000 -2.1000
   vertex 4.5000 2.4000 -2.1400
   vertex 4.5313 2.4000 -2.1249
  endloop
 endfacet
 facet normal 0.00000 1.00000 0.00000
  outer loop
   vertex 4.5000 2.7000 -2.1000
   vertex 4.5313 2.7000 -2.1249
   vertex 4.5000 2.7000 -2.1400
  endloop
 endfacet
 facet normal 0.90097 -0.43388 0.00000
  outer loop
   vertex 4.5500 2.4500 -2.1000
   vertex 4.5312 2.4109 -2.1000
   vertex 4.5312 2.4109 -3.2000
  endloop
 endfacet
 facet normal 0.90097 -0.43388 0.00000
  outer loop
   vertex 4.5500 2.4500 -2.1000
   vertex 4.5312 2.4109 -3.2000
   vertex 4.5500 2.4500 -3.2000
  endloop
 endfacet
 facet normal 0.00000 0.00000 1.00000
  outer loop
   vertex 4.5000 2.4500 -2.1000
   vertex 4.5312 2.4109 -2.1000
   vertex 4.5500 2.4500 -2.1000
  endloop
 endfacet
 facet normal 0.00000 0.00000 -1.00000
  outer loop
   vertex 4.5000 2.4500 -3.2000
   vertex 4.5500 2.4500 -3.2000
   vertex 4.5312 2.4109 -3.2000
  endloop
 endfacet
 facet normal 0.22252 -0.97493 0.00000
  outer loop
   vertex 4.5312 2.4109 -2.1000
   vertex 4.4889 2.4013 -2.1000
   vertex 4.4889 2.4013 -3.2000
  endloop
 endfacet
 facet normal 0.22252 -0.97493 0.00000
  outer loop
   vertex 4.5312 2.4109 -2.1000
   vertex 4.4889 2.4013 -3.2000
   vertex 4.5312 2.4109 -3.2000
  endloop
 endfacet
 facet normal 0.00000 0.00000 1.00000
  outer loop
   vertex 4.5000 2.4500 -2.1000
   vertex 4.4889 2.4013 -2.1000
   vertex 4.5312 2.4109 -2.1000
  endloop
 endfacet
 facet normal 0.00000 0.00000 -1.00000
  outer loop
   vertex 4.5000 2.4500 -3.2000
   vertex 4.5312 2.4109 -3.2000
   vertex 4.4889 2.4013 -3.2000
  endloop
 endfacet
 facet normal -0.62349 -0.78183 0.00000
  outer loop
   vertex 4.4889 2.4013 -2.1000
   vertex 4.4550 2.4283 -2.1000
   vertex 4.4550 2.4283 -3.2000
  endloop
 endfacet
 facet normal -0.62349 -0.78183 0.00000
  outer loop
   vertex 4.4889 2.4013 -2.1000
   vertex 4.4550 2.4283 -3.2000
   vertex 4.4889 2.4013 -3.2000
  endloop
 endfacet
 facet normal 0.00000 0.00000 1.00000
  outer loop
   vertex 4.5000 2.4500 -2.1000
   vertex 4.4550 2.4283 -2.1000
   vertex 4.4889 2.4013 -2.1000
  endloop
 endfacet
 facet normal 0.00000 0.00000 -1.00000
  outer loop
   vertex 4.5000 2.4500 -3.2000
   vertex 4.4889 2.4013 -3.2000
   vertex 4.4550 2.4283 -3.2000
  endloop
 endfacet
 facet normal -1.00000 0.00000 0.00000
  outer loop
   vertex 4.4550 2.4283 -2.1000
   vertex 4.4550 2.4717 -2.1000
   vertex 4.4550 2.4717 -3.2000
  endloop
 endfacet
 facet normal -1.00000 0.00000 0.00000
  outer loop
   vertex 4.4550 2.4283 -2.1000
   vertex 4.4550 2.4717 -3.2000
   vertex 4.4550 2.4283 -3.2000
  endloop
 endfacet
 facet normal 0.00000 0.00000 1.00000
  outer loop
   vertex 4.5000 2.4500 -2.1000
   vertex 4.4550 2.4717 -2.1000
   vertex 4.4550 2.4283 -2.1000
  endloop
 endfacet
 facet normal 0.00000 0.00000 -1.00000
  outer loop
   vertex 4.5000 2.4500 -3.2000
   vertex 4.4550 2.4283 -3.2000
   vertex 4.4550 2.4717 -3.2000
  endloop
 endfacet
 facet normal -0.62349 0.78183 0.00000
  outer loop
   vertex 4.4550 2.4717 -2.1000
   vertex 4.4889 2.4987 -2.1000
   vertex 4.4889 2.4987 -3.2000
  endloop
 endfacet
 facet normal -0.62349 0.78183 0.00000
  outer loop
   vertex 4.4550 2.4717 -2.1000
   vertex 4.4889 2.4987 -3.2000
   vertex 4.4550 2.4717 -3.2000
  endloop
 endfacet
 facet normal 0.00000 0.00000 1.00000
  outer loop
   vertex 4.5000 2.4500 -2.1000
   vertex 4.4889 2.4987 -2.1000
   vertex 4.4550 2.4717 -2.1000
  endloop
 endfacet
 facet normal 0.00000 0.00000 -1.00000
  outer loop
   vertex 4.5000 2.4500 -3.2000
   vertex 4.4550 2.4717 -3.2000
   vertex 4.4889 2.4987 -3.2000
  endloop
 endfacet
 facet normal 0.22252 0.97493 0.00000
  outer loop
   vertex 4.4889 2.4987 -2.1000
   vertex 4.5312 2.4891 -2.1000
   vertex 4.5312 2.4891 -3.2000
  endloop
 endfacet
 facet normal 0.22252 0.97493 0.00000
  outer loop
   vertex 4.4889 2.4987 -2.1000
   vertex 4.5312 2.4891 -3.2000
   vertex 4.4889 2.4987 -3.2000
  endloop
 endfacet
 facet normal 0.00000 0.00000 1.00000
  outer loop
   vertex 4.5000 2.4500 -2.1000
   vertex 4.5312 2.4891 -2.1000
   vertex 4.4889 2.4987 -2.1000
  endloop
 endfacet
 facet normal 0.00000 0.00000 -1.00000
  outer loop
   vertex 4.5000 2.4500 -3.2000
   vertex 4.4889 2.4987 -3.2000
   vertex 4.5312 2.4891 -3.2000
  endloop
 endfacet
 facet normal 0.90097 0.43388 0.00000
  outer loop
   vertex 4.5312 2.4891 -2.1000
   vertex 4.5500 2.4500 -2.1000
   vertex 4.5500 2.4500 -3.2000
  endloop
 endfacet
 facet normal 0.90097 0.43388 0.00000
  outer loop
   vertex 4.5312 2.4891 -2.1000
   vertex 4.5500 2.4500 -3.2000
   vertex 4.5312 2.4891 -3.2000
  endloop
 endfacet
 facet normal 0.00000 0.00000 1.00000
  outer loop
   vertex 4.5000 2.4500 -2.1000
   vertex 4.5500 2.4500 -2.1000
   vertex 4.5312 2.4891 -2.1000
  endloop
 endfacet
 facet normal 0.00000 0.00000 -1.00000
  outer loop
   vertex 4.5000 2.4500 -3.2000
   vertex 4.5312 2.4891 -3.2000
   vertex 4.5500 2.4500 -3.2000
  endloop
 endfacet
 facet normal -0.38268 0.00000 -0.92388
  outer loop
   vertex 4.5000 2.2600 -3.2900
   vertex 4.4364 2.2600 -3.2636
   vertex 4.4364 2.3400 -3.2636
  endloop
 endfacet
 facet normal -0.38268 0.00000 -0.92388
  outer loop
   vertex 4.5000 2.2600 -3.2900
   vertex 4.4364 2.3400 -3.2636
   vertex 4.5000 2.3400 -3.2900
  endloop
 endfacet
 facet normal 0.00000 -1.00000 0.00000
  outer loop
   vertex 4.5000 2.2600 -3.2000
   vertex 4.4364 2.2600 -3.2636
   vertex 4.5000 2.2600 -3.2900
  endloop
 endfacet
 facet normal 0.00000 1.00000 0.00000
  outer loop
   vertex 4.5000 2.3400 -3.2000
   vertex 4.5000 2.3400 -3.2900
   vertex 4.4364 2.3400 -3.2636
  endloop
 endfacet
 facet normal -0.92388 0.00000 -0.38268
  outer loop
   vertex 4.4364 2.2600 -3.2636
   vertex 4.4100 2.2600 -3.2000
   vertex 4.4100 2.3400 -3.2000
  endloop
 endfacet
 facet normal -0.92388 0.00000 -0.38268
  outer loop
   vertex 4.4364 2.2600 -3.2636
   vertex 4.4100 2.3400 -3.2000
   vertex 4.4364 2.3400 -3.2636
  endloop
 endfacet
 facet normal 0.00000 -1.00000 0.00000
  outer loop
   vertex 4.5000 2.2600 -3.2000
   vertex 4.4100 2.2600 -3.2000
   vertex 4.4364 2.2600 -3.2636
  endloop
 endfacet
 facet normal 0.00000 1.00000 0.00000
  outer loop
   vertex 4.5000 2.3400 -3.2000
   vertex 4.4364 2.3400 -3.2636
   vertex 4.4100 2.3400 -3.2000
  endloop
 endfacet
 facet normal -0.92388 0.00000 0.38268
  outer loop
   vertex 4.4100 2.2600 -3.2000
   vertex 4.4364 2.2600 -3.1364
   vertex 4.4364 2.3400 -3.1364
  endloop
 endfacet
 facet normal -0.92388 0.00000 0.38268
  outer loop
   vertex 4.4100 2.2600 -3.2000
   vertex 4.4364 2.3400 -3.1364
   vertex 4.4100 2.3400 -3.2000
  endloop
 endfacet
 facet normal 0.00000 -1.00000 0.00000
  outer loop
   vertex 4.5000 2.2600 -3.2000
   vertex 4.4364 2.2600 -3.1364
   vertex 4.4100 2.2600 -3.2000
  endloop
 endfacet
 facet normal 0.00000 1.00000 0.00000
  outer loop
   vertex 4.5000 2.3400 -3.2000
   vertex 4.4100 2.3400 -3.2000
   vertex 4.4364 2.3400 -3.1364
  endloop
 endfacet
 facet normal -0.38268 0.00000 0.92388
  outer loop
   vertex 4.4364 2.2600 -3.1364
   vertex 4.5000 2.2600 -3.1100
   vertex 4.5000 2.3400 -3.1100
  endloop
 endfacet
 facet normal -0.38268 0.00000 0.92388
  outer loop
   vertex 4.4364 2.2600 -3.1364
   vertex 4.5000 2.3400 -3.1100
   vertex 4.4364 2.3400 -3.1364
  endloop
 endfacet
 facet normal 0.00000 -1.00000 0.00000
  outer loop
   vertex 4.5000 2.2600 -3.2000
   vertex 4.5000 2.2600 -3.1100
   vertex 4.4364 2.2600 -3.1364
  endloop
 endfacet
 facet normal 0.00000 1.00000 0.00000
  outer loop
   vertex 4.5000 2.3400 -3.2000
   vertex 4.4364 2.3400 -3.1364
   vertex 4.5000 2.3400 -3.1100
  endloop
 endfacet
 facet normal 0.38268 0.00000 0.92388
  outer loop
   vertex 4.5000 2.2600 -3.1100
   vertex 4.5636 2.2600 -3.1364
   vertex 4.5636 2.3400 -3.1364
  endloop
 endfacet
 facet normal 0.38268 0.00000 0.92388
  outer loop
   vertex 4.5000 2.2600 -3.1100
   vertex 4.5636 2.3400 -3.1364
   vertex 4.5000 2.3400 -3.1100
  endloop
 endfacet
 facet normal 0.00000 -1.00000 0.00000
  outer loop
   vertex 4.5000 2.2600 -3.2000
   vertex 4.5636 2.2600 -3.1364
   vertex 4.5000 2.2600 -3.1100
  endloop
 endfacet
 facet normal 0.00000 1.00000 0.00000
  outer loop
   vertex 4.5000 2.3400 -3.2000
   vertex 4.5000 2.3400 -3.1100
   vertex 4.5636 2.3400 -3.1364
  endloop
 endfacet
 facet normal 0.92388 0.00000 0.38268
  outer loop
   vertex 4.5636 2.2600 -3.1364
   vertex 4.5900 2.2600 -3.2000
   vertex 4.5900 2.3400 -3.2000
  endloop
 endfacet
 facet normal 0.92388 0.00000 0.38268
  outer loop
   vertex 4.5636 2.2600 -3.1364
   vertex 4.5900 2.3400 -3.2000
   vertex 4.5636 2.3400 -3.1364
  endloop
 endfacet
 facet normal 0.00000 -1.00000 0.00000
  outer loop
   vertex 4.5000 2.2600 -3.2000
   vertex 4.5900 2.2600 -3.2000
   vertex 4.5636 2.2600 -3.1364
  endloop
 endfacet
 facet normal 0.00000 1.00000 0.00000
  outer loop
   vertex 4.5000 2.3400 -3.2000
   vertex 4.5636 2.3400 -3.1364
   vertex 4.5900 2.3400 -3.2000
  endloop
 endfacet
 facet normal 0.92388 0.00000 -0.38268
  outer loop
   vertex 4.5900 2.2600 -3.2000
   vertex 4.5636 2.2600 -3.2636
   vertex 4.5636 2.3400 -3.2636
  endloop
 endfacet
 facet normal 0.92388 0.00000 -0.38268
  outer loop
   vertex 4.5900 2.2600 -3.2000
   vertex 4.5636 2.3400 -3.2636
   vertex 4.5900 2.3400 -3.2000
  endloop
 endfacet
 facet normal 0.00000 -1.00000 0.00000
  outer loop
   vertex 4.5000 2.2600 -3.2000
   vertex 4.5636 2.2600 -3.2636
   vertex 4.5900 2.2600 -3.2000
  endloop
 endfacet
 facet normal 0.00000 1.00000 0.00000
  outer loop
   vertex 4.5000 2.3400 -3.2000
   vertex 4.5900 2.3400 -3.2000
   vertex 4.5636 2.3400 -3.2636
  endloop
 endfacet
 facet normal 0.38268 0.00000 -0.92388
  outer loop
   vertex 4.5636 2.2600 -3.2636
   vertex 4.5000 2.2600 -3.2900
   vertex 4.5000 2.3400 -3.2900
  endloop
 endfacet
 facet normal 0.38268 0.00000 -0.92388
  outer loop
   vertex 4.5636 2.2600 -3.2636
   vertex 4.5000 2.3400 -3.2900
   vertex 4.5636 2.3400 -3.2636
  endloop
 endfacet
 facet normal 0.00000 -1.00000 0.00000
  outer loop
   vertex 4.5000 2.2600 -3.2000
   vertex 4.5000 2.2600 -3.2900
   vertex 4.5636 2.2600 -3.2636
  endloop
 endfacet
 facet normal 0.00000 1.00000 0.00000
  outer loop
   vertex 4.5000 2.3400 -3.2000
   vertex 4.5636 2.3400 -3.2636
   vertex 4.5000 2.3400 -3.2900
  endloop
 endfacet
 facet normal 0.00000 0.00000 1.00000
  outer loop
   vertex 3.9500 0.0000 -3.9500
   vertex 5.0500 0.0000 -3.9500
   vertex 5.0500 0.0800 -3.9500
  endloop
 endfacet
 facet normal 0.00000 0.00000 1.00000
  outer loop
   vertex 3.9500 0.0000 -3.9500
   vertex 5.0500 0.0800 -3.9500
   vertex 3.9500 0.0800 -3.9500
  endloop
 endfacet
 facet normal 0.00000 0.00000 -1.00000
  outer loop
   vertex 5.0500 0.0000 -1.4500
   vertex 3.9500 0.0000 -1.4500
   vertex 3.9500 0.0800 -1.4500
  endloop
 endfacet
 facet normal 0.00000 0.00000 -1.00000
  outer loop
   vertex 5.0500 0.0000 -1.4500
   vertex 3.9500 0.0800 -1.4500
   vertex 5.0500 0.0800 -1.4500
  endloop
 endfacet
 facet normal 1.00000 0.00000 0.00000
  outer loop
   vertex 3.9500 0.0000 -1.4500
   vertex 3.9500 0.0000 -3.9500
   vertex 3.9500 0.0800 -3.9500
  endloop
 endfacet
 facet normal 1.00000 0.00000 0.00000
  outer loop
   vertex 3.9500 0.0000 -1.4500
   vertex 3.9500 0.0800 -3.9500
   vertex 3.9500 0.0800 -1.4500
  endloop
 endfacet
 facet normal -1.00000 0.00000 0.00000
  outer loop
   vertex 5.0500 0.0000 -3.9500
   vertex 5.0500 0.0000 -1.4500
   vertex 5.0500 0.0800 -1.4500
  endloop
 endfacet
 facet normal -1.00000 0.00000 0.00000
  outer loop
   vertex 5.0500 0.0000 -3.9500
   vertex 5.0500 0.0800 -1.4500
   vertex 5.0500 0.0800 -3.9500
  endloop
 endfacet
 facet normal 0.00000 -1.00000 0.00000
  outer loop
   vertex 3.9500 0.0800 -3.9500
   vertex 5.0500 0.0800 -3.9500
   vertex 5.0500 0.0800 -1.4500
  endloop
 endfacet
 facet normal 0.00000 -1.00000 0.00000
  outer loop
   vertex 3.9500 0.0800 -3.9500
   vertex 5.0500 0.0800 -1.4500
   vertex 3.9500 0.0800 -1.4500
  endloop
 endfacet
 facet normal 0.00000 1.00000 0.00000
  outer loop
   vertex 3.9500 0.0000 -1.4500
   vertex 5.0500 0.0000 -1.4500
   vertex 5.0500 0.0000 -3.9500
  endloop
 endfacet
 facet normal 0.00000 1.00000 0.00000
  outer loop
   vertex 3.9500 0.0000 -1.4500
   vertex 5.0500 0.0000 -3.9500
   vertex 3.9500 0.0000 -3.9500
  endloop
 endfacet
endsolid duchas
