solid patio_prision
 facet normal 0.00000 0.00000 1.00000
  outer loop
   vertex -10.0000 -0.4000 -8.0000
   vertex 10.0000 -0.4000 -8.0000
   vertex 10.0000 0.0000 -8.0000
  endloop
 endfacet
 facet normal 0.00000 0.00000 1.00000
  outer loop
   vertex -10.0000 -0.4000 -8.0000
   vertex 10.0000 0.0000 -8.0000
   vertex -10.0000 0.0000 -8.0000
  endloop
 endfacet
 facet normal 0.00000 0.00000 -1.00000
  outer loop
   vertex 10.0000 -0.4000 8.0000
   vertex -10.0000 -0.4000 8.0000
   vertex -10.0000 0.0000 8.0000
  endloop
 endfacet
 facet normal 0.00000 0.00000 -1.00000
  outer loop
   vertex 10.0000 -0.4000 8.0000
   vertex -10.0000 0.0000 8.0000
   vertex 10.0000 0.0000 8.0000
  endloop
 endfacet
 facet normal 1.00000 0.00000 0.00000
  outer loop
   vertex -10.0000 -0.4000 8.0000
   vertex -10.0000 -0.4000 -8.0000
   vertex -10.0000 0.0000 -8.0000
  endloop
 endfacet
 facet normal 1.00000 0.00000 0.00000
  outer loop
   vertex -10.0000 -0.4000 8.0000
   vertex -10.0000 0.0000 -8.0000
   vertex -10.0000 0.0000 8.0000
  endloop
 endfacet
 facet normal -1.00000 0.00000 0.00000
  outer loop
   vertex 10.0000 -0.4000 -8.0000
   vertex 10.0000 -0.4000 8.0000
   vertex 10.0000 0.0000 8.0000
  endloop
 endfacet
 facet normal -1.00000 0.00000 0.00000
  outer loop
   vertex 10.0000 -0.4000 -8.0000
   vertex 10.0000 0.0000 8.0000
   vertex 10.0000 0.0000 -8.0000
  endloop
 endfacet
 facet normal 0.00000 -1.00000 0.00000
  outer loop
   vertex -10.0000 0.0000 -8.0000
   vertex 10.0000 0.0000 -8.0000
   vertex 10.0000 0.0000 8.0000
  endloop
 endfacet
 facet normal 0.00000 -1.00000 0.00000
  outer loop
   vertex -10.0000 0.0000 -8.0000
   vertex 10.0000 0.0000 8.0000
   vertex -10.0000 0.0000 8.0000
  endloop
 endfacet
 facet normal 0.00000 1.00000 0.00000
  outer loop
   vertex -10.0000 -0.4000 8.0000
   vertex 10.0000 -0.4000 8.0000
   vertex 10.0000 -0.4000 -8.0000
  endloop
 endfacet
 facet normal 0.00000 1.00000 0.00000
  outer loop
   vertex -10.0000 -0.4000 8.0000
   vertex 10.0000 -0.4000 -8.0000
   vertex -10.0000 -0.4000 -8.0000
  endloop
 endfacet
 facet normal 0.00000 0.00000 1.00000
  outer loop
   vertex -10.0000 2.0500 -8.0000
   vertex 10.0000 2.0500 -8.0000
   vertex 10.0000 2.5500 -8.0000
  endloop
 endfacet
 facet normal 0.00000 0.00000 1.00000
  outer loop
   vertex -10.0000 2.0500 -8.0000
   vertex 10.0000 2.5500 -8.0000
   vertex -10.0000 2.5500 -8.0000
  endloop
 endfacet
 facet normal 0.00000 0.00000 -1.00000
  outer loop
   vertex 10.0000 2.0500 -7.6000
   vertex -10.0000 2.0500 -7.6000
   vertex -10.0000 2.5500 -7.6000
  endloop
 endfacet
 facet normal 0.00000 0.00000 -1.00000
  outer loop
   vertex 10.0000 2.0500 -7.6000
   vertex -10.0000 2.5500 -7.6000
   vertex 10.0000 2.5500 -7.6000
  endloop
 endfacet
 facet normal 1.00000 0.00000 0.00000
  outer loop
   vertex -10.0000 2.0500 -7.6000
   vertex -10.0000 2.0500 -8.0000
   vertex -10.0000 2.5500 -8.0000
  endloop
 endfacet
 facet normal 1.00000 0.00000 0.00000
  outer loop
   vertex -10.0000 2.0500 -7.6000
   vertex -10.0000 2.5500 -8.0000
   vertex -10.0000 2.5500 -7.6000
  endloop
 endfacet
 facet normal -1.00000 0.00000 0.00000
  outer loop
   vertex 10.0000 2.0500 -8.0000
   vertex 10.0000 2.0500 -7.6000
   vertex 10.0000 2.5500 -7.6000
  endloop
 endfacet
 facet normal -1.00000 0.00000 0.00000
  outer loop
   vertex 10.0000 2.0500 -8.0000
   vertex 10.0000 2.5500 -7.6000
   vertex 10.0000 2.5500 -8.0000
  endloop
 endfacet
 facet normal 0.00000 -1.00000 0.00000
  outer loop
   vertex -10.0000 2.5500 -8.0000
   vertex 10.0000 2.5500 -8.0000
   vertex 10.0000 2.5500 -7.6000
  endloop
 endfacet
 facet normal 0.00000 -1.00000 0.00000
  outer loop
   vertex -10.0000 2.5500 -8.0000
   vertex 10.0000 2.5500 -7.6000
   vertex -10.0000 2.5500 -7.6000
  endloop
 endfacet
 facet normal 0.00000 1.00000 0.00000
  outer loop
   vertex -10.0000 2.0500 -7.6000
   vertex 10.0000 2.0500 -7.6000
   vertex 10.0000 2.0500 -8.0000
  endloop
 endfacet
 facet normal 0.00000 1.00000 0.00000
  outer loop
   vertex -10.0000 2.0500 -7.6000
   vertex 10.0000 2.0500 -8.0000
   vertex -10.0000 2.0500 -8.0000
  endloop
 endfacet
 facet normal 0.00000 0.00000 1.00000
  outer loop
   vertex -10.0000 -0.2000 -8.0000
   vertex -9.6000 -0.2000 -8.0000
   vertex -9.6000 4.8000 -8.0000
  endloop
 endfacet
 facet normal 0.00000 0.00000 1.00000
  outer loop
   vertex -10.0000 -0.2000 -8.0000
   vertex -9.6000 4.8000 -8.0000
   vertex -10.0000 4.8000 -8.0000
  endloop
 endfacet
 facet normal 0.00000 0.00000 -1.00000
  outer loop
   vertex -9.6000 -0.2000 8.0000
   vertex -10.0000 -0.2000 8.0000
   vertex -10.0000 4.8000 8.0000
  endloop
 endfacet
 facet normal 0.00000 0.00000 -1.00000
  outer loop
   vertex -9.6000 -0.2000 8.0000
   vertex -10.0000 4.8000 8.0000
   vertex -9.6000 4.8000 8.0000
  endloop
 endfacet
 facet normal 1.00000 0.00000 0.00000
  outer loop
   vertex -10.0000 -0.2000 8.0000
   vertex -10.0000 -0.2000 -8.0000
   vertex -10.0000 4.8000 -8.0000
  endloop
 endfacet
 facet normal 1.00000 0.00000 0.00000
  outer loop
   vertex -10.0000 -0.2000 8.0000
   vertex -10.0000 4.8000 -8.0000
   vertex -10.0000 4.8000 8.0000
  endloop
 endfacet
 facet normal -1.00000 0.00000 0.00000
  outer loop
   vertex -9.6000 -0.2000 -8.0000
   vertex -9.6000 -0.2000 8.0000
   vertex -9.6000 4.8000 8.0000
  endloop
 endfacet
 facet normal -1.00000 0.00000 0.00000
  outer loop
   vertex -9.6000 -0.2000 -8.0000
   vertex -9.6000 4.8000 8.0000
   vertex -9.6000 4.8000 -8.0000
  endloop
 endfacet
 facet normal 0.00000 -1.00000 0.00000
  outer loop
   vertex -10.0000 4.8000 -8.0000
   vertex -9.6000 4.8000 -8.0000
   vertex -9.6000 4.8000 8.0000
  endloop
 endfacet
 facet normal 0.00000 -1.00000 0.00000
  outer loop
   vertex -10.0000 4.8000 -8.0000
   vertex -9.6000 4.8000 8.0000
   vertex -10.0000 4.8000 8.0000
  endloop
 endfacet
 facet normal 0.00000 1.00000 0.00000
  outer loop
   vertex -10.0000 -0.2000 8.0000
   vertex -9.6000 -0.2000 8.0000
   vertex -9.6000 -0.2000 -8.0000
  endloop
 endfacet
 facet normal 0.00000 1.00000 0.00000
  outer loop
   vertex -10.0000 -0.2000 8.0000
   vertex -9.6000 -0.2000 -8.0000
   vertex -10.0000 -0.2000 -8.0000
  endloop
 endfacet
 facet normal 0.00000 0.00000 1.00000
  outer loop
   vertex 9.6000 -0.2000 -8.0000
   vertex 10.0000 -0.2000 -8.0000
   vertex 10.0000 4.8000 -8.0000
  endloop
 endfacet
 facet normal 0.00000 0.00000 1.00000
  outer loop
   vertex 9.6000 -0.2000 -8.0000
   vertex 10.0000 4.8000 -8.0000
   vertex 9.6000 4.8000 -8.0000
  endloop
 endfacet
 facet normal 0.00000 0.00000 -1.00000
  outer loop
   vertex 10.0000 -0.2000 8.0000
   vertex 9.6000 -0.2000 8.0000
   vertex 9.6000 4.8000 8.0000
  endloop
 endfacet
 facet normal 0.00000 0.00000 -1.00000
  outer loop
   vertex 10.0000 -0.2000 8.0000
   vertex 9.6000 4.8000 8.0000
   vertex 10.0000 4.8000 8.0000
  endloop
 endfacet
 facet normal 1.00000 0.00000 0.00000
  outer loop
   vertex 9.6000 -0.2000 8.0000
   vertex 9.6000 -0.2000 -8.0000
   vertex 9.6000 4.8000 -8.0000
  endloop
 endfacet
 facet normal 1.00000 0.00000 0.00000
  outer loop
   vertex 9.6000 -0.2000 8.0000
   vertex 9.6000 4.8000 -8.0000
   vertex 9.6000 4.8000 8.0000
  endloop
 endfacet
 facet normal -1.00000 0.00000 0.00000
  outer loop
   vertex 10.0000 -0.2000 -8.0000
   vertex 10.0000 -0.2000 8.0000
   vertex 10.0000 4.8000 8.0000
  endloop
 endfacet
 facet normal -1.00000 0.00000 0.00000
  outer loop
   vertex 10.0000 -0.2000 -8.0000
   vertex 10.0000 4.8000 8.0000
   vertex 10.0000 4.8000 -8.0000
  endloop
 endfacet
 facet normal 0.00000 -1.00000 0.00000
  outer loop
   vertex 9.6000 4.8000 -8.0000
   vertex 10.0000 4.8000 -8.0000
   vertex 10.0000 4.8000 8.0000
  endloop
 endfacet
 facet normal 0.00000 -1.00000 0.00000
  outer loop
   vertex 9.6000 4.8000 -8.0000
   vertex 10.0000 4.8000 8.0000
   vertex 9.6000 4.8000 8.0000
  endloop
 endfacet
 facet normal 0.00000 1.00000 0.00000
  outer loop
   vertex 9.6000 -0.2000 8.0000
   vertex 10.0000 -0.2000 8.0000
   vertex 10.0000 -0.2000 -8.0000
  endloop
 endfacet
 facet normal 0.00000 1.00000 0.00000
  outer loop
   vertex 9.6000 -0.2000 8.0000
   vertex 10.0000 -0.2000 -8.0000
   vertex 9.6000 -0.2000 -8.0000
  endloop
 endfacet
 facet normal 0.00000 0.00000 1.00000
  outer loop
   vertex -8.0750 0.0500 -7.6000
   vertex -7.9250 0.0500 -7.6000
   vertex -7.9250 4.7500 -7.6000
  endloop
 endfacet
 facet normal 0.00000 0.00000 1.00000
  outer loop
   vertex -8.0750 0.0500 -7.6000
   vertex -7.9250 4.7500 -7.6000
   vertex -8.0750 4.7500 -7.6000
  endloop
 endfacet
 facet normal 0.00000 0.00000 -1.00000
  outer loop
   vertex -7.9250 0.0500 -7.4000
   vertex -8.0750 0.0500 -7.4000
   vertex -8.0750 4.7500 -7.4000
  endloop
 endfacet
 facet normal 0.00000 0.00000 -1.00000
  outer loop
   vertex -7.9250 0.0500 -7.4000
   vertex -8.0750 4.7500 -7.4000
   vertex -7.9250 4.7500 -7.4000
  endloop
 endfacet
 facet normal 1.00000 0.00000 0.00000
  outer loop
   vertex -8.0750 0.0500 -7.4000
   vertex -8.0750 0.0500 -7.6000
   vertex -8.0750 4.7500 -7.6000
  endloop
 endfacet
 facet normal 1.00000 0.00000 0.00000
  outer loop
   vertex -8.0750 0.0500 -7.4000
   vertex -8.0750 4.7500 -7.6000
   vertex -8.0750 4.7500 -7.4000
  endloop
 endfacet
 facet normal -1.00000 0.00000 0.00000
  outer loop
   vertex -7.9250 0.0500 -7.6000
   vertex -7.9250 0.0500 -7.4000
   vertex -7.9250 4.7500 -7.4000
  endloop
 endfacet
 facet normal -1.00000 0.00000 0.00000
  outer loop
   vertex -7.9250 0.0500 -7.6000
   vertex -7.9250 4.7500 -7.4000
   vertex -7.9250 4.7500 -7.6000
  endloop
 endfacet
 facet normal 0.00000 -1.00000 0.00000
  outer loop
   vertex -8.0750 4.7500 -7.6000
   vertex -7.9250 4.7500 -7.6000
   vertex -7.9250 4.7500 -7.4000
  endloop
 endfacet
 facet normal 0.00000 -1.00000 0.00000
  outer loop
   vertex -8.0750 4.7500 -7.6000
   vertex -7.9250 4.7500 -7.4000
   vertex -8.0750 4.7500 -7.4000
  endloop
 endfacet
 facet normal 0.00000 1.00000 0.00000
  outer loop
   vertex -8.0750 0.0500 -7.4000
   vertex -7.9250 0.0500 -7.4000
   vertex -7.9250 0.0500 -7.6000
  endloop
 endfacet
 facet normal 0.00000 1.00000 0.00000
  outer loop
   vertex -8.0750 0.0500 -7.4000
   vertex -7.9250 0.0500 -7.6000
   vertex -8.0750 0.0500 -7.6000
  endloop
 endfacet
 facet normal 0.00000 0.00000 1.00000
  outer loop
   vertex -8.3250 4.6900 -7.7500
   vertex -7.6750 4.6900 -7.7500
   vertex -7.6750 4.8100 -7.7500
  endloop
 endfacet
 facet normal 0.00000 0.00000 1.00000
  outer loop
   vertex -8.3250 4.6900 -7.7500
   vertex -7.6750 4.8100 -7.7500
   vertex -8.3250 4.8100 -7.7500
  endloop
 endfacet
 facet normal 0.00000 0.00000 -1.00000
  outer loop
   vertex -7.6750 4.6900 -7.2500
   vertex -8.3250 4.6900 -7.2500
   vertex -8.3250 4.8100 -7.2500
  endloop
 endfacet
 facet normal 0.00000 0.00000 -1.00000
  outer loop
   vertex -7.6750 4.6900 -7.2500
   vertex -8.3250 4.8100 -7.2500
   vertex -7.6750 4.8100 -7.2500
  endloop
 endfacet
 facet normal 1.00000 0.00000 0.00000
  outer loop
   vertex -8.3250 4.6900 -7.2500
   vertex -8.3250 4.6900 -7.7500
   vertex -8.3250 4.8100 -7.7500
  endloop
 endfacet
 facet normal 1.00000 0.00000 0.00000
  outer loop
   vertex -8.3250 4.6900 -7.2500
   vertex -8.3250 4.8100 -7.7500
   vertex -8.3250 4.8100 -7.2500
  endloop
 endfacet
 facet normal -1.00000 0.00000 0.00000
  outer loop
   vertex -7.6750 4.6900 -7.7500
   vertex -7.6750 4.6900 -7.2500
   vertex -7.6750 4.8100 -7.2500
  endloop
 endfacet
 facet normal -1.00000 0.00000 0.00000
  outer loop
   vertex -7.6750 4.6900 -7.7500
   vertex -7.6750 4.8100 -7.2500
   vertex -7.6750 4.8100 -7.7500
  endloop
 endfacet
 facet normal 0.00000 -1.00000 0.00000
  outer loop
   vertex -8.3250 4.8100 -7.7500
   vertex -7.6750 4.8100 -7.7500
   vertex -7.6750 4.8100 -7.2500
  endloop
 endfacet
 facet normal 0.00000 -1.00000 0.00000
  outer loop
   vertex -8.3250 4.8100 -7.7500
   vertex -7.6750 4.8100 -7.2500
   vertex -8.3250 4.8100 -7.2500
  endloop
 endfacet
 facet normal 0.00000 1.00000 0.00000
  outer loop
   vertex -8.3250 4.6900 -7.2500
   vertex -7.6750 4.6900 -7.2500
   vertex -7.6750 4.6900 -7.7500
  endloop
 endfacet
 facet normal 0.00000 1.00000 0.00000
  outer loop
   vertex -8.3250 4.6900 -7.2500
   vertex -7.6750 4.6900 -7.7500
   vertex -8.3250 4.6900 -7.7500
  endloop
 endfacet
 facet normal -0.43388 0.00000 -0.90097
  outer loop
   vertex -8.0000 0.0000 -2.9000
   vertex -8.3127 0.0000 -2.7494
   vertex -8.3127 1.1000 -2.7494
  endloop
 endfacet
 facet normal -0.43388 0.00000 -0.90097
  outer loop
   vertex -8.0000 0.0000 -2.9000
   vertex -8.3127 1.1000 -2.7494
   vertex -8.0000 1.1000 -2.9000
  endloop
 endfacet
 facet normal 0.00000 -1.00000 0.00000
  outer loop
   vertex -8.0000 0.0000 -2.5000
   vertex -8.3127 0.0000 -2.7494
   vertex -8.0000 0.0000 -2.9000
  endloop
 endfacet
 facet normal 0.00000 1.00000 0.00000
  outer loop
   vertex -8.0000 1.1000 -2.5000
   vertex -8.0000 1.1000 -2.9000
   vertex -8.3127 1.1000 -2.7494
  endloop
 endfacet
 facet normal -0.97493 0.00000 -0.22252
  outer loop
   vertex -8.3127 0.0000 -2.7494
   vertex -8.3900 0.0000 -2.4110
   vertex -8.3900 1.1000 -2.4110
  endloop
 endfacet
 facet normal -0.97493 0.00000 -0.22252
  outer loop
   vertex -8.3127 0.0000 -2.7494
   vertex -8.3900 1.1000 -2.4110
   vertex -8.3127 1.1000 -2.7494
  endloop
 endfacet
 facet normal 0.00000 -1.00000 0.00000
  outer loop
   vertex -8.0000 0.0000 -2.5000
   vertex -8.3900 0.0000 -2.4110
   vertex -8.3127 0.0000 -2.7494
  endloop
 endfacet
 facet normal 0.00000 1.00000 0.00000
  outer loop
   vertex -8.0000 1.1000 -2.5000
   vertex -8.3127 1.1000 -2.7494
   vertex -8.3900 1.1000 -2.4110
  endloop
 endfacet
 facet normal -0.78183 0.00000 0.62349
  outer loop
   vertex -8.3900 0.0000 -2.4110
   vertex -8.1736 0.0000 -2.1396
   vertex -8.1736 1.1000 -2.1396
  endloop
 endfacet
 facet normal -0.78183 0.00000 0.62349
  outer loop
   vertex -8.3900 0.0000 -2.4110
   vertex -8.1736 1.1000 -2.1396
   vertex -8.3900 1.1000 -2.4110
  endloop
 endfacet
 facet normal 0.00000 -1.00000 0.00000
  outer loop
   vertex -8.0000 0.0000 -2.5000
   vertex -8.1736 0.0000 -2.1396
   vertex -8.3900 0.0000 -2.4110
  endloop
 endfacet
 facet normal 0.00000 1.00000 0.00000
  outer loop
   vertex -8.0000 1.1000 -2.5000
   vertex -8.3900 1.1000 -2.4110
   vertex -8.1736 1.1000 -2.1396
  endloop
 endfacet
 facet normal 0.00000 0.00000 1.00000
  outer loop
   vertex -8.1736 0.0000 -2.1396
   vertex -7.8264 0.0000 -2.1396
   vertex -7.8264 1.1000 -2.1396
  endloop
 endfacet
 facet normal 0.00000 0.00000 1.00000
  outer loop
   vertex -8.1736 0.0000 -2.1396
   vertex -7.8264 1.1000 -2.1396
   vertex -8.1736 1.1000 -2.1396
  endloop
 endfacet
 facet normal 0.00000 -1.00000 0.00000
  outer loop
   vertex -8.0000 0.0000 -2.5000
   vertex -7.8264 0.0000 -2.1396
   vertex -8.1736 0.0000 -2.1396
  endloop
 endfacet
 facet normal 0.00000 1.00000 0.00000
  outer loop
   vertex -8.0000 1.1000 -2.5000
   vertex -8.1736 1.1000 -2.1396
   vertex -7.8264 1.1000 -2.1396
  endloop
 endfacet
 facet normal 0.78183 0.00000 0.62349
  outer loop
   vertex -7.8264 0.0000 -2.1396
   vertex -7.6100 0.0000 -2.4110
   vertex -7.6100 1.1000 -2.4110
  endloop
 endfacet
 facet normal 0.78183 0.00000 0.62349
  outer loop
   vertex -7.8264 0.0000 -2.1396
   vertex -7.6100 1.1000 -2.4110
   vertex -7.8264 1.1000 -2.1396
  endloop
 endfacet
 facet normal 0.00000 -1.00000 0.00000
  outer loop
   vertex -8.0000 0.0000 -2.5000
   vertex -7.6100 0.0000 -2.4110
   vertex -7.8264 0.0000 -2.1396
  endloop
 endfacet
 facet normal 0.00000 1.00000 0.00000
  outer loop
   vertex -8.0000 1.1000 -2.5000
   vertex -7.8264 1.1000 -2.1396
   vertex -7.6100 1.1000 -2.4110
  endloop
 endfacet
 facet normal 0.97493 0.00000 -0.22252
  outer loop
   vertex -7.6100 0.0000 -2.4110
   vertex -7.6873 0.0000 -2.7494
   vertex -7.6873 1.1000 -2.7494
  endloop
 endfacet
 facet normal 0.97493 0.00000 -0.22252
  outer loop
   vertex -7.6100 0.0000 -2.4110
   vertex -7.6873 1.1000 -2.7494
   vertex -7.6100 1.1000 -2.4110
  endloop
 endfacet
 facet normal 0.00000 -1.00000 0.00000
  outer loop
   vertex -8.0000 0.0000 -2.5000
   vertex -7.6873 0.0000 -2.7494
   vertex -7.6100 0.0000 -2.4110
  endloop
 endfacet
 facet normal 0.00000 1.00000 0.00000
  outer loop
   vertex -8.0000 1.1000 -2.5000
   vertex -7.6100 1.1000 -2.4110
   vertex -7.6873 1.1000 -2.7494
  endloop
 endfacet
 facet normal 0.43388 0.00000 -0.90097
  outer loop
   vertex -7.6873 0.0000 -2.7494
   vertex -8.0000 0.0000 -2.9000
   vertex -8.0000 1.1000 -2.9000
  endloop
 endfacet
 facet normal 0.43388 0.00000 -0.90097
  outer loop
   vertex -7.6873 0.0000 -2.7494
   vertex -8.0000 1.1000 -2.9000
   vertex -7.6873 1.1000 -2.7494
  endloop
 endfacet
 facet normal 0.00000 -1.00000 0.00000
  outer loop
   vertex -8.0000 0.0000 -2.5000
   vertex -8.0000 0.0000 -2.9000
   vertex -7.6873 0.0000 -2.7494
  endloop
 endfacet
 facet normal 0.00000 1.00000 0.00000
  outer loop
   vertex -8.0000 1.1000 -2.5000
   vertex -7.6873 1.1000 -2.7494
   vertex -8.0000 1.1000 -2.9000
  endloop
 endfacet
 facet normal 0.00000 0.00000 1.00000
  outer loop
   vertex -8.3000 0.8900 -2.8000
   vertex -7.7000 0.8900 -2.8000
   vertex -7.7000 1.0100 -2.8000
  endloop
 endfacet
 facet normal 0.00000 0.00000 1.00000
  outer loop
   vertex -8.3000 0.8900 -2.8000
   vertex -7.7000 1.0100 -2.8000
   vertex -8.3000 1.0100 -2.8000
  endloop
 endfacet
 facet normal 0.00000 0.00000 -1.00000
  outer loop
   vertex -7.7000 0.8900 -2.2000
   vertex -8.3000 0.8900 -2.2000
   vertex -8.3000 1.0100 -2.2000
  endloop
 endfacet
 facet normal 0.00000 0.00000 -1.00000
  outer loop
   vertex -7.7000 0.8900 -2.2000
   vertex -8.3000 1.0100 -2.2000
   vertex -7.7000 1.0100 -2.2000
  endloop
 endfacet
 facet normal 1.00000 0.00000 0.00000
  outer loop
   vertex -8.3000 0.8900 -2.2000
   vertex -8.3000 0.8900 -2.8000
   vertex -8.3000 1.0100 -2.8000
  endloop
 endfacet
 facet normal 1.00000 0.00000 0.00000
  outer loop
   vertex -8.3000 0.8900 -2.2000
   vertex -8.3000 1.0100 -2.8000
   vertex -8.3000 1.0100 -2.2000
  endloop
 endfacet
 facet normal -1.00000 0.00000 0.00000
  outer loop
   vertex -7.7000 0.8900 -2.8000
   vertex -7.7000 0.8900 -2.2000
   vertex -7.7000 1.0100 -2.2000
  endloop
 endfacet
 facet normal -1.00000 0.00000 0.00000
  outer loop
   vertex -7.7000 0.8900 -2.8000
   vertex -7.7000 1.0100 -2.2000
   vertex -7.7000 1.0100 -2.8000
  endloop
 endfacet
 facet normal 0.00000 -1.00000 0.00000
  outer loop
   vertex -8.3000 1.0100 -2.8000
   vertex -7.7000 1.0100 -2.8000
   vertex -7.7000 1.0100 -2.2000
  endloop
 endfacet
 facet normal 0.00000 -1.00000 0.00000
  outer loop
   vertex -8.3000 1.0100 -2.8000
   vertex -7.7000 1.0100 -2.2000
   vertex -8.3000 1.0100 -2.2000
  endloop
 endfacet
 facet normal 0.00000 1.00000 0.00000
  outer loop
   vertex -8.3000 0.8900 -2.2000
   vertex -7.7000 0.8900 -2.2000
   vertex -7.7000 0.8900 -2.8000
  endloop
 endfacet
 facet normal 0.00000 1.00000 0.00000
  outer loop
   vertex -8.3000 0.8900 -2.2000
   vertex -7.7000 0.8900 -2.8000
   vertex -8.3000 0.8900 -2.8000
  endloop
 endfacet
 facet normal 0.00000 0.00000 1.00000
  outer loop
   vertex -4.0750 0.0500 -7.6000
   vertex -3.9250 0.0500 -7.6000
   vertex -3.9250 4.7500 -7.6000
  endloop
 endfacet
 facet normal 0.00000 0.00000 1.00000
  outer loop
   vertex -4.0750 0.0500 -7.6000
   vertex -3.9250 4.7500 -7.6000
   vertex -4.0750 4.7500 -7.6000
  endloop
 endfacet
 facet normal 0.00000 0.00000 -1.00000
  outer loop
   vertex -3.9250 0.0500 -7.4000
   vertex -4.0750 0.0500 -7.4000
   vertex -4.0750 4.7500 -7.4000
  endloop
 endfacet
 facet normal 0.00000 0.00000 -1.00000
  outer loop
   vertex -3.9250 0.0500 -7.4000
   vertex -4.0750 4.7500 -7.4000
   vertex -3.9250 4.7500 -7.4000
  endloop
 endfacet
 facet normal 1.00000 0.00000 0.00000
  outer loop
   vertex -4.0750 0.0500 -7.4000
   vertex -4.0750 0.0500 -7.6000
   vertex -4.0750 4.7500 -7.6000
  endloop
 endfacet
 facet normal 1.00000 0.00000 0.00000
  outer loop
   vertex -4.0750 0.0500 -7.4000
   vertex -4.0750 4.7500 -7.6000
   vertex -4.0750 4.7500 -7.4000
  endloop
 endfacet
 facet normal -1.00000 0.00000 0.00000
  outer loop
   vertex -3.9250 0.0500 -7.6000
   vertex -3.9250 0.0500 -7.4000
   vertex -3.9250 4.7500 -7.4000
  endloop
 endfacet
 facet normal -1.00000 0.00000 0.00000
  outer loop
   vertex -3.9250 0.0500 -7.6000
   vertex -3.9250 4.7500 -7.4000
   vertex -3.9250 4.7500 -7.6000
  endloop
 endfacet
 facet normal 0.00000 -1.00000 0.00000
  outer loop
   vertex -4.0750 4.7500 -7.6000
   vertex -3.9250 4.7500 -7.6000
   vertex -3.9250 4.7500 -7.4000
  endloop
 endfacet
 facet normal 0.00000 -1.00000 0.00000
  outer loop
   vertex -4.0750 4.7500 -7.6000
   vertex -3.9250 4.7500 -7.4000
   vertex -4.0750 4.7500 -7.4000
  endloop
 endfacet
 facet normal 0.00000 1.00000 0.00000
  outer loop
   vertex -4.0750 0.0500 -7.4000
   vertex -3.9250 0.0500 -7.4000
   vertex -3.9250 0.0500 -7.6000
  endloop
 endfacet
 facet normal 0.00000 1.00000 0.00000
  outer loop
   vertex -4.0750 0.0500 -7.4000
   vertex -3.9250 0.0500 -7.6000
   vertex -4.0750 0.0500 -7.6000
  endloop
 endfacet
 facet normal 0.00000 0.00000 1.00000
  outer loop
   vertex -4.3250 4.6900 -7.7500
   vertex -3.6750 4.6900 -7.7500
   vertex -3.6750 4.8100 -7.7500
  endloop
 endfacet
 facet normal 0.00000 0.00000 1.00000
  outer loop
   vertex -4.3250 4.6900 -7.7500
   vertex -3.6750 4.8100 -7.7500
   vertex -4.3250 4.8100 -7.7500
  endloop
 endfacet
 facet normal 0.00000 0.00000 -1.00000
  outer loop
   vertex -3.6750 4.6900 -7.2500
   vertex -4.3250 4.6900 -7.2500
   vertex -4.3250 4.8100 -7.2500
  endloop
 endfacet
 facet normal 0.00000 0.00000 -1.00000
  outer loop
   vertex -3.6750 4.6900 -7.2500
   vertex -4.3250 4.8100 -7.2500
   vertex -3.6750 4.8100 -7.2500
  endloop
 endfacet
 facet normal 1.00000 0.00000 0.00000
  outer loop
   vertex -4.3250 4.6900 -7.2500
   vertex -4.3250 4.6900 -7.7500
   vertex -4.3250 4.8100 -7.7500
  endloop
 endfacet
 facet normal 1.00000 0.00000 0.00000
  outer loop
   vertex -4.3250 4.6900 -7.2500
   vertex -4.3250 4.8100 -7.7500
   vertex -4.3250 4.8100 -7.2500
  endloop
 endfacet
 facet normal -1.00000 0.00000 0.00000
  outer loop
   vertex -3.6750 4.6900 -7.7500
   vertex -3.6750 4.6900 -7.2500
   vertex -3.6750 4.8100 -7.2500
  endloop
 endfacet
 facet normal -1.00000 0.00000 0.00000
  outer loop
   vertex -3.6750 4.6900 -7.7500
   vertex -3.6750 4.8100 -7.2500
   vertex -3.6750 4.8100 -7.7500
  endloop
 endfacet
 facet normal 0.00000 -1.00000 0.00000
  outer loop
   vertex -4.3250 4.8100 -7.7500
   vertex -3.6750 4.8100 -7.7500
   vertex -3.6750 4.8100 -7.2500
  endloop
 endfacet
 facet normal 0.00000 -1.00000 0.00000
  outer loop
   vertex -4.3250 4.8100 -7.7500
   vertex -3.6750 4.8100 -7.2500
   vertex -4.3250 4.8100 -7.2500
  endloop
 endfacet
 facet normal 0.00000 1.00000 0.00000
  outer loop
   vertex -4.3250 4.6900 -7.2500
   vertex -3.6750 4.6900 -7.2500
   vertex -3.6750 4.6900 -7.7500
  endloop
 endfacet
 facet normal 0.00000 1.00000 0.00000
  outer loop
   vertex -4.3250 4.6900 -7.2500
   vertex -3.6750 4.6900 -7.7500
   vertex -4.3250 4.6900 -7.7500
  endloop
 endfacet
 facet normal -0.43388 0.00000 -0.90097
  outer loop
   vertex -4.0000 0.0000 -2.9000
   vertex -4.3127 0.0000 -2.7494
   vertex -4.3127 1.1000 -2.7494
  endloop
 endfacet
 facet normal -0.43388 0.00000 -0.90097
  outer loop
   vertex -4.0000 0.0000 -2.9000
   vertex -4.3127 1.1000 -2.7494
   vertex -4.0000 1.1000 -2.9000
  endloop
 endfacet
 facet normal 0.00000 -1.00000 0.00000
  outer loop
   vertex -4.0000 0.0000 -2.5000
   vertex -4.3127 0.0000 -2.7494
   vertex -4.0000 0.0000 -2.9000
  endloop
 endfacet
 facet normal 0.00000 1.00000 0.00000
  outer loop
   vertex -4.0000 1.1000 -2.5000
   vertex -4.0000 1.1000 -2.9000
   vertex -4.3127 1.1000 -2.7494
  endloop
 endfacet
 facet normal -0.97493 0.00000 -0.22252
  outer loop
   vertex -4.3127 0.0000 -2.7494
   vertex -4.3900 0.0000 -2.4110
   vertex -4.3900 1.1000 -2.4110
  endloop
 endfacet
 facet normal -0.97493 0.00000 -0.22252
  outer loop
   vertex -4.3127 0.0000 -2.7494
   vertex -4.3900 1.1000 -2.4110
   vertex -4.3127 1.1000 -2.7494
  endloop
 endfacet
 facet normal 0.00000 -1.00000 0.00000
  outer loop
   vertex -4.0000 0.0000 -2.5000
   vertex -4.3900 0.0000 -2.4110
   vertex -4.3127 0.0000 -2.7494
  endloop
 endfacet
 facet normal 0.00000 1.00000 0.00000
  outer loop
   vertex -4.0000 1.1000 -2.5000
   vertex -4.3127 1.1000 -2.7494
   vertex -4.3900 1.1000 -2.4110
  endloop
 endfacet
 facet normal -0.78183 0.00000 0.62349
  outer loop
   vertex -4.3900 0.0000 -2.4110
   vertex -4.1736 0.0000 -2.1396
   vertex -4.1736 1.1000 -2.1396
  endloop
 endfacet
 facet normal -0.78183 0.00000 0.62349
  outer loop
   vertex -4.3900 0.0000 -2.4110
   vertex -4.1736 1.1000 -2.1396
   vertex -4.3900 1.1000 -2.4110
  endloop
 endfacet
 facet normal 0.00000 -1.00000 0.00000
  outer loop
   vertex -4.0000 0.0000 -2.5000
   vertex -4.1736 0.0000 -2.1396
   vertex -4.3900 0.0000 -2.4110
  endloop
 endfacet
 facet normal 0.00000 1.00000 0.00000
  outer loop
   vertex -4.0000 1.1000 -2.5000
   vertex -4.3900 1.1000 -2.4110
   vertex -4.1736 1.1000 -2.1396
  endloop
 endfacet
 facet normal 0.00000 0.00000 1.00000
  outer loop
   vertex -4.1736 0.0000 -2.1396
   vertex -3.8264 0.0000 -2.1396
   vertex -3.8264 1.1000 -2.1396
  endloop
 endfacet
 facet normal 0.00000 0.00000 1.00000
  outer loop
   vertex -4.1736 0.0000 -2.1396
   vertex -3.8264 1.1000 -2.1396
   vertex -4.1736 1.1000 -2.1396
  endloop
 endfacet
 facet normal 0.00000 -1.00000 0.00000
  outer loop
   vertex -4.0000 0.0000 -2.5000
   vertex -3.8264 0.0000 -2.1396
   vertex -4.1736 0.0000 -2.1396
  endloop
 endfacet
 facet normal 0.00000 1.00000 0.00000
  outer loop
   vertex -4.0000 1.1000 -2.5000
   vertex -4.1736 1.1000 -2.1396
   vertex -3.8264 1.1000 -2.1396
  endloop
 endfacet
 facet normal 0.78183 0.00000 0.62349
  outer loop
   vertex -3.8264 0.0000 -2.1396
   vertex -3.6100 0.0000 -2.4110
   vertex -3.6100 1.1000 -2.4110
  endloop
 endfacet
 facet normal 0.78183 0.00000 0.62349
  outer loop
   vertex -3.8264 0.0000 -2.1396
   vertex -3.6100 1.1000 -2.4110
   vertex -3.8264 1.1000 -2.1396
  endloop
 endfacet
 facet normal 0.00000 -1.00000 0.00000
  outer loop
   vertex -4.0000 0.0000 -2.5000
   vertex -3.6100 0.0000 -2.4110
   vertex -3.8264 0.0000 -2.1396
  endloop
 endfacet
 facet normal 0.00000 1.00000 0.00000
  outer loop
   vertex -4.0000 1.1000 -2.5000
   vertex -3.8264 1.1000 -2.1396
   vertex -3.6100 1.1000 -2.4110
  endloop
 endfacet
 facet normal 0.97493 0.00000 -0.22252
  outer loop
   vertex -3.6100 0.0000 -2.4110
   vertex -3.6873 0.0000 -2.7494
   vertex -3.6873 1.1000 -2.7494
  endloop
 endfacet
 facet normal 0.97493 0.00000 -0.22252
  outer loop
   vertex -3.6100 0.0000 -2.4110
   vertex -3.6873 1.1000 -2.7494
   vertex -3.6100 1.1000 -2.4110
  endloop
 endfacet
 facet normal 0.00000 -1.00000 0.00000
  outer loop
   vertex -4.0000 0.0000 -2.5000
   vertex -3.6873 0.0000 -2.7494
   vertex -3.6100 0.0000 -2.4110
  endloop
 endfacet
 facet normal 0.00000 1.00000 0.00000
  outer loop
   vertex -4.0000 1.1000 -2.5000
   vertex -3.6100 1.1000 -2.4110
   vertex -3.6873 1.1000 -2.7494
  endloop
 endfacet
 facet normal 0.43388 0.00000 -0.90097
  outer loop
   vertex -3.6873 0.0000 -2.7494
   vertex -4.0000 0.0000 -2.9000
   vertex -4.0000 1.1000 -2.9000
  endloop
 endfacet
 facet normal 0.43388 0.00000 -0.90097
  outer loop
   vertex -3.6873 0.0000 -2.7494
   vertex -4.0000 1.1000 -2.9000
   vertex -3.6873 1.1000 -2.7494
  endloop
 endfacet
 facet normal 0.00000 -1.00000 0.00000
  outer loop
   vertex -4.0000 0.0000 -2.5000
   vertex -4.0000 0.0000 -2.9000
   vertex -3.6873 0.0000 -2.7494
  endloop
 endfacet
 facet normal 0.00000 1.00000 0.00000
  outer loop
   vertex -4.0000 1.1000 -2.5000
   vertex -3.6873 1.1000 -2.7494
   vertex -4.0000 1.1000 -2.9000
  endloop
 endfacet
 facet normal 0.00000 0.00000 1.00000
  outer loop
   vertex -4.3000 0.8900 -2.8000
   vertex -3.7000 0.8900 -2.8000
   vertex -3.7000 1.0100 -2.8000
  endloop
 endfacet
 facet normal 0.00000 0.00000 1.00000
  outer loop
   vertex -4.3000 0.8900 -2.8000
   vertex -3.7000 1.0100 -2.8000
   vertex -4.3000 1.0100 -2.8000
  endloop
 endfacet
 facet normal 0.00000 0.00000 -1.00000
  outer loop
   vertex -3.7000 0.8900 -2.2000
   vertex -4.3000 0.8900 -2.2000
   vertex -4.3000 1.0100 -2.2000
  endloop
 endfacet
 facet normal 0.00000 0.00000 -1.00000
  outer loop
   vertex -3.7000 0.8900 -2.2000
   vertex -4.3000 1.0100 -2.2000
   vertex -3.7000 1.0100 -2.2000
  endloop
 endfacet
 facet normal 1.00000 0.00000 0.00000
  outer loop
   vertex -4.3000 0.8900 -2.2000
   vertex -4.3000 0.8900 -2.8000
   vertex -4.3000 1.0100 -2.8000
  endloop
 endfacet
 facet normal 1.00000 0.00000 0.00000
  outer loop
   vertex -4.3000 0.8900 -2.2000
   vertex -4.3000 1.0100 -2.8000
   vertex -4.3000 1.0100 -2.2000
  endloop
 endfacet
 facet normal -1.00000 0.00000 0.00000
  outer loop
   vertex -3.7000 0.8900 -2.8000
   vertex -3.7000 0.8900 -2.2000
   vertex -3.7000 1.0100 -2.2000
  endloop
 endfacet
 facet normal -1.00000 0.00000 0.00000
  outer loop
   vertex -3.7000 0.8900 -2.8000
   vertex -3.7000 1.0100 -2.2000
   vertex -3.7000 1.0100 -2.8000
  endloop
 endfacet
 facet normal 0.00000 -1.00000 0.00000
  outer loop
   vertex -4.3000 1.0100 -2.8000
   vertex -3.7000 1.0100 -2.8000
   vertex -3.7000 1.0100 -2.2000
  endloop
 endfacet
 facet normal 0.00000 -1.00000 0.00000
  outer loop
   vertex -4.3000 1.0100 -2.8000
   vertex -3.7000 1.0100 -2.2000
   vertex -4.3000 1.0100 -2.2000
  endloop
 endfacet
 facet normal 0.00000 1.00000 0.00000
  outer loop
   vertex -4.3000 0.8900 -2.2000
   vertex -3.7000 0.8900 -2.2000
   vertex -3.7000 0.8900 -2.8000
  endloop
 endfacet
 facet normal 0.00000 1.00000 0.00000
  outer loop
   vertex -4.3000 0.8900 -2.2000
   vertex -3.7000 0.8900 -2.8000
   vertex -4.3000 0.8900 -2.8000
  endloop
 endfacet
 facet normal 0.00000 0.00000 1.00000
  outer loop
   vertex -0.0750 0.0500 -7.6000
   vertex 0.0750 0.0500 -7.6000
   vertex 0.0750 4.7500 -7.6000
  endloop
 endfacet
 facet normal 0.00000 0.00000 1.00000
  outer loop
   vertex -0.0750 0.0500 -7.6000
   vertex 0.0750 4.7500 -7.6000
   vertex -0.0750 4.7500 -7.6000
  endloop
 endfacet
 facet normal 0.00000 0.00000 -1.00000
  outer loop
   vertex 0.0750 0.0500 -7.4000
   vertex -0.0750 0.0500 -7.4000
   vertex -0.0750 4.7500 -7.4000
  endloop
 endfacet
 facet normal 0.00000 0.00000 -1.00000
  outer loop
   vertex 0.0750 0.0500 -7.4000
   vertex -0.0750 4.7500 -7.4000
   vertex 0.0750 4.7500 -7.4000
  endloop
 endfacet
 facet normal 1.00000 0.00000 0.00000
  outer loop
   vertex -0.0750 0.0500 -7.4000
   vertex -0.0750 0.0500 -7.6000
   vertex -0.0750 4.7500 -7.6000
  endloop
 endfacet
 facet normal 1.00000 0.00000 0.00000
  outer loop
   vertex -0.0750 0.0500 -7.4000
   vertex -0.0750 4.7500 -7.6000
   vertex -0.0750 4.7500 -7.4000
  endloop
 endfacet
 facet normal -1.00000 0.00000 0.00000
  outer loop
   vertex 0.0750 0.0500 -7.6000
   vertex 0.0750 0.0500 -7.4000
   vertex 0.0750 4.7500 -7.4000
  endloop
 endfacet
 facet normal -1.00000 0.00000 0.00000
  outer loop
   vertex 0.0750 0.0500 -7.6000
   vertex 0.0750 4.7500 -7.4000
   vertex 0.0750 4.7500 -7.6000
  endloop
 endfacet
 facet normal 0.00000 -1.00000 0.00000
  outer loop
   vertex -0.0750 4.7500 -7.6000
   vertex 0.0750 4.7500 -7.6000
   vertex 0.0750 4.7500 -7.4000
  endloop
 endfacet
 facet normal 0.00000 -1.00000 0.00000
  outer loop
   vertex -0.0750 4.7500 -7.6000
   vertex 0.0750 4.7500 -7.4000
   vertex -0.0750 4.7500 -7.4000
  endloop
 endfacet
 facet normal 0.00000 1.00000 0.00000
  outer loop
   vertex -0.0750 0.0500 -7.4000
   vertex 0.0750 0.0500 -7.4000
   vertex 0.0750 0.0500 -7.6000
  endloop
 endfacet
 facet normal 0.00000 1.00000 0.00000
  outer loop
   vertex -0.0750 0.0500 -7.4000
   vertex 0.0750 0.0500 -7.6000
   vertex -0.0750 0.0500 -7.6000
  endloop
 endfacet
 facet normal 0.00000 0.00000 1.00000
  outer loop
   vertex -0.3250 4.6900 -7.7500
   vertex 0.3250 4.6900 -7.7500
   vertex 0.3250 4.8100 -7.7500
  endloop
 endfacet
 facet normal 0.00000 0.00000 1.00000
  outer loop
   vertex -0.3250 4.6900 -7.7500
   vertex 0.3250 4.8100 -7.7500
   vertex -0.3250 4.8100 -7.7500
  endloop
 endfacet
 facet normal 0.00000 0.00000 -1.00000
  outer loop
   vertex 0.3250 4.6900 -7.2500
   vertex -0.3250 4.6900 -7.2500
   vertex -0.3250 4.8100 -7.2500
  endloop
 endfacet
 facet normal 0.00000 0.00000 -1.00000
  outer loop
   vertex 0.3250 4.6900 -7.2500
   vertex -0.3250 4.8100 -7.2500
   vertex 0.3250 4.8100 -7.2500
  endloop
 endfacet
 facet normal 1.00000 0.00000 0.00000
  outer loop
   vertex -0.3250 4.6900 -7.2500
   vertex -0.3250 4.6900 -7.7500
   vertex -0.3250 4.8100 -7.7500
  endloop
 endfacet
 facet normal 1.00000 0.00000 0.00000
  outer loop
   vertex -0.3250 4.6900 -7.2500
   vertex -0.3250 4.8100 -7.7500
   vertex -0.3250 4.8100 -7.2500
  endloop
 endfacet
 facet normal -1.00000 0.00000 0.00000
  outer loop
   vertex 0.3250 4.6900 -7.7500
   vertex 0.3250 4.6900 -7.2500
   vertex 0.3250 4.8100 -7.2500
  endloop
 endfacet
 facet normal -1.00000 0.00000 0.00000
  outer loop
   vertex 0.3250 4.6900 -7.7500
   vertex 0.3250 4.8100 -7.2500
   vertex 0.3250 4.8100 -7.7500
  endloop
 endfacet
 facet normal 0.00000 -1.00000 0.00000
  outer loop
   vertex -0.3250 4.8100 -7.7500
   vertex 0.3250 4.8100 -7.7500
   vertex 0.3250 4.8100 -7.2500
  endloop
 endfacet
 facet normal 0.00000 -1.00000 0.00000
  outer loop
   vertex -0.3250 4.8100 -7.7500
   vertex 0.3250 4.8100 -7.2500
   vertex -0.3250 4.8100 -7.2500
  endloop
 endfacet
 facet normal 0.00000 1.00000 0.00000
  outer loop
   vertex -0.3250 4.6900 -7.2500
   vertex 0.3250 4.6900 -7.2500
   vertex 0.3250 4.6900 -7.7500
  endloop
 endfacet
 facet normal 0.00000 1.00000 0.00000
  outer loop
   vertex -0.3250 4.6900 -7.2500
   vertex 0.3250 4.6900 -7.7500
   vertex -0.3250 4.6900 -7.7500
  endloop
 endfacet
 facet normal -0.43388 0.00000 -0.90097
  outer loop
   vertex 0.0000 0.0000 -2.9000
   vertex -0.3127 0.0000 -2.7494
   vertex -0.3127 1.1000 -2.7494
  endloop
 endfacet
 facet normal -0.43388 0.00000 -0.90097
  outer loop
   vertex 0.0000 0.0000 -2.9000
   vertex -0.3127 1.1000 -2.7494
   vertex 0.0000 1.1000 -2.9000
  endloop
 endfacet
 facet normal 0.00000 -1.00000 0.00000
  outer loop
   vertex 0.0000 0.0000 -2.5000
   vertex -0.3127 0.0000 -2.7494
   vertex 0.0000 0.0000 -2.9000
  endloop
 endfacet
 facet normal 0.00000 1.00000 0.00000
  outer loop
   vertex 0.0000 1.1000 -2.5000
   vertex 0.0000 1.1000 -2.9000
   vertex -0.3127 1.1000 -2.7494
  endloop
 endfacet
 facet normal -0.97493 0.00000 -0.22252
  outer loop
   vertex -0.3127 0.0000 -2.7494
   vertex -0.3900 0.0000 -2.4110
   vertex -0.3900 1.1000 -2.4110
  endloop
 endfacet
 facet normal -0.97493 0.00000 -0.22252
  outer loop
   vertex -0.3127 0.0000 -2.7494
   vertex -0.3900 1.1000 -2.4110
   vertex -0.3127 1.1000 -2.7494
  endloop
 endfacet
 facet normal 0.00000 -1.00000 0.00000
  outer loop
   vertex 0.0000 0.0000 -2.5000
   vertex -0.3900 0.0000 -2.4110
   vertex -0.3127 0.0000 -2.7494
  endloop
 endfacet
 facet normal 0.00000 1.00000 0.00000
  outer loop
   vertex 0.0000 1.1000 -2.5000
   vertex -0.3127 1.1000 -2.7494
   vertex -0.3900 1.1000 -2.4110
  endloop
 endfacet
 facet normal -0.78183 0.00000 0.62349
  outer loop
   vertex -0.3900 0.0000 -2.4110
   vertex -0.1736 0.0000 -2.1396
   vertex -0.1736 1.1000 -2.1396
  endloop
 endfacet
 facet normal -0.78183 0.00000 0.62349
  outer loop
   vertex -0.3900 0.0000 -2.4110
   vertex -0.1736 1.1000 -2.1396
   vertex -0.3900 1.1000 -2.4110
  endloop
 endfacet
 facet normal 0.00000 -1.00000 0.00000
  outer loop
   vertex 0.0000 0.0000 -2.5000
   vertex -0.1736 0.0000 -2.1396
   vertex -0.3900 0.0000 -2.4110
  endloop
 endfacet
 facet normal 0.00000 1.00000 0.00000
  outer loop
   vertex 0.0000 1.1000 -2.5000
   vertex -0.3900 1.1000 -2.4110
   vertex -0.1736 1.1000 -2.1396
  endloop
 endfacet
 facet normal 0.00000 0.00000 1.00000
  outer loop
   vertex -0.1736 0.0000 -2.1396
   vertex 0.1736 0.0000 -2.1396
   vertex 0.1736 1.1000 -2.1396
  endloop
 endfacet
 facet normal 0.00000 0.00000 1.00000
  outer loop
   vertex -0.1736 0.0000 -2.1396
   vertex 0.1736 1.1000 -2.1396
   vertex -0.1736 1.1000 -2.1396
  endloop
 endfacet
 facet normal 0.00000 -1.00000 0.00000
  outer loop
   vertex 0.0000 0.0000 -2.5000
   vertex 0.1736 0.0000 -2.1396
   vertex -0.1736 0.0000 -2.1396
  endloop
 endfacet
 facet normal 0.00000 1.00000 0.00000
  outer loop
   vertex 0.0000 1.1000 -2.5000
   vertex -0.1736 1.1000 -2.1396
   vertex 0.1736 1.1000 -2.1396
  endloop
 endfacet
 facet normal 0.78183 0.00000 0.62349
  outer loop
   vertex 0.1736 0.0000 -2.1396
   vertex 0.3900 0.0000 -2.4110
   vertex 0.3900 1.1000 -2.4110
  endloop
 endfacet
 facet normal 0.78183 0.00000 0.62349
  outer loop
   vertex 0.1736 0.0000 -2.1396
   vertex 0.3900 1.1000 -2.4110
   vertex 0.1736 1.1000 -2.1396
  endloop
 endfacet
 facet normal 0.00000 -1.00000 0.00000
  outer loop
   vertex 0.0000 0.0000 -2.5000
   vertex 0.3900 0.0000 -2.4110
   vertex 0.1736 0.0000 -2.1396
  endloop
 endfacet
 facet normal 0.00000 1.00000 0.00000
  outer loop
   vertex 0.0000 1.1000 -2.5000
   vertex 0.1736 1.1000 -2.1396
   vertex 0.3900 1.1000 -2.4110
  endloop
 endfacet
 facet normal 0.97493 0.00000 -0.22252
  outer loop
   vertex 0.3900 0.0000 -2.4110
   vertex 0.3127 0.0000 -2.7494
   vertex 0.3127 1.1000 -2.7494
  endloop
 endfacet
 facet normal 0.97493 0.00000 -0.22252
  outer loop
   vertex 0.3900 0.0000 -2.4110
   vertex 0.3127 1.1000 -2.7494
   vertex 0.3900 1.1000 -2.4110
  endloop
 endfacet
 facet normal 0.00000 -1.00000 0.00000
  outer loop
   vertex 0.0000 0.0000 -2.5000
   vertex 0.3127 0.0000 -2.7494
   vertex 0.3900 0.0000 -2.4110
  endloop
 endfacet
 facet normal 0.00000 1.00000 0.00000
  outer loop
   vertex 0.0000 1.1000 -2.5000
   vertex 0.3900 1.1000 -2.4110
   vertex 0.3127 1.1000 -2.7494
  endloop
 endfacet
 facet normal 0.43388 0.00000 -0.90097
  outer loop
   vertex 0.3127 0.0000 -2.7494
   vertex 0.0000 0.0000 -2.9000
   vertex 0.0000 1.1000 -2.9000
  endloop
 endfacet
 facet normal 0.43388 0.00000 -0.90097
  outer loop
   vertex 0.3127 0.0000 -2.7494
   vertex 0.0000 1.1000 -2.9000
   vertex 0.3127 1.1000 -2.7494
  endloop
 endfacet
 facet normal 0.00000 -1.00000 0.00000
  outer loop
   vertex 0.0000 0.0000 -2.5000
   vertex 0.0000 0.0000 -2.9000
   vertex 0.3127 0.0000 -2.7494
  endloop
 endfacet
 facet normal 0.00000 1.00000 0.00000
  outer loop
   vertex 0.0000 1.1000 -2.5000
   vertex 0.3127 1.1000 -2.7494
   vertex 0.0000 1.1000 -2.9000
  endloop
 endfacet
 facet normal 0.00000 0.00000 1.00000
  outer loop
   vertex -0.3000 0.8900 -2.8000
   vertex 0.3000 0.8900 -2.8000
   vertex 0.3000 1.0100 -2.8000
  endloop
 endfacet
 facet normal 0.00000 0.00000 1.00000
  outer loop
   vertex -0.3000 0.8900 -2.8000
   vertex 0.3000 1.0100 -2.8000
   vertex -0.3000 1.0100 -2.8000
  endloop
 endfacet
 facet normal 0.00000 0.00000 -1.00000
  outer loop
   vertex 0.3000 0.8900 -2.2000
   vertex -0.3000 0.8900 -2.2000
   vertex -0.3000 1.0100 -2.2000
  endloop
 endfacet
 facet normal 0.00000 0.00000 -1.00000
  outer loop
   vertex 0.3000 0.8900 -2.2000
   vertex -0.3000 1.0100 -2.2000
   vertex 0.3000 1.0100 -2.2000
  endloop
 endfacet
 facet normal 1.00000 0.00000 0.00000
  outer loop
   vertex -0.3000 0.8900 -2.2000
   vertex -0.3000 0.8900 -2.8000
   vertex -0.3000 1.0100 -2.8000
  endloop
 endfacet
 facet normal 1.00000 0.00000 0.00000
  outer loop
   vertex -0.3000 0.8900 -2.2000
   vertex -0.3000 1.0100 -2.8000
   vertex -0.3000 1.0100 -2.2000
  endloop
 endfacet
 facet normal -1.00000 0.00000 0.00000
  outer loop
   vertex 0.3000 0.8900 -2.8000
   vertex 0.3000 0.8900 -2.2000
   vertex 0.3000 1.0100 -2.2000
  endloop
 endfacet
 facet normal -1.00000 0.00000 0.00000
  outer loop
   vertex 0.3000 0.8900 -2.8000
   vertex 0.3000 1.0100 -2.2000
   vertex 0.3000 1.0100 -2.8000
  endloop
 endfacet
 facet normal 0.00000 -1.00000 0.00000
  outer loop
   vertex -0.3000 1.0100 -2.8000
   vertex 0.3000 1.0100 -2.8000
   vertex 0.3000 1.0100 -2.2000
  endloop
 endfacet
 facet normal 0.00000 -1.00000 0.00000
  outer loop
   vertex -0.3000 1.0100 -2.8000
   vertex 0.3000 1.0100 -2.2000
   vertex -0.3000 1.0100 -2.2000
  endloop
 endfacet
 facet normal 0.00000 1.00000 0.00000
  outer loop
   vertex -0.3000 0.8900 -2.2000
   vertex 0.3000 0.8900 -2.2000
   vertex 0.3000 0.8900 -2.8000
  endloop
 endfacet
 facet normal 0.00000 1.00000 0.00000
  outer loop
   vertex -0.3000 0.8900 -2.2000
   vertex 0.3000 0.8900 -2.8000
   vertex -0.3000 0.8900 -2.8000
  endloop
 endfacet
 facet normal 0.00000 0.00000 1.00000
  outer loop
   vertex 3.9250 0.0500 -7.6000
   vertex 4.0750 0.0500 -7.6000
   vertex 4.0750 4.7500 -7.6000
  endloop
 endfacet
 facet normal 0.00000 0.00000 1.00000
  outer loop
   vertex 3.9250 0.0500 -7.6000
   vertex 4.0750 4.7500 -7.6000
   vertex 3.9250 4.7500 -7.6000
  endloop
 endfacet
 facet normal 0.00000 0.00000 -1.00000
  outer loop
   vertex 4.0750 0.0500 -7.4000
   vertex 3.9250 0.0500 -7.4000
   vertex 3.9250 4.7500 -7.4000
  endloop
 endfacet
 facet normal 0.00000 0.00000 -1.00000
  outer loop
   vertex 4.0750 0.0500 -7.4000
   vertex 3.9250 4.7500 -7.4000
   vertex 4.0750 4.7500 -7.4000
  endloop
 endfacet
 facet normal 1.00000 0.00000 0.00000
  outer loop
   vertex 3.9250 0.0500 -7.4000
   vertex 3.9250 0.0500 -7.6000
   vertex 3.9250 4.7500 -7.6000
  endloop
 endfacet
 facet normal 1.00000 0.00000 0.00000
  outer loop
   vertex 3.9250 0.0500 -7.4000
   vertex 3.9250 4.7500 -7.6000
   vertex 3.9250 4.7500 -7.4000
  endloop
 endfacet
 facet normal -1.00000 0.00000 0.00000
  outer loop
   vertex 4.0750 0.0500 -7.6000
   vertex 4.0750 0.0500 -7.4000
   vertex 4.0750 4.7500 -7.4000
  endloop
 endfacet
 facet normal -1.00000 0.00000 0.00000
  outer loop
   vertex 4.0750 0.0500 -7.6000
   vertex 4.0750 4.7500 -7.4000
   vertex 4.0750 4.7500 -7.6000
  endloop
 endfacet
 facet normal 0.00000 -1.00000 0.00000
  outer loop
   vertex 3.9250 4.7500 -7.6000
   vertex 4.0750 4.7500 -7.6000
   vertex 4.0750 4.7500 -7.4000
  endloop
 endfacet
 facet normal 0.00000 -1.00000 0.00000
  outer loop
   vertex 3.9250 4.7500 -7.6000
   vertex 4.0750 4.7500 -7.4000
   vertex 3.9250 4.7500 -7.4000
  endloop
 endfacet
 facet normal 0.00000 1.00000 0.00000
  outer loop
   vertex 3.9250 0.0500 -7.4000
   vertex 4.0750 0.0500 -7.4000
   vertex 4.0750 0.0500 -7.6000
  endloop
 endfacet
 facet normal 0.00000 1.00000 0.00000
  outer loop
   vertex 3.9250 0.0500 -7.4000
   vertex 4.0750 0.0500 -7.6000
   vertex 3.9250 0.0500 -7.6000
  endloop
 endfacet
 facet normal 0.00000 0.00000 1.00000
  outer loop
   vertex 3.6750 4.6900 -7.7500
   vertex 4.3250 4.6900 -7.7500
   vertex 4.3250 4.8100 -7.7500
  endloop
 endfacet
 facet normal 0.00000 0.00000 1.00000
  outer loop
   vertex 3.6750 4.6900 -7.7500
   vertex 4.3250 4.8100 -7.7500
   vertex 3.6750 4.8100 -7.7500
  endloop
 endfacet
 facet normal 0.00000 0.00000 -1.00000
  outer loop
   vertex 4.3250 4.6900 -7.2500
   vertex 3.6750 4.6900 -7.2500
   vertex 3.6750 4.8100 -7.2500
  endloop
 endfacet
 facet normal 0.00000 0.00000 -1.00000
  outer loop
   vertex 4.3250 4.6900 -7.2500
   vertex 3.6750 4.8100 -7.2500
   vertex 4.3250 4.8100 -7.2500
  endloop
 endfacet
 facet normal 1.00000 0.00000 0.00000
  outer loop
   vertex 3.6750 4.6900 -7.2500
   vertex 3.6750 4.6900 -7.7500
   vertex 3.6750 4.8100 -7.7500
  endloop
 endfacet
 facet normal 1.00000 0.00000 0.00000
  outer loop
   vertex 3.6750 4.6900 -7.2500
   vertex 3.6750 4.8100 -7.7500
   vertex 3.6750 4.8100 -7.2500
  endloop
 endfacet
 facet normal -1.00000 0.00000 0.00000
  outer loop
   vertex 4.3250 4.6900 -7.7500
   vertex 4.3250 4.6900 -7.2500
   vertex 4.3250 4.8100 -7.2500
  endloop
 endfacet
 facet normal -1.00000 0.00000 0.00000
  outer loop
   vertex 4.3250 4.6900 -7.7500
   vertex 4.3250 4.8100 -7.2500
   vertex 4.3250 4.8100 -7.7500
  endloop
 endfacet
 facet normal 0.00000 -1.00000 0.00000
  outer loop
   vertex 3.6750 4.8100 -7.7500
   vertex 4.3250 4.8100 -7.7500
   vertex 4.3250 4.8100 -7.2500
  endloop
 endfacet
 facet normal 0.00000 -1.00000 0.00000
  outer loop
   vertex 3.6750 4.8100 -7.7500
   vertex 4.3250 4.8100 -7.2500
   vertex 3.6750 4.8100 -7.2500
  endloop
 endfacet
 facet normal 0.00000 1.00000 0.00000
  outer loop
   vertex 3.6750 4.6900 -7.2500
   vertex 4.3250 4.6900 -7.2500
   vertex 4.3250 4.6900 -7.7500
  endloop
 endfacet
 facet normal 0.00000 1.00000 0.00000
  outer loop
   vertex 3.6750 4.6900 -7.2500
   vertex 4.3250 4.6900 -7.7500
   vertex 3.6750 4.6900 -7.7500
  endloop
 endfacet
 facet normal -0.43388 0.00000 -0.90097
  outer loop
   vertex 4.0000 0.0000 -2.9000
   vertex 3.6873 0.0000 -2.7494
   vertex 3.6873 1.1000 -2.7494
  endloop
 endfacet
 facet normal -0.43388 0.00000 -0.90097
  outer loop
   vertex 4.0000 0.0000 -2.9000
   vertex 3.6873 1.1000 -2.7494
   vertex 4.0000 1.1000 -2.9000
  endloop
 endfacet
 facet normal 0.00000 -1.00000 0.00000
  outer loop
   vertex 4.0000 0.0000 -2.5000
   vertex 3.6873 0.0000 -2.7494
   vertex 4.0000 0.0000 -2.9000
  endloop
 endfacet
 facet normal 0.00000 1.00000 0.00000
  outer loop
   vertex 4.0000 1.1000 -2.5000
   vertex 4.0000 1.1000 -2.9000
   vertex 3.6873 1.1000 -2.7494
  endloop
 endfacet
 facet normal -0.97493 0.00000 -0.22252
  outer loop
   vertex 3.6873 0.0000 -2.7494
   vertex 3.6100 0.0000 -2.4110
   vertex 3.6100 1.1000 -2.4110
  endloop
 endfacet
 facet normal -0.97493 0.00000 -0.22252
  outer loop
   vertex 3.6873 0.0000 -2.7494
   vertex 3.6100 1.1000 -2.4110
   vertex 3.6873 1.1000 -2.7494
  endloop
 endfacet
 facet normal 0.00000 -1.00000 0.00000
  outer loop
   vertex 4.0000 0.0000 -2.5000
   vertex 3.6100 0.0000 -2.4110
   vertex 3.6873 0.0000 -2.7494
  endloop
 endfacet
 facet normal 0.00000 1.00000 0.00000
  outer loop
   vertex 4.0000 1.1000 -2.5000
   vertex 3.6873 1.1000 -2.7494
   vertex 3.6100 1.1000 -2.4110
  endloop
 endfacet
 facet normal -0.78183 0.00000 0.62349
  outer loop
   vertex 3.6100 0.0000 -2.4110
   vertex 3.8264 0.0000 -2.1396
   vertex 3.8264 1.1000 -2.1396
  endloop
 endfacet
 facet normal -0.78183 0.00000 0.62349
  outer loop
   vertex 3.6100 0.0000 -2.4110
   vertex 3.8264 1.1000 -2.1396
   vertex 3.6100 1.1000 -2.4110
  endloop
 endfacet
 facet normal 0.00000 -1.00000 0.00000
  outer loop
   vertex 4.0000 0.0000 -2.5000
   vertex 3.8264 0.0000 -2.1396
   vertex 3.6100 0.0000 -2.4110
  endloop
 endfacet
 facet normal 0.00000 1.00000 0.00000
  outer loop
   vertex 4.0000 1.1000 -2.5000
   vertex 3.6100 1.1000 -2.4110
   vertex 3.8264 1.1000 -2.1396
  endloop
 endfacet
 facet normal 0.00000 0.00000 1.00000
  outer loop
   vertex 3.8264 0.0000 -2.1396
   vertex 4.1736 0.0000 -2.1396
   vertex 4.1736 1.1000 -2.1396
  endloop
 endfacet
 facet normal 0.00000 0.00000 1.00000
  outer loop
   vertex 3.8264 0.0000 -2.1396
   vertex 4.1736 1.1000 -2.1396
   vertex 3.8264 1.1000 -2.1396
  endloop
 endfacet
 facet normal 0.00000 -1.00000 0.00000
  outer loop
   vertex 4.0000 0.0000 -2.5000
   vertex 4.1736 0.0000 -2.1396
   vertex 3.8264 0.0000 -2.1396
  endloop
 endfacet
 facet normal 0.00000 1.00000 0.00000
  outer loop
   vertex 4.0000 1.1000 -2.5000
   vertex 3.8264 1.1000 -2.1396
   vertex 4.1736 1.1000 -2.1396
  endloop
 endfacet
 facet normal 0.78183 0.00000 0.62349
  outer loop
   vertex 4.1736 0.0000 -2.1396
   vertex 4.3900 0.0000 -2.4110
   vertex 4.3900 1.1000 -2.4110
  endloop
 endfacet
 facet normal 0.78183 0.00000 0.62349
  outer loop
   vertex 4.1736 0.0000 -2.1396
   vertex 4.3900 1.1000 -2.4110
   vertex 4.1736 1.1000 -2.1396
  endloop
 endfacet
 facet normal 0.00000 -1.00000 0.00000
  outer loop
   vertex 4.0000 0.0000 -2.5000
   vertex 4.3900 0.0000 -2.4110
   vertex 4.1736 0.0000 -2.1396
  endloop
 endfacet
 facet normal 0.00000 1.00000 0.00000
  outer loop
   vertex 4.0000 1.1000 -2.5000
   vertex 4.1736 1.1000 -2.1396
   vertex 4.3900 1.1000 -2.4110
  endloop
 endfacet
 facet normal 0.97493 0.00000 -0.22252
  outer loop
   vertex 4.3900 0.0000 -2.4110
   vertex 4.3127 0.0000 -2.7494
   vertex 4.3127 1.1000 -2.7494
  endloop
 endfacet
 facet normal 0.97493 0.00000 -0.22252
  outer loop
   vertex 4.3900 0.0000 -2.4110
   vertex 4.3127 1.1000 -2.7494
   vertex 4.3900 1.1000 -2.4110
  endloop
 endfacet
 facet normal 0.00000 -1.00000 0.00000
  outer loop
   vertex 4.0000 0.0000 -2.5000
   vertex 4.3127 0.0000 -2.7494
   vertex 4.3900 0.0000 -2.4110
  endloop
 endfacet
 facet normal 0.00000 1.00000 0.00000
  outer loop
   vertex 4.0000 1.1000 -2.5000
   vertex 4.3900 1.1000 -2.4110
   vertex 4.3127 1.1000 -2.7494
  endloop
 endfacet
 facet normal 0.43388 0.00000 -0.90097
  outer loop
   vertex 4.3127 0.0000 -2.7494
   vertex 4.0000 0.0000 -2.9000
   vertex 4.0000 1.1000 -2.9000
  endloop
 endfacet
 facet normal 0.43388 0.00000 -0.90097
  outer loop
   vertex 4.3127 0.0000 -2.7494
   vertex 4.0000 1.1000 -2.9000
   vertex 4.3127 1.1000 -2.7494
  endloop
 endfacet
 facet normal 0.00000 -1.00000 0.00000
  outer loop
   vertex 4.0000 0.0000 -2.5000
   vertex 4.0000 0.0000 -2.9000
   vertex 4.3127 0.0000 -2.7494
  endloop
 endfacet
 facet normal 0.00000 1.00000 0.00000
  outer loop
   vertex 4.0000 1.1000 -2.5000
   vertex 4.3127 1.1000 -2.7494
   vertex 4.0000 1.1000 -2.9000
  endloop
 endfacet
 facet normal 0.00000 0.00000 1.00000
  outer loop
   vertex 3.7000 0.8900 -2.8000
   vertex 4.3000 0.8900 -2.8000
   vertex 4.3000 1.0100 -2.8000
  endloop
 endfacet
 facet normal 0.00000 0.00000 1.00000
  outer loop
   vertex 3.7000 0.8900 -2.8000
   vertex 4.3000 1.0100 -2.8000
   vertex 3.7000 1.0100 -2.8000
  endloop
 endfacet
 facet normal 0.00000 0.00000 -1.00000
  outer loop
   vertex 4.3000 0.8900 -2.2000
   vertex 3.7000 0.8900 -2.2000
   vertex 3.7000 1.0100 -2.2000
  endloop
 endfacet
 facet normal 0.00000 0.00000 -1.00000
  outer loop
   vertex 4.3000 0.8900 -2.2000
   vertex 3.7000 1.0100 -2.2000
   vertex 4.3000 1.0100 -2.2000
  endloop
 endfacet
 facet normal 1.00000 0.00000 0.00000
  outer loop
   vertex 3.7000 0.8900 -2.2000
   vertex 3.7000 0.8900 -2.8000
   vertex 3.7000 1.0100 -2.8000
  endloop
 endfacet
 facet normal 1.00000 0.00000 0.00000
  outer loop
   vertex 3.7000 0.8900 -2.2000
   vertex 3.7000 1.0100 -2.8000
   vertex 3.7000 1.0100 -2.2000
  endloop
 endfacet
 facet normal -1.00000 0.00000 0.00000
  outer loop
   vertex 4.3000 0.8900 -2.8000
   vertex 4.3000 0.8900 -2.2000
   vertex 4.3000 1.0100 -2.2000
  endloop
 endfacet
 facet normal -1.00000 0.00000 0.00000
  outer loop
   vertex 4.3000 0.8900 -2.8000
   vertex 4.3000 1.0100 -2.2000
   vertex 4.3000 1.0100 -2.8000
  endloop
 endfacet
 facet normal 0.00000 -1.00000 0.00000
  outer loop
   vertex 3.7000 1.0100 -2.8000
   vertex 4.3000 1.0100 -2.8000
   vertex 4.3000 1.0100 -2.2000
  endloop
 endfacet
 facet normal 0.00000 -1.00000 0.00000
  outer loop
   vertex 3.7000 1.0100 -2.8000
   vertex 4.3000 1.0100 -2.2000
   vertex 3.7000 1.0100 -2.2000
  endloop
 endfacet
 facet normal 0.00000 1.00000 0.00000
  outer loop
   vertex 3.7000 0.8900 -2.2000
   vertex 4.3000 0.8900 -2.2000
   vertex 4.3000 0.8900 -2.8000
  endloop
 endfacet
 facet normal 0.00000 1.00000 0.00000
  outer loop
   vertex 3.7000 0.8900 -2.2000
   vertex 4.3000 0.8900 -2.8000
   vertex 3.7000 0.8900 -2.8000
  endloop
 endfacet
 facet normal 0.00000 0.00000 1.00000
  outer loop
   vertex 7.9250 0.0500 -7.6000
   vertex 8.0750 0.0500 -7.6000
   vertex 8.0750 4.7500 -7.6000
  endloop
 endfacet
 facet normal 0.00000 0.00000 1.00000
  outer loop
   vertex 7.9250 0.0500 -7.6000
   vertex 8.0750 4.7500 -7.6000
   vertex 7.9250 4.7500 -7.6000
  endloop
 endfacet
 facet normal 0.00000 0.00000 -1.00000
  outer loop
   vertex 8.0750 0.0500 -7.4000
   vertex 7.9250 0.0500 -7.4000
   vertex 7.9250 4.7500 -7.4000
  endloop
 endfacet
 facet normal 0.00000 0.00000 -1.00000
  outer loop
   vertex 8.0750 0.0500 -7.4000
   vertex 7.9250 4.7500 -7.4000
   vertex 8.0750 4.7500 -7.4000
  endloop
 endfacet
 facet normal 1.00000 0.00000 0.00000
  outer loop
   vertex 7.9250 0.0500 -7.4000
   vertex 7.9250 0.0500 -7.6000
   vertex 7.9250 4.7500 -7.6000
  endloop
 endfacet
 facet normal 1.00000 0.00000 0.00000
  outer loop
   vertex 7.9250 0.0500 -7.4000
   vertex 7.9250 4.7500 -7.6000
   vertex 7.9250 4.7500 -7.4000
  endloop
 endfacet
 facet normal -1.00000 0.00000 0.00000
  outer loop
   vertex 8.0750 0.0500 -7.6000
   vertex 8.0750 0.0500 -7.4000
   vertex 8.0750 4.7500 -7.4000
  endloop
 endfacet
 facet normal -1.00000 0.00000 0.00000
  outer loop
   vertex 8.0750 0.0500 -7.6000
   vertex 8.0750 4.7500 -7.4000
   vertex 8.0750 4.7500 -7.6000
  endloop
 endfacet
 facet normal 0.00000 -1.00000 0.00000
  outer loop
   vertex 7.9250 4.7500 -7.6000
   vertex 8.0750 4.7500 -7.6000
   vertex 8.0750 4.7500 -7.4000
  endloop
 endfacet
 facet normal 0.00000 -1.00000 0.00000
  outer loop
   vertex 7.9250 4.7500 -7.6000
   vertex 8.0750 4.7500 -7.4000
   vertex 7.9250 4.7500 -7.4000
  endloop
 endfacet
 facet normal 0.00000 1.00000 0.00000
  outer loop
   vertex 7.9250 0.0500 -7.4000
   vertex 8.0750 0.0500 -7.4000
   vertex 8.0750 0.0500 -7.6000
  endloop
 endfacet
 facet normal 0.00000 1.00000 0.00000
  outer loop
   vertex 7.9250 0.0500 -7.4000
   vertex 8.0750 0.0500 -7.6000
   vertex 7.9250 0.0500 -7.6000
  endloop
 endfacet
 facet normal 0.00000 0.00000 1.00000
  outer loop
   vertex 7.6750 4.6900 -7.7500
   vertex 8.3250 4.6900 -7.7500
   vertex 8.3250 4.8100 -7.7500
  endloop
 endfacet
 facet normal 0.00000 0.00000 1.00000
  outer loop
   vertex 7.6750 4.6900 -7.7500
   vertex 8.3250 4.8100 -7.7500
   vertex 7.6750 4.8100 -7.7500
  endloop
 endfacet
 facet normal 0.00000 0.00000 -1.00000
  outer loop
   vertex 8.3250 4.6900 -7.2500
   vertex 7.6750 4.6900 -7.2500
   vertex 7.6750 4.8100 -7.2500
  endloop
 endfacet
 facet normal 0.00000 0.00000 -1.00000
  outer loop
   vertex 8.3250 4.6900 -7.2500
   vertex 7.6750 4.8100 -7.2500
   vertex 8.3250 4.8100 -7.2500
  endloop
 endfacet
 facet normal 1.00000 0.00000 0.00000
  outer loop
   vertex 7.6750 4.6900 -7.2500
   vertex 7.6750 4.6900 -7.7500
   vertex 7.6750 4.8100 -7.7500
  endloop
 endfacet
 facet normal 1.00000 0.00000 0.00000
  outer loop
   vertex 7.6750 4.6900 -7.2500
   vertex 7.6750 4.8100 -7.7500
   vertex 7.6750 4.8100 -7.2500
  endloop
 endfacet
 facet normal -1.00000 0.00000 0.00000
  outer loop
   vertex 8.3250 4.6900 -7.7500
   vertex 8.3250 4.6900 -7.2500
   vertex 8.3250 4.8100 -7.2500
  endloop
 endfacet
 facet normal -1.00000 0.00000 0.00000
  outer loop
   vertex 8.3250 4.6900 -7.7500
   vertex 8.3250 4.8100 -7.2500
   vertex 8.3250 4.8100 -7.7500
  endloop
 endfacet
 facet normal 0.00000 -1.00000 0.00000
  outer loop
   vertex 7.6750 4.8100 -7.7500
   vertex 8.3250 4.8100 -7.7500
   vertex 8.3250 4.8100 -7.2500
  endloop
 endfacet
 facet normal 0.00000 -1.00000 0.00000
  outer loop
   vertex 7.6750 4.8100 -7.7500
   vertex 8.3250 4.8100 -7.2500
   vertex 7.6750 4.8100 -7.2500
  endloop
 endfacet
 facet normal 0.00000 1.00000 0.00000
  outer loop
   vertex 7.6750 4.6900 -7.2500
   vertex 8.3250 4.6900 -7.2500
   vertex 8.3250 4.6900 -7.7500
  endloop
 endfacet
 facet normal 0.00000 1.00000 0.00000
  outer loop
   vertex 7.6750 4.6900 -7.2500
   vertex 8.3250 4.6900 -7.7500
   vertex 7.6750 4.6900 -7.7500
  endloop
 endfacet
 facet normal -0.43388 0.00000 -0.90097
  outer loop
   vertex 8.0000 0.0000 -2.9000
   vertex 7.6873 0.0000 -2.7494
   vertex 7.6873 1.1000 -2.7494
  endloop
 endfacet
 facet normal -0.43388 0.00000 -0.90097
  outer loop
   vertex 8.0000 0.0000 -2.9000
   vertex 7.6873 1.1000 -2.7494
   vertex 8.0000 1.1000 -2.9000
  endloop
 endfacet
 facet normal 0.00000 -1.00000 0.00000
  outer loop
   vertex 8.0000 0.0000 -2.5000
   vertex 7.6873 0.0000 -2.7494
   vertex 8.0000 0.0000 -2.9000
  endloop
 endfacet
 facet normal 0.00000 1.00000 0.00000
  outer loop
   vertex 8.0000 1.1000 -2.5000
   vertex 8.0000 1.1000 -2.9000
   vertex 7.6873 1.1000 -2.7494
  endloop
 endfacet
 facet normal -0.97493 0.00000 -0.22252
  outer loop
   vertex 7.6873 0.0000 -2.7494
   vertex 7.6100 0.0000 -2.4110
   vertex 7.6100 1.1000 -2.4110
  endloop
 endfacet
 facet normal -0.97493 0.00000 -0.22252
  outer loop
   vertex 7.6873 0.0000 -2.7494
   vertex 7.6100 1.1000 -2.4110
   vertex 7.6873 1.1000 -2.7494
  endloop
 endfacet
 facet normal 0.00000 -1.00000 0.00000
  outer loop
   vertex 8.0000 0.0000 -2.5000
   vertex 7.6100 0.0000 -2.4110
   vertex 7.6873 0.0000 -2.7494
  endloop
 endfacet
 facet normal 0.00000 1.00000 0.00000
  outer loop
   vertex 8.0000 1.1000 -2.5000
   vertex 7.6873 1.1000 -2.7494
   vertex 7.6100 1.1000 -2.4110
  endloop
 endfacet
 facet normal -0.78183 0.00000 0.62349
  outer loop
   vertex 7.6100 0.0000 -2.4110
   vertex 7.8264 0.0000 -2.1396
   vertex 7.8264 1.1000 -2.1396
  endloop
 endfacet
 facet normal -0.78183 0.00000 0.62349
  outer loop
   vertex 7.6100 0.0000 -2.4110
   vertex 7.8264 1.1000 -2.1396
   vertex 7.6100 1.1000 -2.4110
  endloop
 endfacet
 facet normal 0.00000 -1.00000 0.00000
  outer loop
   vertex 8.0000 0.0000 -2.5000
   vertex 7.8264 0.0000 -2.1396
   vertex 7.6100 0.0000 -2.4110
  endloop
 endfacet
 facet normal 0.00000 1.00000 0.00000
  outer loop
   vertex 8.0000 1.1000 -2.5000
   vertex 7.6100 1.1000 -2.4110
   vertex 7.8264 1.1000 -2.1396
  endloop
 endfacet
 facet normal 0.00000 0.00000 1.00000
  outer loop
   vertex 7.8264 0.0000 -2.1396
   vertex 8.1736 0.0000 -2.1396
   vertex 8.1736 1.1000 -2.1396
  endloop
 endfacet
 facet normal 0.00000 0.00000 1.00000
  outer loop
   vertex 7.8264 0.0000 -2.1396
   vertex 8.1736 1.1000 -2.1396
   vertex 7.8264 1.1000 -2.1396
  endloop
 endfacet
 facet normal 0.00000 -1.00000 0.00000
  outer loop
   vertex 8.0000 0.0000 -2.5000
   vertex 8.1736 0.0000 -2.1396
   vertex 7.8264 0.0000 -2.1396
  endloop
 endfacet
 facet normal 0.00000 1.00000 0.00000
  outer loop
   vertex 8.0000 1.1000 -2.5000
   vertex 7.8264 1.1000 -2.1396
   vertex 8.1736 1.1000 -2.1396
  endloop
 endfacet
 facet normal 0.78183 0.00000 0.62349
  outer loop
   vertex 8.1736 0.0000 -2.1396
   vertex 8.3900 0.0000 -2.4110
   vertex 8.3900 1.1000 -2.4110
  endloop
 endfacet
 facet normal 0.78183 0.00000 0.62349
  outer loop
   vertex 8.1736 0.0000 -2.1396
   vertex 8.3900 1.1000 -2.4110
   vertex 8.1736 1.1000 -2.1396
  endloop
 endfacet
 facet normal 0.00000 -1.00000 0.00000
  outer loop
   vertex 8.0000 0.0000 -2.5000
   vertex 8.3900 0.0000 -2.4110
   vertex 8.1736 0.0000 -2.1396
  endloop
 endfacet
 facet normal 0.00000 1.00000 0.00000
  outer loop
   vertex 8.0000 1.1000 -2.5000
   vertex 8.1736 1.1000 -2.1396
   vertex 8.3900 1.1000 -2.4110
  endloop
 endfacet
 facet normal 0.97493 0.00000 -0.22252
  outer loop
   vertex 8.3900 0.0000 -2.4110
   vertex 8.3127 0.0000 -2.7494
   vertex 8.3127 1.1000 -2.7494
  endloop
 endfacet
 facet normal 0.97493 0.00000 -0.22252
  outer loop
   vertex 8.3900 0.0000 -2.4110
   vertex 8.3127 1.1000 -2.7494
   vertex 8.3900 1.1000 -2.4110
  endloop
 endfacet
 facet normal 0.00000 -1.00000 0.00000
  outer loop
   vertex 8.0000 0.0000 -2.5000
   vertex 8.3127 0.0000 -2.7494
   vertex 8.3900 0.0000 -2.4110
  endloop
 endfacet
 facet normal 0.00000 1.00000 0.00000
  outer loop
   vertex 8.0000 1.1000 -2.5000
   vertex 8.3900 1.1000 -2.4110
   vertex 8.3127 1.1000 -2.7494
  endloop
 endfacet
 facet normal 0.43388 0.00000 -0.90097
  outer loop
   vertex 8.3127 0.0000 -2.7494
   vertex 8.0000 0.0000 -2.9000
   vertex 8.0000 1.1000 -2.9000
  endloop
 endfacet
 facet normal 0.43388 0.00000 -0.90097
  outer loop
   vertex 8.3127 0.0000 -2.7494
   vertex 8.0000 1.1000 -2.9000
   vertex 8.3127 1.1000 -2.7494
  endloop
 endfacet
 facet normal 0.00000 -1.00000 0.00000
  outer loop
   vertex 8.0000 0.0000 -2.5000
   vertex 8.0000 0.0000 -2.9000
   vertex 8.3127 0.0000 -2.7494
  endloop
 endfacet
 facet normal 0.00000 1.00000 0.00000
  outer loop
   vertex 8.0000 1.1000 -2.5000
   vertex 8.3127 1.1000 -2.7494
   vertex 8.0000 1.1000 -2.9000
  endloop
 endfacet
 facet normal 0.00000 0.00000 1.00000
  outer loop
   vertex 7.7000 0.8900 -2.8000
   vertex 8.3000 0.8900 -2.8000
   vertex 8.3000 1.0100 -2.8000
  endloop
 endfacet
 facet normal 0.00000 0.00000 1.00000
  outer loop
   vertex 7.7000 0.8900 -2.8000
   vertex 8.3000 1.0100 -2.8000
   vertex 7.7000 1.0100 -2.8000
  endloop
 endfacet
 facet normal 0.00000 0.00000 -1.00000
  outer loop
   vertex 8.3000 0.8900 -2.2000
   vertex 7.7000 0.8900 -2.2000
   vertex 7.7000 1.0100 -2.2000
  endloop
 endfacet
 facet normal 0.00000 0.00000 -1.00000
  outer loop
   vertex 8.3000 0.8900 -2.2000
   vertex 7.7000 1.0100 -2.2000
   vertex 8.3000 1.0100 -2.2000
  endloop
 endfacet
 facet normal 1.00000 0.00000 0.00000
  outer loop
   vertex 7.7000 0.8900 -2.2000
   vertex 7.7000 0.8900 -2.8000
   vertex 7.7000 1.0100 -2.8000
  endloop
 endfacet
 facet normal 1.00000 0.00000 0.00000
  outer loop
   vertex 7.7000 0.8900 -2.2000
   vertex 7.7000 1.0100 -2.8000
   vertex 7.7000 1.0100 -2.2000
  endloop
 endfacet
 facet normal -1.00000 0.00000 0.00000
  outer loop
   vertex 8.3000 0.8900 -2.8000
   vertex 8.3000 0.8900 -2.2000
   vertex 8.3000 1.0100 -2.2000
  endloop
 endfacet
 facet normal -1.00000 0.00000 0.00000
  outer loop
   vertex 8.3000 0.8900 -2.8000
   vertex 8.3000 1.0100 -2.2000
   vertex 8.3000 1.0100 -2.8000
  endloop
 endfacet
 facet normal 0.00000 -1.00000 0.00000
  outer loop
   vertex 7.7000 1.0100 -2.8000
   vertex 8.3000 1.0100 -2.8000
   vertex 8.3000 1.0100 -2.2000
  endloop
 endfacet
 facet normal 0.00000 -1.00000 0.00000
  outer loop
   vertex 7.7000 1.0100 -2.8000
   vertex 8.3000 1.0100 -2.2000
   vertex 7.7000 1.0100 -2.2000
  endloop
 endfacet
 facet normal 0.00000 1.00000 0.00000
  outer loop
   vertex 7.7000 0.8900 -2.2000
   vertex 8.3000 0.8900 -2.2000
   vertex 8.3000 0.8900 -2.8000
  endloop
 endfacet
 facet normal 0.00000 1.00000 0.00000
  outer loop
   vertex 7.7000 0.8900 -2.2000
   vertex 8.3000 0.8900 -2.8000
   vertex 7.7000 0.8900 -2.8000
  endloop
 endfacet
 facet normal 0.00000 0.00000 1.00000
  outer loop
   vertex -1.5000 0.0000 1.5000
   vertex 1.5000 0.0000 1.5000
   vertex 1.5000 0.8000 1.5000
  endloop
 endfacet
 facet normal 0.00000 0.00000 1.00000
  outer loop
   vertex -1.5000 0.0000 1.5000
   vertex 1.5000 0.8000 1.5000
   vertex -1.5000 0.8000 1.5000
  endloop
 endfacet
 facet normal 0.00000 0.00000 -1.00000
  outer loop
   vertex 1.5000 0.0000 2.5000
   vertex -1.5000 0.0000 2.5000
   vertex -1.5000 0.8000 2.5000
  endloop
 endfacet
 facet normal 0.00000 0.00000 -1.00000
  outer loop
   vertex 1.5000 0.0000 2.5000
   vertex -1.5000 0.8000 2.5000
   vertex 1.5000 0.8000 2.5000
  endloop
 endfacet
 facet normal 1.00000 0.00000 0.00000
  outer loop
   vertex -1.5000 0.0000 2.5000
   vertex -1.5000 0.0000 1.5000
   vertex -1.5000 0.8000 1.5000
  endloop
 endfacet
 facet normal 1.00000 0.00000 0.00000
  outer loop
   vertex -1.5000 0.0000 2.5000
   vertex -1.5000 0.8000 1.5000
   vertex -1.5000 0.8000 2.5000
  endloop
 endfacet
 facet normal -1.00000 0.00000 0.00000
  outer loop
   vertex 1.5000 0.0000 1.5000
   vertex 1.5000 0.0000 2.5000
   vertex 1.5000 0.8000 2.5000
  endloop
 endfacet
 facet normal -1.00000 0.00000 0.00000
  outer loop
   vertex 1.5000 0.0000 1.5000
   vertex 1.5000 0.8000 2.5000
   vertex 1.5000 0.8000 1.5000
  endloop
 endfacet
 facet normal 0.00000 -1.00000 0.00000
  outer loop
   vertex -1.5000 0.8000 1.5000
   vertex 1.5000 0.8000 1.5000
   vertex 1.5000 0.8000 2.5000
  endloop
 endfacet
 facet normal 0.00000 -1.00000 0.00000
  outer loop
   vertex -1.5000 0.8000 1.5000
   vertex 1.5000 0.8000 2.5000
   vertex -1.5000 0.8000 2.5000
  endloop
 endfacet
 facet normal 0.00000 1.00000 0.00000
  outer loop
   vertex -1.5000 0.0000 2.5000
   vertex 1.5000 0.0000 2.5000
   vertex 1.5000 0.0000 1.5000
  endloop
 endfacet
 facet normal 0.00000 1.00000 0.00000
  outer loop
   vertex -1.5000 0.0000 2.5000
   vertex 1.5000 0.0000 1.5000
   vertex -1.5000 0.0000 1.5000
  endloop
 endfacet
 facet normal 0.00000 0.00000 1.00000
  outer loop
   vertex -1.5250 0.4000 1.8750
   vertex -1.2750 0.4000 1.8750
   vertex -1.2750 1.6000 1.8750
  endloop
 endfacet
 facet normal 0.00000 0.00000 1.00000
  outer loop
   vertex -1.5250 0.4000 1.8750
   vertex -1.2750 1.6000 1.8750
   vertex -1.5250 1.6000 1.8750
  endloop
 endfacet
 facet normal 0.00000 0.00000 -1.00000
  outer loop
   vertex -1.2750 0.4000 2.1250
   vertex -1.5250 0.4000 2.1250
   vertex -1.5250 1.6000 2.1250
  endloop
 endfacet
 facet normal 0.00000 0.00000 -1.00000
  outer loop
   vertex -1.2750 0.4000 2.1250
   vertex -1.5250 1.6000 2.1250
   vertex -1.2750 1.6000 2.1250
  endloop
 endfacet
 facet normal 1.00000 0.00000 0.00000
  outer loop
   vertex -1.5250 0.4000 2.1250
   vertex -1.5250 0.4000 1.8750
   vertex -1.5250 1.6000 1.8750
  endloop
 endfacet
 facet normal 1.00000 0.00000 0.00000
  outer loop
   vertex -1.5250 0.4000 2.1250
   vertex -1.5250 1.6000 1.8750
   vertex -1.5250 1.6000 2.1250
  endloop
 endfacet
 facet normal -1.00000 0.00000 0.00000
  outer loop
   vertex -1.2750 0.4000 1.8750
   vertex -1.2750 0.4000 2.1250
   vertex -1.2750 1.6000 2.1250
  endloop
 endfacet
 facet normal -1.00000 0.00000 0.00000
  outer loop
   vertex -1.2750 0.4000 1.8750
   vertex -1.2750 1.6000 2.1250
   vertex -1.2750 1.6000 1.8750
  endloop
 endfacet
 facet normal 0.00000 -1.00000 0.00000
  outer loop
   vertex -1.5250 1.6000 1.8750
   vertex -1.2750 1.6000 1.8750
   vertex -1.2750 1.6000 2.1250
  endloop
 endfacet
 facet normal 0.00000 -1.00000 0.00000
  outer loop
   vertex -1.5250 1.6000 1.8750
   vertex -1.2750 1.6000 2.1250
   vertex -1.5250 1.6000 2.1250
  endloop
 endfacet
 facet normal 0.00000 1.00000 0.00000
  outer loop
   vertex -1.5250 0.4000 2.1250
   vertex -1.2750 0.4000 2.1250
   vertex -1.2750 0.4000 1.8750
  endloop
 endfacet
 facet normal 0.00000 1.00000 0.00000
  outer loop
   vertex -1.5250 0.4000 2.1250
   vertex -1.2750 0.4000 1.8750
   vertex -1.5250 0.4000 1.8750
  endloop
 endfacet
 facet normal 0.00000 0.00000 1.00000
  outer loop
   vertex 1.2750 0.4000 1.8750
   vertex 1.5250 0.4000 1.8750
   vertex 1.5250 1.6000 1.8750
  endloop
 endfacet
 facet normal 0.00000 0.00000 1.00000
  outer loop
   vertex 1.2750 0.4000 1.8750
   vertex 1.5250 1.6000 1.8750
   vertex 1.2750 1.6000 1.8750
  endloop
 endfacet
 facet normal 0.00000 0.00000 -1.00000
  outer loop
   vertex 1.5250 0.4000 2.1250
   vertex 1.2750 0.4000 2.1250
   vertex 1.2750 1.6000 2.1250
  endloop
 endfacet
 facet normal 0.00000 0.00000 -1.00000
  outer loop
   vertex 1.5250 0.4000 2.1250
   vertex 1.2750 1.6000 2.1250
   vertex 1.5250 1.6000 2.1250
  endloop
 endfacet
 facet normal 1.00000 0.00000 0.00000
  outer loop
   vertex 1.2750 0.4000 2.1250
   vertex 1.2750 0.4000 1.8750
   vertex 1.2750 1.6000 1.8750
  endloop
 endfacet
 facet normal 1.00000 0.00000 0.00000
  outer loop
   vertex 1.2750 0.4000 2.1250
   vertex 1.2750 1.6000 1.8750
   vertex 1.2750 1.6000 2.1250
  endloop
 endfacet
 facet normal -1.00000 0.00000 0.00000
  outer loop
   vertex 1.5250 0.4000 1.8750
   vertex 1.5250 0.4000 2.1250
   vertex 1.5250 1.6000 2.1250
  endloop
 endfacet
 facet normal -1.00000 0.00000 0.00000
  outer loop
   vertex 1.5250 0.4000 1.8750
   vertex 1.5250 1.6000 2.1250
   vertex 1.5250 1.6000 1.8750
  endloop
 endfacet
 facet normal 0.00000 -1.00000 0.00000
  outer loop
   vertex 1.2750 1.6000 1.8750
   vertex 1.5250 1.6000 1.8750
   vertex 1.5250 1.6000 2.1250
  endloop
 endfacet
 facet normal 0.00000 -1.00000 0.00000
  outer loop
   vertex 1.2750 1.6000 1.8750
   vertex 1.5250 1.6000 2.1250
   vertex 1.2750 1.6000 2.1250
  endloop
 endfacet
 facet normal 0.00000 1.00000 0.00000
  outer loop
   vertex 1.2750 0.4000 2.1250
   vertex 1.5250 0.4000 2.1250
   vertex 1.5250 0.4000 1.8750
  endloop
 endfacet
 facet normal 0.00000 1.00000 0.00000
  outer loop
   vertex 1.2750 0.4000 2.1250
   vertex 1.5250 0.4000 1.8750
   vertex 1.2750 0.4000 1.8750
  endloop
 endfacet
 facet normal -0.58779 0.00000 -0.80902
  outer loop
   vertex -9.0000 0.0000 7.3550
   vertex -9.0428 0.0000 7.3861
   vertex -9.0428 5.4000 7.3861
  endloop
 endfacet
 facet normal -0.58779 0.00000 -0.80902
  outer loop
   vertex -9.0000 0.0000 7.3550
   vertex -9.0428 5.4000 7.3861
   vertex -9.0000 5.4000 7.3550
  endloop
 endfacet
 facet normal 0.00000 -1.00000 0.00000
  outer loop
   vertex -9.0000 0.0000 7.4000
   vertex -9.0428 0.0000 7.3861
   vertex -9.0000 0.0000 7.3550
  endloop
 endfacet
 facet normal 0.00000 1.00000 0.00000
  outer loop
   vertex -9.0000 5.4000 7.4000
   vertex -9.0000 5.4000 7.3550
   vertex -9.0428 5.4000 7.3861
  endloop
 endfacet
 facet normal -0.95106 0.00000 0.30902
  outer loop
   vertex -9.0428 0.0000 7.3861
   vertex -9.0265 0.0000 7.4364
   vertex -9.0265 5.4000 7.4364
  endloop
 endfacet
 facet normal -0.95106 0.00000 0.30902
  outer loop
   vertex -9.0428 0.0000 7.3861
   vertex -9.0265 5.4000 7.4364
   vertex -9.0428 5.4000 7.3861
  endloop
 endfacet
 facet normal 0.00000 -1.00000 0.00000
  outer loop
   vertex -9.0000 0.0000 7.4000
   vertex -9.0265 0.0000 7.4364
   vertex -9.0428 0.0000 7.3861
  endloop
 endfacet
 facet normal 0.00000 1.00000 0.00000
  outer loop
   vertex -9.0000 5.4000 7.4000
   vertex -9.0428 5.4000 7.3861
   vertex -9.0265 5.4000 7.4364
  endloop
 endfacet
 facet normal 0.00000 0.00000 1.00000
  outer loop
   vertex -9.0265 0.0000 7.4364
   vertex -8.9735 0.0000 7.4364
   vertex -8.9735 5.4000 7.4364
  endloop
 endfacet
 facet normal 0.00000 0.00000 1.00000
  outer loop
   vertex -9.0265 0.0000 7.4364
   vertex -8.9735 5.4000 7.4364
   vertex -9.0265 5.4000 7.4364
  endloop
 endfacet
 facet normal 0.00000 -1.00000 0.00000
  outer loop
   vertex -9.0000 0.0000 7.4000
   vertex -8.9735 0.0000 7.4364
   vertex -9.0265 0.0000 7.4364
  endloop
 endfacet
 facet normal 0.00000 1.00000 0.00000
  outer loop
   vertex -9.0000 5.4000 7.4000
   vertex -9.0265 5.4000 7.4364
   vertex -8.9735 5.4000 7.4364
  endloop
 endfacet
 facet normal 0.95106 0.00000 0.30902
  outer loop
   vertex -8.9735 0.0000 7.4364
   vertex -8.9572 0.0000 7.3861
   vertex -8.9572 5.4000 7.3861
  endloop
 endfacet
 facet normal 0.95106 0.00000 0.30902
  outer loop
   vertex -8.9735 0.0000 7.4364
   vertex -8.9572 5.4000 7.3861
   vertex -8.9735 5.4000 7.4364
  endloop
 endfacet
 facet normal 0.00000 -1.00000 0.00000
  outer loop
   vertex -9.0000 0.0000 7.4000
   vertex -8.9572 0.0000 7.3861
   vertex -8.9735 0.0000 7.4364
  endloop
 endfacet
 facet normal 0.00000 1.00000 0.00000
  outer loop
   vertex -9.0000 5.4000 7.4000
   vertex -8.9735 5.4000 7.4364
   vertex -8.9572 5.4000 7.3861
  endloop
 endfacet
 facet normal 0.58779 0.00000 -0.80902
  outer loop
   vertex -8.9572 0.0000 7.3861
   vertex -9.0000 0.0000 7.3550
   vertex -9.0000 5.4000 7.3550
  endloop
 endfacet
 facet normal 0.58779 0.00000 -0.80902
  outer loop
   vertex -8.9572 0.0000 7.3861
   vertex -9.0000 5.4000 7.3550
   vertex -8.9572 5.4000 7.3861
  endloop
 endfacet
 facet normal 0.00000 -1.00000 0.00000
  outer loop
   vertex -9.0000 0.0000 7.4000
   vertex -9.0000 0.0000 7.3550
   vertex -8.9572 0.0000 7.3861
  endloop
 endfacet
 facet normal 0.00000 1.00000 0.00000
  outer loop
   vertex -9.0000 5.4000 7.4000
   vertex -8.9572 5.4000 7.3861
   vertex -9.0000 5.4000 7.3550
  endloop
 endfacet
 facet normal 0.21527 -0.37672 0.90097
  outer loop
   vertex -9.0000 5.3000 7.4350
   vertex -8.9864 5.2762 7.4218
   vertex -8.2864 5.6762 7.4218
  endloop
 endfacet
 facet normal 0.21527 -0.37672 0.90097
  outer loop
   vertex -9.0000 5.3000 7.4350
   vertex -8.2864 5.6762 7.4218
   vertex -8.3000 5.7000 7.4350
  endloop
 endfacet
 facet normal -0.86824 -0.49614 0.00000
  outer loop
   vertex -9.0000 5.3000 7.4000
   vertex -8.9864 5.2762 7.4218
   vertex -9.0000 5.3000 7.4350
  endloop
 endfacet
 facet normal 0.86824 0.49614 0.00000
  outer loop
   vertex -8.3000 5.7000 7.4000
   vertex -8.3000 5.7000 7.4350
   vertex -8.2864 5.6762 7.4218
  endloop
 endfacet
 facet normal 0.48370 -0.84647 0.22252
  outer loop
   vertex -8.9864 5.2762 7.4218
   vertex -8.9831 5.2704 7.3922
   vertex -8.2831 5.6704 7.3922
  endloop
 endfacet
 facet normal 0.48370 -0.84647 0.22252
  outer loop
   vertex -8.9864 5.2762 7.4218
   vertex -8.2831 5.6704 7.3922
   vertex -8.2864 5.6762 7.4218
  endloop
 endfacet
 facet normal -0.86824 -0.49614 0.00000
  outer loop
   vertex -9.0000 5.3000 7.4000
   vertex -8.9831 5.2704 7.3922
   vertex -8.9864 5.2762 7.4218
  endloop
 endfacet
 facet normal 0.86824 0.49614 -0.00000
  outer loop
   vertex -8.3000 5.7000 7.4000
   vertex -8.2864 5.6762 7.4218
   vertex -8.2831 5.6704 7.3922
  endloop
 endfacet
 facet normal 0.38790 -0.67882 -0.62349
  outer loop
   vertex -8.9831 5.2704 7.3922
   vertex -8.9925 5.2868 7.3685
   vertex -8.2925 5.6868 7.3685
  endloop
 endfacet
 facet normal 0.38790 -0.67882 -0.62349
  outer loop
   vertex -8.9831 5.2704 7.3922
   vertex -8.2925 5.6868 7.3685
   vertex -8.2831 5.6704 7.3922
  endloop
 endfacet
 facet normal -0.86824 -0.49614 -0.00000
  outer loop
   vertex -9.0000 5.3000 7.4000
   vertex -8.9925 5.2868 7.3685
   vertex -8.9831 5.2704 7.3922
  endloop
 endfacet
 facet normal 0.86824 0.49614 0.00000
  outer loop
   vertex -8.3000 5.7000 7.4000
   vertex -8.2831 5.6704 7.3922
   vertex -8.2925 5.6868 7.3685
  endloop
 endfacet
 facet normal 0.00000 0.00000 -1.00000
  outer loop
   vertex -8.9925 5.2868 7.3685
   vertex -9.0075 5.3132 7.3685
   vertex -8.3075 5.7132 7.3685
  endloop
 endfacet
 facet normal 0.00000 0.00000 -1.00000
  outer loop
   vertex -8.9925 5.2868 7.3685
   vertex -8.3075 5.7132 7.3685
   vertex -8.2925 5.6868 7.3685
  endloop
 endfacet
 facet normal -0.86824 -0.49614 0.00000
  outer loop
   vertex -9.0000 5.3000 7.4000
   vertex -9.0075 5.3132 7.3685
   vertex -8.9925 5.2868 7.3685
  endloop
 endfacet
 facet normal 0.86824 0.49614 0.00000
  outer loop
   vertex -8.3000 5.7000 7.4000
   vertex -8.2925 5.6868 7.3685
   vertex -8.3075 5.7132 7.3685
  endloop
 endfacet
 facet normal -0.38790 0.67882 -0.62349
  outer loop
   vertex -9.0075 5.3132 7.3685
   vertex -9.0169 5.3296 7.3922
   vertex -8.3169 5.7296 7.3922
  endloop
 endfacet
 facet normal -0.38790 0.67882 -0.62349
  outer loop
   vertex -9.0075 5.3132 7.3685
   vertex -8.3169 5.7296 7.3922
   vertex -8.3075 5.7132 7.3685
  endloop
 endfacet
 facet normal -0.86824 -0.49614 0.00000
  outer loop
   vertex -9.0000 5.3000 7.4000
   vertex -9.0169 5.3296 7.3922
   vertex -9.0075 5.3132 7.3685
  endloop
 endfacet
 facet normal 0.86824 0.49614 -0.00000
  outer loop
   vertex -8.3000 5.7000 7.4000
   vertex -8.3075 5.7132 7.3685
   vertex -8.3169 5.7296 7.3922
  endloop
 endfacet
 facet normal -0.48370 0.84647 0.22252
  outer loop
   vertex -9.0169 5.3296 7.3922
   vertex -9.0136 5.3238 7.4218
   vertex -8.3136 5.7238 7.4218
  endloop
 endfacet
 facet normal -0.48370 0.84647 0.22252
  outer loop
   vertex -9.0169 5.3296 7.3922
   vertex -8.3136 5.7238 7.4218
   vertex -8.3169 5.7296 7.3922
  endloop
 endfacet
 facet normal -0.86824 -0.49614 -0.00000
  outer loop
   vertex -9.0000 5.3000 7.4000
   vertex -9.0136 5.3238 7.4218
   vertex -9.0169 5.3296 7.3922
  endloop
 endfacet
 facet normal 0.86824 0.49614 0.00000
  outer loop
   vertex -8.3000 5.7000 7.4000
   vertex -8.3169 5.7296 7.3922
   vertex -8.3136 5.7238 7.4218
  endloop
 endfacet
 facet normal -0.21527 0.37672 0.90097
  outer loop
   vertex -9.0136 5.3238 7.4218
   vertex -9.0000 5.3000 7.4350
   vertex -8.3000 5.7000 7.4350
  endloop
 endfacet
 facet normal -0.21527 0.37672 0.90097
  outer loop
   vertex -9.0136 5.3238 7.4218
   vertex -8.3000 5.7000 7.4350
   vertex -8.3136 5.7238 7.4218
  endloop
 endfacet
 facet normal -0.86824 -0.49614 0.00000
  outer loop
   vertex -9.0000 5.3000 7.4000
   vertex -9.0000 5.3000 7.4350
   vertex -9.0136 5.3238 7.4218
  endloop
 endfacet
 facet normal 0.86824 0.49614 0.00000
  outer loop
   vertex -8.3000 5.7000 7.4000
   vertex -8.3136 5.7238 7.4218
   vertex -8.3000 5.7000 7.4350
  endloop
 endfacet
 facet normal -0.58779 0.00000 -0.80902
  outer loop
   vertex -7.6000 0.0000 7.3550
   vertex -7.6428 0.0000 7.3861
   vertex -7.6428 5.4000 7.3861
  endloop
 endfacet
 facet normal -0.58779 0.00000 -0.80902
  outer loop
   vertex -7.6000 0.0000 7.3550
   vertex -7.6428 5.4000 7.3861
   vertex -7.6000 5.4000 7.3550
  endloop
 endfacet
 facet normal 0.00000 -1.00000 0.00000
  outer loop
   vertex -7.6000 0.0000 7.4000
   vertex -7.6428 0.0000 7.3861
   vertex -7.6000 0.0000 7.3550
  endloop
 endfacet
 facet normal 0.00000 1.00000 0.00000
  outer loop
   vertex -7.6000 5.4000 7.4000
   vertex -7.6000 5.4000 7.3550
   vertex -7.6428 5.4000 7.3861
  endloop
 endfacet
 facet normal -0.95106 0.00000 0.30902
  outer loop
   vertex -7.6428 0.0000 7.3861
   vertex -7.6265 0.0000 7.4364
   vertex -7.6265 5.4000 7.4364
  endloop
 endfacet
 facet normal -0.95106 0.00000 0.30902
  outer loop
   vertex -7.6428 0.0000 7.3861
   vertex -7.6265 5.4000 7.4364
   vertex -7.6428 5.4000 7.3861
  endloop
 endfacet
 facet normal 0.00000 -1.00000 0.00000
  outer loop
   vertex -7.6000 0.0000 7.4000
   vertex -7.6265 0.0000 7.4364
   vertex -7.6428 0.0000 7.3861
  endloop
 endfacet
 facet normal 0.00000 1.00000 0.00000
  outer loop
   vertex -7.6000 5.4000 7.4000
   vertex -7.6428 5.4000 7.3861
   vertex -7.6265 5.4000 7.4364
  endloop
 endfacet
 facet normal 0.00000 0.00000 1.00000
  outer loop
   vertex -7.6265 0.0000 7.4364
   vertex -7.5735 0.0000 7.4364
   vertex -7.5735 5.4000 7.4364
  endloop
 endfacet
 facet normal 0.00000 0.00000 1.00000
  outer loop
   vertex -7.6265 0.0000 7.4364
   vertex -7.5735 5.4000 7.4364
   vertex -7.6265 5.4000 7.4364
  endloop
 endfacet
 facet normal 0.00000 -1.00000 0.00000
  outer loop
   vertex -7.6000 0.0000 7.4000
   vertex -7.5735 0.0000 7.4364
   vertex -7.6265 0.0000 7.4364
  endloop
 endfacet
 facet normal 0.00000 1.00000 0.00000
  outer loop
   vertex -7.6000 5.4000 7.4000
   vertex -7.6265 5.4000 7.4364
   vertex -7.5735 5.4000 7.4364
  endloop
 endfacet
 facet normal 0.95106 0.00000 0.30902
  outer loop
   vertex -7.5735 0.0000 7.4364
   vertex -7.5572 0.0000 7.3861
   vertex -7.5572 5.4000 7.3861
  endloop
 endfacet
 facet normal 0.95106 0.00000 0.30902
  outer loop
   vertex -7.5735 0.0000 7.4364
   vertex -7.5572 5.4000 7.3861
   vertex -7.5735 5.4000 7.4364
  endloop
 endfacet
 facet normal 0.00000 -1.00000 0.00000
  outer loop
   vertex -7.6000 0.0000 7.4000
   vertex -7.5572 0.0000 7.3861
   vertex -7.5735 0.0000 7.4364
  endloop
 endfacet
 facet normal 0.00000 1.00000 0.00000
  outer loop
   vertex -7.6000 5.4000 7.4000
   vertex -7.5735 5.4000 7.4364
   vertex -7.5572 5.4000 7.3861
  endloop
 endfacet
 facet normal 0.58779 0.00000 -0.80902
  outer loop
   vertex -7.5572 0.0000 7.3861
   vertex -7.6000 0.0000 7.3550
   vertex -7.6000 5.4000 7.3550
  endloop
 endfacet
 facet normal 0.58779 0.00000 -0.80902
  outer loop
   vertex -7.5572 0.0000 7.3861
   vertex -7.6000 5.4000 7.3550
   vertex -7.5572 5.4000 7.3861
  endloop
 endfacet
 facet normal 0.00000 -1.00000 0.00000
  outer loop
   vertex -7.6000 0.0000 7.4000
   vertex -7.6000 0.0000 7.3550
   vertex -7.5572 0.0000 7.3861
  endloop
 endfacet
 facet normal 0.00000 1.00000 0.00000
  outer loop
   vertex -7.6000 5.4000 7.4000
   vertex -7.5572 5.4000 7.3861
   vertex -7.6000 5.4000 7.3550
  endloop
 endfacet
 facet normal 0.21527 -0.37672 0.90097
  outer loop
   vertex -7.6000 5.3000 7.4350
   vertex -7.5864 5.2762 7.4218
   vertex -6.8864 5.6762 7.4218
  endloop
 endfacet
 facet normal 0.21527 -0.37672 0.90097
  outer loop
   vertex -7.6000 5.3000 7.4350
   vertex -6.8864 5.6762 7.4218
   vertex -6.9000 5.7000 7.4350
  endloop
 endfacet
 facet normal -0.86824 -0.49614 0.00000
  outer loop
   vertex -7.6000 5.3000 7.4000
   vertex -7.5864 5.2762 7.4218
   vertex -7.6000 5.3000 7.4350
  endloop
 endfacet
 facet normal 0.86824 0.49614 0.00000
  outer loop
   vertex -6.9000 5.7000 7.4000
   vertex -6.9000 5.7000 7.4350
   vertex -6.8864 5.6762 7.4218
  endloop
 endfacet
 facet normal 0.48370 -0.84647 0.22252
  outer loop
   vertex -7.5864 5.2762 7.4218
   vertex -7.5831 5.2704 7.3922
   vertex -6.8831 5.6704 7.3922
  endloop
 endfacet
 facet normal 0.48370 -0.84647 0.22252
  outer loop
   vertex -7.5864 5.2762 7.4218
   vertex -6.8831 5.6704 7.3922
   vertex -6.8864 5.6762 7.4218
  endloop
 endfacet
 facet normal -0.86824 -0.49614 0.00000
  outer loop
   vertex -7.6000 5.3000 7.4000
   vertex -7.5831 5.2704 7.3922
   vertex -7.5864 5.2762 7.4218
  endloop
 endfacet
 facet normal 0.86824 0.49614 -0.00000
  outer loop
   vertex -6.9000 5.7000 7.4000
   vertex -6.8864 5.6762 7.4218
   vertex -6.8831 5.6704 7.3922
  endloop
 endfacet
 facet normal 0.38790 -0.67882 -0.62349
  outer loop
   vertex -7.5831 5.2704 7.3922
   vertex -7.5925 5.2868 7.3685
   vertex -6.8925 5.6868 7.3685
  endloop
 endfacet
 facet normal 0.38790 -0.67882 -0.62349
  outer loop
   vertex -7.5831 5.2704 7.3922
   vertex -6.8925 5.6868 7.3685
   vertex -6.8831 5.6704 7.3922
  endloop
 endfacet
 facet normal -0.86824 -0.49614 -0.00000
  outer loop
   vertex -7.6000 5.3000 7.4000
   vertex -7.5925 5.2868 7.3685
   vertex -7.5831 5.2704 7.3922
  endloop
 endfacet
 facet normal 0.86824 0.49614 0.00000
  outer loop
   vertex -6.9000 5.7000 7.4000
   vertex -6.8831 5.6704 7.3922
   vertex -6.8925 5.6868 7.3685
  endloop
 endfacet
 facet normal 0.00000 0.00000 -1.00000
  outer loop
   vertex -7.5925 5.2868 7.3685
   vertex -7.6075 5.3132 7.3685
   vertex -6.9075 5.7132 7.3685
  endloop
 endfacet
 facet normal 0.00000 0.00000 -1.00000
  outer loop
   vertex -7.5925 5.2868 7.3685
   vertex -6.9075 5.7132 7.3685
   vertex -6.8925 5.6868 7.3685
  endloop
 endfacet
 facet normal -0.86824 -0.49614 0.00000
  outer loop
   vertex -7.6000 5.3000 7.4000
   vertex -7.6075 5.3132 7.3685
   vertex -7.5925 5.2868 7.3685
  endloop
 endfacet
 facet normal 0.86824 0.49614 0.00000
  outer loop
   vertex -6.9000 5.7000 7.4000
   vertex -6.8925 5.6868 7.3685
   vertex -6.9075 5.7132 7.3685
  endloop
 endfacet
 facet normal -0.38790 0.67882 -0.62349
  outer loop
   vertex -7.6075 5.3132 7.3685
   vertex -7.6169 5.3296 7.3922
   vertex -6.9169 5.7296 7.3922
  endloop
 endfacet
 facet normal -0.38790 0.67882 -0.62349
  outer loop
   vertex -7.6075 5.3132 7.3685
   vertex -6.9169 5.7296 7.3922
   vertex -6.9075 5.7132 7.3685
  endloop
 endfacet
 facet normal -0.86824 -0.49614 0.00000
  outer loop
   vertex -7.6000 5.3000 7.4000
   vertex -7.6169 5.3296 7.3922
   vertex -7.6075 5.3132 7.3685
  endloop
 endfacet
 facet normal 0.86824 0.49614 -0.00000
  outer loop
   vertex -6.9000 5.7000 7.4000
   vertex -6.9075 5.7132 7.3685
   vertex -6.9169 5.7296 7.3922
  endloop
 endfacet
 facet normal -0.48370 0.84647 0.22252
  outer loop
   vertex -7.6169 5.3296 7.3922
   vertex -7.6136 5.3238 7.4218
   vertex -6.9136 5.7238 7.4218
  endloop
 endfacet
 facet normal -0.48370 0.84647 0.22252
  outer loop
   vertex -7.6169 5.3296 7.3922
   vertex -6.9136 5.7238 7.4218
   vertex -6.9169 5.7296 7.3922
  endloop
 endfacet
 facet normal -0.86824 -0.49614 -0.00000
  outer loop
   vertex -7.6000 5.3000 7.4000
   vertex -7.6136 5.3238 7.4218
   vertex -7.6169 5.3296 7.3922
  endloop
 endfacet
 facet normal 0.86824 0.49614 0.00000
  outer loop
   vertex -6.9000 5.7000 7.4000
   vertex -6.9169 5.7296 7.3922
   vertex -6.9136 5.7238 7.4218
  endloop
 endfacet
 facet normal -0.21527 0.37672 0.90097
  outer loop
   vertex -7.6136 5.3238 7.4218
   vertex -7.6000 5.3000 7.4350
   vertex -6.9000 5.7000 7.4350
  endloop
 endfacet
 facet normal -0.21527 0.37672 0.90097
  outer loop
   vertex -7.6136 5.3238 7.4218
   vertex -6.9000 5.7000 7.4350
   vertex -6.9136 5.7238 7.4218
  endloop
 endfacet
 facet normal -0.86824 -0.49614 0.00000
  outer loop
   vertex -7.6000 5.3000 7.4000
   vertex -7.6000 5.3000 7.4350
   vertex -7.6136 5.3238 7.4218
  endloop
 endfacet
 facet normal 0.86824 0.49614 0.00000
  outer loop
   vertex -6.9000 5.7000 7.4000
   vertex -6.9136 5.7238 7.4218
   vertex -6.9000 5.7000 7.4350
  endloop
 endfacet
 facet normal -0.58779 0.00000 -0.80902
  outer loop
   vertex -6.2000 0.0000 7.3550
   vertex -6.2428 0.0000 7.3861
   vertex -6.2428 5.4000 7.3861
  endloop
 endfacet
 facet normal -0.58779 0.00000 -0.80902
  outer loop
   vertex -6.2000 0.0000 7.3550
   vertex -6.2428 5.4000 7.3861
   vertex -6.2000 5.4000 7.3550
  endloop
 endfacet
 facet normal 0.00000 -1.00000 0.00000
  outer loop
   vertex -6.2000 0.0000 7.4000
   vertex -6.2428 0.0000 7.3861
   vertex -6.2000 0.0000 7.3550
  endloop
 endfacet
 facet normal 0.00000 1.00000 0.00000
  outer loop
   vertex -6.2000 5.4000 7.4000
   vertex -6.2000 5.4000 7.3550
   vertex -6.2428 5.4000 7.3861
  endloop
 endfacet
 facet normal -0.95106 0.00000 0.30902
  outer loop
   vertex -6.2428 0.0000 7.3861
   vertex -6.2265 0.0000 7.4364
   vertex -6.2265 5.4000 7.4364
  endloop
 endfacet
 facet normal -0.95106 0.00000 0.30902
  outer loop
   vertex -6.2428 0.0000 7.3861
   vertex -6.2265 5.4000 7.4364
   vertex -6.2428 5.4000 7.3861
  endloop
 endfacet
 facet normal 0.00000 -1.00000 0.00000
  outer loop
   vertex -6.2000 0.0000 7.4000
   vertex -6.2265 0.0000 7.4364
   vertex -6.2428 0.0000 7.3861
  endloop
 endfacet
 facet normal 0.00000 1.00000 0.00000
  outer loop
   vertex -6.2000 5.4000 7.4000
   vertex -6.2428 5.4000 7.3861
   vertex -6.2265 5.4000 7.4364
  endloop
 endfacet
 facet normal 0.00000 0.00000 1.00000
  outer loop
   vertex -6.2265 0.0000 7.4364
   vertex -6.1735 0.0000 7.4364
   vertex -6.1735 5.4000 7.4364
  endloop
 endfacet
 facet normal 0.00000 0.00000 1.00000
  outer loop
   vertex -6.2265 0.0000 7.4364
   vertex -6.1735 5.4000 7.4364
   vertex -6.2265 5.4000 7.4364
  endloop
 endfacet
 facet normal 0.00000 -1.00000 0.00000
  outer loop
   vertex -6.2000 0.0000 7.4000
   vertex -6.1735 0.0000 7.4364
   vertex -6.2265 0.0000 7.4364
  endloop
 endfacet
 facet normal 0.00000 1.00000 0.00000
  outer loop
   vertex -6.2000 5.4000 7.4000
   vertex -6.2265 5.4000 7.4364
   vertex -6.1735 5.4000 7.4364
  endloop
 endfacet
 facet normal 0.95106 0.00000 0.30902
  outer loop
   vertex -6.1735 0.0000 7.4364
   vertex -6.1572 0.0000 7.3861
   vertex -6.1572 5.4000 7.3861
  endloop
 endfacet
 facet normal 0.95106 0.00000 0.30902
  outer loop
   vertex -6.1735 0.0000 7.4364
   vertex -6.1572 5.4000 7.3861
   vertex -6.1735 5.4000 7.4364
  endloop
 endfacet
 facet normal 0.00000 -1.00000 0.00000
  outer loop
   vertex -6.2000 0.0000 7.4000
   vertex -6.1572 0.0000 7.3861
   vertex -6.1735 0.0000 7.4364
  endloop
 endfacet
 facet normal 0.00000 1.00000 0.00000
  outer loop
   vertex -6.2000 5.4000 7.4000
   vertex -6.1735 5.4000 7.4364
   vertex -6.1572 5.4000 7.3861
  endloop
 endfacet
 facet normal 0.58779 0.00000 -0.80902
  outer loop
   vertex -6.1572 0.0000 7.3861
   vertex -6.2000 0.0000 7.3550
   vertex -6.2000 5.4000 7.3550
  endloop
 endfacet
 facet normal 0.58779 0.00000 -0.80902
  outer loop
   vertex -6.1572 0.0000 7.3861
   vertex -6.2000 5.4000 7.3550
   vertex -6.1572 5.4000 7.3861
  endloop
 endfacet
 facet normal 0.00000 -1.00000 0.00000
  outer loop
   vertex -6.2000 0.0000 7.4000
   vertex -6.2000 0.0000 7.3550
   vertex -6.1572 0.0000 7.3861
  endloop
 endfacet
 facet normal 0.00000 1.00000 0.00000
  outer loop
   vertex -6.2000 5.4000 7.4000
   vertex -6.1572 5.4000 7.3861
   vertex -6.2000 5.4000 7.3550
  endloop
 endfacet
 facet normal 0.21527 -0.37672 0.90097
  outer loop
   vertex -6.2000 5.3000 7.4350
   vertex -6.1864 5.2762 7.4218
   vertex -5.4864 5.6762 7.4218
  endloop
 endfacet
 facet normal 0.21527 -0.37672 0.90097
  outer loop
   vertex -6.2000 5.3000 7.4350
   vertex -5.4864 5.6762 7.4218
   vertex -5.5000 5.7000 7.4350
  endloop
 endfacet
 facet normal -0.86824 -0.49614 0.00000
  outer loop
   vertex -6.2000 5.3000 7.4000
   vertex -6.1864 5.2762 7.4218
   vertex -6.2000 5.3000 7.4350
  endloop
 endfacet
 facet normal 0.86824 0.49614 0.00000
  outer loop
   vertex -5.5000 5.7000 7.4000
   vertex -5.5000 5.7000 7.4350
   vertex -5.4864 5.6762 7.4218
  endloop
 endfacet
 facet normal 0.48370 -0.84647 0.22252
  outer loop
   vertex -6.1864 5.2762 7.4218
   vertex -6.1831 5.2704 7.3922
   vertex -5.4831 5.6704 7.3922
  endloop
 endfacet
 facet normal 0.48370 -0.84647 0.22252
  outer loop
   vertex -6.1864 5.2762 7.4218
   vertex -5.4831 5.6704 7.3922
   vertex -5.4864 5.6762 7.4218
  endloop
 endfacet
 facet normal -0.86824 -0.49614 0.00000
  outer loop
   vertex -6.2000 5.3000 7.4000
   vertex -6.1831 5.2704 7.3922
   vertex -6.1864 5.2762 7.4218
  endloop
 endfacet
 facet normal 0.86824 0.49614 -0.00000
  outer loop
   vertex -5.5000 5.7000 7.4000
   vertex -5.4864 5.6762 7.4218
   vertex -5.4831 5.6704 7.3922
  endloop
 endfacet
 facet normal 0.38790 -0.67882 -0.62349
  outer loop
   vertex -6.1831 5.2704 7.3922
   vertex -6.1925 5.2868 7.3685
   vertex -5.4925 5.6868 7.3685
  endloop
 endfacet
 facet normal 0.38790 -0.67882 -0.62349
  outer loop
   vertex -6.1831 5.2704 7.3922
   vertex -5.4925 5.6868 7.3685
   vertex -5.4831 5.6704 7.3922
  endloop
 endfacet
 facet normal -0.86824 -0.49614 -0.00000
  outer loop
   vertex -6.2000 5.3000 7.4000
   vertex -6.1925 5.2868 7.3685
   vertex -6.1831 5.2704 7.3922
  endloop
 endfacet
 facet normal 0.86824 0.49614 0.00000
  outer loop
   vertex -5.5000 5.7000 7.4000
   vertex -5.4831 5.6704 7.3922
   vertex -5.4925 5.6868 7.3685
  endloop
 endfacet
 facet normal 0.00000 0.00000 -1.00000
  outer loop
   vertex -6.1925 5.2868 7.3685
   vertex -6.2075 5.3132 7.3685
   vertex -5.5075 5.7132 7.3685
  endloop
 endfacet
 facet normal 0.00000 0.00000 -1.00000
  outer loop
   vertex -6.1925 5.2868 7.3685
   vertex -5.5075 5.7132 7.3685
   vertex -5.4925 5.6868 7.3685
  endloop
 endfacet
 facet normal -0.86824 -0.49614 0.00000
  outer loop
   vertex -6.2000 5.3000 7.4000
   vertex -6.2075 5.3132 7.3685
   vertex -6.1925 5.2868 7.3685
  endloop
 endfacet
 facet normal 0.86824 0.49614 0.00000
  outer loop
   vertex -5.5000 5.7000 7.4000
   vertex -5.4925 5.6868 7.3685
   vertex -5.5075 5.7132 7.3685
  endloop
 endfacet
 facet normal -0.38790 0.67882 -0.62349
  outer loop
   vertex -6.2075 5.3132 7.3685
   vertex -6.2169 5.3296 7.3922
   vertex -5.5169 5.7296 7.3922
  endloop
 endfacet
 facet normal -0.38790 0.67882 -0.62349
  outer loop
   vertex -6.2075 5.3132 7.3685
   vertex -5.5169 5.7296 7.3922
   vertex -5.5075 5.7132 7.3685
  endloop
 endfacet
 facet normal -0.86824 -0.49614 0.00000
  outer loop
   vertex -6.2000 5.3000 7.4000
   vertex -6.2169 5.3296 7.3922
   vertex -6.2075 5.3132 7.3685
  endloop
 endfacet
 facet normal 0.86824 0.49614 -0.00000
  outer loop
   vertex -5.5000 5.7000 7.4000
   vertex -5.5075 5.7132 7.3685
   vertex -5.5169 5.7296 7.3922
  endloop
 endfacet
 facet normal -0.48370 0.84647 0.22252
  outer loop
   vertex -6.2169 5.3296 7.3922
   vertex -6.2136 5.3238 7.4218
   vertex -5.5136 5.7238 7.4218
  endloop
 endfacet
 facet normal -0.48370 0.84647 0.22252
  outer loop
   vertex -6.2169 5.3296 7.3922
   vertex -5.5136 5.7238 7.4218
   vertex -5.5169 5.7296 7.3922
  endloop
 endfacet
 facet normal -0.86824 -0.49614 -0.00000
  outer loop
   vertex -6.2000 5.3000 7.4000
   vertex -6.2136 5.3238 7.4218
   vertex -6.2169 5.3296 7.3922
  endloop
 endfacet
 facet normal 0.86824 0.49614 0.00000
  outer loop
   vertex -5.5000 5.7000 7.4000
   vertex -5.5169 5.7296 7.3922
   vertex -5.5136 5.7238 7.4218
  endloop
 endfacet
 facet normal -0.21527 0.37672 0.90097
  outer loop
   vertex -6.2136 5.3238 7.4218
   vertex -6.2000 5.3000 7.4350
   vertex -5.5000 5.7000 7.4350
  endloop
 endfacet
 facet normal -0.21527 0.37672 0.90097
  outer loop
   vertex -6.2136 5.3238 7.4218
   vertex -5.5000 5.7000 7.4350
   vertex -5.5136 5.7238 7.4218
  endloop
 endfacet
 facet normal -0.86824 -0.49614 0.00000
  outer loop
   vertex -6.2000 5.3000 7.4000
   vertex -6.2000 5.3000 7.4350
   vertex -6.2136 5.3238 7.4218
  endloop
 endfacet
 facet normal 0.86824 0.49614 0.00000
  outer loop
   vertex -5.5000 5.7000 7.4000
   vertex -5.5136 5.7238 7.4218
   vertex -5.5000 5.7000 7.4350
  endloop
 endfacet
 facet normal -0.58779 0.00000 -0.80902
  outer loop
   vertex -4.8000 0.0000 7.3550
   vertex -4.8428 0.0000 7.3861
   vertex -4.8428 5.4000 7.3861
  endloop
 endfacet
 facet normal -0.58779 0.00000 -0.80902
  outer loop
   vertex -4.8000 0.0000 7.3550
   vertex -4.8428 5.4000 7.3861
   vertex -4.8000 5.4000 7.3550
  endloop
 endfacet
 facet normal 0.00000 -1.00000 0.00000
  outer loop
   vertex -4.8000 0.0000 7.4000
   vertex -4.8428 0.0000 7.3861
   vertex -4.8000 0.0000 7.3550
  endloop
 endfacet
 facet normal 0.00000 1.00000 0.00000
  outer loop
   vertex -4.8000 5.4000 7.4000
   vertex -4.8000 5.4000 7.3550
   vertex -4.8428 5.4000 7.3861
  endloop
 endfacet
 facet normal -0.95106 0.00000 0.30902
  outer loop
   vertex -4.8428 0.0000 7.3861
   vertex -4.8265 0.0000 7.4364
   vertex -4.8265 5.4000 7.4364
  endloop
 endfacet
 facet normal -0.95106 0.00000 0.30902
  outer loop
   vertex -4.8428 0.0000 7.3861
   vertex -4.8265 5.4000 7.4364
   vertex -4.8428 5.4000 7.3861
  endloop
 endfacet
 facet normal 0.00000 -1.00000 0.00000
  outer loop
   vertex -4.8000 0.0000 7.4000
   vertex -4.8265 0.0000 7.4364
   vertex -4.8428 0.0000 7.3861
  endloop
 endfacet
 facet normal 0.00000 1.00000 0.00000
  outer loop
   vertex -4.8000 5.4000 7.4000
   vertex -4.8428 5.4000 7.3861
   vertex -4.8265 5.4000 7.4364
  endloop
 endfacet
 facet normal 0.00000 0.00000 1.00000
  outer loop
   vertex -4.8265 0.0000 7.4364
   vertex -4.7735 0.0000 7.4364
   vertex -4.7735 5.4000 7.4364
  endloop
 endfacet
 facet normal 0.00000 0.00000 1.00000
  outer loop
   vertex -4.8265 0.0000 7.4364
   vertex -4.7735 5.4000 7.4364
   vertex -4.8265 5.4000 7.4364
  endloop
 endfacet
 facet normal 0.00000 -1.00000 0.00000
  outer loop
   vertex -4.8000 0.0000 7.4000
   vertex -4.7735 0.0000 7.4364
   vertex -4.8265 0.0000 7.4364
  endloop
 endfacet
 facet normal 0.00000 1.00000 0.00000
  outer loop
   vertex -4.8000 5.4000 7.4000
   vertex -4.8265 5.4000 7.4364
   vertex -4.7735 5.4000 7.4364
  endloop
 endfacet
 facet normal 0.95106 0.00000 0.30902
  outer loop
   vertex -4.7735 0.0000 7.4364
   vertex -4.7572 0.0000 7.3861
   vertex -4.7572 5.4000 7.3861
  endloop
 endfacet
 facet normal 0.95106 0.00000 0.30902
  outer loop
   vertex -4.7735 0.0000 7.4364
   vertex -4.7572 5.4000 7.3861
   vertex -4.7735 5.4000 7.4364
  endloop
 endfacet
 facet normal 0.00000 -1.00000 0.00000
  outer loop
   vertex -4.8000 0.0000 7.4000
   vertex -4.7572 0.0000 7.3861
   vertex -4.7735 0.0000 7.4364
  endloop
 endfacet
 facet normal 0.00000 1.00000 0.00000
  outer loop
   vertex -4.8000 5.4000 7.4000
   vertex -4.7735 5.4000 7.4364
   vertex -4.7572 5.4000 7.3861
  endloop
 endfacet
 facet normal 0.58779 0.00000 -0.80902
  outer loop
   vertex -4.7572 0.0000 7.3861
   vertex -4.8000 0.0000 7.3550
   vertex -4.8000 5.4000 7.3550
  endloop
 endfacet
 facet normal 0.58779 0.00000 -0.80902
  outer loop
   vertex -4.7572 0.0000 7.3861
   vertex -4.8000 5.4000 7.3550
   vertex -4.7572 5.4000 7.3861
  endloop
 endfacet
 facet normal 0.00000 -1.00000 0.00000
  outer loop
   vertex -4.8000 0.0000 7.4000
   vertex -4.8000 0.0000 7.3550
   vertex -4.7572 0.0000 7.3861
  endloop
 endfacet
 facet normal 0.00000 1.00000 0.00000
  outer loop
   vertex -4.8000 5.4000 7.4000
   vertex -4.7572 5.4000 7.3861
   vertex -4.8000 5.4000 7.3550
  endloop
 endfacet
 facet normal 0.21527 -0.37672 0.90097
  outer loop
   vertex -4.8000 5.3000 7.4350
   vertex -4.7864 5.2762 7.4218
   vertex -4.0864 5.6762 7.4218
  endloop
 endfacet
 facet normal 0.21527 -0.37672 0.90097
  outer loop
   vertex -4.8000 5.3000 7.4350
   vertex -4.0864 5.6762 7.4218
   vertex -4.1000 5.7000 7.4350
  endloop
 endfacet
 facet normal -0.86824 -0.49614 0.00000
  outer loop
   vertex -4.8000 5.3000 7.4000
   vertex -4.7864 5.2762 7.4218
   vertex -4.8000 5.3000 7.4350
  endloop
 endfacet
 facet normal 0.86824 0.49614 0.00000
  outer loop
   vertex -4.1000 5.7000 7.4000
   vertex -4.1000 5.7000 7.4350
   vertex -4.0864 5.6762 7.4218
  endloop
 endfacet
 facet normal 0.48370 -0.84647 0.22252
  outer loop
   vertex -4.7864 5.2762 7.4218
   vertex -4.7831 5.2704 7.3922
   vertex -4.0831 5.6704 7.3922
  endloop
 endfacet
 facet normal 0.48370 -0.84647 0.22252
  outer loop
   vertex -4.7864 5.2762 7.4218
   vertex -4.0831 5.6704 7.3922
   vertex -4.0864 5.6762 7.4218
  endloop
 endfacet
 facet normal -0.86824 -0.49614 0.00000
  outer loop
   vertex -4.8000 5.3000 7.4000
   vertex -4.7831 5.2704 7.3922
   vertex -4.7864 5.2762 7.4218
  endloop
 endfacet
 facet normal 0.86824 0.49614 -0.00000
  outer loop
   vertex -4.1000 5.7000 7.4000
   vertex -4.0864 5.6762 7.4218
   vertex -4.0831 5.6704 7.3922
  endloop
 endfacet
 facet normal 0.38790 -0.67882 -0.62349
  outer loop
   vertex -4.7831 5.2704 7.3922
   vertex -4.7925 5.2868 7.3685
   vertex -4.0925 5.6868 7.3685
  endloop
 endfacet
 facet normal 0.38790 -0.67882 -0.62349
  outer loop
   vertex -4.7831 5.2704 7.3922
   vertex -4.0925 5.6868 7.3685
   vertex -4.0831 5.6704 7.3922
  endloop
 endfacet
 facet normal -0.86824 -0.49614 -0.00000
  outer loop
   vertex -4.8000 5.3000 7.4000
   vertex -4.7925 5.2868 7.3685
   vertex -4.7831 5.2704 7.3922
  endloop
 endfacet
 facet normal 0.86824 0.49614 0.00000
  outer loop
   vertex -4.1000 5.7000 7.4000
   vertex -4.0831 5.6704 7.3922
   vertex -4.0925 5.6868 7.3685
  endloop
 endfacet
 facet normal 0.00000 0.00000 -1.00000
  outer loop
   vertex -4.7925 5.2868 7.3685
   vertex -4.8075 5.3132 7.3685
   vertex -4.1075 5.7132 7.3685
  endloop
 endfacet
 facet normal 0.00000 0.00000 -1.00000
  outer loop
   vertex -4.7925 5.2868 7.3685
   vertex -4.1075 5.7132 7.3685
   vertex -4.0925 5.6868 7.3685
  endloop
 endfacet
 facet normal -0.86824 -0.49614 0.00000
  outer loop
   vertex -4.8000 5.3000 7.4000
   vertex -4.8075 5.3132 7.3685
   vertex -4.7925 5.2868 7.3685
  endloop
 endfacet
 facet normal 0.86824 0.49614 0.00000
  outer loop
   vertex -4.1000 5.7000 7.4000
   vertex -4.0925 5.6868 7.3685
   vertex -4.1075 5.7132 7.3685
  endloop
 endfacet
 facet normal -0.38790 0.67882 -0.62349
  outer loop
   vertex -4.8075 5.3132 7.3685
   vertex -4.8169 5.3296 7.3922
   vertex -4.1169 5.7296 7.3922
  endloop
 endfacet
 facet normal -0.38790 0.67882 -0.62349
  outer loop
   vertex -4.8075 5.3132 7.3685
   vertex -4.1169 5.7296 7.3922
   vertex -4.1075 5.7132 7.3685
  endloop
 endfacet
 facet normal -0.86824 -0.49614 0.00000
  outer loop
   vertex -4.8000 5.3000 7.4000
   vertex -4.8169 5.3296 7.3922
   vertex -4.8075 5.3132 7.3685
  endloop
 endfacet
 facet normal 0.86824 0.49614 -0.00000
  outer loop
   vertex -4.1000 5.7000 7.4000
   vertex -4.1075 5.7132 7.3685
   vertex -4.1169 5.7296 7.3922
  endloop
 endfacet
 facet normal -0.48370 0.84647 0.22252
  outer loop
   vertex -4.8169 5.3296 7.3922
   vertex -4.8136 5.3238 7.4218
   vertex -4.1136 5.7238 7.4218
  endloop
 endfacet
 facet normal -0.48370 0.84647 0.22252
  outer loop
   vertex -4.8169 5.3296 7.3922
   vertex -4.1136 5.7238 7.4218
   vertex -4.1169 5.7296 7.3922
  endloop
 endfacet
 facet normal -0.86824 -0.49614 -0.00000
  outer loop
   vertex -4.8000 5.3000 7.4000
   vertex -4.8136 5.3238 7.4218
   vertex -4.8169 5.3296 7.3922
  endloop
 endfacet
 facet normal 0.86824 0.49614 0.00000
  outer loop
   vertex -4.1000 5.7000 7.4000
   vertex -4.1169 5.7296 7.3922
   vertex -4.1136 5.7238 7.4218
  endloop
 endfacet
 facet normal -0.21527 0.37672 0.90097
  outer loop
   vertex -4.8136 5.3238 7.4218
   vertex -4.8000 5.3000 7.4350
   vertex -4.1000 5.7000 7.4350
  endloop
 endfacet
 facet normal -0.21527 0.37672 0.90097
  outer loop
   vertex -4.8136 5.3238 7.4218
   vertex -4.1000 5.7000 7.4350
   vertex -4.1136 5.7238 7.4218
  endloop
 endfacet
 facet normal -0.86824 -0.49614 0.00000
  outer loop
   vertex -4.8000 5.3000 7.4000
   vertex -4.8000 5.3000 7.4350
   vertex -4.8136 5.3238 7.4218
  endloop
 endfacet
 facet normal 0.86824 0.49614 0.00000
  outer loop
   vertex -4.1000 5.7000 7.4000
   vertex -4.1136 5.7238 7.4218
   vertex -4.1000 5.7000 7.4350
  endloop
 endfacet
 facet normal -0.58779 0.00000 -0.80902
  outer loop
   vertex -3.4000 0.0000 7.3550
   vertex -3.4428 0.0000 7.3861
   vertex -3.4428 5.4000 7.3861
  endloop
 endfacet
 facet normal -0.58779 0.00000 -0.80902
  outer loop
   vertex -3.4000 0.0000 7.3550
   vertex -3.4428 5.4000 7.3861
   vertex -3.4000 5.4000 7.3550
  endloop
 endfacet
 facet normal 0.00000 -1.00000 0.00000
  outer loop
   vertex -3.4000 0.0000 7.4000
   vertex -3.4428 0.0000 7.3861
   vertex -3.4000 0.0000 7.3550
  endloop
 endfacet
 facet normal 0.00000 1.00000 0.00000
  outer loop
   vertex -3.4000 5.4000 7.4000
   vertex -3.4000 5.4000 7.3550
   vertex -3.4428 5.4000 7.3861
  endloop
 endfacet
 facet normal -0.95106 0.00000 0.30902
  outer loop
   vertex -3.4428 0.0000 7.3861
   vertex -3.4265 0.0000 7.4364
   vertex -3.4265 5.4000 7.4364
  endloop
 endfacet
 facet normal -0.95106 0.00000 0.30902
  outer loop
   vertex -3.4428 0.0000 7.3861
   vertex -3.4265 5.4000 7.4364
   vertex -3.4428 5.4000 7.3861
  endloop
 endfacet
 facet normal 0.00000 -1.00000 0.00000
  outer loop
   vertex -3.4000 0.0000 7.4000
   vertex -3.4265 0.0000 7.4364
   vertex -3.4428 0.0000 7.3861
  endloop
 endfacet
 facet normal 0.00000 1.00000 0.00000
  outer loop
   vertex -3.4000 5.4000 7.4000
   vertex -3.4428 5.4000 7.3861
   vertex -3.4265 5.4000 7.4364
  endloop
 endfacet
 facet normal 0.00000 0.00000 1.00000
  outer loop
   vertex -3.4265 0.0000 7.4364
   vertex -3.3735 0.0000 7.4364
   vertex -3.3735 5.4000 7.4364
  endloop
 endfacet
 facet normal 0.00000 0.00000 1.00000
  outer loop
   vertex -3.4265 0.0000 7.4364
   vertex -3.3735 5.4000 7.4364
   vertex -3.4265 5.4000 7.4364
  endloop
 endfacet
 facet normal 0.00000 -1.00000 0.00000
  outer loop
   vertex -3.4000 0.0000 7.4000
   vertex -3.3735 0.0000 7.4364
   vertex -3.4265 0.0000 7.4364
  endloop
 endfacet
 facet normal 0.00000 1.00000 0.00000
  outer loop
   vertex -3.4000 5.4000 7.4000
   vertex -3.4265 5.4000 7.4364
   vertex -3.3735 5.4000 7.4364
  endloop
 endfacet
 facet normal 0.95106 0.00000 0.30902
  outer loop
   vertex -3.3735 0.0000 7.4364
   vertex -3.3572 0.0000 7.3861
   vertex -3.3572 5.4000 7.3861
  endloop
 endfacet
 facet normal 0.95106 0.00000 0.30902
  outer loop
   vertex -3.3735 0.0000 7.4364
   vertex -3.3572 5.4000 7.3861
   vertex -3.3735 5.4000 7.4364
  endloop
 endfacet
 facet normal 0.00000 -1.00000 0.00000
  outer loop
   vertex -3.4000 0.0000 7.4000
   vertex -3.3572 0.0000 7.3861
   vertex -3.3735 0.0000 7.4364
  endloop
 endfacet
 facet normal 0.00000 1.00000 0.00000
  outer loop
   vertex -3.4000 5.4000 7.4000
   vertex -3.3735 5.4000 7.4364
   vertex -3.3572 5.4000 7.3861
  endloop
 endfacet
 facet normal 0.58779 0.00000 -0.80902
  outer loop
   vertex -3.3572 0.0000 7.3861
   vertex -3.4000 0.0000 7.3550
   vertex -3.4000 5.4000 7.3550
  endloop
 endfacet
 facet normal 0.58779 0.00000 -0.80902
  outer loop
   vertex -3.3572 0.0000 7.3861
   vertex -3.4000 5.4000 7.3550
   vertex -3.3572 5.4000 7.3861
  endloop
 endfacet
 facet normal 0.00000 -1.00000 0.00000
  outer loop
   vertex -3.4000 0.0000 7.4000
   vertex -3.4000 0.0000 7.3550
   vertex -3.3572 0.0000 7.3861
  endloop
 endfacet
 facet normal 0.00000 1.00000 0.00000
  outer loop
   vertex -3.4000 5.4000 7.4000
   vertex -3.3572 5.4000 7.3861
   vertex -3.4000 5.4000 7.3550
  endloop
 endfacet
 facet normal 0.21527 -0.37672 0.90097
  outer loop
   vertex -3.4000 5.3000 7.4350
   vertex -3.3864 5.2762 7.4218
   vertex -2.6864 5.6762 7.4218
  endloop
 endfacet
 facet normal 0.21527 -0.37672 0.90097
  outer loop
   vertex -3.4000 5.3000 7.4350
   vertex -2.6864 5.6762 7.4218
   vertex -2.7000 5.7000 7.4350
  endloop
 endfacet
 facet normal -0.86824 -0.49614 0.00000
  outer loop
   vertex -3.4000 5.3000 7.4000
   vertex -3.3864 5.2762 7.4218
   vertex -3.4000 5.3000 7.4350
  endloop
 endfacet
 facet normal 0.86824 0.49614 0.00000
  outer loop
   vertex -2.7000 5.7000 7.4000
   vertex -2.7000 5.7000 7.4350
   vertex -2.6864 5.6762 7.4218
  endloop
 endfacet
 facet normal 0.48370 -0.84647 0.22252
  outer loop
   vertex -3.3864 5.2762 7.4218
   vertex -3.3831 5.2704 7.3922
   vertex -2.6831 5.6704 7.3922
  endloop
 endfacet
 facet normal 0.48370 -0.84647 0.22252
  outer loop
   vertex -3.3864 5.2762 7.4218
   vertex -2.6831 5.6704 7.3922
   vertex -2.6864 5.6762 7.4218
  endloop
 endfacet
 facet normal -0.86824 -0.49614 0.00000
  outer loop
   vertex -3.4000 5.3000 7.4000
   vertex -3.3831 5.2704 7.3922
   vertex -3.3864 5.2762 7.4218
  endloop
 endfacet
 facet normal 0.86824 0.49614 -0.00000
  outer loop
   vertex -2.7000 5.7000 7.4000
   vertex -2.6864 5.6762 7.4218
   vertex -2.6831 5.6704 7.3922
  endloop
 endfacet
 facet normal 0.38790 -0.67882 -0.62349
  outer loop
   vertex -3.3831 5.2704 7.3922
   vertex -3.3925 5.2868 7.3685
   vertex -2.6925 5.6868 7.3685
  endloop
 endfacet
 facet normal 0.38790 -0.67882 -0.62349
  outer loop
   vertex -3.3831 5.2704 7.3922
   vertex -2.6925 5.6868 7.3685
   vertex -2.6831 5.6704 7.3922
  endloop
 endfacet
 facet normal -0.86824 -0.49614 -0.00000
  outer loop
   vertex -3.4000 5.3000 7.4000
   vertex -3.3925 5.2868 7.3685
   vertex -3.3831 5.2704 7.3922
  endloop
 endfacet
 facet normal 0.86824 0.49614 0.00000
  outer loop
   vertex -2.7000 5.7000 7.4000
   vertex -2.6831 5.6704 7.3922
   vertex -2.6925 5.6868 7.3685
  endloop
 endfacet
 facet normal 0.00000 0.00000 -1.00000
  outer loop
   vertex -3.3925 5.2868 7.3685
   vertex -3.4075 5.3132 7.3685
   vertex -2.7075 5.7132 7.3685
  endloop
 endfacet
 facet normal 0.00000 0.00000 -1.00000
  outer loop
   vertex -3.3925 5.2868 7.3685
   vertex -2.7075 5.7132 7.3685
   vertex -2.6925 5.6868 7.3685
  endloop
 endfacet
 facet normal -0.86824 -0.49614 0.00000
  outer loop
   vertex -3.4000 5.3000 7.4000
   vertex -3.4075 5.3132 7.3685
   vertex -3.3925 5.2868 7.3685
  endloop
 endfacet
 facet normal 0.86824 0.49614 0.00000
  outer loop
   vertex -2.7000 5.7000 7.4000
   vertex -2.6925 5.6868 7.3685
   vertex -2.7075 5.7132 7.3685
  endloop
 endfacet
 facet normal -0.38790 0.67882 -0.62349
  outer loop
   vertex -3.4075 5.3132 7.3685
   vertex -3.4169 5.3296 7.3922
   vertex -2.7169 5.7296 7.3922
  endloop
 endfacet
 facet normal -0.38790 0.67882 -0.62349
  outer loop
   vertex -3.4075 5.3132 7.3685
   vertex -2.7169 5.7296 7.3922
   vertex -2.7075 5.7132 7.3685
  endloop
 endfacet
 facet normal -0.86824 -0.49614 0.00000
  outer loop
   vertex -3.4000 5.3000 7.4000
   vertex -3.4169 5.3296 7.3922
   vertex -3.4075 5.3132 7.3685
  endloop
 endfacet
 facet normal 0.86824 0.49614 -0.00000
  outer loop
   vertex -2.7000 5.7000 7.4000
   vertex -2.7075 5.7132 7.3685
   vertex -2.7169 5.7296 7.3922
  endloop
 endfacet
 facet normal -0.48370 0.84647 0.22252
  outer loop
   vertex -3.4169 5.3296 7.3922
   vertex -3.4136 5.3238 7.4218
   vertex -2.7136 5.7238 7.4218
  endloop
 endfacet
 facet normal -0.48370 0.84647 0.22252
  outer loop
   vertex -3.4169 5.3296 7.3922
   vertex -2.7136 5.7238 7.4218
   vertex -2.7169 5.7296 7.3922
  endloop
 endfacet
 facet normal -0.86824 -0.49614 -0.00000
  outer loop
   vertex -3.4000 5.3000 7.4000
   vertex -3.4136 5.3238 7.4218
   vertex -3.4169 5.3296 7.3922
  endloop
 endfacet
 facet normal 0.86824 0.49614 0.00000
  outer loop
   vertex -2.7000 5.7000 7.4000
   vertex -2.7169 5.7296 7.3922
   vertex -2.7136 5.7238 7.4218
  endloop
 endfacet
 facet normal -0.21527 0.37672 0.90097
  outer loop
   vertex -3.4136 5.3238 7.4218
   vertex -3.4000 5.3000 7.4350
   vertex -2.7000 5.7000 7.4350
  endloop
 endfacet
 facet normal -0.21527 0.37672 0.90097
  outer loop
   vertex -3.4136 5.3238 7.4218
   vertex -2.7000 5.7000 7.4350
   vertex -2.7136 5.7238 7.4218
  endloop
 endfacet
 facet normal -0.86824 -0.49614 0.00000
  outer loop
   vertex -3.4000 5.3000 7.4000
   vertex -3.4000 5.3000 7.4350
   vertex -3.4136 5.3238 7.4218
  endloop
 endfacet
 facet normal 0.86824 0.49614 0.00000
  outer loop
   vertex -2.7000 5.7000 7.4000
   vertex -2.7136 5.7238 7.4218
   vertex -2.7000 5.7000 7.4350
  endloop
 endfacet
 facet normal -0.58779 0.00000 -0.80902
  outer loop
   vertex -2.0000 0.0000 7.3550
   vertex -2.0428 0.0000 7.3861
   vertex -2.0428 5.4000 7.3861
  endloop
 endfacet
 facet normal -0.58779 0.00000 -0.80902
  outer loop
   vertex -2.0000 0.0000 7.3550
   vertex -2.0428 5.4000 7.3861
   vertex -2.0000 5.4000 7.3550
  endloop
 endfacet
 facet normal 0.00000 -1.00000 0.00000
  outer loop
   vertex -2.0000 0.0000 7.4000
   vertex -2.0428 0.0000 7.3861
   vertex -2.0000 0.0000 7.3550
  endloop
 endfacet
 facet normal 0.00000 1.00000 0.00000
  outer loop
   vertex -2.0000 5.4000 7.4000
   vertex -2.0000 5.4000 7.3550
   vertex -2.0428 5.4000 7.3861
  endloop
 endfacet
 facet normal -0.95106 0.00000 0.30902
  outer loop
   vertex -2.0428 0.0000 7.3861
   vertex -2.0265 0.0000 7.4364
   vertex -2.0265 5.4000 7.4364
  endloop
 endfacet
 facet normal -0.95106 0.00000 0.30902
  outer loop
   vertex -2.0428 0.0000 7.3861
   vertex -2.0265 5.4000 7.4364
   vertex -2.0428 5.4000 7.3861
  endloop
 endfacet
 facet normal 0.00000 -1.00000 0.00000
  outer loop
   vertex -2.0000 0.0000 7.4000
   vertex -2.0265 0.0000 7.4364
   vertex -2.0428 0.0000 7.3861
  endloop
 endfacet
 facet normal 0.00000 1.00000 0.00000
  outer loop
   vertex -2.0000 5.4000 7.4000
   vertex -2.0428 5.4000 7.3861
   vertex -2.0265 5.4000 7.4364
  endloop
 endfacet
 facet normal 0.00000 0.00000 1.00000
  outer loop
   vertex -2.0265 0.0000 7.4364
   vertex -1.9735 0.0000 7.4364
   vertex -1.9735 5.4000 7.4364
  endloop
 endfacet
 facet normal 0.00000 0.00000 1.00000
  outer loop
   vertex -2.0265 0.0000 7.4364
   vertex -1.9735 5.4000 7.4364
   vertex -2.0265 5.4000 7.4364
  endloop
 endfacet
 facet normal 0.00000 -1.00000 0.00000
  outer loop
   vertex -2.0000 0.0000 7.4000
   vertex -1.9735 0.0000 7.4364
   vertex -2.0265 0.0000 7.4364
  endloop
 endfacet
 facet normal 0.00000 1.00000 0.00000
  outer loop
   vertex -2.0000 5.4000 7.4000
   vertex -2.0265 5.4000 7.4364
   vertex -1.9735 5.4000 7.4364
  endloop
 endfacet
 facet normal 0.95106 0.00000 0.30902
  outer loop
   vertex -1.9735 0.0000 7.4364
   vertex -1.9572 0.0000 7.3861
   vertex -1.9572 5.4000 7.3861
  endloop
 endfacet
 facet normal 0.95106 0.00000 0.30902
  outer loop
   vertex -1.9735 0.0000 7.4364
   vertex -1.9572 5.4000 7.3861
   vertex -1.9735 5.4000 7.4364
  endloop
 endfacet
 facet normal 0.00000 -1.00000 0.00000
  outer loop
   vertex -2.0000 0.0000 7.4000
   vertex -1.9572 0.0000 7.3861
   vertex -1.9735 0.0000 7.4364
  endloop
 endfacet
 facet normal 0.00000 1.00000 0.00000
  outer loop
   vertex -2.0000 5.4000 7.4000
   vertex -1.9735 5.4000 7.4364
   vertex -1.9572 5.4000 7.3861
  endloop
 endfacet
 facet normal 0.58779 0.00000 -0.80902
  outer loop
   vertex -1.9572 0.0000 7.3861
   vertex -2.0000 0.0000 7.3550
   vertex -2.0000 5.4000 7.3550
  endloop
 endfacet
 facet normal 0.58779 0.00000 -0.80902
  outer loop
   vertex -1.9572 0.0000 7.3861
   vertex -2.0000 5.4000 7.3550
   vertex -1.9572 5.4000 7.3861
  endloop
 endfacet
 facet normal 0.00000 -1.00000 0.00000
  outer loop
   vertex -2.0000 0.0000 7.4000
   vertex -2.0000 0.0000 7.3550
   vertex -1.9572 0.0000 7.3861
  endloop
 endfacet
 facet normal 0.00000 1.00000 0.00000
  outer loop
   vertex -2.0000 5.4000 7.4000
   vertex -1.9572 5.4000 7.3861
   vertex -2.0000 5.4000 7.3550
  endloop
 endfacet
 facet normal 0.21527 -0.37672 0.90097
  outer loop
   vertex -2.0000 5.3000 7.4350
   vertex -1.9864 5.2762 7.4218
   vertex -1.2864 5.6762 7.4218
  endloop
 endfacet
 facet normal 0.21527 -0.37672 0.90097
  outer loop
   vertex -2.0000 5.3000 7.4350
   vertex -1.2864 5.6762 7.4218
   vertex -1.3000 5.7000 7.4350
  endloop
 endfacet
 facet normal -0.86824 -0.49614 0.00000
  outer loop
   vertex -2.0000 5.3000 7.4000
   vertex -1.9864 5.2762 7.4218
   vertex -2.0000 5.3000 7.4350
  endloop
 endfacet
 facet normal 0.86824 0.49614 0.00000
  outer loop
   vertex -1.3000 5.7000 7.4000
   vertex -1.3000 5.7000 7.4350
   vertex -1.2864 5.6762 7.4218
  endloop
 endfacet
 facet normal 0.48370 -0.84647 0.22252
  outer loop
   vertex -1.9864 5.2762 7.4218
   vertex -1.9831 5.2704 7.3922
   vertex -1.2831 5.6704 7.3922
  endloop
 endfacet
 facet normal 0.48370 -0.84647 0.22252
  outer loop
   vertex -1.9864 5.2762 7.4218
   vertex -1.2831 5.6704 7.3922
   vertex -1.2864 5.6762 7.4218
  endloop
 endfacet
 facet normal -0.86824 -0.49614 0.00000
  outer loop
   vertex -2.0000 5.3000 7.4000
   vertex -1.9831 5.2704 7.3922
   vertex -1.9864 5.2762 7.4218
  endloop
 endfacet
 facet normal 0.86824 0.49614 -0.00000
  outer loop
   vertex -1.3000 5.7000 7.4000
   vertex -1.2864 5.6762 7.4218
   vertex -1.2831 5.6704 7.3922
  endloop
 endfacet
 facet normal 0.38790 -0.67882 -0.62349
  outer loop
   vertex -1.9831 5.2704 7.3922
   vertex -1.9925 5.2868 7.3685
   vertex -1.2925 5.6868 7.3685
  endloop
 endfacet
 facet normal 0.38790 -0.67882 -0.62349
  outer loop
   vertex -1.9831 5.2704 7.3922
   vertex -1.2925 5.6868 7.3685
   vertex -1.2831 5.6704 7.3922
  endloop
 endfacet
 facet normal -0.86824 -0.49614 -0.00000
  outer loop
   vertex -2.0000 5.3000 7.4000
   vertex -1.9925 5.2868 7.3685
   vertex -1.9831 5.2704 7.3922
  endloop
 endfacet
 facet normal 0.86824 0.49614 0.00000
  outer loop
   vertex -1.3000 5.7000 7.4000
   vertex -1.2831 5.6704 7.3922
   vertex -1.2925 5.6868 7.3685
  endloop
 endfacet
 facet normal 0.00000 0.00000 -1.00000
  outer loop
   vertex -1.9925 5.2868 7.3685
   vertex -2.0075 5.3132 7.3685
   vertex -1.3075 5.7132 7.3685
  endloop
 endfacet
 facet normal 0.00000 0.00000 -1.00000
  outer loop
   vertex -1.9925 5.2868 7.3685
   vertex -1.3075 5.7132 7.3685
   vertex -1.2925 5.6868 7.3685
  endloop
 endfacet
 facet normal -0.86824 -0.49614 0.00000
  outer loop
   vertex -2.0000 5.3000 7.4000
   vertex -2.0075 5.3132 7.3685
   vertex -1.9925 5.2868 7.3685
  endloop
 endfacet
 facet normal 0.86824 0.49614 0.00000
  outer loop
   vertex -1.3000 5.7000 7.4000
   vertex -1.2925 5.6868 7.3685
   vertex -1.3075 5.7132 7.3685
  endloop
 endfacet
 facet normal -0.38790 0.67882 -0.62349
  outer loop
   vertex -2.0075 5.3132 7.3685
   vertex -2.0169 5.3296 7.3922
   vertex -1.3169 5.7296 7.3922
  endloop
 endfacet
 facet normal -0.38790 0.67882 -0.62349
  outer loop
   vertex -2.0075 5.3132 7.3685
   vertex -1.3169 5.7296 7.3922
   vertex -1.3075 5.7132 7.3685
  endloop
 endfacet
 facet normal -0.86824 -0.49614 0.00000
  outer loop
   vertex -2.0000 5.3000 7.4000
   vertex -2.0169 5.3296 7.3922
   vertex -2.0075 5.3132 7.3685
  endloop
 endfacet
 facet normal 0.86824 0.49614 -0.00000
  outer loop
   vertex -1.3000 5.7000 7.4000
   vertex -1.3075 5.7132 7.3685
   vertex -1.3169 5.7296 7.3922
  endloop
 endfacet
 facet normal -0.48370 0.84647 0.22252
  outer loop
   vertex -2.0169 5.3296 7.3922
   vertex -2.0136 5.3238 7.4218
   vertex -1.3136 5.7238 7.4218
  endloop
 endfacet
 facet normal -0.48370 0.84647 0.22252
  outer loop
   vertex -2.0169 5.3296 7.3922
   vertex -1.3136 5.7238 7.4218
   vertex -1.3169 5.7296 7.3922
  endloop
 endfacet
 facet normal -0.86824 -0.49614 -0.00000
  outer loop
   vertex -2.0000 5.3000 7.4000
   vertex -2.0136 5.3238 7.4218
   vertex -2.0169 5.3296 7.3922
  endloop
 endfacet
 facet normal 0.86824 0.49614 0.00000
  outer loop
   vertex -1.3000 5.7000 7.4000
   vertex -1.3169 5.7296 7.3922
   vertex -1.3136 5.7238 7.4218
  endloop
 endfacet
 facet normal -0.21527 0.37672 0.90097
  outer loop
   vertex -2.0136 5.3238 7.4218
   vertex -2.0000 5.3000 7.4350
   vertex -1.3000 5.7000 7.4350
  endloop
 endfacet
 facet normal -0.21527 0.37672 0.90097
  outer loop
   vertex -2.0136 5.3238 7.4218
   vertex -1.3000 5.7000 7.4350
   vertex -1.3136 5.7238 7.4218
  endloop
 endfacet
 facet normal -0.86824 -0.49614 0.00000
  outer loop
   vertex -2.0000 5.3000 7.4000
   vertex -2.0000 5.3000 7.4350
   vertex -2.0136 5.3238 7.4218
  endloop
 endfacet
 facet normal 0.86824 0.49614 0.00000
  outer loop
   vertex -1.3000 5.7000 7.4000
   vertex -1.3136 5.7238 7.4218
   vertex -1.3000 5.7000 7.4350
  endloop
 endfacet
 facet normal -0.58779 0.00000 -0.80902
  outer loop
   vertex -0.6000 0.0000 7.3550
   vertex -0.6428 0.0000 7.3861
   vertex -0.6428 5.4000 7.3861
  endloop
 endfacet
 facet normal -0.58779 0.00000 -0.80902
  outer loop
   vertex -0.6000 0.0000 7.3550
   vertex -0.6428 5.4000 7.3861
   vertex -0.6000 5.4000 7.3550
  endloop
 endfacet
 facet normal 0.00000 -1.00000 0.00000
  outer loop
   vertex -0.6000 0.0000 7.4000
   vertex -0.6428 0.0000 7.3861
   vertex -0.6000 0.0000 7.3550
  endloop
 endfacet
 facet normal 0.00000 1.00000 0.00000
  outer loop
   vertex -0.6000 5.4000 7.4000
   vertex -0.6000 5.4000 7.3550
   vertex -0.6428 5.4000 7.3861
  endloop
 endfacet
 facet normal -0.95106 0.00000 0.30902
  outer loop
   vertex -0.6428 0.0000 7.3861
   vertex -0.6265 0.0000 7.4364
   vertex -0.6265 5.4000 7.4364
  endloop
 endfacet
 facet normal -0.95106 0.00000 0.30902
  outer loop
   vertex -0.6428 0.0000 7.3861
   vertex -0.6265 5.4000 7.4364
   vertex -0.6428 5.4000 7.3861
  endloop
 endfacet
 facet normal 0.00000 -1.00000 0.00000
  outer loop
   vertex -0.6000 0.0000 7.4000
   vertex -0.6265 0.0000 7.4364
   vertex -0.6428 0.0000 7.3861
  endloop
 endfacet
 facet normal 0.00000 1.00000 0.00000
  outer loop
   vertex -0.6000 5.4000 7.4000
   vertex -0.6428 5.4000 7.3861
   vertex -0.6265 5.4000 7.4364
  endloop
 endfacet
 facet normal 0.00000 0.00000 1.00000
  outer loop
   vertex -0.6265 0.0000 7.4364
   vertex -0.5735 0.0000 7.4364
   vertex -0.5735 5.4000 7.4364
  endloop
 endfacet
 facet normal 0.00000 0.00000 1.00000
  outer loop
   vertex -0.6265 0.0000 7.4364
   vertex -0.5735 5.4000 7.4364
   vertex -0.6265 5.4000 7.4364
  endloop
 endfacet
 facet normal 0.00000 -1.00000 0.00000
  outer loop
   vertex -0.6000 0.0000 7.4000
   vertex -0.5735 0.0000 7.4364
   vertex -0.6265 0.0000 7.4364
  endloop
 endfacet
 facet normal 0.00000 1.00000 0.00000
  outer loop
   vertex -0.6000 5.4000 7.4000
   vertex -0.6265 5.4000 7.4364
   vertex -0.5735 5.4000 7.4364
  endloop
 endfacet
 facet normal 0.95106 0.00000 0.30902
  outer loop
   vertex -0.5735 0.0000 7.4364
   vertex -0.5572 0.0000 7.3861
   vertex -0.5572 5.4000 7.3861
  endloop
 endfacet
 facet normal 0.95106 0.00000 0.30902
  outer loop
   vertex -0.5735 0.0000 7.4364
   vertex -0.5572 5.4000 7.3861
   vertex -0.5735 5.4000 7.4364
  endloop
 endfacet
 facet normal 0.00000 -1.00000 0.00000
  outer loop
   vertex -0.6000 0.0000 7.4000
   vertex -0.5572 0.0000 7.3861
   vertex -0.5735 0.0000 7.4364
  endloop
 endfacet
 facet normal 0.00000 1.00000 0.00000
  outer loop
   vertex -0.6000 5.4000 7.4000
   vertex -0.5735 5.4000 7.4364
   vertex -0.5572 5.4000 7.3861
  endloop
 endfacet
 facet normal 0.58779 0.00000 -0.80902
  outer loop
   vertex -0.5572 0.0000 7.3861
   vertex -0.6000 0.0000 7.3550
   vertex -0.6000 5.4000 7.3550
  endloop
 endfacet
 facet normal 0.58779 0.00000 -0.80902
  outer loop
   vertex -0.5572 0.0000 7.3861
   vertex -0.6000 5.4000 7.3550
   vertex -0.5572 5.4000 7.3861
  endloop
 endfacet
 facet normal 0.00000 -1.00000 0.00000
  outer loop
   vertex -0.6000 0.0000 7.4000
   vertex -0.6000 0.0000 7.3550
   vertex -0.5572 0.0000 7.3861
  endloop
 endfacet
 facet normal 0.00000 1.00000 0.00000
  outer loop
   vertex -0.6000 5.4000 7.4000
   vertex -0.5572 5.4000 7.3861
   vertex -0.6000 5.4000 7.3550
  endloop
 endfacet
 facet normal 0.21527 -0.37672 0.90097
  outer loop
   vertex -0.6000 5.3000 7.4350
   vertex -0.5864 5.2762 7.4218
   vertex 0.1136 5.6762 7.4218
  endloop
 endfacet
 facet normal 0.21527 -0.37672 0.90097
  outer loop
   vertex -0.6000 5.3000 7.4350
   vertex 0.1136 5.6762 7.4218
   vertex 0.1000 5.7000 7.4350
  endloop
 endfacet
 facet normal -0.86824 -0.49614 0.00000
  outer loop
   vertex -0.6000 5.3000 7.4000
   vertex -0.5864 5.2762 7.4218
   vertex -0.6000 5.3000 7.4350
  endloop
 endfacet
 facet normal 0.86824 0.49614 0.00000
  outer loop
   vertex 0.1000 5.7000 7.4000
   vertex 0.1000 5.7000 7.4350
   vertex 0.1136 5.6762 7.4218
  endloop
 endfacet
 facet normal 0.48370 -0.84647 0.22252
  outer loop
   vertex -0.5864 5.2762 7.4218
   vertex -0.5831 5.2704 7.3922
   vertex 0.1169 5.6704 7.3922
  endloop
 endfacet
 facet normal 0.48370 -0.84647 0.22252
  outer loop
   vertex -0.5864 5.2762 7.4218
   vertex 0.1169 5.6704 7.3922
   vertex 0.1136 5.6762 7.4218
  endloop
 endfacet
 facet normal -0.86824 -0.49614 0.00000
  outer loop
   vertex -0.6000 5.3000 7.4000
   vertex -0.5831 5.2704 7.3922
   vertex -0.5864 5.2762 7.4218
  endloop
 endfacet
 facet normal 0.86824 0.49614 -0.00000
  outer loop
   vertex 0.1000 5.7000 7.4000
   vertex 0.1136 5.6762 7.4218
   vertex 0.1169 5.6704 7.3922
  endloop
 endfacet
 facet normal 0.38790 -0.67882 -0.62349
  outer loop
   vertex -0.5831 5.2704 7.3922
   vertex -0.5925 5.2868 7.3685
   vertex 0.1075 5.6868 7.3685
  endloop
 endfacet
 facet normal 0.38790 -0.67882 -0.62349
  outer loop
   vertex -0.5831 5.2704 7.3922
   vertex 0.1075 5.6868 7.3685
   vertex 0.1169 5.6704 7.3922
  endloop
 endfacet
 facet normal -0.86824 -0.49614 -0.00000
  outer loop
   vertex -0.6000 5.3000 7.4000
   vertex -0.5925 5.2868 7.3685
   vertex -0.5831 5.2704 7.3922
  endloop
 endfacet
 facet normal 0.86824 0.49614 0.00000
  outer loop
   vertex 0.1000 5.7000 7.4000
   vertex 0.1169 5.6704 7.3922
   vertex 0.1075 5.6868 7.3685
  endloop
 endfacet
 facet normal 0.00000 0.00000 -1.00000
  outer loop
   vertex -0.5925 5.2868 7.3685
   vertex -0.6075 5.3132 7.3685
   vertex 0.0925 5.7132 7.3685
  endloop
 endfacet
 facet normal 0.00000 0.00000 -1.00000
  outer loop
   vertex -0.5925 5.2868 7.3685
   vertex 0.0925 5.7132 7.3685
   vertex 0.1075 5.6868 7.3685
  endloop
 endfacet
 facet normal -0.86824 -0.49614 0.00000
  outer loop
   vertex -0.6000 5.3000 7.4000
   vertex -0.6075 5.3132 7.3685
   vertex -0.5925 5.2868 7.3685
  endloop
 endfacet
 facet normal 0.86824 0.49614 0.00000
  outer loop
   vertex 0.1000 5.7000 7.4000
   vertex 0.1075 5.6868 7.3685
   vertex 0.0925 5.7132 7.3685
  endloop
 endfacet
 facet normal -0.38790 0.67882 -0.62349
  outer loop
   vertex -0.6075 5.3132 7.3685
   vertex -0.6169 5.3296 7.3922
   vertex 0.0831 5.7296 7.3922
  endloop
 endfacet
 facet normal -0.38790 0.67882 -0.62349
  outer loop
   vertex -0.6075 5.3132 7.3685
   vertex 0.0831 5.7296 7.3922
   vertex 0.0925 5.7132 7.3685
  endloop
 endfacet
 facet normal -0.86824 -0.49614 0.00000
  outer loop
   vertex -0.6000 5.3000 7.4000
   vertex -0.6169 5.3296 7.3922
   vertex -0.6075 5.3132 7.3685
  endloop
 endfacet
 facet normal 0.86824 0.49614 -0.00000
  outer loop
   vertex 0.1000 5.7000 7.4000
   vertex 0.0925 5.7132 7.3685
   vertex 0.0831 5.7296 7.3922
  endloop
 endfacet
 facet normal -0.48370 0.84647 0.22252
  outer loop
   vertex -0.6169 5.3296 7.3922
   vertex -0.6136 5.3238 7.4218
   vertex 0.0864 5.7238 7.4218
  endloop
 endfacet
 facet normal -0.48370 0.84647 0.22252
  outer loop
   vertex -0.6169 5.3296 7.3922
   vertex 0.0864 5.7238 7.4218
   vertex 0.0831 5.7296 7.3922
  endloop
 endfacet
 facet normal -0.86824 -0.49614 -0.00000
  outer loop
   vertex -0.6000 5.3000 7.4000
   vertex -0.6136 5.3238 7.4218
   vertex -0.6169 5.3296 7.3922
  endloop
 endfacet
 facet normal 0.86824 0.49614 0.00000
  outer loop
   vertex 0.1000 5.7000 7.4000
   vertex 0.0831 5.7296 7.3922
   vertex 0.0864 5.7238 7.4218
  endloop
 endfacet
 facet normal -0.21527 0.37672 0.90097
  outer loop
   vertex -0.6136 5.3238 7.4218
   vertex -0.6000 5.3000 7.4350
   vertex 0.1000 5.7000 7.4350
  endloop
 endfacet
 facet normal -0.21527 0.37672 0.90097
  outer loop
   vertex -0.6136 5.3238 7.4218
   vertex 0.1000 5.7000 7.4350
   vertex 0.0864 5.7238 7.4218
  endloop
 endfacet
 facet normal -0.86824 -0.49614 0.00000
  outer loop
   vertex -0.6000 5.3000 7.4000
   vertex -0.6000 5.3000 7.4350
   vertex -0.6136 5.3238 7.4218
  endloop
 endfacet
 facet normal 0.86824 0.49614 0.00000
  outer loop
   vertex 0.1000 5.7000 7.4000
   vertex 0.0864 5.7238 7.4218
   vertex 0.1000 5.7000 7.4350
  endloop
 endfacet
 facet normal -0.58779 0.00000 -0.80902
  outer loop
   vertex 0.8000 0.0000 7.3550
   vertex 0.7572 0.0000 7.3861
   vertex 0.7572 5.4000 7.3861
  endloop
 endfacet
 facet normal -0.58779 0.00000 -0.80902
  outer loop
   vertex 0.8000 0.0000 7.3550
   vertex 0.7572 5.4000 7.3861
   vertex 0.8000 5.4000 7.3550
  endloop
 endfacet
 facet normal 0.00000 -1.00000 0.00000
  outer loop
   vertex 0.8000 0.0000 7.4000
   vertex 0.7572 0.0000 7.3861
   vertex 0.8000 0.0000 7.3550
  endloop
 endfacet
 facet normal 0.00000 1.00000 0.00000
  outer loop
   vertex 0.8000 5.4000 7.4000
   vertex 0.8000 5.4000 7.3550
   vertex 0.7572 5.4000 7.3861
  endloop
 endfacet
 facet normal -0.95106 0.00000 0.30902
  outer loop
   vertex 0.7572 0.0000 7.3861
   vertex 0.7735 0.0000 7.4364
   vertex 0.7735 5.4000 7.4364
  endloop
 endfacet
 facet normal -0.95106 0.00000 0.30902
  outer loop
   vertex 0.7572 0.0000 7.3861
   vertex 0.7735 5.4000 7.4364
   vertex 0.7572 5.4000 7.3861
  endloop
 endfacet
 facet normal 0.00000 -1.00000 0.00000
  outer loop
   vertex 0.8000 0.0000 7.4000
   vertex 0.7735 0.0000 7.4364
   vertex 0.7572 0.0000 7.3861
  endloop
 endfacet
 facet normal 0.00000 1.00000 0.00000
  outer loop
   vertex 0.8000 5.4000 7.4000
   vertex 0.7572 5.4000 7.3861
   vertex 0.7735 5.4000 7.4364
  endloop
 endfacet
 facet normal 0.00000 0.00000 1.00000
  outer loop
   vertex 0.7735 0.0000 7.4364
   vertex 0.8265 0.0000 7.4364
   vertex 0.8265 5.4000 7.4364
  endloop
 endfacet
 facet normal 0.00000 0.00000 1.00000
  outer loop
   vertex 0.7735 0.0000 7.4364
   vertex 0.8265 5.4000 7.4364
   vertex 0.7735 5.4000 7.4364
  endloop
 endfacet
 facet normal 0.00000 -1.00000 0.00000
  outer loop
   vertex 0.8000 0.0000 7.4000
   vertex 0.8265 0.0000 7.4364
   vertex 0.7735 0.0000 7.4364
  endloop
 endfacet
 facet normal 0.00000 1.00000 0.00000
  outer loop
   vertex 0.8000 5.4000 7.4000
   vertex 0.7735 5.4000 7.4364
   vertex 0.8265 5.4000 7.4364
  endloop
 endfacet
 facet normal 0.95106 0.00000 0.30902
  outer loop
   vertex 0.8265 0.0000 7.4364
   vertex 0.8428 0.0000 7.3861
   vertex 0.8428 5.4000 7.3861
  endloop
 endfacet
 facet normal 0.95106 0.00000 0.30902
  outer loop
   vertex 0.8265 0.0000 7.4364
   vertex 0.8428 5.4000 7.3861
   vertex 0.8265 5.4000 7.4364
  endloop
 endfacet
 facet normal 0.00000 -1.00000 0.00000
  outer loop
   vertex 0.8000 0.0000 7.4000
   vertex 0.8428 0.0000 7.3861
   vertex 0.8265 0.0000 7.4364
  endloop
 endfacet
 facet normal 0.00000 1.00000 0.00000
  outer loop
   vertex 0.8000 5.4000 7.4000
   vertex 0.8265 5.4000 7.4364
   vertex 0.8428 5.4000 7.3861
  endloop
 endfacet
 facet normal 0.58779 0.00000 -0.80902
  outer loop
   vertex 0.8428 0.0000 7.3861
   vertex 0.8000 0.0000 7.3550
   vertex 0.8000 5.4000 7.3550
  endloop
 endfacet
 facet normal 0.58779 0.00000 -0.80902
  outer loop
   vertex 0.8428 0.0000 7.3861
   vertex 0.8000 5.4000 7.3550
   vertex 0.8428 5.4000 7.3861
  endloop
 endfacet
 facet normal 0.00000 -1.00000 0.00000
  outer loop
   vertex 0.8000 0.0000 7.4000
   vertex 0.8000 0.0000 7.3550
   vertex 0.8428 0.0000 7.3861
  endloop
 endfacet
 facet normal 0.00000 1.00000 0.00000
  outer loop
   vertex 0.8000 5.4000 7.4000
   vertex 0.8428 5.4000 7.3861
   vertex 0.8000 5.4000 7.3550
  endloop
 endfacet
 facet normal 0.21527 -0.37672 0.90097
  outer loop
   vertex 0.8000 5.3000 7.4350
   vertex 0.8136 5.2762 7.4218
   vertex 1.5136 5.6762 7.4218
  endloop
 endfacet
 facet normal 0.21527 -0.37672 0.90097
  outer loop
   vertex 0.8000 5.3000 7.4350
   vertex 1.5136 5.6762 7.4218
   vertex 1.5000 5.7000 7.4350
  endloop
 endfacet
 facet normal -0.86824 -0.49614 0.00000
  outer loop
   vertex 0.8000 5.3000 7.4000
   vertex 0.8136 5.2762 7.4218
   vertex 0.8000 5.3000 7.4350
  endloop
 endfacet
 facet normal 0.86824 0.49614 0.00000
  outer loop
   vertex 1.5000 5.7000 7.4000
   vertex 1.5000 5.7000 7.4350
   vertex 1.5136 5.6762 7.4218
  endloop
 endfacet
 facet normal 0.48370 -0.84647 0.22252
  outer loop
   vertex 0.8136 5.2762 7.4218
   vertex 0.8169 5.2704 7.3922
   vertex 1.5169 5.6704 7.3922
  endloop
 endfacet
 facet normal 0.48370 -0.84647 0.22252
  outer loop
   vertex 0.8136 5.2762 7.4218
   vertex 1.5169 5.6704 7.3922
   vertex 1.5136 5.6762 7.4218
  endloop
 endfacet
 facet normal -0.86824 -0.49614 0.00000
  outer loop
   vertex 0.8000 5.3000 7.4000
   vertex 0.8169 5.2704 7.3922
   vertex 0.8136 5.2762 7.4218
  endloop
 endfacet
 facet normal 0.86824 0.49614 -0.00000
  outer loop
   vertex 1.5000 5.7000 7.4000
   vertex 1.5136 5.6762 7.4218
   vertex 1.5169 5.6704 7.3922
  endloop
 endfacet
 facet normal 0.38790 -0.67882 -0.62349
  outer loop
   vertex 0.8169 5.2704 7.3922
   vertex 0.8075 5.2868 7.3685
   vertex 1.5075 5.6868 7.3685
  endloop
 endfacet
 facet normal 0.38790 -0.67882 -0.62349
  outer loop
   vertex 0.8169 5.2704 7.3922
   vertex 1.5075 5.6868 7.3685
   vertex 1.5169 5.6704 7.3922
  endloop
 endfacet
 facet normal -0.86824 -0.49614 -0.00000
  outer loop
   vertex 0.8000 5.3000 7.4000
   vertex 0.8075 5.2868 7.3685
   vertex 0.8169 5.2704 7.3922
  endloop
 endfacet
 facet normal 0.86824 0.49614 0.00000
  outer loop
   vertex 1.5000 5.7000 7.4000
   vertex 1.5169 5.6704 7.3922
   vertex 1.5075 5.6868 7.3685
  endloop
 endfacet
 facet normal 0.00000 0.00000 -1.00000
  outer loop
   vertex 0.8075 5.2868 7.3685
   vertex 0.7925 5.3132 7.3685
   vertex 1.4925 5.7132 7.3685
  endloop
 endfacet
 facet normal 0.00000 0.00000 -1.00000
  outer loop
   vertex 0.8075 5.2868 7.3685
   vertex 1.4925 5.7132 7.3685
   vertex 1.5075 5.6868 7.3685
  endloop
 endfacet
 facet normal -0.86824 -0.49614 0.00000
  outer loop
   vertex 0.8000 5.3000 7.4000
   vertex 0.7925 5.3132 7.3685
   vertex 0.8075 5.2868 7.3685
  endloop
 endfacet
 facet normal 0.86824 0.49614 0.00000
  outer loop
   vertex 1.5000 5.7000 7.4000
   vertex 1.5075 5.6868 7.3685
   vertex 1.4925 5.7132 7.3685
  endloop
 endfacet
 facet normal -0.38790 0.67882 -0.62349
  outer loop
   vertex 0.7925 5.3132 7.3685
   vertex 0.7831 5.3296 7.3922
   vertex 1.4831 5.7296 7.3922
  endloop
 endfacet
 facet normal -0.38790 0.67882 -0.62349
  outer loop
   vertex 0.7925 5.3132 7.3685
   vertex 1.4831 5.7296 7.3922
   vertex 1.4925 5.7132 7.3685
  endloop
 endfacet
 facet normal -0.86824 -0.49614 0.00000
  outer loop
   vertex 0.8000 5.3000 7.4000
   vertex 0.7831 5.3296 7.3922
   vertex 0.7925 5.3132 7.3685
  endloop
 endfacet
 facet normal 0.86824 0.49614 -0.00000
  outer loop
   vertex 1.5000 5.7000 7.4000
   vertex 1.4925 5.7132 7.3685
   vertex 1.4831 5.7296 7.3922
  endloop
 endfacet
 facet normal -0.48370 0.84647 0.22252
  outer loop
   vertex 0.7831 5.3296 7.3922
   vertex 0.7864 5.3238 7.4218
   vertex 1.4864 5.7238 7.4218
  endloop
 endfacet
 facet normal -0.48370 0.84647 0.22252
  outer loop
   vertex 0.7831 5.3296 7.3922
   vertex 1.4864 5.7238 7.4218
   vertex 1.4831 5.7296 7.3922
  endloop
 endfacet
 facet normal -0.86824 -0.49614 -0.00000
  outer loop
   vertex 0.8000 5.3000 7.4000
   vertex 0.7864 5.3238 7.4218
   vertex 0.7831 5.3296 7.3922
  endloop
 endfacet
 facet normal 0.86824 0.49614 0.00000
  outer loop
   vertex 1.5000 5.7000 7.4000
   vertex 1.4831 5.7296 7.3922
   vertex 1.4864 5.7238 7.4218
  endloop
 endfacet
 facet normal -0.21527 0.37672 0.90097
  outer loop
   vertex 0.7864 5.3238 7.4218
   vertex 0.8000 5.3000 7.4350
   vertex 1.5000 5.7000 7.4350
  endloop
 endfacet
 facet normal -0.21527 0.37672 0.90097
  outer loop
   vertex 0.7864 5.3238 7.4218
   vertex 1.5000 5.7000 7.4350
   vertex 1.4864 5.7238 7.4218
  endloop
 endfacet
 facet normal -0.86824 -0.49614 0.00000
  outer loop
   vertex 0.8000 5.3000 7.4000
   vertex 0.8000 5.3000 7.4350
   vertex 0.7864 5.3238 7.4218
  endloop
 endfacet
 facet normal 0.86824 0.49614 0.00000
  outer loop
   vertex 1.5000 5.7000 7.4000
   vertex 1.4864 5.7238 7.4218
   vertex 1.5000 5.7000 7.4350
  endloop
 endfacet
 facet normal -0.58779 0.00000 -0.80902
  outer loop
   vertex 2.2000 0.0000 7.3550
   vertex 2.1572 0.0000 7.3861
   vertex 2.1572 5.4000 7.3861
  endloop
 endfacet
 facet normal -0.58779 0.00000 -0.80902
  outer loop
   vertex 2.2000 0.0000 7.3550
   vertex 2.1572 5.4000 7.3861
   vertex 2.2000 5.4000 7.3550
  endloop
 endfacet
 facet normal 0.00000 -1.00000 0.00000
  outer loop
   vertex 2.2000 0.0000 7.4000
   vertex 2.1572 0.0000 7.3861
   vertex 2.2000 0.0000 7.3550
  endloop
 endfacet
 facet normal 0.00000 1.00000 0.00000
  outer loop
   vertex 2.2000 5.4000 7.4000
   vertex 2.2000 5.4000 7.3550
   vertex 2.1572 5.4000 7.3861
  endloop
 endfacet
 facet normal -0.95106 0.00000 0.30902
  outer loop
   vertex 2.1572 0.0000 7.3861
   vertex 2.1735 0.0000 7.4364
   vertex 2.1735 5.4000 7.4364
  endloop
 endfacet
 facet normal -0.95106 0.00000 0.30902
  outer loop
   vertex 2.1572 0.0000 7.3861
   vertex 2.1735 5.4000 7.4364
   vertex 2.1572 5.4000 7.3861
  endloop
 endfacet
 facet normal 0.00000 -1.00000 0.00000
  outer loop
   vertex 2.2000 0.0000 7.4000
   vertex 2.1735 0.0000 7.4364
   vertex 2.1572 0.0000 7.3861
  endloop
 endfacet
 facet normal 0.00000 1.00000 0.00000
  outer loop
   vertex 2.2000 5.4000 7.4000
   vertex 2.1572 5.4000 7.3861
   vertex 2.1735 5.4000 7.4364
  endloop
 endfacet
 facet normal 0.00000 0.00000 1.00000
  outer loop
   vertex 2.1735 0.0000 7.4364
   vertex 2.2265 0.0000 7.4364
   vertex 2.2265 5.4000 7.4364
  endloop
 endfacet
 facet normal 0.00000 0.00000 1.00000
  outer loop
   vertex 2.1735 0.0000 7.4364
   vertex 2.2265 5.4000 7.4364
   vertex 2.1735 5.4000 7.4364
  endloop
 endfacet
 facet normal 0.00000 -1.00000 0.00000
  outer loop
   vertex 2.2000 0.0000 7.4000
   vertex 2.2265 0.0000 7.4364
   vertex 2.1735 0.0000 7.4364
  endloop
 endfacet
 facet normal 0.00000 1.00000 0.00000
  outer loop
   vertex 2.2000 5.4000 7.4000
   vertex 2.1735 5.4000 7.4364
   vertex 2.2265 5.4000 7.4364
  endloop
 endfacet
 facet normal 0.95106 0.00000 0.30902
  outer loop
   vertex 2.2265 0.0000 7.4364
   vertex 2.2428 0.0000 7.3861
   vertex 2.2428 5.4000 7.3861
  endloop
 endfacet
 facet normal 0.95106 0.00000 0.30902
  outer loop
   vertex 2.2265 0.0000 7.4364
   vertex 2.2428 5.4000 7.3861
   vertex 2.2265 5.4000 7.4364
  endloop
 endfacet
 facet normal 0.00000 -1.00000 0.00000
  outer loop
   vertex 2.2000 0.0000 7.4000
   vertex 2.2428 0.0000 7.3861
   vertex 2.2265 0.0000 7.4364
  endloop
 endfacet
 facet normal 0.00000 1.00000 0.00000
  outer loop
   vertex 2.2000 5.4000 7.4000
   vertex 2.2265 5.4000 7.4364
   vertex 2.2428 5.4000 7.3861
  endloop
 endfacet
 facet normal 0.58779 0.00000 -0.80902
  outer loop
   vertex 2.2428 0.0000 7.3861
   vertex 2.2000 0.0000 7.3550
   vertex 2.2000 5.4000 7.3550
  endloop
 endfacet
 facet normal 0.58779 0.00000 -0.80902
  outer loop
   vertex 2.2428 0.0000 7.3861
   vertex 2.2000 5.4000 7.3550
   vertex 2.2428 5.4000 7.3861
  endloop
 endfacet
 facet normal 0.00000 -1.00000 0.00000
  outer loop
   vertex 2.2000 0.0000 7.4000
   vertex 2.2000 0.0000 7.3550
   vertex 2.2428 0.0000 7.3861
  endloop
 endfacet
 facet normal 0.00000 1.00000 0.00000
  outer loop
   vertex 2.2000 5.4000 7.4000
   vertex 2.2428 5.4000 7.3861
   vertex 2.2000 5.4000 7.3550
  endloop
 endfacet
 facet normal 0.21527 -0.37672 0.90097
  outer loop
   vertex 2.2000 5.3000 7.4350
   vertex 2.2136 5.2762 7.4218
   vertex 2.9136 5.6762 7.4218
  endloop
 endfacet
 facet normal 0.21527 -0.37672 0.90097
  outer loop
   vertex 2.2000 5.3000 7.4350
   vertex 2.9136 5.6762 7.4218
   vertex 2.9000 5.7000 7.4350
  endloop
 endfacet
 facet normal -0.86824 -0.49614 0.00000
  outer loop
   vertex 2.2000 5.3000 7.4000
   vertex 2.2136 5.2762 7.4218
   vertex 2.2000 5.3000 7.4350
  endloop
 endfacet
 facet normal 0.86824 0.49614 0.00000
  outer loop
   vertex 2.9000 5.7000 7.4000
   vertex 2.9000 5.7000 7.4350
   vertex 2.9136 5.6762 7.4218
  endloop
 endfacet
 facet normal 0.48370 -0.84647 0.22252
  outer loop
   vertex 2.2136 5.2762 7.4218
   vertex 2.2169 5.2704 7.3922
   vertex 2.9169 5.6704 7.3922
  endloop
 endfacet
 facet normal 0.48370 -0.84647 0.22252
  outer loop
   vertex 2.2136 5.2762 7.4218
   vertex 2.9169 5.6704 7.3922
   vertex 2.9136 5.6762 7.4218
  endloop
 endfacet
 facet normal -0.86824 -0.49614 0.00000
  outer loop
   vertex 2.2000 5.3000 7.4000
   vertex 2.2169 5.2704 7.3922
   vertex 2.2136 5.2762 7.4218
  endloop
 endfacet
 facet normal 0.86824 0.49614 -0.00000
  outer loop
   vertex 2.9000 5.7000 7.4000
   vertex 2.9136 5.6762 7.4218
   vertex 2.9169 5.6704 7.3922
  endloop
 endfacet
 facet normal 0.38790 -0.67882 -0.62349
  outer loop
   vertex 2.2169 5.2704 7.3922
   vertex 2.2075 5.2868 7.3685
   vertex 2.9075 5.6868 7.3685
  endloop
 endfacet
 facet normal 0.38790 -0.67882 -0.62349
  outer loop
   vertex 2.2169 5.2704 7.3922
   vertex 2.9075 5.6868 7.3685
   vertex 2.9169 5.6704 7.3922
  endloop
 endfacet
 facet normal -0.86824 -0.49614 -0.00000
  outer loop
   vertex 2.2000 5.3000 7.4000
   vertex 2.2075 5.2868 7.3685
   vertex 2.2169 5.2704 7.3922
  endloop
 endfacet
 facet normal 0.86824 0.49614 0.00000
  outer loop
   vertex 2.9000 5.7000 7.4000
   vertex 2.9169 5.6704 7.3922
   vertex 2.9075 5.6868 7.3685
  endloop
 endfacet
 facet normal 0.00000 0.00000 -1.00000
  outer loop
   vertex 2.2075 5.2868 7.3685
   vertex 2.1925 5.3132 7.3685
   vertex 2.8925 5.7132 7.3685
  endloop
 endfacet
 facet normal 0.00000 0.00000 -1.00000
  outer loop
   vertex 2.2075 5.2868 7.3685
   vertex 2.8925 5.7132 7.3685
   vertex 2.9075 5.6868 7.3685
  endloop
 endfacet
 facet normal -0.86824 -0.49614 0.00000
  outer loop
   vertex 2.2000 5.3000 7.4000
   vertex 2.1925 5.3132 7.3685
   vertex 2.2075 5.2868 7.3685
  endloop
 endfacet
 facet normal 0.86824 0.49614 0.00000
  outer loop
   vertex 2.9000 5.7000 7.4000
   vertex 2.9075 5.6868 7.3685
   vertex 2.8925 5.7132 7.3685
  endloop
 endfacet
 facet normal -0.38790 0.67882 -0.62349
  outer loop
   vertex 2.1925 5.3132 7.3685
   vertex 2.1831 5.3296 7.3922
   vertex 2.8831 5.7296 7.3922
  endloop
 endfacet
 facet normal -0.38790 0.67882 -0.62349
  outer loop
   vertex 2.1925 5.3132 7.3685
   vertex 2.8831 5.7296 7.3922
   vertex 2.8925 5.7132 7.3685
  endloop
 endfacet
 facet normal -0.86824 -0.49614 0.00000
  outer loop
   vertex 2.2000 5.3000 7.4000
   vertex 2.1831 5.3296 7.3922
   vertex 2.1925 5.3132 7.3685
  endloop
 endfacet
 facet normal 0.86824 0.49614 -0.00000
  outer loop
   vertex 2.9000 5.7000 7.4000
   vertex 2.8925 5.7132 7.3685
   vertex 2.8831 5.7296 7.3922
  endloop
 endfacet
 facet normal -0.48370 0.84647 0.22252
  outer loop
   vertex 2.1831 5.3296 7.3922
   vertex 2.1864 5.3238 7.4218
   vertex 2.8864 5.7238 7.4218
  endloop
 endfacet
 facet normal -0.48370 0.84647 0.22252
  outer loop
   vertex 2.1831 5.3296 7.3922
   vertex 2.8864 5.7238 7.4218
   vertex 2.8831 5.7296 7.3922
  endloop
 endfacet
 facet normal -0.86824 -0.49614 -0.00000
  outer loop
   vertex 2.2000 5.3000 7.4000
   vertex 2.1864 5.3238 7.4218
   vertex 2.1831 5.3296 7.3922
  endloop
 endfacet
 facet normal 0.86824 0.49614 0.00000
  outer loop
   vertex 2.9000 5.7000 7.4000
   vertex 2.8831 5.7296 7.3922
   vertex 2.8864 5.7238 7.4218
  endloop
 endfacet
 facet normal -0.21527 0.37672 0.90097
  outer loop
   vertex 2.1864 5.3238 7.4218
   vertex 2.2000 5.3000 7.4350
   vertex 2.9000 5.7000 7.4350
  endloop
 endfacet
 facet normal -0.21527 0.37672 0.90097
  outer loop
   vertex 2.1864 5.3238 7.4218
   vertex 2.9000 5.7000 7.4350
   vertex 2.8864 5.7238 7.4218
  endloop
 endfacet
 facet normal -0.86824 -0.49614 0.00000
  outer loop
   vertex 2.2000 5.3000 7.4000
   vertex 2.2000 5.3000 7.4350
   vertex 2.1864 5.3238 7.4218
  endloop
 endfacet
 facet normal 0.86824 0.49614 0.00000
  outer loop
   vertex 2.9000 5.7000 7.4000
   vertex 2.8864 5.7238 7.4218
   vertex 2.9000 5.7000 7.4350
  endloop
 endfacet
 facet normal -0.58779 0.00000 -0.80902
  outer loop
   vertex 3.6000 0.0000 7.3550
   vertex 3.5572 0.0000 7.3861
   vertex 3.5572 5.4000 7.3861
  endloop
 endfacet
 facet normal -0.58779 0.00000 -0.80902
  outer loop
   vertex 3.6000 0.0000 7.3550
   vertex 3.5572 5.4000 7.3861
   vertex 3.6000 5.4000 7.3550
  endloop
 endfacet
 facet normal 0.00000 -1.00000 0.00000
  outer loop
   vertex 3.6000 0.0000 7.4000
   vertex 3.5572 0.0000 7.3861
   vertex 3.6000 0.0000 7.3550
  endloop
 endfacet
 facet normal 0.00000 1.00000 0.00000
  outer loop
   vertex 3.6000 5.4000 7.4000
   vertex 3.6000 5.4000 7.3550
   vertex 3.5572 5.4000 7.3861
  endloop
 endfacet
 facet normal -0.95106 0.00000 0.30902
  outer loop
   vertex 3.5572 0.0000 7.3861
   vertex 3.5735 0.0000 7.4364
   vertex 3.5735 5.4000 7.4364
  endloop
 endfacet
 facet normal -0.95106 0.00000 0.30902
  outer loop
   vertex 3.5572 0.0000 7.3861
   vertex 3.5735 5.4000 7.4364
   vertex 3.5572 5.4000 7.3861
  endloop
 endfacet
 facet normal 0.00000 -1.00000 0.00000
  outer loop
   vertex 3.6000 0.0000 7.4000
   vertex 3.5735 0.0000 7.4364
   vertex 3.5572 0.0000 7.3861
  endloop
 endfacet
 facet normal 0.00000 1.00000 0.00000
  outer loop
   vertex 3.6000 5.4000 7.4000
   vertex 3.5572 5.4000 7.3861
   vertex 3.5735 5.4000 7.4364
  endloop
 endfacet
 facet normal 0.00000 0.00000 1.00000
  outer loop
   vertex 3.5735 0.0000 7.4364
   vertex 3.6265 0.0000 7.4364
   vertex 3.6265 5.4000 7.4364
  endloop
 endfacet
 facet normal 0.00000 0.00000 1.00000
  outer loop
   vertex 3.5735 0.0000 7.4364
   vertex 3.6265 5.4000 7.4364
   vertex 3.5735 5.4000 7.4364
  endloop
 endfacet
 facet normal 0.00000 -1.00000 0.00000
  outer loop
   vertex 3.6000 0.0000 7.4000
   vertex 3.6265 0.0000 7.4364
   vertex 3.5735 0.0000 7.4364
  endloop
 endfacet
 facet normal 0.00000 1.00000 0.00000
  outer loop
   vertex 3.6000 5.4000 7.4000
   vertex 3.5735 5.4000 7.4364
   vertex 3.6265 5.4000 7.4364
  endloop
 endfacet
 facet normal 0.95106 0.00000 0.30902
  outer loop
   vertex 3.6265 0.0000 7.4364
   vertex 3.6428 0.0000 7.3861
   vertex 3.6428 5.4000 7.3861
  endloop
 endfacet
 facet normal 0.95106 0.00000 0.30902
  outer loop
   vertex 3.6265 0.0000 7.4364
   vertex 3.6428 5.4000 7.3861
   vertex 3.6265 5.4000 7.4364
  endloop
 endfacet
 facet normal 0.00000 -1.00000 0.00000
  outer loop
   vertex 3.6000 0.0000 7.4000
   vertex 3.6428 0.0000 7.3861
   vertex 3.6265 0.0000 7.4364
  endloop
 endfacet
 facet normal 0.00000 1.00000 0.00000
  outer loop
   vertex 3.6000 5.4000 7.4000
   vertex 3.6265 5.4000 7.4364
   vertex 3.6428 5.4000 7.3861
  endloop
 endfacet
 facet normal 0.58779 0.00000 -0.80902
  outer loop
   vertex 3.6428 0.0000 7.3861
   vertex 3.6000 0.0000 7.3550
   vertex 3.6000 5.4000 7.3550
  endloop
 endfacet
 facet normal 0.58779 0.00000 -0.80902
  outer loop
   vertex 3.6428 0.0000 7.3861
   vertex 3.6000 5.4000 7.3550
   vertex 3.6428 5.4000 7.3861
  endloop
 endfacet
 facet normal 0.00000 -1.00000 0.00000
  outer loop
   vertex 3.6000 0.0000 7.4000
   vertex 3.6000 0.0000 7.3550
   vertex 3.6428 0.0000 7.3861
  endloop
 endfacet
 facet normal 0.00000 1.00000 0.00000
  outer loop
   vertex 3.6000 5.4000 7.4000
   vertex 3.6428 5.4000 7.3861
   vertex 3.6000 5.4000 7.3550
  endloop
 endfacet
 facet normal 0.21527 -0.37672 0.90097
  outer loop
   vertex 3.6000 5.3000 7.4350
   vertex 3.6136 5.2762 7.4218
   vertex 4.3136 5.6762 7.4218
  endloop
 endfacet
 facet normal 0.21527 -0.37672 0.90097
  outer loop
   vertex 3.6000 5.3000 7.4350
   vertex 4.3136 5.6762 7.4218
   vertex 4.3000 5.7000 7.4350
  endloop
 endfacet
 facet normal -0.86824 -0.49614 0.00000
  outer loop
   vertex 3.6000 5.3000 7.4000
   vertex 3.6136 5.2762 7.4218
   vertex 3.6000 5.3000 7.4350
  endloop
 endfacet
 facet normal 0.86824 0.49614 0.00000
  outer loop
   vertex 4.3000 5.7000 7.4000
   vertex 4.3000 5.7000 7.4350
   vertex 4.3136 5.6762 7.4218
  endloop
 endfacet
 facet normal 0.48370 -0.84647 0.22252
  outer loop
   vertex 3.6136 5.2762 7.4218
   vertex 3.6169 5.2704 7.3922
   vertex 4.3169 5.6704 7.3922
  endloop
 endfacet
 facet normal 0.48370 -0.84647 0.22252
  outer loop
   vertex 3.6136 5.2762 7.4218
   vertex 4.3169 5.6704 7.3922
   vertex 4.3136 5.6762 7.4218
  endloop
 endfacet
 facet normal -0.86824 -0.49614 0.00000
  outer loop
   vertex 3.6000 5.3000 7.4000
   vertex 3.6169 5.2704 7.3922
   vertex 3.6136 5.2762 7.4218
  endloop
 endfacet
 facet normal 0.86824 0.49614 -0.00000
  outer loop
   vertex 4.3000 5.7000 7.4000
   vertex 4.3136 5.6762 7.4218
   vertex 4.3169 5.6704 7.3922
  endloop
 endfacet
 facet normal 0.38790 -0.67882 -0.62349
  outer loop
   vertex 3.6169 5.2704 7.3922
   vertex 3.6075 5.2868 7.3685
   vertex 4.3075 5.6868 7.3685
  endloop
 endfacet
 facet normal 0.38790 -0.67882 -0.62349
  outer loop
   vertex 3.6169 5.2704 7.3922
   vertex 4.3075 5.6868 7.3685
   vertex 4.3169 5.6704 7.3922
  endloop
 endfacet
 facet normal -0.86824 -0.49614 -0.00000
  outer loop
   vertex 3.6000 5.3000 7.4000
   vertex 3.6075 5.2868 7.3685
   vertex 3.6169 5.2704 7.3922
  endloop
 endfacet
 facet normal 0.86824 0.49614 0.00000
  outer loop
   vertex 4.3000 5.7000 7.4000
   vertex 4.3169 5.6704 7.3922
   vertex 4.3075 5.6868 7.3685
  endloop
 endfacet
 facet normal 0.00000 0.00000 -1.00000
  outer loop
   vertex 3.6075 5.2868 7.3685
   vertex 3.5925 5.3132 7.3685
   vertex 4.2925 5.7132 7.3685
  endloop
 endfacet
 facet normal 0.00000 0.00000 -1.00000
  outer loop
   vertex 3.6075 5.2868 7.3685
   vertex 4.2925 5.7132 7.3685
   vertex 4.3075 5.6868 7.3685
  endloop
 endfacet
 facet normal -0.86824 -0.49614 0.00000
  outer loop
   vertex 3.6000 5.3000 7.4000
   vertex 3.5925 5.3132 7.3685
   vertex 3.6075 5.2868 7.3685
  endloop
 endfacet
 facet normal 0.86824 0.49614 0.00000
  outer loop
   vertex 4.3000 5.7000 7.4000
   vertex 4.3075 5.6868 7.3685
   vertex 4.2925 5.7132 7.3685
  endloop
 endfacet
 facet normal -0.38790 0.67882 -0.62349
  outer loop
   vertex 3.5925 5.3132 7.3685
   vertex 3.5831 5.3296 7.3922
   vertex 4.2831 5.7296 7.3922
  endloop
 endfacet
 facet normal -0.38790 0.67882 -0.62349
  outer loop
   vertex 3.5925 5.3132 7.3685
   vertex 4.2831 5.7296 7.3922
   vertex 4.2925 5.7132 7.3685
  endloop
 endfacet
 facet normal -0.86824 -0.49614 0.00000
  outer loop
   vertex 3.6000 5.3000 7.4000
   vertex 3.5831 5.3296 7.3922
   vertex 3.5925 5.3132 7.3685
  endloop
 endfacet
 facet normal 0.86824 0.49614 -0.00000
  outer loop
   vertex 4.3000 5.7000 7.4000
   vertex 4.2925 5.7132 7.3685
   vertex 4.2831 5.7296 7.3922
  endloop
 endfacet
 facet normal -0.48370 0.84647 0.22252
  outer loop
   vertex 3.5831 5.3296 7.3922
   vertex 3.5864 5.3238 7.4218
   vertex 4.2864 5.7238 7.4218
  endloop
 endfacet
 facet normal -0.48370 0.84647 0.22252
  outer loop
   vertex 3.5831 5.3296 7.3922
   vertex 4.2864 5.7238 7.4218
   vertex 4.2831 5.7296 7.3922
  endloop
 endfacet
 facet normal -0.86824 -0.49614 -0.00000
  outer loop
   vertex 3.6000 5.3000 7.4000
   vertex 3.5864 5.3238 7.4218
   vertex 3.5831 5.3296 7.3922
  endloop
 endfacet
 facet normal 0.86824 0.49614 0.00000
  outer loop
   vertex 4.3000 5.7000 7.4000
   vertex 4.2831 5.7296 7.3922
   vertex 4.2864 5.7238 7.4218
  endloop
 endfacet
 facet normal -0.21527 0.37672 0.90097
  outer loop
   vertex 3.5864 5.3238 7.4218
   vertex 3.6000 5.3000 7.4350
   vertex 4.3000 5.7000 7.4350
  endloop
 endfacet
 facet normal -0.21527 0.37672 0.90097
  outer loop
   vertex 3.5864 5.3238 7.4218
   vertex 4.3000 5.7000 7.4350
   vertex 4.2864 5.7238 7.4218
  endloop
 endfacet
 facet normal -0.86824 -0.49614 0.00000
  outer loop
   vertex 3.6000 5.3000 7.4000
   vertex 3.6000 5.3000 7.4350
   vertex 3.5864 5.3238 7.4218
  endloop
 endfacet
 facet normal 0.86824 0.49614 0.00000
  outer loop
   vertex 4.3000 5.7000 7.4000
   vertex 4.2864 5.7238 7.4218
   vertex 4.3000 5.7000 7.4350
  endloop
 endfacet
 facet normal -0.58779 0.00000 -0.80902
  outer loop
   vertex 5.0000 0.0000 7.3550
   vertex 4.9572 0.0000 7.3861
   vertex 4.9572 5.4000 7.3861
  endloop
 endfacet
 facet normal -0.58779 0.00000 -0.80902
  outer loop
   vertex 5.0000 0.0000 7.3550
   vertex 4.9572 5.4000 7.3861
   vertex 5.0000 5.4000 7.3550
  endloop
 endfacet
 facet normal 0.00000 -1.00000 0.00000
  outer loop
   vertex 5.0000 0.0000 7.4000
   vertex 4.9572 0.0000 7.3861
   vertex 5.0000 0.0000 7.3550
  endloop
 endfacet
 facet normal 0.00000 1.00000 0.00000
  outer loop
   vertex 5.0000 5.4000 7.4000
   vertex 5.0000 5.4000 7.3550
   vertex 4.9572 5.4000 7.3861
  endloop
 endfacet
 facet normal -0.95106 0.00000 0.30902
  outer loop
   vertex 4.9572 0.0000 7.3861
   vertex 4.9735 0.0000 7.4364
   vertex 4.9735 5.4000 7.4364
  endloop
 endfacet
 facet normal -0.95106 0.00000 0.30902
  outer loop
   vertex 4.9572 0.0000 7.3861
   vertex 4.9735 5.4000 7.4364
   vertex 4.9572 5.4000 7.3861
  endloop
 endfacet
 facet normal 0.00000 -1.00000 0.00000
  outer loop
   vertex 5.0000 0.0000 7.4000
   vertex 4.9735 0.0000 7.4364
   vertex 4.9572 0.0000 7.3861
  endloop
 endfacet
 facet normal 0.00000 1.00000 0.00000
  outer loop
   vertex 5.0000 5.4000 7.4000
   vertex 4.9572 5.4000 7.3861
   vertex 4.9735 5.4000 7.4364
  endloop
 endfacet
 facet normal 0.00000 0.00000 1.00000
  outer loop
   vertex 4.9735 0.0000 7.4364
   vertex 5.0265 0.0000 7.4364
   vertex 5.0265 5.4000 7.4364
  endloop
 endfacet
 facet normal 0.00000 0.00000 1.00000
  outer loop
   vertex 4.9735 0.0000 7.4364
   vertex 5.0265 5.4000 7.4364
   vertex 4.9735 5.4000 7.4364
  endloop
 endfacet
 facet normal 0.00000 -1.00000 0.00000
  outer loop
   vertex 5.0000 0.0000 7.4000
   vertex 5.0265 0.0000 7.4364
   vertex 4.9735 0.0000 7.4364
  endloop
 endfacet
 facet normal 0.00000 1.00000 0.00000
  outer loop
   vertex 5.0000 5.4000 7.4000
   vertex 4.9735 5.4000 7.4364
   vertex 5.0265 5.4000 7.4364
  endloop
 endfacet
 facet normal 0.95106 0.00000 0.30902
  outer loop
   vertex 5.0265 0.0000 7.4364
   vertex 5.0428 0.0000 7.3861
   vertex 5.0428 5.4000 7.3861
  endloop
 endfacet
 facet normal 0.95106 0.00000 0.30902
  outer loop
   vertex 5.0265 0.0000 7.4364
   vertex 5.0428 5.4000 7.3861
   vertex 5.0265 5.4000 7.4364
  endloop
 endfacet
 facet normal 0.00000 -1.00000 0.00000
  outer loop
   vertex 5.0000 0.0000 7.4000
   vertex 5.0428 0.0000 7.3861
   vertex 5.0265 0.0000 7.4364
  endloop
 endfacet
 facet normal 0.00000 1.00000 0.00000
  outer loop
   vertex 5.0000 5.4000 7.4000
   vertex 5.0265 5.4000 7.4364
   vertex 5.0428 5.4000 7.3861
  endloop
 endfacet
 facet normal 0.58779 0.00000 -0.80902
  outer loop
   vertex 5.0428 0.0000 7.3861
   vertex 5.0000 0.0000 7.3550
   vertex 5.0000 5.4000 7.3550
  endloop
 endfacet
 facet normal 0.58779 0.00000 -0.80902
  outer loop
   vertex 5.0428 0.0000 7.3861
   vertex 5.0000 5.4000 7.3550
   vertex 5.0428 5.4000 7.3861
  endloop
 endfacet
 facet normal 0.00000 -1.00000 0.00000
  outer loop
   vertex 5.0000 0.0000 7.4000
   vertex 5.0000 0.0000 7.3550
   vertex 5.0428 0.0000 7.3861
  endloop
 endfacet
 facet normal 0.00000 1.00000 0.00000
  outer loop
   vertex 5.0000 5.4000 7.4000
   vertex 5.0428 5.4000 7.3861
   vertex 5.0000 5.4000 7.3550
  endloop
 endfacet
 facet normal 0.21527 -0.37672 0.90097
  outer loop
   vertex 5.0000 5.3000 7.4350
   vertex 5.0136 5.2762 7.4218
   vertex 5.7136 5.6762 7.4218
  endloop
 endfacet
 facet normal 0.21527 -0.37672 0.90097
  outer loop
   vertex 5.0000 5.3000 7.4350
   vertex 5.7136 5.6762 7.4218
   vertex 5.7000 5.7000 7.4350
  endloop
 endfacet
 facet normal -0.86824 -0.49614 0.00000
  outer loop
   vertex 5.0000 5.3000 7.4000
   vertex 5.0136 5.2762 7.4218
   vertex 5.0000 5.3000 7.4350
  endloop
 endfacet
 facet normal 0.86824 0.49614 0.00000
  outer loop
   vertex 5.7000 5.7000 7.4000
   vertex 5.7000 5.7000 7.4350
   vertex 5.7136 5.6762 7.4218
  endloop
 endfacet
 facet normal 0.48370 -0.84647 0.22252
  outer loop
   vertex 5.0136 5.2762 7.4218
   vertex 5.0169 5.2704 7.3922
   vertex 5.7169 5.6704 7.3922
  endloop
 endfacet
 facet normal 0.48370 -0.84647 0.22252
  outer loop
   vertex 5.0136 5.2762 7.4218
   vertex 5.7169 5.6704 7.3922
   vertex 5.7136 5.6762 7.4218
  endloop
 endfacet
 facet normal -0.86824 -0.49614 0.00000
  outer loop
   vertex 5.0000 5.3000 7.4000
   vertex 5.0169 5.2704 7.3922
   vertex 5.0136 5.2762 7.4218
  endloop
 endfacet
 facet normal 0.86824 0.49614 -0.00000
  outer loop
   vertex 5.7000 5.7000 7.4000
   vertex 5.7136 5.6762 7.4218
   vertex 5.7169 5.6704 7.3922
  endloop
 endfacet
 facet normal 0.38790 -0.67882 -0.62349
  outer loop
   vertex 5.0169 5.2704 7.3922
   vertex 5.0075 5.2868 7.3685
   vertex 5.7075 5.6868 7.3685
  endloop
 endfacet
 facet normal 0.38790 -0.67882 -0.62349
  outer loop
   vertex 5.0169 5.2704 7.3922
   vertex 5.7075 5.6868 7.3685
   vertex 5.7169 5.6704 7.3922
  endloop
 endfacet
 facet normal -0.86824 -0.49614 -0.00000
  outer loop
   vertex 5.0000 5.3000 7.4000
   vertex 5.0075 5.2868 7.3685
   vertex 5.0169 5.2704 7.3922
  endloop
 endfacet
 facet normal 0.86824 0.49614 0.00000
  outer loop
   vertex 5.7000 5.7000 7.4000
   vertex 5.7169 5.6704 7.3922
   vertex 5.7075 5.6868 7.3685
  endloop
 endfacet
 facet normal 0.00000 0.00000 -1.00000
  outer loop
   vertex 5.0075 5.2868 7.3685
   vertex 4.9925 5.3132 7.3685
   vertex 5.6925 5.7132 7.3685
  endloop
 endfacet
 facet normal 0.00000 0.00000 -1.00000
  outer loop
   vertex 5.0075 5.2868 7.3685
   vertex 5.6925 5.7132 7.3685
   vertex 5.7075 5.6868 7.3685
  endloop
 endfacet
 facet normal -0.86824 -0.49614 0.00000
  outer loop
   vertex 5.0000 5.3000 7.4000
   vertex 4.9925 5.3132 7.3685
   vertex 5.0075 5.2868 7.3685
  endloop
 endfacet
 facet normal 0.86824 0.49614 0.00000
  outer loop
   vertex 5.7000 5.7000 7.4000
   vertex 5.7075 5.6868 7.3685
   vertex 5.6925 5.7132 7.3685
  endloop
 endfacet
 facet normal -0.38790 0.67882 -0.62349
  outer loop
   vertex 4.9925 5.3132 7.3685
   vertex 4.9831 5.3296 7.3922
   vertex 5.6831 5.7296 7.3922
  endloop
 endfacet
 facet normal -0.38790 0.67882 -0.62349
  outer loop
   vertex 4.9925 5.3132 7.3685
   vertex 5.6831 5.7296 7.3922
   vertex 5.6925 5.7132 7.3685
  endloop
 endfacet
 facet normal -0.86824 -0.49614 0.00000
  outer loop
   vertex 5.0000 5.3000 7.4000
   vertex 4.9831 5.3296 7.3922
   vertex 4.9925 5.3132 7.3685
  endloop
 endfacet
 facet normal 0.86824 0.49614 -0.00000
  outer loop
   vertex 5.7000 5.7000 7.4000
   vertex 5.6925 5.7132 7.3685
   vertex 5.6831 5.7296 7.3922
  endloop
 endfacet
 facet normal -0.48370 0.84647 0.22252
  outer loop
   vertex 4.9831 5.3296 7.3922
   vertex 4.9864 5.3238 7.4218
   vertex 5.6864 5.7238 7.4218
  endloop
 endfacet
 facet normal -0.48370 0.84647 0.22252
  outer loop
   vertex 4.9831 5.3296 7.3922
   vertex 5.6864 5.7238 7.4218
   vertex 5.6831 5.7296 7.3922
  endloop
 endfacet
 facet normal -0.86824 -0.49614 -0.00000
  outer loop
   vertex 5.0000 5.3000 7.4000
   vertex 4.9864 5.3238 7.4218
   vertex 4.9831 5.3296 7.3922
  endloop
 endfacet
 facet normal 0.86824 0.49614 0.00000
  outer loop
   vertex 5.7000 5.7000 7.4000
   vertex 5.6831 5.7296 7.3922
   vertex 5.6864 5.7238 7.4218
  endloop
 endfacet
 facet normal -0.21527 0.37672 0.90097
  outer loop
   vertex 4.9864 5.3238 7.4218
   vertex 5.0000 5.3000 7.4350
   vertex 5.7000 5.7000 7.4350
  endloop
 endfacet
 facet normal -0.21527 0.37672 0.90097
  outer loop
   vertex 4.9864 5.3238 7.4218
   vertex 5.7000 5.7000 7.4350
   vertex 5.6864 5.7238 7.4218
  endloop
 endfacet
 facet normal -0.86824 -0.49614 0.00000
  outer loop
   vertex 5.0000 5.3000 7.4000
   vertex 5.0000 5.3000 7.4350
   vertex 4.9864 5.3238 7.4218
  endloop
 endfacet
 facet normal 0.86824 0.49614 0.00000
  outer loop
   vertex 5.7000 5.7000 7.4000
   vertex 5.6864 5.7238 7.4218
   vertex 5.7000 5.7000 7.4350
  endloop
 endfacet
 facet normal -0.58779 0.00000 -0.80902
  outer loop
   vertex 6.4000 0.0000 7.3550
   vertex 6.3572 0.0000 7.3861
   vertex 6.3572 5.4000 7.3861
  endloop
 endfacet
 facet normal -0.58779 0.00000 -0.80902
  outer loop
   vertex 6.4000 0.0000 7.3550
   vertex 6.3572 5.4000 7.3861
   vertex 6.4000 5.4000 7.3550
  endloop
 endfacet
 facet normal 0.00000 -1.00000 0.00000
  outer loop
   vertex 6.4000 0.0000 7.4000
   vertex 6.3572 0.0000 7.3861
   vertex 6.4000 0.0000 7.3550
  endloop
 endfacet
 facet normal 0.00000 1.00000 0.00000
  outer loop
   vertex 6.4000 5.4000 7.4000
   vertex 6.4000 5.4000 7.3550
   vertex 6.3572 5.4000 7.3861
  endloop
 endfacet
 facet normal -0.95106 0.00000 0.30902
  outer loop
   vertex 6.3572 0.0000 7.3861
   vertex 6.3735 0.0000 7.4364
   vertex 6.3735 5.4000 7.4364
  endloop
 endfacet
 facet normal -0.95106 0.00000 0.30902
  outer loop
   vertex 6.3572 0.0000 7.3861
   vertex 6.3735 5.4000 7.4364
   vertex 6.3572 5.4000 7.3861
  endloop
 endfacet
 facet normal 0.00000 -1.00000 0.00000
  outer loop
   vertex 6.4000 0.0000 7.4000
   vertex 6.3735 0.0000 7.4364
   vertex 6.3572 0.0000 7.3861
  endloop
 endfacet
 facet normal 0.00000 1.00000 0.00000
  outer loop
   vertex 6.4000 5.4000 7.4000
   vertex 6.3572 5.4000 7.3861
   vertex 6.3735 5.4000 7.4364
  endloop
 endfacet
 facet normal 0.00000 0.00000 1.00000
  outer loop
   vertex 6.3735 0.0000 7.4364
   vertex 6.4265 0.0000 7.4364
   vertex 6.4265 5.4000 7.4364
  endloop
 endfacet
 facet normal 0.00000 0.00000 1.00000
  outer loop
   vertex 6.3735 0.0000 7.4364
   vertex 6.4265 5.4000 7.4364
   vertex 6.3735 5.4000 7.4364
  endloop
 endfacet
 facet normal 0.00000 -1.00000 0.00000
  outer loop
   vertex 6.4000 0.0000 7.4000
   vertex 6.4265 0.0000 7.4364
   vertex 6.3735 0.0000 7.4364
  endloop
 endfacet
 facet normal 0.00000 1.00000 0.00000
  outer loop
   vertex 6.4000 5.4000 7.4000
   vertex 6.3735 5.4000 7.4364
   vertex 6.4265 5.4000 7.4364
  endloop
 endfacet
 facet normal 0.95106 0.00000 0.30902
  outer loop
   vertex 6.4265 0.0000 7.4364
   vertex 6.4428 0.0000 7.3861
   vertex 6.4428 5.4000 7.3861
  endloop
 endfacet
 facet normal 0.95106 0.00000 0.30902
  outer loop
   vertex 6.4265 0.0000 7.4364
   vertex 6.4428 5.4000 7.3861
   vertex 6.4265 5.4000 7.4364
  endloop
 endfacet
 facet normal 0.00000 -1.00000 0.00000
  outer loop
   vertex 6.4000 0.0000 7.4000
   vertex 6.4428 0.0000 7.3861
   vertex 6.4265 0.0000 7.4364
  endloop
 endfacet
 facet normal 0.00000 1.00000 0.00000
  outer loop
   vertex 6.4000 5.4000 7.4000
   vertex 6.4265 5.4000 7.4364
   vertex 6.4428 5.4000 7.3861
  endloop
 endfacet
 facet normal 0.58779 0.00000 -0.80902
  outer loop
   vertex 6.4428 0.0000 7.3861
   vertex 6.4000 0.0000 7.3550
   vertex 6.4000 5.4000 7.3550
  endloop
 endfacet
 facet normal 0.58779 0.00000 -0.80902
  outer loop
   vertex 6.4428 0.0000 7.3861
   vertex 6.4000 5.4000 7.3550
   vertex 6.4428 5.4000 7.3861
  endloop
 endfacet
 facet normal 0.00000 -1.00000 0.00000
  outer loop
   vertex 6.4000 0.0000 7.4000
   vertex 6.4000 0.0000 7.3550
   vertex 6.4428 0.0000 7.3861
  endloop
 endfacet
 facet normal 0.00000 1.00000 0.00000
  outer loop
   vertex 6.4000 5.4000 7.4000
   vertex 6.4428 5.4000 7.3861
   vertex 6.4000 5.4000 7.3550
  endloop
 endfacet
 facet normal 0.21527 -0.37672 0.90097
  outer loop
   vertex 6.4000 5.3000 7.4350
   vertex 6.4136 5.2762 7.4218
   vertex 7.1136 5.6762 7.4218
  endloop
 endfacet
 facet normal 0.21527 -0.37672 0.90097
  outer loop
   vertex 6.4000 5.3000 7.4350
   vertex 7.1136 5.6762 7.4218
   vertex 7.1000 5.7000 7.4350
  endloop
 endfacet
 facet normal -0.86824 -0.49614 0.00000
  outer loop
   vertex 6.4000 5.3000 7.4000
   vertex 6.4136 5.2762 7.4218
   vertex 6.4000 5.3000 7.4350
  endloop
 endfacet
 facet normal 0.86824 0.49614 0.00000
  outer loop
   vertex 7.1000 5.7000 7.4000
   vertex 7.1000 5.7000 7.4350
   vertex 7.1136 5.6762 7.4218
  endloop
 endfacet
 facet normal 0.48370 -0.84647 0.22252
  outer loop
   vertex 6.4136 5.2762 7.4218
   vertex 6.4169 5.2704 7.3922
   vertex 7.1169 5.6704 7.3922
  endloop
 endfacet
 facet normal 0.48370 -0.84647 0.22252
  outer loop
   vertex 6.4136 5.2762 7.4218
   vertex 7.1169 5.6704 7.3922
   vertex 7.1136 5.6762 7.4218
  endloop
 endfacet
 facet normal -0.86824 -0.49614 0.00000
  outer loop
   vertex 6.4000 5.3000 7.4000
   vertex 6.4169 5.2704 7.3922
   vertex 6.4136 5.2762 7.4218
  endloop
 endfacet
 facet normal 0.86824 0.49614 -0.00000
  outer loop
   vertex 7.1000 5.7000 7.4000
   vertex 7.1136 5.6762 7.4218
   vertex 7.1169 5.6704 7.3922
  endloop
 endfacet
 facet normal 0.38790 -0.67882 -0.62349
  outer loop
   vertex 6.4169 5.2704 7.3922
   vertex 6.4075 5.2868 7.3685
   vertex 7.1075 5.6868 7.3685
  endloop
 endfacet
 facet normal 0.38790 -0.67882 -0.62349
  outer loop
   vertex 6.4169 5.2704 7.3922
   vertex 7.1075 5.6868 7.3685
   vertex 7.1169 5.6704 7.3922
  endloop
 endfacet
 facet normal -0.86824 -0.49614 -0.00000
  outer loop
   vertex 6.4000 5.3000 7.4000
   vertex 6.4075 5.2868 7.3685
   vertex 6.4169 5.2704 7.3922
  endloop
 endfacet
 facet normal 0.86824 0.49614 0.00000
  outer loop
   vertex 7.1000 5.7000 7.4000
   vertex 7.1169 5.6704 7.3922
   vertex 7.1075 5.6868 7.3685
  endloop
 endfacet
 facet normal 0.00000 0.00000 -1.00000
  outer loop
   vertex 6.4075 5.2868 7.3685
   vertex 6.3925 5.3132 7.3685
   vertex 7.0925 5.7132 7.3685
  endloop
 endfacet
 facet normal 0.00000 0.00000 -1.00000
  outer loop
   vertex 6.4075 5.2868 7.3685
   vertex 7.0925 5.7132 7.3685
   vertex 7.1075 5.6868 7.3685
  endloop
 endfacet
 facet normal -0.86824 -0.49614 0.00000
  outer loop
   vertex 6.4000 5.3000 7.4000
   vertex 6.3925 5.3132 7.3685
   vertex 6.4075 5.2868 7.3685
  endloop
 endfacet
 facet normal 0.86824 0.49614 0.00000
  outer loop
   vertex 7.1000 5.7000 7.4000
   vertex 7.1075 5.6868 7.3685
   vertex 7.0925 5.7132 7.3685
  endloop
 endfacet
 facet normal -0.38790 0.67882 -0.62349
  outer loop
   vertex 6.3925 5.3132 7.3685
   vertex 6.3831 5.3296 7.3922
   vertex 7.0831 5.7296 7.3922
  endloop
 endfacet
 facet normal -0.38790 0.67882 -0.62349
  outer loop
   vertex 6.3925 5.3132 7.3685
   vertex 7.0831 5.7296 7.3922
   vertex 7.0925 5.7132 7.3685
  endloop
 endfacet
 facet normal -0.86824 -0.49614 0.00000
  outer loop
   vertex 6.4000 5.3000 7.4000
   vertex 6.3831 5.3296 7.3922
   vertex 6.3925 5.3132 7.3685
  endloop
 endfacet
 facet normal 0.86824 0.49614 -0.00000
  outer loop
   vertex 7.1000 5.7000 7.4000
   vertex 7.0925 5.7132 7.3685
   vertex 7.0831 5.7296 7.3922
  endloop
 endfacet
 facet normal -0.48370 0.84647 0.22252
  outer loop
   vertex 6.3831 5.3296 7.3922
   vertex 6.3864 5.3238 7.4218
   vertex 7.0864 5.7238 7.4218
  endloop
 endfacet
 facet normal -0.48370 0.84647 0.22252
  outer loop
   vertex 6.3831 5.3296 7.3922
   vertex 7.0864 5.7238 7.4218
   vertex 7.0831 5.7296 7.3922
  endloop
 endfacet
 facet normal -0.86824 -0.49614 -0.00000
  outer loop
   vertex 6.4000 5.3000 7.4000
   vertex 6.3864 5.3238 7.4218
   vertex 6.3831 5.3296 7.3922
  endloop
 endfacet
 facet normal 0.86824 0.49614 0.00000
  outer loop
   vertex 7.1000 5.7000 7.4000
   vertex 7.0831 5.7296 7.3922
   vertex 7.0864 5.7238 7.4218
  endloop
 endfacet
 facet normal -0.21527 0.37672 0.90097
  outer loop
   vertex 6.3864 5.3238 7.4218
   vertex 6.4000 5.3000 7.4350
   vertex 7.1000 5.7000 7.4350
  endloop
 endfacet
 facet normal -0.21527 0.37672 0.90097
  outer loop
   vertex 6.3864 5.3238 7.4218
   vertex 7.1000 5.7000 7.4350
   vertex 7.0864 5.7238 7.4218
  endloop
 endfacet
 facet normal -0.86824 -0.49614 0.00000
  outer loop
   vertex 6.4000 5.3000 7.4000
   vertex 6.4000 5.3000 7.4350
   vertex 6.3864 5.3238 7.4218
  endloop
 endfacet
 facet normal 0.86824 0.49614 0.00000
  outer loop
   vertex 7.1000 5.7000 7.4000
   vertex 7.0864 5.7238 7.4218
   vertex 7.1000 5.7000 7.4350
  endloop
 endfacet
 facet normal -0.58779 0.00000 -0.80902
  outer loop
   vertex 7.8000 0.0000 7.3550
   vertex 7.7572 0.0000 7.3861
   vertex 7.7572 5.4000 7.3861
  endloop
 endfacet
 facet normal -0.58779 0.00000 -0.80902
  outer loop
   vertex 7.8000 0.0000 7.3550
   vertex 7.7572 5.4000 7.3861
   vertex 7.8000 5.4000 7.3550
  endloop
 endfacet
 facet normal 0.00000 -1.00000 0.00000
  outer loop
   vertex 7.8000 0.0000 7.4000
   vertex 7.7572 0.0000 7.3861
   vertex 7.8000 0.0000 7.3550
  endloop
 endfacet
 facet normal 0.00000 1.00000 0.00000
  outer loop
   vertex 7.8000 5.4000 7.4000
   vertex 7.8000 5.4000 7.3550
   vertex 7.7572 5.4000 7.3861
  endloop
 endfacet
 facet normal -0.95106 0.00000 0.30902
  outer loop
   vertex 7.7572 0.0000 7.3861
   vertex 7.7735 0.0000 7.4364
   vertex 7.7735 5.4000 7.4364
  endloop
 endfacet
 facet normal -0.95106 0.00000 0.30902
  outer loop
   vertex 7.7572 0.0000 7.3861
   vertex 7.7735 5.4000 7.4364
   vertex 7.7572 5.4000 7.3861
  endloop
 endfacet
 facet normal 0.00000 -1.00000 0.00000
  outer loop
   vertex 7.8000 0.0000 7.4000
   vertex 7.7735 0.0000 7.4364
   vertex 7.7572 0.0000 7.3861
  endloop
 endfacet
 facet normal 0.00000 1.00000 0.00000
  outer loop
   vertex 7.8000 5.4000 7.4000
   vertex 7.7572 5.4000 7.3861
   vertex 7.7735 5.4000 7.4364
  endloop
 endfacet
 facet normal 0.00000 0.00000 1.00000
  outer loop
   vertex 7.7735 0.0000 7.4364
   vertex 7.8265 0.0000 7.4364
   vertex 7.8265 5.4000 7.4364
  endloop
 endfacet
 facet normal 0.00000 0.00000 1.00000
  outer loop
   vertex 7.7735 0.0000 7.4364
   vertex 7.8265 5.4000 7.4364
   vertex 7.7735 5.4000 7.4364
  endloop
 endfacet
 facet normal 0.00000 -1.00000 0.00000
  outer loop
   vertex 7.8000 0.0000 7.4000
   vertex 7.8265 0.0000 7.4364
   vertex 7.7735 0.0000 7.4364
  endloop
 endfacet
 facet normal 0.00000 1.00000 0.00000
  outer loop
   vertex 7.8000 5.4000 7.4000
   vertex 7.7735 5.4000 7.4364
   vertex 7.8265 5.4000 7.4364
  endloop
 endfacet
 facet normal 0.95106 0.00000 0.30902
  outer loop
   vertex 7.8265 0.0000 7.4364
   vertex 7.8428 0.0000 7.3861
   vertex 7.8428 5.4000 7.3861
  endloop
 endfacet
 facet normal 0.95106 0.00000 0.30902
  outer loop
   vertex 7.8265 0.0000 7.4364
   vertex 7.8428 5.4000 7.3861
   vertex 7.8265 5.4000 7.4364
  endloop
 endfacet
 facet normal 0.00000 -1.00000 0.00000
  outer loop
   vertex 7.8000 0.0000 7.4000
   vertex 7.8428 0.0000 7.3861
   vertex 7.8265 0.0000 7.4364
  endloop
 endfacet
 facet normal 0.00000 1.00000 0.00000
  outer loop
   vertex 7.8000 5.4000 7.4000
   vertex 7.8265 5.4000 7.4364
   vertex 7.8428 5.4000 7.3861
  endloop
 endfacet
 facet normal 0.58779 0.00000 -0.80902
  outer loop
   vertex 7.8428 0.0000 7.3861
   vertex 7.8000 0.0000 7.3550
   vertex 7.8000 5.4000 7.3550
  endloop
 endfacet
 facet normal 0.58779 0.00000 -0.80902
  outer loop
   vertex 7.8428 0.0000 7.3861
   vertex 7.8000 5.4000 7.3550
   vertex 7.8428 5.4000 7.3861
  endloop
 endfacet
 facet normal 0.00000 -1.00000 0.00000
  outer loop
   vertex 7.8000 0.0000 7.4000
   vertex 7.8000 0.0000 7.3550
   vertex 7.8428 0.0000 7.3861
  endloop
 endfacet
 facet normal 0.00000 1.00000 0.00000
  outer loop
   vertex 7.8000 5.4000 7.4000
   vertex 7.8428 5.4000 7.3861
   vertex 7.8000 5.4000 7.3550
  endloop
 endfacet
 facet normal 0.21527 -0.37672 0.90097
  outer loop
   vertex 7.8000 5.3000 7.4350
   vertex 7.8136 5.2762 7.4218
   vertex 8.5136 5.6762 7.4218
  endloop
 endfacet
 facet normal 0.21527 -0.37672 0.90097
  outer loop
   vertex 7.8000 5.3000 7.4350
   vertex 8.5136 5.6762 7.4218
   vertex 8.5000 5.7000 7.4350
  endloop
 endfacet
 facet normal -0.86824 -0.49614 0.00000
  outer loop
   vertex 7.8000 5.3000 7.4000
   vertex 7.8136 5.2762 7.4218
   vertex 7.8000 5.3000 7.4350
  endloop
 endfacet
 facet normal 0.86824 0.49614 0.00000
  outer loop
   vertex 8.5000 5.7000 7.4000
   vertex 8.5000 5.7000 7.4350
   vertex 8.5136 5.6762 7.4218
  endloop
 endfacet
 facet normal 0.48370 -0.84647 0.22252
  outer loop
   vertex 7.8136 5.2762 7.4218
   vertex 7.8169 5.2704 7.3922
   vertex 8.5169 5.6704 7.3922
  endloop
 endfacet
 facet normal 0.48370 -0.84647 0.22252
  outer loop
   vertex 7.8136 5.2762 7.4218
   vertex 8.5169 5.6704 7.3922
   vertex 8.5136 5.6762 7.4218
  endloop
 endfacet
 facet normal -0.86824 -0.49614 0.00000
  outer loop
   vertex 7.8000 5.3000 7.4000
   vertex 7.8169 5.2704 7.3922
   vertex 7.8136 5.2762 7.4218
  endloop
 endfacet
 facet normal 0.86824 0.49614 -0.00000
  outer loop
   vertex 8.5000 5.7000 7.4000
   vertex 8.5136 5.6762 7.4218
   vertex 8.5169 5.6704 7.3922
  endloop
 endfacet
 facet normal 0.38790 -0.67882 -0.62349
  outer loop
   vertex 7.8169 5.2704 7.3922
   vertex 7.8075 5.2868 7.3685
   vertex 8.5075 5.6868 7.3685
  endloop
 endfacet
 facet normal 0.38790 -0.67882 -0.62349
  outer loop
   vertex 7.8169 5.2704 7.3922
   vertex 8.5075 5.6868 7.3685
   vertex 8.5169 5.6704 7.3922
  endloop
 endfacet
 facet normal -0.86824 -0.49614 -0.00000
  outer loop
   vertex 7.8000 5.3000 7.4000
   vertex 7.8075 5.2868 7.3685
   vertex 7.8169 5.2704 7.3922
  endloop
 endfacet
 facet normal 0.86824 0.49614 0.00000
  outer loop
   vertex 8.5000 5.7000 7.4000
   vertex 8.5169 5.6704 7.3922
   vertex 8.5075 5.6868 7.3685
  endloop
 endfacet
 facet normal 0.00000 0.00000 -1.00000
  outer loop
   vertex 7.8075 5.2868 7.3685
   vertex 7.7925 5.3132 7.3685
   vertex 8.4925 5.7132 7.3685
  endloop
 endfacet
 facet normal 0.00000 0.00000 -1.00000
  outer loop
   vertex 7.8075 5.2868 7.3685
   vertex 8.4925 5.7132 7.3685
   vertex 8.5075 5.6868 7.3685
  endloop
 endfacet
 facet normal -0.86824 -0.49614 0.00000
  outer loop
   vertex 7.8000 5.3000 7.4000
   vertex 7.7925 5.3132 7.3685
   vertex 7.8075 5.2868 7.3685
  endloop
 endfacet
 facet normal 0.86824 0.49614 0.00000
  outer loop
   vertex 8.5000 5.7000 7.4000
   vertex 8.5075 5.6868 7.3685
   vertex 8.4925 5.7132 7.3685
  endloop
 endfacet
 facet normal -0.38790 0.67882 -0.62349
  outer loop
   vertex 7.7925 5.3132 7.3685
   vertex 7.7831 5.3296 7.3922
   vertex 8.4831 5.7296 7.3922
  endloop
 endfacet
 facet normal -0.38790 0.67882 -0.62349
  outer loop
   vertex 7.7925 5.3132 7.3685
   vertex 8.4831 5.7296 7.3922
   vertex 8.4925 5.7132 7.3685
  endloop
 endfacet
 facet normal -0.86824 -0.49614 0.00000
  outer loop
   vertex 7.8000 5.3000 7.4000
   vertex 7.7831 5.3296 7.3922
   vertex 7.7925 5.3132 7.3685
  endloop
 endfacet
 facet normal 0.86824 0.49614 -0.00000
  outer loop
   vertex 8.5000 5.7000 7.4000
   vertex 8.4925 5.7132 7.3685
   vertex 8.4831 5.7296 7.3922
  endloop
 endfacet
 facet normal -0.48370 0.84647 0.22252
  outer loop
   vertex 7.7831 5.3296 7.3922
   vertex 7.7864 5.3238 7.4218
   vertex 8.4864 5.7238 7.4218
  endloop
 endfacet
 facet normal -0.48370 0.84647 0.22252
  outer loop
   vertex 7.7831 5.3296 7.3922
   vertex 8.4864 5.7238 7.4218
   vertex 8.4831 5.7296 7.3922
  endloop
 endfacet
 facet normal -0.86824 -0.49614 -0.00000
  outer loop
   vertex 7.8000 5.3000 7.4000
   vertex 7.7864 5.3238 7.4218
   vertex 7.7831 5.3296 7.3922
  endloop
 endfacet
 facet normal 0.86824 0.49614 0.00000
  outer loop
   vertex 8.5000 5.7000 7.4000
   vertex 8.4831 5.7296 7.3922
   vertex 8.4864 5.7238 7.4218
  endloop
 endfacet
 facet normal -0.21527 0.37672 0.90097
  outer loop
   vertex 7.7864 5.3238 7.4218
   vertex 7.8000 5.3000 7.4350
   vertex 8.5000 5.7000 7.4350
  endloop
 endfacet
 facet normal -0.21527 0.37672 0.90097
  outer loop
   vertex 7.7864 5.3238 7.4218
   vertex 8.5000 5.7000 7.4350
   vertex 8.4864 5.7238 7.4218
  endloop
 endfacet
 facet normal -0.86824 -0.49614 0.00000
  outer loop
   vertex 7.8000 5.3000 7.4000
   vertex 7.8000 5.3000 7.4350
   vertex 7.7864 5.3238 7.4218
  endloop
 endfacet
 facet normal 0.86824 0.49614 0.00000
  outer loop
   vertex 8.5000 5.7000 7.4000
   vertex 8.4864 5.7238 7.4218
   vertex 8.5000 5.7000 7.4350
  endloop
 endfacet
endsolid patio_prision
