solid torre_vigilancia
 facet normal 0.00000 0.00000 1.00000
  outer loop
   vertex -3.5000 -0.2400 -3.5000
   vertex 3.5000 -0.2400 -3.5000
   vertex 3.5000 0.0000 -3.5000
  endloop
 endfacet
 facet normal 0.00000 0.00000 1.00000
  outer loop
   vertex -3.5000 -0.2400 -3.5000
   vertex 3.5000 0.0000 -3.5000
   vertex -3.5000 0.0000 -3.5000
  endloop
 endfacet
 facet normal 0.00000 0.00000 -1.00000
  outer loop
   vertex 3.5000 -0.2400 3.5000
   vertex -3.5000 -0.2400 3.5000
   vertex -3.5000 0.0000 3.5000
  endloop
 endfacet
 facet normal 0.00000 0.00000 -1.00000
  outer loop
   vertex 3.5000 -0.2400 3.5000
   vertex -3.5000 0.0000 3.5000
   vertex 3.5000 0.0000 3.5000
  endloop
 endfacet
 facet normal 1.00000 0.00000 0.00000
  outer loop
   vertex -3.5000 -0.2400 3.5000
   vertex -3.5000 -0.2400 -3.5000
   vertex -3.5000 0.0000 -3.5000
  endloop
 endfacet
 facet normal 1.00000 0.00000 0.00000
  outer loop
   vertex -3.5000 -0.2400 3.5000
   vertex -3.5000 0.0000 -3.5000
   vertex -3.5000 0.0000 3.5000
  endloop
 endfacet
 facet normal -1.00000 0.00000 0.00000
  outer loop
   vertex 3.5000 -0.2400 -3.5000
   vertex 3.5000 -0.2400 3.5000
   vertex 3.5000 0.0000 3.5000
  endloop
 endfacet
 facet normal -1.00000 0.00000 0.00000
  outer loop
   vertex 3.5000 -0.2400 -3.5000
   vertex 3.5000 0.0000 3.5000
   vertex 3.5000 0.0000 -3.5000
  endloop
 endfacet
 facet normal 0.00000 -1.00000 0.00000
  outer loop
   vertex -3.5000 0.0000 -3.5000
   vertex 3.5000 0.0000 -3.5000
   vertex 3.5000 0.0000 3.5000
  endloop
 endfacet
 facet normal 0.00000 -1.00000 0.00000
  outer loop
   vertex -3.5000 0.0000 -3.5000
   vertex 3.5000 0.0000 3.5000
   vertex -3.5000 0.0000 3.5000
  endloop
 endfacet
 facet normal 0.00000 1.00000 0.00000
  outer loop
   vertex -3.5000 -0.2400 3.5000
   vertex 3.5000 -0.2400 3.5000
   vertex 3.5000 -0.2400 -3.5000
  endloop
 endfacet
 facet normal 0.00000 1.00000 0.00000
  outer loop
   vertex -3.5000 -0.2400 3.5000
   vertex 3.5000 -0.2400 -3.5000
   vertex -3.5000 -0.2400 -3.5000
  endloop
 endfacet
 facet normal 0.00000 0.00000 1.00000
  outer loop
   vertex -2.0000 0.0000 -2.0000
   vertex -1.8000 0.0000 -2.0000
   vertex -1.8000 4.4000 -2.0000
  endloop
 endfacet
 facet normal 0.00000 0.00000 1.00000
  outer loop
   vertex -2.0000 0.0000 -2.0000
   vertex -1.8000 4.4000 -2.0000
   vertex -2.0000 4.4000 -2.0000
  endloop
 endfacet
 facet normal 0.00000 0.00000 -1.00000
  outer loop
   vertex -1.8000 0.0000 -1.8000
   vertex -2.0000 0.0000 -1.8000
   vertex -2.0000 4.4000 -1.8000
  endloop
 endfacet
 facet normal 0.00000 0.00000 -1.00000
  outer loop
   vertex -1.8000 0.0000 -1.8000
   vertex -2.0000 4.4000 -1.8000
   vertex -1.8000 4.4000 -1.8000
  endloop
 endfacet
 facet normal 1.00000 0.00000 0.00000
  outer loop
   vertex -2.0000 0.0000 -1.8000
   vertex -2.0000 0.0000 -2.0000
   vertex -2.0000 4.4000 -2.0000
  endloop
 endfacet
 facet normal 1.00000 0.00000 0.00000
  outer loop
   vertex -2.0000 0.0000 -1.8000
   vertex -2.0000 4.4000 -2.0000
   vertex -2.0000 4.4000 -1.8000
  endloop
 endfacet
 facet normal -1.00000 0.00000 0.00000
  outer loop
   vertex -1.8000 0.0000 -2.0000
   vertex -1.8000 0.0000 -1.8000
   vertex -1.8000 4.4000 -1.8000
  endloop
 endfacet
 facet normal -1.00000 0.00000 0.00000
  outer loop
   vertex -1.8000 0.0000 -2.0000
   vertex -1.8000 4.4000 -1.8000
   vertex -1.8000 4.4000 -2.0000
  endloop
 endfacet
 facet normal 0.00000 -1.00000 0.00000
  outer loop
   vertex -2.0000 4.4000 -2.0000
   vertex -1.8000 4.4000 -2.0000
   vertex -1.8000 4.4000 -1.8000
  endloop
 endfacet
 facet normal 0.00000 -1.00000 0.00000
  outer loop
   vertex -2.0000 4.4000 -2.0000
   vertex -1.8000 4.4000 -1.8000
   vertex -2.0000 4.4000 -1.8000
  endloop
 endfacet
 facet normal 0.00000 1.00000 0.00000
  outer loop
   vertex -2.0000 0.0000 -1.8000
   vertex -1.8000 0.0000 -1.8000
   vertex -1.8000 0.0000 -2.0000
  endloop
 endfacet
 facet normal 0.00000 1.00000 0.00000
  outer loop
   vertex -2.0000 0.0000 -1.8000
   vertex -1.8000 0.0000 -2.0000
   vertex -2.0000 0.0000 -2.0000
  endloop
 endfacet
 facet normal 0.00000 0.00000 1.00000
  outer loop
   vertex -2.0000 0.0000 1.8000
   vertex -1.8000 0.0000 1.8000
   vertex -1.8000 4.4000 1.8000
  endloop
 endfacet
 facet normal 0.00000 0.00000 1.00000
  outer loop
   vertex -2.0000 0.0000 1.8000
   vertex -1.8000 4.4000 1.8000
   vertex -2.0000 4.4000 1.8000
  endloop
 endfacet
 facet normal 0.00000 0.00000 -1.00000
  outer loop
   vertex -1.8000 0.0000 2.0000
   vertex -2.0000 0.0000 2.0000
   vertex -2.0000 4.4000 2.0000
  endloop
 endfacet
 facet normal 0.00000 0.00000 -1.00000
  outer loop
   vertex -1.8000 0.0000 2.0000
   vertex -2.0000 4.4000 2.0000
   vertex -1.8000 4.4000 2.0000
  endloop
 endfacet
 facet normal 1.00000 0.00000 0.00000
  outer loop
   vertex -2.0000 0.0000 2.0000
   vertex -2.0000 0.0000 1.8000
   vertex -2.0000 4.4000 1.8000
  endloop
 endfacet
 facet normal 1.00000 0.00000 0.00000
  outer loop
   vertex -2.0000 0.0000 2.0000
   vertex -2.0000 4.4000 1.8000
   vertex -2.0000 4.4000 2.0000
  endloop
 endfacet
 facet normal -1.00000 0.00000 0.00000
  outer loop
   vertex -1.8000 0.0000 1.8000
   vertex -1.8000 0.0000 2.0000
   vertex -1.8000 4.4000 2.0000
  endloop
 endfacet
 facet normal -1.00000 0.00000 0.00000
  outer loop
   vertex -1.8000 0.0000 1.8000
   vertex -1.8000 4.4000 2.0000
   vertex -1.8000 4.4000 1.8000
  endloop
 endfacet
 facet normal 0.00000 -1.00000 0.00000
  outer loop
   vertex -2.0000 4.4000 1.8000
   vertex -1.8000 4.4000 1.8000
   vertex -1.8000 4.4000 2.0000
  endloop
 endfacet
 facet normal 0.00000 -1.00000 0.00000
  outer loop
   vertex -2.0000 4.4000 1.8000
   vertex -1.8000 4.4000 2.0000
   vertex -2.0000 4.4000 2.0000
  endloop
 endfacet
 facet normal 0.00000 1.00000 0.00000
  outer loop
   vertex -2.0000 0.0000 2.0000
   vertex -1.8000 0.0000 2.0000
   vertex -1.8000 0.0000 1.8000
  endloop
 endfacet
 facet normal 0.00000 1.00000 0.00000
  outer loop
   vertex -2.0000 0.0000 2.0000
   vertex -1.8000 0.0000 1.8000
   vertex -2.0000 0.0000 1.8000
  endloop
 endfacet
 facet normal 0.00000 0.00000 1.00000
  outer loop
   vertex 1.8000 0.0000 -2.0000
   vertex 2.0000 0.0000 -2.0000
   vertex 2.0000 4.4000 -2.0000
  endloop
 endfacet
 facet normal 0.00000 0.00000 1.00000
  outer loop
   vertex 1.8000 0.0000 -2.0000
   vertex 2.0000 4.4000 -2.0000
   vertex 1.8000 4.4000 -2.0000
  endloop
 endfacet
 facet normal 0.00000 0.00000 -1.00000
  outer loop
   vertex 2.0000 0.0000 -1.8000
   vertex 1.8000 0.0000 -1.8000
   vertex 1.8000 4.4000 -1.8000
  endloop
 endfacet
 facet normal 0.00000 0.00000 -1.00000
  outer loop
   vertex 2.0000 0.0000 -1.8000
   vertex 1.8000 4.4000 -1.8000
   vertex 2.0000 4.4000 -1.8000
  endloop
 endfacet
 facet normal 1.00000 0.00000 0.00000
  outer loop
   vertex 1.8000 0.0000 -1.8000
   vertex 1.8000 0.0000 -2.0000
   vertex 1.8000 4.4000 -2.0000
  endloop
 endfacet
 facet normal 1.00000 0.00000 0.00000
  outer loop
   vertex 1.8000 0.0000 -1.8000
   vertex 1.8000 4.4000 -2.0000
   vertex 1.8000 4.4000 -1.8000
  endloop
 endfacet
 facet normal -1.00000 0.00000 0.00000
  outer loop
   vertex 2.0000 0.0000 -2.0000
   vertex 2.0000 0.0000 -1.8000
   vertex 2.0000 4.4000 -1.8000
  endloop
 endfacet
 facet normal -1.00000 0.00000 0.00000
  outer loop
   vertex 2.0000 0.0000 -2.0000
   vertex 2.0000 4.4000 -1.8000
   vertex 2.0000 4.4000 -2.0000
  endloop
 endfacet
 facet normal 0.00000 -1.00000 0.00000
  outer loop
   vertex 1.8000 4.4000 -2.0000
   vertex 2.0000 4.4000 -2.0000
   vertex 2.0000 4.4000 -1.8000
  endloop
 endfacet
 facet normal 0.00000 -1.00000 0.00000
  outer loop
   vertex 1.8000 4.4000 -2.0000
   vertex 2.0000 4.4000 -1.8000
   vertex 1.8000 4.4000 -1.8000
  endloop
 endfacet
 facet normal 0.00000 1.00000 0.00000
  outer loop
   vertex 1.8000 0.0000 -1.8000
   vertex 2.0000 0.0000 -1.8000
   vertex 2.0000 0.0000 -2.0000
  endloop
 endfacet
 facet normal 0.00000 1.00000 0.00000
  outer loop
   vertex 1.8000 0.0000 -1.8000
   vertex 2.0000 0.0000 -2.0000
   vertex 1.8000 0.0000 -2.0000
  endloop
 endfacet
 facet normal 0.00000 0.00000 1.00000
  outer loop
   vertex 1.8000 0.0000 1.8000
   vertex 2.0000 0.0000 1.8000
   vertex 2.0000 4.4000 1.8000
  endloop
 endfacet
 facet normal 0.00000 0.00000 1.00000
  outer loop
   vertex 1.8000 0.0000 1.8000
   vertex 2.0000 4.4000 1.8000
   vertex 1.8000 4.4000 1.8000
  endloop
 endfacet
 facet normal 0.00000 0.00000 -1.00000
  outer loop
   vertex 2.0000 0.0000 2.0000
   vertex 1.8000 0.0000 2.0000
   vertex 1.8000 4.4000 2.0000
  endloop
 endfacet
 facet normal 0.00000 0.00000 -1.00000
  outer loop
   vertex 2.0000 0.0000 2.0000
   vertex 1.8000 4.4000 2.0000
   vertex 2.0000 4.4000 2.0000
  endloop
 endfacet
 facet normal 1.00000 0.00000 0.00000
  outer loop
   vertex 1.8000 0.0000 2.0000
   vertex 1.8000 0.0000 1.8000
   vertex 1.8000 4.4000 1.8000
  endloop
 endfacet
 facet normal 1.00000 0.00000 0.00000
  outer loop
   vertex 1.8000 0.0000 2.0000
   vertex 1.8000 4.4000 1.8000
   vertex 1.8000 4.4000 2.0000
  endloop
 endfacet
 facet normal -1.00000 0.00000 0.00000
  outer loop
   vertex 2.0000 0.0000 1.8000
   vertex 2.0000 0.0000 2.0000
   vertex 2.0000 4.4000 2.0000
  endloop
 endfacet
 facet normal -1.00000 0.00000 0.00000
  outer loop
   vertex 2.0000 0.0000 1.8000
   vertex 2.0000 4.4000 2.0000
   vertex 2.0000 4.4000 1.8000
  endloop
 endfacet
 facet normal 0.00000 -1.00000 0.00000
  outer loop
   vertex 1.8000 4.4000 1.8000
   vertex 2.0000 4.4000 1.8000
   vertex 2.0000 4.4000 2.0000
  endloop
 endfacet
 facet normal 0.00000 -1.00000 0.00000
  outer loop
   vertex 1.8000 4.4000 1.8000
   vertex 2.0000 4.4000 2.0000
   vertex 1.8000 4.4000 2.0000
  endloop
 endfacet
 facet normal 0.00000 1.00000 0.00000
  outer loop
   vertex 1.8000 0.0000 2.0000
   vertex 2.0000 0.0000 2.0000
   vertex 2.0000 0.0000 1.8000
  endloop
 endfacet
 facet normal 0.00000 1.00000 0.00000
  outer loop
   vertex 1.8000 0.0000 2.0000
   vertex 2.0000 0.0000 1.8000
   vertex 1.8000 0.0000 1.8000
  endloop
 endfacet
 facet normal 0.00000 0.00000 1.00000
  outer loop
   vertex -2.4000 4.3250 -2.4000
   vertex 2.4000 4.3250 -2.4000
   vertex 2.4000 4.5750 -2.4000
  endloop
 endfacet
 facet normal 0.00000 0.00000 1.00000
  outer loop
   vertex -2.4000 4.3250 -2.4000
   vertex 2.4000 4.5750 -2.4000
   vertex -2.4000 4.5750 -2.4000
  endloop
 endfacet
 facet normal 0.00000 0.00000 -1.00000
  outer loop
   vertex 2.4000 4.3250 2.4000
   vertex -2.4000 4.3250 2.4000
   vertex -2.4000 4.5750 2.4000
  endloop
 endfacet
 facet normal 0.00000 0.00000 -1.00000
  outer loop
   vertex 2.4000 4.3250 2.4000
   vertex -2.4000 4.5750 2.4000
   vertex 2.4000 4.5750 2.4000
  endloop
 endfacet
 facet normal 1.00000 0.00000 0.00000
  outer loop
   vertex -2.4000 4.3250 2.4000
   vertex -2.4000 4.3250 -2.4000
   vertex -2.4000 4.5750 -2.4000
  endloop
 endfacet
 facet normal 1.00000 0.00000 0.00000
  outer loop
   vertex -2.4000 4.3250 2.4000
   vertex -2.4000 4.5750 -2.4000
   vertex -2.4000 4.5750 2.4000
  endloop
 endfacet
 facet normal -1.00000 0.00000 0.00000
  outer loop
   vertex 2.4000 4.3250 -2.4000
   vertex 2.4000 4.3250 2.4000
   vertex 2.4000 4.5750 2.4000
  endloop
 endfacet
 facet normal -1.00000 0.00000 0.00000
  outer loop
   vertex 2.4000 4.3250 -2.4000
   vertex 2.4000 4.5750 2.4000
   vertex 2.4000 4.5750 -2.4000
  endloop
 endfacet
 facet normal 0.00000 -1.00000 0.00000
  outer loop
   vertex -2.4000 4.5750 -2.4000
   vertex 2.4000 4.5750 -2.4000
   vertex 2.4000 4.5750 2.4000
  endloop
 endfacet
 facet normal 0.00000 -1.00000 0.00000
  outer loop
   vertex -2.4000 4.5750 -2.4000
   vertex 2.4000 4.5750 2.4000
   vertex -2.4000 4.5750 2.4000
  endloop
 endfacet
 facet normal 0.00000 1.00000 0.00000
  outer loop
   vertex -2.4000 4.3250 2.4000
   vertex 2.4000 4.3250 2.4000
   vertex 2.4000 4.3250 -2.4000
  endloop
 endfacet
 facet normal 0.00000 1.00000 0.00000
  outer loop
   vertex -2.4000 4.3250 2.4000
   vertex 2.4000 4.3250 -2.4000
   vertex -2.4000 4.3250 -2.4000
  endloop
 endfacet
 facet normal 0.00000 0.00000 1.00000
  outer loop
   vertex -2.2000 4.5500 -2.2000
   vertex 2.2000 4.5500 -2.2000
   vertex 2.2000 7.0500 -2.2000
  endloop
 endfacet
 facet normal 0.00000 0.00000 1.00000
  outer loop
   vertex -2.2000 4.5500 -2.2000
   vertex 2.2000 7.0500 -2.2000
   vertex -2.2000 7.0500 -2.2000
  endloop
 endfacet
 facet normal 0.00000 0.00000 -1.00000
  outer loop
   vertex 2.2000 4.5500 2.2000
   vertex -2.2000 4.5500 2.2000
   vertex -2.2000 7.0500 2.2000
  endloop
 endfacet
 facet normal 0.00000 0.00000 -1.00000
  outer loop
   vertex 2.2000 4.5500 2.2000
   vertex -2.2000 7.0500 2.2000
   vertex 2.2000 7.0500 2.2000
  endloop
 endfacet
 facet normal 1.00000 0.00000 0.00000
  outer loop
   vertex -2.2000 4.5500 2.2000
   vertex -2.2000 4.5500 -2.2000
   vertex -2.2000 7.0500 -2.2000
  endloop
 endfacet
 facet normal 1.00000 0.00000 0.00000
  outer loop
   vertex -2.2000 4.5500 2.2000
   vertex -2.2000 7.0500 -2.2000
   vertex -2.2000 7.0500 2.2000
  endloop
 endfacet
 facet normal -1.00000 0.00000 0.00000
  outer loop
   vertex 2.2000 4.5500 -2.2000
   vertex 2.2000 4.5500 2.2000
   vertex 2.2000 7.0500 2.2000
  endloop
 endfacet
 facet normal -1.00000 0.00000 0.00000
  outer loop
   vertex 2.2000 4.5500 -2.2000
   vertex 2.2000 7.0500 2.2000
   vertex 2.2000 7.0500 -2.2000
  endloop
 endfacet
 facet normal 0.00000 -1.00000 0.00000
  outer loop
   vertex -2.2000 7.0500 -2.2000
   vertex 2.2000 7.0500 -2.2000
   vertex 2.2000 7.0500 2.2000
  endloop
 endfacet
 facet normal 0.00000 -1.00000 0.00000
  outer loop
   vertex -2.2000 7.0500 -2.2000
   vertex 2.2000 7.0500 2.2000
   vertex -2.2000 7.0500 2.2000
  endloop
 endfacet
 facet normal 0.00000 1.00000 0.00000
  outer loop
   vertex -2.2000 4.5500 2.2000
   vertex 2.2000 4.5500 2.2000
   vertex 2.2000 4.5500 -2.2000
  endloop
 endfacet
 facet normal 0.00000 1.00000 0.00000
  outer loop
   vertex -2.2000 4.5500 2.2000
   vertex 2.2000 4.5500 -2.2000
   vertex -2.2000 4.5500 -2.2000
  endloop
 endfacet
 facet normal 0.00000 0.00000 1.00000
  outer loop
   vertex -2.5000 7.0400 -2.5000
   vertex 2.5000 7.0400 -2.5000
   vertex 2.5000 7.2600 -2.5000
  endloop
 endfacet
 facet normal 0.00000 0.00000 1.00000
  outer loop
   vertex -2.5000 7.0400 -2.5000
   vertex 2.5000 7.2600 -2.5000
   vertex -2.5000 7.2600 -2.5000
  endloop
 endfacet
 facet normal 0.00000 0.00000 -1.00000
  outer loop
   vertex 2.5000 7.0400 2.5000
   vertex -2.5000 7.0400 2.5000
   vertex -2.5000 7.2600 2.5000
  endloop
 endfacet
 facet normal 0.00000 0.00000 -1.00000
  outer loop
   vertex 2.5000 7.0400 2.5000
   vertex -2.5000 7.2600 2.5000
   vertex 2.5000 7.2600 2.5000
  endloop
 endfacet
 facet normal 1.00000 0.00000 0.00000
  outer loop
   vertex -2.5000 7.0400 2.5000
   vertex -2.5000 7.0400 -2.5000
   vertex -2.5000 7.2600 -2.5000
  endloop
 endfacet
 facet normal 1.00000 0.00000 0.00000
  outer loop
   vertex -2.5000 7.0400 2.5000
   vertex -2.5000 7.2600 -2.5000
   vertex -2.5000 7.2600 2.5000
  endloop
 endfacet
 facet normal -1.00000 0.00000 0.00000
  outer loop
   vertex 2.5000 7.0400 -2.5000
   vertex 2.5000 7.0400 2.5000
   vertex 2.5000 7.2600 2.5000
  endloop
 endfacet
 facet normal -1.00000 0.00000 0.00000
  outer loop
   vertex 2.5000 7.0400 -2.5000
   vertex 2.5000 7.2600 2.5000
   vertex 2.5000 7.2600 -2.5000
  endloop
 endfacet
 facet normal 0.00000 -1.00000 0.00000
  outer loop
   vertex -2.5000 7.2600 -2.5000
   vertex 2.5000 7.2600 -2.5000
   vertex 2.5000 7.2600 2.5000
  endloop
 endfacet
 facet normal 0.00000 -1.00000 0.00000
  outer loop
   vertex -2.5000 7.2600 -2.5000
   vertex 2.5000 7.2600 2.5000
   vertex -2.5000 7.2600 2.5000
  endloop
 endfacet
 facet normal 0.00000 1.00000 0.00000
  outer loop
   vertex -2.5000 7.0400 2.5000
   vertex 2.5000 7.0400 2.5000
   vertex 2.5000 7.0400 -2.5000
  endloop
 endfacet
 facet normal 0.00000 1.00000 0.00000
  outer loop
   vertex -2.5000 7.0400 2.5000
   vertex 2.5000 7.0400 -2.5000
   vertex -2.5000 7.0400 -2.5000
  endloop
 endfacet
 facet normal 0.00000 0.00000 1.00000
  outer loop
   vertex -0.7000 5.1500 2.1800
   vertex 0.7000 5.1500 2.1800
   vertex 0.7000 6.4500 2.1800
  endloop
 endfacet
 facet normal 0.00000 0.00000 1.00000
  outer loop
   vertex -0.7000 5.1500 2.1800
   vertex 0.7000 6.4500 2.1800
   vertex -0.7000 6.4500 2.1800
  endloop
 endfacet
 facet normal 0.00000 0.00000 -1.00000
  outer loop
   vertex 0.7000 5.1500 2.2600
   vertex -0.7000 5.1500 2.2600
   vertex -0.7000 6.4500 2.2600
  endloop
 endfacet
 facet normal 0.00000 0.00000 -1.00000
  outer loop
   vertex 0.7000 5.1500 2.2600
   vertex -0.7000 6.4500 2.2600
   vertex 0.7000 6.4500 2.2600
  endloop
 endfacet
 facet normal 1.00000 0.00000 0.00000
  outer loop
   vertex -0.7000 5.1500 2.2600
   vertex -0.7000 5.1500 2.1800
   vertex -0.7000 6.4500 2.1800
  endloop
 endfacet
 facet normal 1.00000 0.00000 0.00000
  outer loop
   vertex -0.7000 5.1500 2.2600
   vertex -0.7000 6.4500 2.1800
   vertex -0.7000 6.4500 2.2600
  endloop
 endfacet
 facet normal -1.00000 0.00000 0.00000
  outer loop
   vertex 0.7000 5.1500 2.1800
   vertex 0.7000 5.1500 2.2600
   vertex 0.7000 6.4500 2.2600
  endloop
 endfacet
 facet normal -1.00000 0.00000 0.00000
  outer loop
   vertex 0.7000 5.1500 2.1800
   vertex 0.7000 6.4500 2.2600
   vertex 0.7000 6.4500 2.1800
  endloop
 endfacet
 facet normal 0.00000 -1.00000 0.00000
  outer loop
   vertex -0.7000 6.4500 2.1800
   vertex 0.7000 6.4500 2.1800
   vertex 0.7000 6.4500 2.2600
  endloop
 endfacet
 facet normal 0.00000 -1.00000 0.00000
  outer loop
   vertex -0.7000 6.4500 2.1800
   vertex 0.7000 6.4500 2.2600
   vertex -0.7000 6.4500 2.2600
  endloop
 endfacet
 facet normal 0.00000 1.00000 0.00000
  outer loop
   vertex -0.7000 5.1500 2.2600
   vertex 0.7000 5.1500 2.2600
   vertex 0.7000 5.1500 2.1800
  endloop
 endfacet
 facet normal 0.00000 1.00000 0.00000
  outer loop
   vertex -0.7000 5.1500 2.2600
   vertex 0.7000 5.1500 2.1800
   vertex -0.7000 5.1500 2.1800
  endloop
 endfacet
 facet normal 0.00000 0.00000 1.00000
  outer loop
   vertex -0.7000 5.1500 -2.2600
   vertex 0.7000 5.1500 -2.2600
   vertex 0.7000 6.4500 -2.2600
  endloop
 endfacet
 facet normal 0.00000 0.00000 1.00000
  outer loop
   vertex -0.7000 5.1500 -2.2600
   vertex 0.7000 6.4500 -2.2600
   vertex -0.7000 6.4500 -2.2600
  endloop
 endfacet
 facet normal 0.00000 0.00000 -1.00000
  outer loop
   vertex 0.7000 5.1500 -2.1800
   vertex -0.7000 5.1500 -2.1800
   vertex -0.7000 6.4500 -2.1800
  endloop
 endfacet
 facet normal 0.00000 0.00000 -1.00000
  outer loop
   vertex 0.7000 5.1500 -2.1800
   vertex -0.7000 6.4500 -2.1800
   vertex 0.7000 6.4500 -2.1800
  endloop
 endfacet
 facet normal 1.00000 0.00000 0.00000
  outer loop
   vertex -0.7000 5.1500 -2.1800
   vertex -0.7000 5.1500 -2.2600
   vertex -0.7000 6.4500 -2.2600
  endloop
 endfacet
 facet normal 1.00000 0.00000 0.00000
  outer loop
   vertex -0.7000 5.1500 -2.1800
   vertex -0.7000 6.4500 -2.2600
   vertex -0.7000 6.4500 -2.1800
  endloop
 endfacet
 facet normal -1.00000 0.00000 0.00000
  outer loop
   vertex 0.7000 5.1500 -2.2600
   vertex 0.7000 5.1500 -2.1800
   vertex 0.7000 6.4500 -2.1800
  endloop
 endfacet
 facet normal -1.00000 0.00000 0.00000
  outer loop
   vertex 0.7000 5.1500 -2.2600
   vertex 0.7000 6.4500 -2.1800
   vertex 0.7000 6.4500 -2.2600
  endloop
 endfacet
 facet normal 0.00000 -1.00000 0.00000
  outer loop
   vertex -0.7000 6.4500 -2.2600
   vertex 0.7000 6.4500 -2.2600
   vertex 0.7000 6.4500 -2.1800
  endloop
 endfacet
 facet normal 0.00000 -1.00000 0.00000
  outer loop
   vertex -0.7000 6.4500 -2.2600
   vertex 0.7000 6.4500 -2.1800
   vertex -0.7000 6.4500 -2.1800
  endloop
 endfacet
 facet normal 0.00000 1.00000 0.00000
  outer loop
   vertex -0.7000 5.1500 -2.1800
   vertex 0.7000 5.1500 -2.1800
   vertex 0.7000 5.1500 -2.2600
  endloop
 endfacet
 facet normal 0.00000 1.00000 0.00000
  outer loop
   vertex -0.7000 5.1500 -2.1800
   vertex 0.7000 5.1500 -2.2600
   vertex -0.7000 5.1500 -2.2600
  endloop
 endfacet
 facet normal 0.00000 0.00000 1.00000
  outer loop
   vertex -2.2600 5.1500 -0.7000
   vertex -2.1800 5.1500 -0.7000
   vertex -2.1800 6.4500 -0.7000
  endloop
 endfacet
 facet normal 0.00000 0.00000 1.00000
  outer loop
   vertex -2.2600 5.1500 -0.7000
   vertex -2.1800 6.4500 -0.7000
   vertex -2.2600 6.4500 -0.7000
  endloop
 endfacet
 facet normal 0.00000 0.00000 -1.00000
  outer loop
   vertex -2.1800 5.1500 0.7000
   vertex -2.2600 5.1500 0.7000
   vertex -2.2600 6.4500 0.7000
  endloop
 endfacet
 facet normal 0.00000 0.00000 -1.00000
  outer loop
   vertex -2.1800 5.1500 0.7000
   vertex -2.2600 6.4500 0.7000
   vertex -2.1800 6.4500 0.7000
  endloop
 endfacet
 facet normal 1.00000 0.00000 0.00000
  outer loop
   vertex -2.2600 5.1500 0.7000
   vertex -2.2600 5.1500 -0.7000
   vertex -2.2600 6.4500 -0.7000
  endloop
 endfacet
 facet normal 1.00000 0.00000 0.00000
  outer loop
   vertex -2.2600 5.1500 0.7000
   vertex -2.2600 6.4500 -0.7000
   vertex -2.2600 6.4500 0.7000
  endloop
 endfacet
 facet normal -1.00000 0.00000 0.00000
  outer loop
   vertex -2.1800 5.1500 -0.7000
   vertex -2.1800 5.1500 0.7000
   vertex -2.1800 6.4500 0.7000
  endloop
 endfacet
 facet normal -1.00000 0.00000 0.00000
  outer loop
   vertex -2.1800 5.1500 -0.7000
   vertex -2.1800 6.4500 0.7000
   vertex -2.1800 6.4500 -0.7000
  endloop
 endfacet
 facet normal 0.00000 -1.00000 0.00000
  outer loop
   vertex -2.2600 6.4500 -0.7000
   vertex -2.1800 6.4500 -0.7000
   vertex -2.1800 6.4500 0.7000
  endloop
 endfacet
 facet normal 0.00000 -1.00000 0.00000
  outer loop
   vertex -2.2600 6.4500 -0.7000
   vertex -2.1800 6.4500 0.7000
   vertex -2.2600 6.4500 0.7000
  endloop
 endfacet
 facet normal 0.00000 1.00000 0.00000
  outer loop
   vertex -2.2600 5.1500 0.7000
   vertex -2.1800 5.1500 0.7000
   vertex -2.1800 5.1500 -0.7000
  endloop
 endfacet
 facet normal 0.00000 1.00000 0.00000
  outer loop
   vertex -2.2600 5.1500 0.7000
   vertex -2.1800 5.1500 -0.7000
   vertex -2.2600 5.1500 -0.7000
  endloop
 endfacet
 facet normal 0.00000 0.00000 1.00000
  outer loop
   vertex 2.1800 5.1500 -0.7000
   vertex 2.2600 5.1500 -0.7000
   vertex 2.2600 6.4500 -0.7000
  endloop
 endfacet
 facet normal 0.00000 0.00000 1.00000
  outer loop
   vertex 2.1800 5.1500 -0.7000
   vertex 2.2600 6.4500 -0.7000
   vertex 2.1800 6.4500 -0.7000
  endloop
 endfacet
 facet normal 0.00000 0.00000 -1.00000
  outer loop
   vertex 2.2600 5.1500 0.7000
   vertex 2.1800 5.1500 0.7000
   vertex 2.1800 6.4500 0.7000
  endloop
 endfacet
 facet normal 0.00000 0.00000 -1.00000
  outer loop
   vertex 2.2600 5.1500 0.7000
   vertex 2.1800 6.4500 0.7000
   vertex 2.2600 6.4500 0.7000
  endloop
 endfacet
 facet normal 1.00000 0.00000 0.00000
  outer loop
   vertex 2.1800 5.1500 0.7000
   vertex 2.1800 5.1500 -0.7000
   vertex 2.1800 6.4500 -0.7000
  endloop
 endfacet
 facet normal 1.00000 0.00000 0.00000
  outer loop
   vertex 2.1800 5.1500 0.7000
   vertex 2.1800 6.4500 -0.7000
   vertex 2.1800 6.4500 0.7000
  endloop
 endfacet
 facet normal -1.00000 0.00000 0.00000
  outer loop
   vertex 2.2600 5.1500 -0.7000
   vertex 2.2600 5.1500 0.7000
   vertex 2.2600 6.4500 0.7000
  endloop
 endfacet
 facet normal -1.00000 0.00000 0.00000
  outer loop
   vertex 2.2600 5.1500 -0.7000
   vertex 2.2600 6.4500 0.7000
   vertex 2.2600 6.4500 -0.7000
  endloop
 endfacet
 facet normal 0.00000 -1.00000 0.00000
  outer loop
   vertex 2.1800 6.4500 -0.7000
   vertex 2.2600 6.4500 -0.7000
   vertex 2.2600 6.4500 0.7000
  endloop
 endfacet
 facet normal 0.00000 -1.00000 0.00000
  outer loop
   vertex 2.1800 6.4500 -0.7000
   vertex 2.2600 6.4500 0.7000
   vertex 2.1800 6.4500 0.7000
  endloop
 endfacet
 facet normal 0.00000 1.00000 0.00000
  outer loop
   vertex 2.1800 5.1500 0.7000
   vertex 2.2600 5.1500 0.7000
   vertex 2.2600 5.1500 -0.7000
  endloop
 endfacet
 facet normal 0.00000 1.00000 0.00000
  outer loop
   vertex 2.1800 5.1500 0.7000
   vertex 2.2600 5.1500 -0.7000
   vertex 2.1800 5.1500 -0.7000
  endloop
 endfacet
 facet normal -0.90097 -0.39880 0.17092
  outer loop
   vertex -2.0450 0.3000 -1.5000
   vertex -2.0281 0.2677 -1.4861
   vertex -2.0281 0.5677 -0.7861
  endloop
 endfacet
 facet normal -0.90097 -0.39880 0.17092
  outer loop
   vertex -2.0450 0.3000 -1.5000
   vertex -2.0281 0.5677 -0.7861
   vertex -2.0450 0.6000 -0.8000
  endloop
 endfacet
 facet normal 0.00000 -0.39392 -0.91915
  outer loop
   vertex -2.0000 0.3000 -1.5000
   vertex -2.0281 0.2677 -1.4861
   vertex -2.0450 0.3000 -1.5000
  endloop
 endfacet
 facet normal 0.00000 0.39392 0.91915
  outer loop
   vertex -2.0000 0.6000 -0.8000
   vertex -2.0450 0.6000 -0.8000
   vertex -2.0281 0.5677 -0.7861
  endloop
 endfacet
 facet normal -0.22252 -0.89610 0.38404
  outer loop
   vertex -2.0281 0.2677 -1.4861
   vertex -1.9900 0.2597 -1.4827
   vertex -1.9900 0.5597 -0.7827
  endloop
 endfacet
 facet normal -0.22252 -0.89610 0.38404
  outer loop
   vertex -2.0281 0.2677 -1.4861
   vertex -1.9900 0.5597 -0.7827
   vertex -2.0281 0.5677 -0.7861
  endloop
 endfacet
 facet normal 0.00000 -0.39392 -0.91915
  outer loop
   vertex -2.0000 0.3000 -1.5000
   vertex -1.9900 0.2597 -1.4827
   vertex -2.0281 0.2677 -1.4861
  endloop
 endfacet
 facet normal -0.00000 0.39392 0.91915
  outer loop
   vertex -2.0000 0.6000 -0.8000
   vertex -2.0281 0.5677 -0.7861
   vertex -1.9900 0.5597 -0.7827
  endloop
 endfacet
 facet normal 0.62349 -0.71862 0.30798
  outer loop
   vertex -1.9900 0.2597 -1.4827
   vertex -1.9595 0.2821 -1.4923
   vertex -1.9595 0.5821 -0.7923
  endloop
 endfacet
 facet normal 0.62349 -0.71862 0.30798
  outer loop
   vertex -1.9900 0.2597 -1.4827
   vertex -1.9595 0.5821 -0.7923
   vertex -1.9900 0.5597 -0.7827
  endloop
 endfacet
 facet normal -0.00000 -0.39392 -0.91915
  outer loop
   vertex -2.0000 0.3000 -1.5000
   vertex -1.9595 0.2821 -1.4923
   vertex -1.9900 0.2597 -1.4827
  endloop
 endfacet
 facet normal 0.00000 0.39392 0.91915
  outer loop
   vertex -2.0000 0.6000 -0.8000
   vertex -1.9900 0.5597 -0.7827
   vertex -1.9595 0.5821 -0.7923
  endloop
 endfacet
 facet normal 1.00000 0.00000 0.00000
  outer loop
   vertex -1.9595 0.2821 -1.4923
   vertex -1.9595 0.3179 -1.5077
   vertex -1.9595 0.6179 -0.8077
  endloop
 endfacet
 facet normal 1.00000 0.00000 0.00000
  outer loop
   vertex -1.9595 0.2821 -1.4923
   vertex -1.9595 0.6179 -0.8077
   vertex -1.9595 0.5821 -0.7923
  endloop
 endfacet
 facet normal 0.00000 -0.39392 -0.91915
  outer loop
   vertex -2.0000 0.3000 -1.5000
   vertex -1.9595 0.3179 -1.5077
   vertex -1.9595 0.2821 -1.4923
  endloop
 endfacet
 facet normal 0.00000 0.39392 0.91915
  outer loop
   vertex -2.0000 0.6000 -0.8000
   vertex -1.9595 0.5821 -0.7923
   vertex -1.9595 0.6179 -0.8077
  endloop
 endfacet
 facet normal 0.62349 0.71862 -0.30798
  outer loop
   vertex -1.9595 0.3179 -1.5077
   vertex -1.9900 0.3403 -1.5173
   vertex -1.9900 0.6403 -0.8173
  endloop
 endfacet
 facet normal 0.62349 0.71862 -0.30798
  outer loop
   vertex -1.9595 0.3179 -1.5077
   vertex -1.9900 0.6403 -0.8173
   vertex -1.9595 0.6179 -0.8077
  endloop
 endfacet
 facet normal 0.00000 -0.39392 -0.91915
  outer loop
   vertex -2.0000 0.3000 -1.5000
   vertex -1.9900 0.3403 -1.5173
   vertex -1.9595 0.3179 -1.5077
  endloop
 endfacet
 facet normal 0.00000 0.39392 0.91915
  outer loop
   vertex -2.0000 0.6000 -0.8000
   vertex -1.9595 0.6179 -0.8077
   vertex -1.9900 0.6403 -0.8173
  endloop
 endfacet
 facet normal -0.22252 0.89610 -0.38404
  outer loop
   vertex -1.9900 0.3403 -1.5173
   vertex -2.0281 0.3323 -1.5139
   vertex -2.0281 0.6323 -0.8139
  endloop
 endfacet
 facet normal -0.22252 0.89610 -0.38404
  outer loop
   vertex -1.9900 0.3403 -1.5173
   vertex -2.0281 0.6323 -0.8139
   vertex -1.9900 0.6403 -0.8173
  endloop
 endfacet
 facet normal -0.00000 -0.39392 -0.91915
  outer loop
   vertex -2.0000 0.3000 -1.5000
   vertex -2.0281 0.3323 -1.5139
   vertex -1.9900 0.3403 -1.5173
  endloop
 endfacet
 facet normal 0.00000 0.39392 0.91915
  outer loop
   vertex -2.0000 0.6000 -0.8000
   vertex -1.9900 0.6403 -0.8173
   vertex -2.0281 0.6323 -0.8139
  endloop
 endfacet
 facet normal -0.90097 0.39880 -0.17092
  outer loop
   vertex -2.0281 0.3323 -1.5139
   vertex -2.0450 0.3000 -1.5000
   vertex -2.0450 0.6000 -0.8000
  endloop
 endfacet
 facet normal -0.90097 0.39880 -0.17092
  outer loop
   vertex -2.0281 0.3323 -1.5139
   vertex -2.0450 0.6000 -0.8000
   vertex -2.0281 0.6323 -0.8139
  endloop
 endfacet
 facet normal 0.00000 -0.39392 -0.91915
  outer loop
   vertex -2.0000 0.3000 -1.5000
   vertex -2.0450 0.3000 -1.5000
   vertex -2.0281 0.3323 -1.5139
  endloop
 endfacet
 facet normal 0.00000 0.39392 0.91915
  outer loop
   vertex -2.0000 0.6000 -0.8000
   vertex -2.0281 0.6323 -0.8139
   vertex -2.0450 0.6000 -0.8000
  endloop
 endfacet
 facet normal 0.90097 -0.39880 -0.17092
  outer loop
   vertex -1.9550 0.3000 -0.8000
   vertex -1.9719 0.2677 -0.8139
   vertex -1.9719 0.5677 -1.5139
  endloop
 endfacet
 facet normal 0.90097 -0.39880 -0.17092
  outer loop
   vertex -1.9550 0.3000 -0.8000
   vertex -1.9719 0.5677 -1.5139
   vertex -1.9550 0.6000 -1.5000
  endloop
 endfacet
 facet normal 0.00000 -0.39392 0.91915
  outer loop
   vertex -2.0000 0.3000 -0.8000
   vertex -1.9719 0.2677 -0.8139
   vertex -1.9550 0.3000 -0.8000
  endloop
 endfacet
 facet normal 0.00000 0.39392 -0.91915
  outer loop
   vertex -2.0000 0.6000 -1.5000
   vertex -1.9550 0.6000 -1.5000
   vertex -1.9719 0.5677 -1.5139
  endloop
 endfacet
 facet normal 0.22252 -0.89610 -0.38404
  outer loop
   vertex -1.9719 0.2677 -0.8139
   vertex -2.0100 0.2597 -0.8173
   vertex -2.0100 0.5597 -1.5173
  endloop
 endfacet
 facet normal 0.22252 -0.89610 -0.38404
  outer loop
   vertex -1.9719 0.2677 -0.8139
   vertex -2.0100 0.5597 -1.5173
   vertex -1.9719 0.5677 -1.5139
  endloop
 endfacet
 facet normal -0.00000 -0.39392 0.91915
  outer loop
   vertex -2.0000 0.3000 -0.8000
   vertex -2.0100 0.2597 -0.8173
   vertex -1.9719 0.2677 -0.8139
  endloop
 endfacet
 facet normal 0.00000 0.39392 -0.91915
  outer loop
   vertex -2.0000 0.6000 -1.5000
   vertex -1.9719 0.5677 -1.5139
   vertex -2.0100 0.5597 -1.5173
  endloop
 endfacet
 facet normal -0.62349 -0.71862 -0.30798
  outer loop
   vertex -2.0100 0.2597 -0.8173
   vertex -2.0405 0.2821 -0.8077
   vertex -2.0405 0.5821 -1.5077
  endloop
 endfacet
 facet normal -0.62349 -0.71862 -0.30798
  outer loop
   vertex -2.0100 0.2597 -0.8173
   vertex -2.0405 0.5821 -1.5077
   vertex -2.0100 0.5597 -1.5173
  endloop
 endfacet
 facet normal -0.00000 -0.39392 0.91915
  outer loop
   vertex -2.0000 0.3000 -0.8000
   vertex -2.0405 0.2821 -0.8077
   vertex -2.0100 0.2597 -0.8173
  endloop
 endfacet
 facet normal -0.00000 0.39392 -0.91915
  outer loop
   vertex -2.0000 0.6000 -1.5000
   vertex -2.0100 0.5597 -1.5173
   vertex -2.0405 0.5821 -1.5077
  endloop
 endfacet
 facet normal -1.00000 0.00000 0.00000
  outer loop
   vertex -2.0405 0.2821 -0.8077
   vertex -2.0405 0.3179 -0.7923
   vertex -2.0405 0.6179 -1.4923
  endloop
 endfacet
 facet normal -1.00000 0.00000 0.00000
  outer loop
   vertex -2.0405 0.2821 -0.8077
   vertex -2.0405 0.6179 -1.4923
   vertex -2.0405 0.5821 -1.5077
  endloop
 endfacet
 facet normal 0.00000 -0.39392 0.91915
  outer loop
   vertex -2.0000 0.3000 -0.8000
   vertex -2.0405 0.3179 -0.7923
   vertex -2.0405 0.2821 -0.8077
  endloop
 endfacet
 facet normal -0.00000 0.39392 -0.91915
  outer loop
   vertex -2.0000 0.6000 -1.5000
   vertex -2.0405 0.5821 -1.5077
   vertex -2.0405 0.6179 -1.4923
  endloop
 endfacet
 facet normal -0.62349 0.71862 0.30798
  outer loop
   vertex -2.0405 0.3179 -0.7923
   vertex -2.0100 0.3403 -0.7827
   vertex -2.0100 0.6403 -1.4827
  endloop
 endfacet
 facet normal -0.62349 0.71862 0.30798
  outer loop
   vertex -2.0405 0.3179 -0.7923
   vertex -2.0100 0.6403 -1.4827
   vertex -2.0405 0.6179 -1.4923
  endloop
 endfacet
 facet normal 0.00000 -0.39392 0.91915
  outer loop
   vertex -2.0000 0.3000 -0.8000
   vertex -2.0100 0.3403 -0.7827
   vertex -2.0405 0.3179 -0.7923
  endloop
 endfacet
 facet normal 0.00000 0.39392 -0.91915
  outer loop
   vertex -2.0000 0.6000 -1.5000
   vertex -2.0405 0.6179 -1.4923
   vertex -2.0100 0.6403 -1.4827
  endloop
 endfacet
 facet normal 0.22252 0.89610 0.38404
  outer loop
   vertex -2.0100 0.3403 -0.7827
   vertex -1.9719 0.3323 -0.7861
   vertex -1.9719 0.6323 -1.4861
  endloop
 endfacet
 facet normal 0.22252 0.89610 0.38404
  outer loop
   vertex -2.0100 0.3403 -0.7827
   vertex -1.9719 0.6323 -1.4861
   vertex -2.0100 0.6403 -1.4827
  endloop
 endfacet
 facet normal 0.00000 -0.39392 0.91915
  outer loop
   vertex -2.0000 0.3000 -0.8000
   vertex -1.9719 0.3323 -0.7861
   vertex -2.0100 0.3403 -0.7827
  endloop
 endfacet
 facet normal -0.00000 0.39392 -0.91915
  outer loop
   vertex -2.0000 0.6000 -1.5000
   vertex -2.0100 0.6403 -1.4827
   vertex -1.9719 0.6323 -1.4861
  endloop
 endfacet
 facet normal 0.90097 0.39880 0.17092
  outer loop
   vertex -1.9719 0.3323 -0.7861
   vertex -1.9550 0.3000 -0.8000
   vertex -1.9550 0.6000 -1.5000
  endloop
 endfacet
 facet normal 0.90097 0.39880 0.17092
  outer loop
   vertex -1.9719 0.3323 -0.7861
   vertex -1.9550 0.6000 -1.5000
   vertex -1.9719 0.6323 -1.4861
  endloop
 endfacet
 facet normal 0.00000 -0.39392 0.91915
  outer loop
   vertex -2.0000 0.3000 -0.8000
   vertex -1.9550 0.3000 -0.8000
   vertex -1.9719 0.3323 -0.7861
  endloop
 endfacet
 facet normal 0.00000 0.39392 -0.91915
  outer loop
   vertex -2.0000 0.6000 -1.5000
   vertex -1.9719 0.6323 -1.4861
   vertex -1.9550 0.6000 -1.5000
  endloop
 endfacet
 facet normal -0.90097 -0.39880 0.17092
  outer loop
   vertex -2.0450 0.7500 -1.5000
   vertex -2.0281 0.7177 -1.4861
   vertex -2.0281 1.0177 -0.7861
  endloop
 endfacet
 facet normal -0.90097 -0.39880 0.17092
  outer loop
   vertex -2.0450 0.7500 -1.5000
   vertex -2.0281 1.0177 -0.7861
   vertex -2.0450 1.0500 -0.8000
  endloop
 endfacet
 facet normal 0.00000 -0.39392 -0.91915
  outer loop
   vertex -2.0000 0.7500 -1.5000
   vertex -2.0281 0.7177 -1.4861
   vertex -2.0450 0.7500 -1.5000
  endloop
 endfacet
 facet normal 0.00000 0.39392 0.91915
  outer loop
   vertex -2.0000 1.0500 -0.8000
   vertex -2.0450 1.0500 -0.8000
   vertex -2.0281 1.0177 -0.7861
  endloop
 endfacet
 facet normal -0.22252 -0.89610 0.38404
  outer loop
   vertex -2.0281 0.7177 -1.4861
   vertex -1.9900 0.7097 -1.4827
   vertex -1.9900 1.0097 -0.7827
  endloop
 endfacet
 facet normal -0.22252 -0.89610 0.38404
  outer loop
   vertex -2.0281 0.7177 -1.4861
   vertex -1.9900 1.0097 -0.7827
   vertex -2.0281 1.0177 -0.7861
  endloop
 endfacet
 facet normal 0.00000 -0.39392 -0.91915
  outer loop
   vertex -2.0000 0.7500 -1.5000
   vertex -1.9900 0.7097 -1.4827
   vertex -2.0281 0.7177 -1.4861
  endloop
 endfacet
 facet normal 0.00000 0.39392 0.91915
  outer loop
   vertex -2.0000 1.0500 -0.8000
   vertex -2.0281 1.0177 -0.7861
   vertex -1.9900 1.0097 -0.7827
  endloop
 endfacet
 facet normal 0.62349 -0.71862 0.30798
  outer loop
   vertex -1.9900 0.7097 -1.4827
   vertex -1.9595 0.7321 -1.4923
   vertex -1.9595 1.0321 -0.7923
  endloop
 endfacet
 facet normal 0.62349 -0.71862 0.30798
  outer loop
   vertex -1.9900 0.7097 -1.4827
   vertex -1.9595 1.0321 -0.7923
   vertex -1.9900 1.0097 -0.7827
  endloop
 endfacet
 facet normal -0.00000 -0.39392 -0.91915
  outer loop
   vertex -2.0000 0.7500 -1.5000
   vertex -1.9595 0.7321 -1.4923
   vertex -1.9900 0.7097 -1.4827
  endloop
 endfacet
 facet normal -0.00000 0.39392 0.91915
  outer loop
   vertex -2.0000 1.0500 -0.8000
   vertex -1.9900 1.0097 -0.7827
   vertex -1.9595 1.0321 -0.7923
  endloop
 endfacet
 facet normal 1.00000 0.00000 0.00000
  outer loop
   vertex -1.9595 0.7321 -1.4923
   vertex -1.9595 0.7679 -1.5077
   vertex -1.9595 1.0679 -0.8077
  endloop
 endfacet
 facet normal 1.00000 0.00000 0.00000
  outer loop
   vertex -1.9595 0.7321 -1.4923
   vertex -1.9595 1.0679 -0.8077
   vertex -1.9595 1.0321 -0.7923
  endloop
 endfacet
 facet normal -0.00000 -0.39392 -0.91915
  outer loop
   vertex -2.0000 0.7500 -1.5000
   vertex -1.9595 0.7679 -1.5077
   vertex -1.9595 0.7321 -1.4923
  endloop
 endfacet
 facet normal 0.00000 0.39392 0.91915
  outer loop
   vertex -2.0000 1.0500 -0.8000
   vertex -1.9595 1.0321 -0.7923
   vertex -1.9595 1.0679 -0.8077
  endloop
 endfacet
 facet normal 0.62349 0.71862 -0.30798
  outer loop
   vertex -1.9595 0.7679 -1.5077
   vertex -1.9900 0.7903 -1.5173
   vertex -1.9900 1.0903 -0.8173
  endloop
 endfacet
 facet normal 0.62349 0.71862 -0.30798
  outer loop
   vertex -1.9595 0.7679 -1.5077
   vertex -1.9900 1.0903 -0.8173
   vertex -1.9595 1.0679 -0.8077
  endloop
 endfacet
 facet normal 0.00000 -0.39392 -0.91915
  outer loop
   vertex -2.0000 0.7500 -1.5000
   vertex -1.9900 0.7903 -1.5173
   vertex -1.9595 0.7679 -1.5077
  endloop
 endfacet
 facet normal 0.00000 0.39392 0.91915
  outer loop
   vertex -2.0000 1.0500 -0.8000
   vertex -1.9595 1.0679 -0.8077
   vertex -1.9900 1.0903 -0.8173
  endloop
 endfacet
 facet normal -0.22252 0.89610 -0.38404
  outer loop
   vertex -1.9900 0.7903 -1.5173
   vertex -2.0281 0.7823 -1.5139
   vertex -2.0281 1.0823 -0.8139
  endloop
 endfacet
 facet normal -0.22252 0.89610 -0.38404
  outer loop
   vertex -1.9900 0.7903 -1.5173
   vertex -2.0281 1.0823 -0.8139
   vertex -1.9900 1.0903 -0.8173
  endloop
 endfacet
 facet normal -0.00000 -0.39392 -0.91915
  outer loop
   vertex -2.0000 0.7500 -1.5000
   vertex -2.0281 0.7823 -1.5139
   vertex -1.9900 0.7903 -1.5173
  endloop
 endfacet
 facet normal -0.00000 0.39392 0.91915
  outer loop
   vertex -2.0000 1.0500 -0.8000
   vertex -1.9900 1.0903 -0.8173
   vertex -2.0281 1.0823 -0.8139
  endloop
 endfacet
 facet normal -0.90097 0.39880 -0.17092
  outer loop
   vertex -2.0281 0.7823 -1.5139
   vertex -2.0450 0.7500 -1.5000
   vertex -2.0450 1.0500 -0.8000
  endloop
 endfacet
 facet normal -0.90097 0.39880 -0.17092
  outer loop
   vertex -2.0281 0.7823 -1.5139
   vertex -2.0450 1.0500 -0.8000
   vertex -2.0281 1.0823 -0.8139
  endloop
 endfacet
 facet normal 0.00000 -0.39392 -0.91915
  outer loop
   vertex -2.0000 0.7500 -1.5000
   vertex -2.0450 0.7500 -1.5000
   vertex -2.0281 0.7823 -1.5139
  endloop
 endfacet
 facet normal 0.00000 0.39392 0.91915
  outer loop
   vertex -2.0000 1.0500 -0.8000
   vertex -2.0281 1.0823 -0.8139
   vertex -2.0450 1.0500 -0.8000
  endloop
 endfacet
 facet normal 0.90097 -0.39880 -0.17092
  outer loop
   vertex -1.9550 0.7500 -0.8000
   vertex -1.9719 0.7177 -0.8139
   vertex -1.9719 1.0177 -1.5139
  endloop
 endfacet
 facet normal 0.90097 -0.39880 -0.17092
  outer loop
   vertex -1.9550 0.7500 -0.8000
   vertex -1.9719 1.0177 -1.5139
   vertex -1.9550 1.0500 -1.5000
  endloop
 endfacet
 facet normal 0.00000 -0.39392 0.91915
  outer loop
   vertex -2.0000 0.7500 -0.8000
   vertex -1.9719 0.7177 -0.8139
   vertex -1.9550 0.7500 -0.8000
  endloop
 endfacet
 facet normal 0.00000 0.39392 -0.91915
  outer loop
   vertex -2.0000 1.0500 -1.5000
   vertex -1.9550 1.0500 -1.5000
   vertex -1.9719 1.0177 -1.5139
  endloop
 endfacet
 facet normal 0.22252 -0.89610 -0.38404
  outer loop
   vertex -1.9719 0.7177 -0.8139
   vertex -2.0100 0.7097 -0.8173
   vertex -2.0100 1.0097 -1.5173
  endloop
 endfacet
 facet normal 0.22252 -0.89610 -0.38404
  outer loop
   vertex -1.9719 0.7177 -0.8139
   vertex -2.0100 1.0097 -1.5173
   vertex -1.9719 1.0177 -1.5139
  endloop
 endfacet
 facet normal -0.00000 -0.39392 0.91915
  outer loop
   vertex -2.0000 0.7500 -0.8000
   vertex -2.0100 0.7097 -0.8173
   vertex -1.9719 0.7177 -0.8139
  endloop
 endfacet
 facet normal 0.00000 0.39392 -0.91915
  outer loop
   vertex -2.0000 1.0500 -1.5000
   vertex -1.9719 1.0177 -1.5139
   vertex -2.0100 1.0097 -1.5173
  endloop
 endfacet
 facet normal -0.62349 -0.71862 -0.30798
  outer loop
   vertex -2.0100 0.7097 -0.8173
   vertex -2.0405 0.7321 -0.8077
   vertex -2.0405 1.0321 -1.5077
  endloop
 endfacet
 facet normal -0.62349 -0.71862 -0.30798
  outer loop
   vertex -2.0100 0.7097 -0.8173
   vertex -2.0405 1.0321 -1.5077
   vertex -2.0100 1.0097 -1.5173
  endloop
 endfacet
 facet normal 0.00000 -0.39392 0.91915
  outer loop
   vertex -2.0000 0.7500 -0.8000
   vertex -2.0405 0.7321 -0.8077
   vertex -2.0100 0.7097 -0.8173
  endloop
 endfacet
 facet normal -0.00000 0.39392 -0.91915
  outer loop
   vertex -2.0000 1.0500 -1.5000
   vertex -2.0100 1.0097 -1.5173
   vertex -2.0405 1.0321 -1.5077
  endloop
 endfacet
 facet normal -1.00000 0.00000 0.00000
  outer loop
   vertex -2.0405 0.7321 -0.8077
   vertex -2.0405 0.7679 -0.7923
   vertex -2.0405 1.0679 -1.4923
  endloop
 endfacet
 facet normal -1.00000 0.00000 0.00000
  outer loop
   vertex -2.0405 0.7321 -0.8077
   vertex -2.0405 1.0679 -1.4923
   vertex -2.0405 1.0321 -1.5077
  endloop
 endfacet
 facet normal 0.00000 -0.39392 0.91915
  outer loop
   vertex -2.0000 0.7500 -0.8000
   vertex -2.0405 0.7679 -0.7923
   vertex -2.0405 0.7321 -0.8077
  endloop
 endfacet
 facet normal 0.00000 0.39392 -0.91915
  outer loop
   vertex -2.0000 1.0500 -1.5000
   vertex -2.0405 1.0321 -1.5077
   vertex -2.0405 1.0679 -1.4923
  endloop
 endfacet
 facet normal -0.62349 0.71862 0.30798
  outer loop
   vertex -2.0405 0.7679 -0.7923
   vertex -2.0100 0.7903 -0.7827
   vertex -2.0100 1.0903 -1.4827
  endloop
 endfacet
 facet normal -0.62349 0.71862 0.30798
  outer loop
   vertex -2.0405 0.7679 -0.7923
   vertex -2.0100 1.0903 -1.4827
   vertex -2.0405 1.0679 -1.4923
  endloop
 endfacet
 facet normal 0.00000 -0.39392 0.91915
  outer loop
   vertex -2.0000 0.7500 -0.8000
   vertex -2.0100 0.7903 -0.7827
   vertex -2.0405 0.7679 -0.7923
  endloop
 endfacet
 facet normal 0.00000 0.39392 -0.91915
  outer loop
   vertex -2.0000 1.0500 -1.5000
   vertex -2.0405 1.0679 -1.4923
   vertex -2.0100 1.0903 -1.4827
  endloop
 endfacet
 facet normal 0.22252 0.89610 0.38404
  outer loop
   vertex -2.0100 0.7903 -0.7827
   vertex -1.9719 0.7823 -0.7861
   vertex -1.9719 1.0823 -1.4861
  endloop
 endfacet
 facet normal 0.22252 0.89610 0.38404
  outer loop
   vertex -2.0100 0.7903 -0.7827
   vertex -1.9719 1.0823 -1.4861
   vertex -2.0100 1.0903 -1.4827
  endloop
 endfacet
 facet normal 0.00000 -0.39392 0.91915
  outer loop
   vertex -2.0000 0.7500 -0.8000
   vertex -1.9719 0.7823 -0.7861
   vertex -2.0100 0.7903 -0.7827
  endloop
 endfacet
 facet normal -0.00000 0.39392 -0.91915
  outer loop
   vertex -2.0000 1.0500 -1.5000
   vertex -2.0100 1.0903 -1.4827
   vertex -1.9719 1.0823 -1.4861
  endloop
 endfacet
 facet normal 0.90097 0.39880 0.17092
  outer loop
   vertex -1.9719 0.7823 -0.7861
   vertex -1.9550 0.7500 -0.8000
   vertex -1.9550 1.0500 -1.5000
  endloop
 endfacet
 facet normal 0.90097 0.39880 0.17092
  outer loop
   vertex -1.9719 0.7823 -0.7861
   vertex -1.9550 1.0500 -1.5000
   vertex -1.9719 1.0823 -1.4861
  endloop
 endfacet
 facet normal 0.00000 -0.39392 0.91915
  outer loop
   vertex -2.0000 0.7500 -0.8000
   vertex -1.9550 0.7500 -0.8000
   vertex -1.9719 0.7823 -0.7861
  endloop
 endfacet
 facet normal 0.00000 0.39392 -0.91915
  outer loop
   vertex -2.0000 1.0500 -1.5000
   vertex -1.9719 1.0823 -1.4861
   vertex -1.9550 1.0500 -1.5000
  endloop
 endfacet
 facet normal -0.90097 -0.39880 0.17092
  outer loop
   vertex -2.0450 1.2000 -1.5000
   vertex -2.0281 1.1677 -1.4861
   vertex -2.0281 1.4677 -0.7861
  endloop
 endfacet
 facet normal -0.90097 -0.39880 0.17092
  outer loop
   vertex -2.0450 1.2000 -1.5000
   vertex -2.0281 1.4677 -0.7861
   vertex -2.0450 1.5000 -0.8000
  endloop
 endfacet
 facet normal 0.00000 -0.39392 -0.91915
  outer loop
   vertex -2.0000 1.2000 -1.5000
   vertex -2.0281 1.1677 -1.4861
   vertex -2.0450 1.2000 -1.5000
  endloop
 endfacet
 facet normal 0.00000 0.39392 0.91915
  outer loop
   vertex -2.0000 1.5000 -0.8000
   vertex -2.0450 1.5000 -0.8000
   vertex -2.0281 1.4677 -0.7861
  endloop
 endfacet
 facet normal -0.22252 -0.89610 0.38404
  outer loop
   vertex -2.0281 1.1677 -1.4861
   vertex -1.9900 1.1597 -1.4827
   vertex -1.9900 1.4597 -0.7827
  endloop
 endfacet
 facet normal -0.22252 -0.89610 0.38404
  outer loop
   vertex -2.0281 1.1677 -1.4861
   vertex -1.9900 1.4597 -0.7827
   vertex -2.0281 1.4677 -0.7861
  endloop
 endfacet
 facet normal 0.00000 -0.39392 -0.91915
  outer loop
   vertex -2.0000 1.2000 -1.5000
   vertex -1.9900 1.1597 -1.4827
   vertex -2.0281 1.1677 -1.4861
  endloop
 endfacet
 facet normal 0.00000 0.39392 0.91915
  outer loop
   vertex -2.0000 1.5000 -0.8000
   vertex -2.0281 1.4677 -0.7861
   vertex -1.9900 1.4597 -0.7827
  endloop
 endfacet
 facet normal 0.62349 -0.71862 0.30798
  outer loop
   vertex -1.9900 1.1597 -1.4827
   vertex -1.9595 1.1821 -1.4923
   vertex -1.9595 1.4821 -0.7923
  endloop
 endfacet
 facet normal 0.62349 -0.71862 0.30798
  outer loop
   vertex -1.9900 1.1597 -1.4827
   vertex -1.9595 1.4821 -0.7923
   vertex -1.9900 1.4597 -0.7827
  endloop
 endfacet
 facet normal -0.00000 -0.39392 -0.91915
  outer loop
   vertex -2.0000 1.2000 -1.5000
   vertex -1.9595 1.1821 -1.4923
   vertex -1.9900 1.1597 -1.4827
  endloop
 endfacet
 facet normal -0.00000 0.39392 0.91915
  outer loop
   vertex -2.0000 1.5000 -0.8000
   vertex -1.9900 1.4597 -0.7827
   vertex -1.9595 1.4821 -0.7923
  endloop
 endfacet
 facet normal 1.00000 0.00000 0.00000
  outer loop
   vertex -1.9595 1.1821 -1.4923
   vertex -1.9595 1.2179 -1.5077
   vertex -1.9595 1.5179 -0.8077
  endloop
 endfacet
 facet normal 1.00000 0.00000 0.00000
  outer loop
   vertex -1.9595 1.1821 -1.4923
   vertex -1.9595 1.5179 -0.8077
   vertex -1.9595 1.4821 -0.7923
  endloop
 endfacet
 facet normal 0.00000 -0.39392 -0.91915
  outer loop
   vertex -2.0000 1.2000 -1.5000
   vertex -1.9595 1.2179 -1.5077
   vertex -1.9595 1.1821 -1.4923
  endloop
 endfacet
 facet normal 0.00000 0.39392 0.91915
  outer loop
   vertex -2.0000 1.5000 -0.8000
   vertex -1.9595 1.4821 -0.7923
   vertex -1.9595 1.5179 -0.8077
  endloop
 endfacet
 facet normal 0.62349 0.71862 -0.30798
  outer loop
   vertex -1.9595 1.2179 -1.5077
   vertex -1.9900 1.2403 -1.5173
   vertex -1.9900 1.5403 -0.8173
  endloop
 endfacet
 facet normal 0.62349 0.71862 -0.30798
  outer loop
   vertex -1.9595 1.2179 -1.5077
   vertex -1.9900 1.5403 -0.8173
   vertex -1.9595 1.5179 -0.8077
  endloop
 endfacet
 facet normal 0.00000 -0.39392 -0.91915
  outer loop
   vertex -2.0000 1.2000 -1.5000
   vertex -1.9900 1.2403 -1.5173
   vertex -1.9595 1.2179 -1.5077
  endloop
 endfacet
 facet normal 0.00000 0.39392 0.91915
  outer loop
   vertex -2.0000 1.5000 -0.8000
   vertex -1.9595 1.5179 -0.8077
   vertex -1.9900 1.5403 -0.8173
  endloop
 endfacet
 facet normal -0.22252 0.89610 -0.38404
  outer loop
   vertex -1.9900 1.2403 -1.5173
   vertex -2.0281 1.2323 -1.5139
   vertex -2.0281 1.5323 -0.8139
  endloop
 endfacet
 facet normal -0.22252 0.89610 -0.38404
  outer loop
   vertex -1.9900 1.2403 -1.5173
   vertex -2.0281 1.5323 -0.8139
   vertex -1.9900 1.5403 -0.8173
  endloop
 endfacet
 facet normal -0.00000 -0.39392 -0.91915
  outer loop
   vertex -2.0000 1.2000 -1.5000
   vertex -2.0281 1.2323 -1.5139
   vertex -1.9900 1.2403 -1.5173
  endloop
 endfacet
 facet normal -0.00000 0.39392 0.91915
  outer loop
   vertex -2.0000 1.5000 -0.8000
   vertex -1.9900 1.5403 -0.8173
   vertex -2.0281 1.5323 -0.8139
  endloop
 endfacet
 facet normal -0.90097 0.39880 -0.17092
  outer loop
   vertex -2.0281 1.2323 -1.5139
   vertex -2.0450 1.2000 -1.5000
   vertex -2.0450 1.5000 -0.8000
  endloop
 endfacet
 facet normal -0.90097 0.39880 -0.17092
  outer loop
   vertex -2.0281 1.2323 -1.5139
   vertex -2.0450 1.5000 -0.8000
   vertex -2.0281 1.5323 -0.8139
  endloop
 endfacet
 facet normal 0.00000 -0.39392 -0.91915
  outer loop
   vertex -2.0000 1.2000 -1.5000
   vertex -2.0450 1.2000 -1.5000
   vertex -2.0281 1.2323 -1.5139
  endloop
 endfacet
 facet normal 0.00000 0.39392 0.91915
  outer loop
   vertex -2.0000 1.5000 -0.8000
   vertex -2.0281 1.5323 -0.8139
   vertex -2.0450 1.5000 -0.8000
  endloop
 endfacet
 facet normal 0.90097 -0.39880 -0.17092
  outer loop
   vertex -1.9550 1.2000 -0.8000
   vertex -1.9719 1.1677 -0.8139
   vertex -1.9719 1.4677 -1.5139
  endloop
 endfacet
 facet normal 0.90097 -0.39880 -0.17092
  outer loop
   vertex -1.9550 1.2000 -0.8000
   vertex -1.9719 1.4677 -1.5139
   vertex -1.9550 1.5000 -1.5000
  endloop
 endfacet
 facet normal 0.00000 -0.39392 0.91915
  outer loop
   vertex -2.0000 1.2000 -0.8000
   vertex -1.9719 1.1677 -0.8139
   vertex -1.9550 1.2000 -0.8000
  endloop
 endfacet
 facet normal 0.00000 0.39392 -0.91915
  outer loop
   vertex -2.0000 1.5000 -1.5000
   vertex -1.9550 1.5000 -1.5000
   vertex -1.9719 1.4677 -1.5139
  endloop
 endfacet
 facet normal 0.22252 -0.89610 -0.38404
  outer loop
   vertex -1.9719 1.1677 -0.8139
   vertex -2.0100 1.1597 -0.8173
   vertex -2.0100 1.4597 -1.5173
  endloop
 endfacet
 facet normal 0.22252 -0.89610 -0.38404
  outer loop
   vertex -1.9719 1.1677 -0.8139
   vertex -2.0100 1.4597 -1.5173
   vertex -1.9719 1.4677 -1.5139
  endloop
 endfacet
 facet normal 0.00000 -0.39392 0.91915
  outer loop
   vertex -2.0000 1.2000 -0.8000
   vertex -2.0100 1.1597 -0.8173
   vertex -1.9719 1.1677 -0.8139
  endloop
 endfacet
 facet normal 0.00000 0.39392 -0.91915
  outer loop
   vertex -2.0000 1.5000 -1.5000
   vertex -1.9719 1.4677 -1.5139
   vertex -2.0100 1.4597 -1.5173
  endloop
 endfacet
 facet normal -0.62349 -0.71862 -0.30798
  outer loop
   vertex -2.0100 1.1597 -0.8173
   vertex -2.0405 1.1821 -0.8077
   vertex -2.0405 1.4821 -1.5077
  endloop
 endfacet
 facet normal -0.62349 -0.71862 -0.30798
  outer loop
   vertex -2.0100 1.1597 -0.8173
   vertex -2.0405 1.4821 -1.5077
   vertex -2.0100 1.4597 -1.5173
  endloop
 endfacet
 facet normal -0.00000 -0.39392 0.91915
  outer loop
   vertex -2.0000 1.2000 -0.8000
   vertex -2.0405 1.1821 -0.8077
   vertex -2.0100 1.1597 -0.8173
  endloop
 endfacet
 facet normal -0.00000 0.39392 -0.91915
  outer loop
   vertex -2.0000 1.5000 -1.5000
   vertex -2.0100 1.4597 -1.5173
   vertex -2.0405 1.4821 -1.5077
  endloop
 endfacet
 facet normal -1.00000 0.00000 0.00000
  outer loop
   vertex -2.0405 1.1821 -0.8077
   vertex -2.0405 1.2179 -0.7923
   vertex -2.0405 1.5179 -1.4923
  endloop
 endfacet
 facet normal -1.00000 0.00000 0.00000
  outer loop
   vertex -2.0405 1.1821 -0.8077
   vertex -2.0405 1.5179 -1.4923
   vertex -2.0405 1.4821 -1.5077
  endloop
 endfacet
 facet normal 0.00000 -0.39392 0.91915
  outer loop
   vertex -2.0000 1.2000 -0.8000
   vertex -2.0405 1.2179 -0.7923
   vertex -2.0405 1.1821 -0.8077
  endloop
 endfacet
 facet normal 0.00000 0.39392 -0.91915
  outer loop
   vertex -2.0000 1.5000 -1.5000
   vertex -2.0405 1.4821 -1.5077
   vertex -2.0405 1.5179 -1.4923
  endloop
 endfacet
 facet normal -0.62349 0.71862 0.30798
  outer loop
   vertex -2.0405 1.2179 -0.7923
   vertex -2.0100 1.2403 -0.7827
   vertex -2.0100 1.5403 -1.4827
  endloop
 endfacet
 facet normal -0.62349 0.71862 0.30798
  outer loop
   vertex -2.0405 1.2179 -0.7923
   vertex -2.0100 1.5403 -1.4827
   vertex -2.0405 1.5179 -1.4923
  endloop
 endfacet
 facet normal 0.00000 -0.39392 0.91915
  outer loop
   vertex -2.0000 1.2000 -0.8000
   vertex -2.0100 1.2403 -0.7827
   vertex -2.0405 1.2179 -0.7923
  endloop
 endfacet
 facet normal 0.00000 0.39392 -0.91915
  outer loop
   vertex -2.0000 1.5000 -1.5000
   vertex -2.0405 1.5179 -1.4923
   vertex -2.0100 1.5403 -1.4827
  endloop
 endfacet
 facet normal 0.22252 0.89610 0.38404
  outer loop
   vertex -2.0100 1.2403 -0.7827
   vertex -1.9719 1.2323 -0.7861
   vertex -1.9719 1.5323 -1.4861
  endloop
 endfacet
 facet normal 0.22252 0.89610 0.38404
  outer loop
   vertex -2.0100 1.2403 -0.7827
   vertex -1.9719 1.5323 -1.4861
   vertex -2.0100 1.5403 -1.4827
  endloop
 endfacet
 facet normal -0.00000 -0.39392 0.91915
  outer loop
   vertex -2.0000 1.2000 -0.8000
   vertex -1.9719 1.2323 -0.7861
   vertex -2.0100 1.2403 -0.7827
  endloop
 endfacet
 facet normal -0.00000 0.39392 -0.91915
  outer loop
   vertex -2.0000 1.5000 -1.5000
   vertex -2.0100 1.5403 -1.4827
   vertex -1.9719 1.5323 -1.4861
  endloop
 endfacet
 facet normal 0.90097 0.39880 0.17092
  outer loop
   vertex -1.9719 1.2323 -0.7861
   vertex -1.9550 1.2000 -0.8000
   vertex -1.9550 1.5000 -1.5000
  endloop
 endfacet
 facet normal 0.90097 0.39880 0.17092
  outer loop
   vertex -1.9719 1.2323 -0.7861
   vertex -1.9550 1.5000 -1.5000
   vertex -1.9719 1.5323 -1.4861
  endloop
 endfacet
 facet normal 0.00000 -0.39392 0.91915
  outer loop
   vertex -2.0000 1.2000 -0.8000
   vertex -1.9550 1.2000 -0.8000
   vertex -1.9719 1.2323 -0.7861
  endloop
 endfacet
 facet normal 0.00000 0.39392 -0.91915
  outer loop
   vertex -2.0000 1.5000 -1.5000
   vertex -1.9719 1.5323 -1.4861
   vertex -1.9550 1.5000 -1.5000
  endloop
 endfacet
 facet normal -0.90097 -0.39880 0.17092
  outer loop
   vertex -2.0450 1.6500 -1.5000
   vertex -2.0281 1.6177 -1.4861
   vertex -2.0281 1.9177 -0.7861
  endloop
 endfacet
 facet normal -0.90097 -0.39880 0.17092
  outer loop
   vertex -2.0450 1.6500 -1.5000
   vertex -2.0281 1.9177 -0.7861
   vertex -2.0450 1.9500 -0.8000
  endloop
 endfacet
 facet normal 0.00000 -0.39392 -0.91915
  outer loop
   vertex -2.0000 1.6500 -1.5000
   vertex -2.0281 1.6177 -1.4861
   vertex -2.0450 1.6500 -1.5000
  endloop
 endfacet
 facet normal 0.00000 0.39392 0.91915
  outer loop
   vertex -2.0000 1.9500 -0.8000
   vertex -2.0450 1.9500 -0.8000
   vertex -2.0281 1.9177 -0.7861
  endloop
 endfacet
 facet normal -0.22252 -0.89610 0.38404
  outer loop
   vertex -2.0281 1.6177 -1.4861
   vertex -1.9900 1.6097 -1.4827
   vertex -1.9900 1.9097 -0.7827
  endloop
 endfacet
 facet normal -0.22252 -0.89610 0.38404
  outer loop
   vertex -2.0281 1.6177 -1.4861
   vertex -1.9900 1.9097 -0.7827
   vertex -2.0281 1.9177 -0.7861
  endloop
 endfacet
 facet normal 0.00000 -0.39392 -0.91915
  outer loop
   vertex -2.0000 1.6500 -1.5000
   vertex -1.9900 1.6097 -1.4827
   vertex -2.0281 1.6177 -1.4861
  endloop
 endfacet
 facet normal 0.00000 0.39392 0.91915
  outer loop
   vertex -2.0000 1.9500 -0.8000
   vertex -2.0281 1.9177 -0.7861
   vertex -1.9900 1.9097 -0.7827
  endloop
 endfacet
 facet normal 0.62349 -0.71862 0.30798
  outer loop
   vertex -1.9900 1.6097 -1.4827
   vertex -1.9595 1.6321 -1.4923
   vertex -1.9595 1.9321 -0.7923
  endloop
 endfacet
 facet normal 0.62349 -0.71862 0.30798
  outer loop
   vertex -1.9900 1.6097 -1.4827
   vertex -1.9595 1.9321 -0.7923
   vertex -1.9900 1.9097 -0.7827
  endloop
 endfacet
 facet normal -0.00000 -0.39392 -0.91915
  outer loop
   vertex -2.0000 1.6500 -1.5000
   vertex -1.9595 1.6321 -1.4923
   vertex -1.9900 1.6097 -1.4827
  endloop
 endfacet
 facet normal -0.00000 0.39392 0.91915
  outer loop
   vertex -2.0000 1.9500 -0.8000
   vertex -1.9900 1.9097 -0.7827
   vertex -1.9595 1.9321 -0.7923
  endloop
 endfacet
 facet normal 1.00000 0.00000 0.00000
  outer loop
   vertex -1.9595 1.6321 -1.4923
   vertex -1.9595 1.6679 -1.5077
   vertex -1.9595 1.9679 -0.8077
  endloop
 endfacet
 facet normal 1.00000 0.00000 0.00000
  outer loop
   vertex -1.9595 1.6321 -1.4923
   vertex -1.9595 1.9679 -0.8077
   vertex -1.9595 1.9321 -0.7923
  endloop
 endfacet
 facet normal 0.00000 -0.39392 -0.91915
  outer loop
   vertex -2.0000 1.6500 -1.5000
   vertex -1.9595 1.6679 -1.5077
   vertex -1.9595 1.6321 -1.4923
  endloop
 endfacet
 facet normal 0.00000 0.39392 0.91915
  outer loop
   vertex -2.0000 1.9500 -0.8000
   vertex -1.9595 1.9321 -0.7923
   vertex -1.9595 1.9679 -0.8077
  endloop
 endfacet
 facet normal 0.62349 0.71862 -0.30798
  outer loop
   vertex -1.9595 1.6679 -1.5077
   vertex -1.9900 1.6903 -1.5173
   vertex -1.9900 1.9903 -0.8173
  endloop
 endfacet
 facet normal 0.62349 0.71862 -0.30798
  outer loop
   vertex -1.9595 1.6679 -1.5077
   vertex -1.9900 1.9903 -0.8173
   vertex -1.9595 1.9679 -0.8077
  endloop
 endfacet
 facet normal 0.00000 -0.39392 -0.91915
  outer loop
   vertex -2.0000 1.6500 -1.5000
   vertex -1.9900 1.6903 -1.5173
   vertex -1.9595 1.6679 -1.5077
  endloop
 endfacet
 facet normal 0.00000 0.39392 0.91915
  outer loop
   vertex -2.0000 1.9500 -0.8000
   vertex -1.9595 1.9679 -0.8077
   vertex -1.9900 1.9903 -0.8173
  endloop
 endfacet
 facet normal -0.22252 0.89610 -0.38404
  outer loop
   vertex -1.9900 1.6903 -1.5173
   vertex -2.0281 1.6823 -1.5139
   vertex -2.0281 1.9823 -0.8139
  endloop
 endfacet
 facet normal -0.22252 0.89610 -0.38404
  outer loop
   vertex -1.9900 1.6903 -1.5173
   vertex -2.0281 1.9823 -0.8139
   vertex -1.9900 1.9903 -0.8173
  endloop
 endfacet
 facet normal -0.00000 -0.39392 -0.91915
  outer loop
   vertex -2.0000 1.6500 -1.5000
   vertex -2.0281 1.6823 -1.5139
   vertex -1.9900 1.6903 -1.5173
  endloop
 endfacet
 facet normal -0.00000 0.39392 0.91915
  outer loop
   vertex -2.0000 1.9500 -0.8000
   vertex -1.9900 1.9903 -0.8173
   vertex -2.0281 1.9823 -0.8139
  endloop
 endfacet
 facet normal -0.90097 0.39880 -0.17092
  outer loop
   vertex -2.0281 1.6823 -1.5139
   vertex -2.0450 1.6500 -1.5000
   vertex -2.0450 1.9500 -0.8000
  endloop
 endfacet
 facet normal -0.90097 0.39880 -0.17092
  outer loop
   vertex -2.0281 1.6823 -1.5139
   vertex -2.0450 1.9500 -0.8000
   vertex -2.0281 1.9823 -0.8139
  endloop
 endfacet
 facet normal 0.00000 -0.39392 -0.91915
  outer loop
   vertex -2.0000 1.6500 -1.5000
   vertex -2.0450 1.6500 -1.5000
   vertex -2.0281 1.6823 -1.5139
  endloop
 endfacet
 facet normal 0.00000 0.39392 0.91915
  outer loop
   vertex -2.0000 1.9500 -0.8000
   vertex -2.0281 1.9823 -0.8139
   vertex -2.0450 1.9500 -0.8000
  endloop
 endfacet
 facet normal 0.90097 -0.39880 -0.17092
  outer loop
   vertex -1.9550 1.6500 -0.8000
   vertex -1.9719 1.6177 -0.8139
   vertex -1.9719 1.9177 -1.5139
  endloop
 endfacet
 facet normal 0.90097 -0.39880 -0.17092
  outer loop
   vertex -1.9550 1.6500 -0.8000
   vertex -1.9719 1.9177 -1.5139
   vertex -1.9550 1.9500 -1.5000
  endloop
 endfacet
 facet normal 0.00000 -0.39392 0.91915
  outer loop
   vertex -2.0000 1.6500 -0.8000
   vertex -1.9719 1.6177 -0.8139
   vertex -1.9550 1.6500 -0.8000
  endloop
 endfacet
 facet normal 0.00000 0.39392 -0.91915
  outer loop
   vertex -2.0000 1.9500 -1.5000
   vertex -1.9550 1.9500 -1.5000
   vertex -1.9719 1.9177 -1.5139
  endloop
 endfacet
 facet normal 0.22252 -0.89610 -0.38404
  outer loop
   vertex -1.9719 1.6177 -0.8139
   vertex -2.0100 1.6097 -0.8173
   vertex -2.0100 1.9097 -1.5173
  endloop
 endfacet
 facet normal 0.22252 -0.89610 -0.38404
  outer loop
   vertex -1.9719 1.6177 -0.8139
   vertex -2.0100 1.9097 -1.5173
   vertex -1.9719 1.9177 -1.5139
  endloop
 endfacet
 facet normal 0.00000 -0.39392 0.91915
  outer loop
   vertex -2.0000 1.6500 -0.8000
   vertex -2.0100 1.6097 -0.8173
   vertex -1.9719 1.6177 -0.8139
  endloop
 endfacet
 facet normal 0.00000 0.39392 -0.91915
  outer loop
   vertex -2.0000 1.9500 -1.5000
   vertex -1.9719 1.9177 -1.5139
   vertex -2.0100 1.9097 -1.5173
  endloop
 endfacet
 facet normal -0.62349 -0.71862 -0.30798
  outer loop
   vertex -2.0100 1.6097 -0.8173
   vertex -2.0405 1.6321 -0.8077
   vertex -2.0405 1.9321 -1.5077
  endloop
 endfacet
 facet normal -0.62349 -0.71862 -0.30798
  outer loop
   vertex -2.0100 1.6097 -0.8173
   vertex -2.0405 1.9321 -1.5077
   vertex -2.0100 1.9097 -1.5173
  endloop
 endfacet
 facet normal -0.00000 -0.39392 0.91915
  outer loop
   vertex -2.0000 1.6500 -0.8000
   vertex -2.0405 1.6321 -0.8077
   vertex -2.0100 1.6097 -0.8173
  endloop
 endfacet
 facet normal -0.00000 0.39392 -0.91915
  outer loop
   vertex -2.0000 1.9500 -1.5000
   vertex -2.0100 1.9097 -1.5173
   vertex -2.0405 1.9321 -1.5077
  endloop
 endfacet
 facet normal -1.00000 0.00000 0.00000
  outer loop
   vertex -2.0405 1.6321 -0.8077
   vertex -2.0405 1.6679 -0.7923
   vertex -2.0405 1.9679 -1.4923
  endloop
 endfacet
 facet normal -1.00000 0.00000 0.00000
  outer loop
   vertex -2.0405 1.6321 -0.8077
   vertex -2.0405 1.9679 -1.4923
   vertex -2.0405 1.9321 -1.5077
  endloop
 endfacet
 facet normal 0.00000 -0.39392 0.91915
  outer loop
   vertex -2.0000 1.6500 -0.8000
   vertex -2.0405 1.6679 -0.7923
   vertex -2.0405 1.6321 -0.8077
  endloop
 endfacet
 facet normal 0.00000 0.39392 -0.91915
  outer loop
   vertex -2.0000 1.9500 -1.5000
   vertex -2.0405 1.9321 -1.5077
   vertex -2.0405 1.9679 -1.4923
  endloop
 endfacet
 facet normal -0.62349 0.71862 0.30798
  outer loop
   vertex -2.0405 1.6679 -0.7923
   vertex -2.0100 1.6903 -0.7827
   vertex -2.0100 1.9903 -1.4827
  endloop
 endfacet
 facet normal -0.62349 0.71862 0.30798
  outer loop
   vertex -2.0405 1.6679 -0.7923
   vertex -2.0100 1.9903 -1.4827
   vertex -2.0405 1.9679 -1.4923
  endloop
 endfacet
 facet normal 0.00000 -0.39392 0.91915
  outer loop
   vertex -2.0000 1.6500 -0.8000
   vertex -2.0100 1.6903 -0.7827
   vertex -2.0405 1.6679 -0.7923
  endloop
 endfacet
 facet normal 0.00000 0.39392 -0.91915
  outer loop
   vertex -2.0000 1.9500 -1.5000
   vertex -2.0405 1.9679 -1.4923
   vertex -2.0100 1.9903 -1.4827
  endloop
 endfacet
 facet normal 0.22252 0.89610 0.38404
  outer loop
   vertex -2.0100 1.6903 -0.7827
   vertex -1.9719 1.6823 -0.7861
   vertex -1.9719 1.9823 -1.4861
  endloop
 endfacet
 facet normal 0.22252 0.89610 0.38404
  outer loop
   vertex -2.0100 1.6903 -0.7827
   vertex -1.9719 1.9823 -1.4861
   vertex -2.0100 1.9903 -1.4827
  endloop
 endfacet
 facet normal -0.00000 -0.39392 0.91915
  outer loop
   vertex -2.0000 1.6500 -0.8000
   vertex -1.9719 1.6823 -0.7861
   vertex -2.0100 1.6903 -0.7827
  endloop
 endfacet
 facet normal -0.00000 0.39392 -0.91915
  outer loop
   vertex -2.0000 1.9500 -1.5000
   vertex -2.0100 1.9903 -1.4827
   vertex -1.9719 1.9823 -1.4861
  endloop
 endfacet
 facet normal 0.90097 0.39880 0.17092
  outer loop
   vertex -1.9719 1.6823 -0.7861
   vertex -1.9550 1.6500 -0.8000
   vertex -1.9550 1.9500 -1.5000
  endloop
 endfacet
 facet normal 0.90097 0.39880 0.17092
  outer loop
   vertex -1.9719 1.6823 -0.7861
   vertex -1.9550 1.9500 -1.5000
   vertex -1.9719 1.9823 -1.4861
  endloop
 endfacet
 facet normal 0.00000 -0.39392 0.91915
  outer loop
   vertex -2.0000 1.6500 -0.8000
   vertex -1.9550 1.6500 -0.8000
   vertex -1.9719 1.6823 -0.7861
  endloop
 endfacet
 facet normal 0.00000 0.39392 -0.91915
  outer loop
   vertex -2.0000 1.9500 -1.5000
   vertex -1.9719 1.9823 -1.4861
   vertex -1.9550 1.9500 -1.5000
  endloop
 endfacet
 facet normal -0.90097 -0.39880 0.17092
  outer loop
   vertex -2.0450 2.1000 -1.5000
   vertex -2.0281 2.0677 -1.4861
   vertex -2.0281 2.3677 -0.7861
  endloop
 endfacet
 facet normal -0.90097 -0.39880 0.17092
  outer loop
   vertex -2.0450 2.1000 -1.5000
   vertex -2.0281 2.3677 -0.7861
   vertex -2.0450 2.4000 -0.8000
  endloop
 endfacet
 facet normal 0.00000 -0.39392 -0.91915
  outer loop
   vertex -2.0000 2.1000 -1.5000
   vertex -2.0281 2.0677 -1.4861
   vertex -2.0450 2.1000 -1.5000
  endloop
 endfacet
 facet normal 0.00000 0.39392 0.91915
  outer loop
   vertex -2.0000 2.4000 -0.8000
   vertex -2.0450 2.4000 -0.8000
   vertex -2.0281 2.3677 -0.7861
  endloop
 endfacet
 facet normal -0.22252 -0.89610 0.38404
  outer loop
   vertex -2.0281 2.0677 -1.4861
   vertex -1.9900 2.0597 -1.4827
   vertex -1.9900 2.3597 -0.7827
  endloop
 endfacet
 facet normal -0.22252 -0.89610 0.38404
  outer loop
   vertex -2.0281 2.0677 -1.4861
   vertex -1.9900 2.3597 -0.7827
   vertex -2.0281 2.3677 -0.7861
  endloop
 endfacet
 facet normal -0.00000 -0.39392 -0.91915
  outer loop
   vertex -2.0000 2.1000 -1.5000
   vertex -1.9900 2.0597 -1.4827
   vertex -2.0281 2.0677 -1.4861
  endloop
 endfacet
 facet normal 0.00000 0.39392 0.91915
  outer loop
   vertex -2.0000 2.4000 -0.8000
   vertex -2.0281 2.3677 -0.7861
   vertex -1.9900 2.3597 -0.7827
  endloop
 endfacet
 facet normal 0.62349 -0.71862 0.30798
  outer loop
   vertex -1.9900 2.0597 -1.4827
   vertex -1.9595 2.0821 -1.4923
   vertex -1.9595 2.3821 -0.7923
  endloop
 endfacet
 facet normal 0.62349 -0.71862 0.30798
  outer loop
   vertex -1.9900 2.0597 -1.4827
   vertex -1.9595 2.3821 -0.7923
   vertex -1.9900 2.3597 -0.7827
  endloop
 endfacet
 facet normal -0.00000 -0.39392 -0.91915
  outer loop
   vertex -2.0000 2.1000 -1.5000
   vertex -1.9595 2.0821 -1.4923
   vertex -1.9900 2.0597 -1.4827
  endloop
 endfacet
 facet normal 0.00000 0.39392 0.91915
  outer loop
   vertex -2.0000 2.4000 -0.8000
   vertex -1.9900 2.3597 -0.7827
   vertex -1.9595 2.3821 -0.7923
  endloop
 endfacet
 facet normal 1.00000 0.00000 0.00000
  outer loop
   vertex -1.9595 2.0821 -1.4923
   vertex -1.9595 2.1179 -1.5077
   vertex -1.9595 2.4179 -0.8077
  endloop
 endfacet
 facet normal 1.00000 0.00000 0.00000
  outer loop
   vertex -1.9595 2.0821 -1.4923
   vertex -1.9595 2.4179 -0.8077
   vertex -1.9595 2.3821 -0.7923
  endloop
 endfacet
 facet normal 0.00000 -0.39392 -0.91915
  outer loop
   vertex -2.0000 2.1000 -1.5000
   vertex -1.9595 2.1179 -1.5077
   vertex -1.9595 2.0821 -1.4923
  endloop
 endfacet
 facet normal 0.00000 0.39392 0.91915
  outer loop
   vertex -2.0000 2.4000 -0.8000
   vertex -1.9595 2.3821 -0.7923
   vertex -1.9595 2.4179 -0.8077
  endloop
 endfacet
 facet normal 0.62349 0.71862 -0.30798
  outer loop
   vertex -1.9595 2.1179 -1.5077
   vertex -1.9900 2.1403 -1.5173
   vertex -1.9900 2.4403 -0.8173
  endloop
 endfacet
 facet normal 0.62349 0.71862 -0.30798
  outer loop
   vertex -1.9595 2.1179 -1.5077
   vertex -1.9900 2.4403 -0.8173
   vertex -1.9595 2.4179 -0.8077
  endloop
 endfacet
 facet normal 0.00000 -0.39392 -0.91915
  outer loop
   vertex -2.0000 2.1000 -1.5000
   vertex -1.9900 2.1403 -1.5173
   vertex -1.9595 2.1179 -1.5077
  endloop
 endfacet
 facet normal -0.00000 0.39392 0.91915
  outer loop
   vertex -2.0000 2.4000 -0.8000
   vertex -1.9595 2.4179 -0.8077
   vertex -1.9900 2.4403 -0.8173
  endloop
 endfacet
 facet normal -0.22252 0.89610 -0.38404
  outer loop
   vertex -1.9900 2.1403 -1.5173
   vertex -2.0281 2.1323 -1.5139
   vertex -2.0281 2.4323 -0.8139
  endloop
 endfacet
 facet normal -0.22252 0.89610 -0.38404
  outer loop
   vertex -1.9900 2.1403 -1.5173
   vertex -2.0281 2.4323 -0.8139
   vertex -1.9900 2.4403 -0.8173
  endloop
 endfacet
 facet normal 0.00000 -0.39392 -0.91915
  outer loop
   vertex -2.0000 2.1000 -1.5000
   vertex -2.0281 2.1323 -1.5139
   vertex -1.9900 2.1403 -1.5173
  endloop
 endfacet
 facet normal -0.00000 0.39392 0.91915
  outer loop
   vertex -2.0000 2.4000 -0.8000
   vertex -1.9900 2.4403 -0.8173
   vertex -2.0281 2.4323 -0.8139
  endloop
 endfacet
 facet normal -0.90097 0.39880 -0.17092
  outer loop
   vertex -2.0281 2.1323 -1.5139
   vertex -2.0450 2.1000 -1.5000
   vertex -2.0450 2.4000 -0.8000
  endloop
 endfacet
 facet normal -0.90097 0.39880 -0.17092
  outer loop
   vertex -2.0281 2.1323 -1.5139
   vertex -2.0450 2.4000 -0.8000
   vertex -2.0281 2.4323 -0.8139
  endloop
 endfacet
 facet normal 0.00000 -0.39392 -0.91915
  outer loop
   vertex -2.0000 2.1000 -1.5000
   vertex -2.0450 2.1000 -1.5000
   vertex -2.0281 2.1323 -1.5139
  endloop
 endfacet
 facet normal 0.00000 0.39392 0.91915
  outer loop
   vertex -2.0000 2.4000 -0.8000
   vertex -2.0281 2.4323 -0.8139
   vertex -2.0450 2.4000 -0.8000
  endloop
 endfacet
 facet normal 0.90097 -0.39880 -0.17092
  outer loop
   vertex -1.9550 2.1000 -0.8000
   vertex -1.9719 2.0677 -0.8139
   vertex -1.9719 2.3677 -1.5139
  endloop
 endfacet
 facet normal 0.90097 -0.39880 -0.17092
  outer loop
   vertex -1.9550 2.1000 -0.8000
   vertex -1.9719 2.3677 -1.5139
   vertex -1.9550 2.4000 -1.5000
  endloop
 endfacet
 facet normal 0.00000 -0.39392 0.91915
  outer loop
   vertex -2.0000 2.1000 -0.8000
   vertex -1.9719 2.0677 -0.8139
   vertex -1.9550 2.1000 -0.8000
  endloop
 endfacet
 facet normal 0.00000 0.39392 -0.91915
  outer loop
   vertex -2.0000 2.4000 -1.5000
   vertex -1.9550 2.4000 -1.5000
   vertex -1.9719 2.3677 -1.5139
  endloop
 endfacet
 facet normal 0.22252 -0.89610 -0.38404
  outer loop
   vertex -1.9719 2.0677 -0.8139
   vertex -2.0100 2.0597 -0.8173
   vertex -2.0100 2.3597 -1.5173
  endloop
 endfacet
 facet normal 0.22252 -0.89610 -0.38404
  outer loop
   vertex -1.9719 2.0677 -0.8139
   vertex -2.0100 2.3597 -1.5173
   vertex -1.9719 2.3677 -1.5139
  endloop
 endfacet
 facet normal 0.00000 -0.39392 0.91915
  outer loop
   vertex -2.0000 2.1000 -0.8000
   vertex -2.0100 2.0597 -0.8173
   vertex -1.9719 2.0677 -0.8139
  endloop
 endfacet
 facet normal -0.00000 0.39392 -0.91915
  outer loop
   vertex -2.0000 2.4000 -1.5000
   vertex -1.9719 2.3677 -1.5139
   vertex -2.0100 2.3597 -1.5173
  endloop
 endfacet
 facet normal -0.62349 -0.71862 -0.30798
  outer loop
   vertex -2.0100 2.0597 -0.8173
   vertex -2.0405 2.0821 -0.8077
   vertex -2.0405 2.3821 -1.5077
  endloop
 endfacet
 facet normal -0.62349 -0.71862 -0.30798
  outer loop
   vertex -2.0100 2.0597 -0.8173
   vertex -2.0405 2.3821 -1.5077
   vertex -2.0100 2.3597 -1.5173
  endloop
 endfacet
 facet normal 0.00000 -0.39392 0.91915
  outer loop
   vertex -2.0000 2.1000 -0.8000
   vertex -2.0405 2.0821 -0.8077
   vertex -2.0100 2.0597 -0.8173
  endloop
 endfacet
 facet normal -0.00000 0.39392 -0.91915
  outer loop
   vertex -2.0000 2.4000 -1.5000
   vertex -2.0100 2.3597 -1.5173
   vertex -2.0405 2.3821 -1.5077
  endloop
 endfacet
 facet normal -1.00000 0.00000 0.00000
  outer loop
   vertex -2.0405 2.0821 -0.8077
   vertex -2.0405 2.1179 -0.7923
   vertex -2.0405 2.4179 -1.4923
  endloop
 endfacet
 facet normal -1.00000 0.00000 0.00000
  outer loop
   vertex -2.0405 2.0821 -0.8077
   vertex -2.0405 2.4179 -1.4923
   vertex -2.0405 2.3821 -1.5077
  endloop
 endfacet
 facet normal 0.00000 -0.39392 0.91915
  outer loop
   vertex -2.0000 2.1000 -0.8000
   vertex -2.0405 2.1179 -0.7923
   vertex -2.0405 2.0821 -0.8077
  endloop
 endfacet
 facet normal 0.00000 0.39392 -0.91915
  outer loop
   vertex -2.0000 2.4000 -1.5000
   vertex -2.0405 2.3821 -1.5077
   vertex -2.0405 2.4179 -1.4923
  endloop
 endfacet
 facet normal -0.62349 0.71862 0.30798
  outer loop
   vertex -2.0405 2.1179 -0.7923
   vertex -2.0100 2.1403 -0.7827
   vertex -2.0100 2.4403 -1.4827
  endloop
 endfacet
 facet normal -0.62349 0.71862 0.30798
  outer loop
   vertex -2.0405 2.1179 -0.7923
   vertex -2.0100 2.4403 -1.4827
   vertex -2.0405 2.4179 -1.4923
  endloop
 endfacet
 facet normal -0.00000 -0.39392 0.91915
  outer loop
   vertex -2.0000 2.1000 -0.8000
   vertex -2.0100 2.1403 -0.7827
   vertex -2.0405 2.1179 -0.7923
  endloop
 endfacet
 facet normal 0.00000 0.39392 -0.91915
  outer loop
   vertex -2.0000 2.4000 -1.5000
   vertex -2.0405 2.4179 -1.4923
   vertex -2.0100 2.4403 -1.4827
  endloop
 endfacet
 facet normal 0.22252 0.89610 0.38404
  outer loop
   vertex -2.0100 2.1403 -0.7827
   vertex -1.9719 2.1323 -0.7861
   vertex -1.9719 2.4323 -1.4861
  endloop
 endfacet
 facet normal 0.22252 0.89610 0.38404
  outer loop
   vertex -2.0100 2.1403 -0.7827
   vertex -1.9719 2.4323 -1.4861
   vertex -2.0100 2.4403 -1.4827
  endloop
 endfacet
 facet normal -0.00000 -0.39392 0.91915
  outer loop
   vertex -2.0000 2.1000 -0.8000
   vertex -1.9719 2.1323 -0.7861
   vertex -2.0100 2.1403 -0.7827
  endloop
 endfacet
 facet normal 0.00000 0.39392 -0.91915
  outer loop
   vertex -2.0000 2.4000 -1.5000
   vertex -2.0100 2.4403 -1.4827
   vertex -1.9719 2.4323 -1.4861
  endloop
 endfacet
 facet normal 0.90097 0.39880 0.17092
  outer loop
   vertex -1.9719 2.1323 -0.7861
   vertex -1.9550 2.1000 -0.8000
   vertex -1.9550 2.4000 -1.5000
  endloop
 endfacet
 facet normal 0.90097 0.39880 0.17092
  outer loop
   vertex -1.9719 2.1323 -0.7861
   vertex -1.9550 2.4000 -1.5000
   vertex -1.9719 2.4323 -1.4861
  endloop
 endfacet
 facet normal 0.00000 -0.39392 0.91915
  outer loop
   vertex -2.0000 2.1000 -0.8000
   vertex -1.9550 2.1000 -0.8000
   vertex -1.9719 2.1323 -0.7861
  endloop
 endfacet
 facet normal 0.00000 0.39392 -0.91915
  outer loop
   vertex -2.0000 2.4000 -1.5000
   vertex -1.9719 2.4323 -1.4861
   vertex -1.9550 2.4000 -1.5000
  endloop
 endfacet
 facet normal -0.90097 -0.39880 0.17092
  outer loop
   vertex -2.0450 2.5500 -1.5000
   vertex -2.0281 2.5177 -1.4861
   vertex -2.0281 2.8177 -0.7861
  endloop
 endfacet
 facet normal -0.90097 -0.39880 0.17092
  outer loop
   vertex -2.0450 2.5500 -1.5000
   vertex -2.0281 2.8177 -0.7861
   vertex -2.0450 2.8500 -0.8000
  endloop
 endfacet
 facet normal 0.00000 -0.39392 -0.91915
  outer loop
   vertex -2.0000 2.5500 -1.5000
   vertex -2.0281 2.5177 -1.4861
   vertex -2.0450 2.5500 -1.5000
  endloop
 endfacet
 facet normal 0.00000 0.39392 0.91915
  outer loop
   vertex -2.0000 2.8500 -0.8000
   vertex -2.0450 2.8500 -0.8000
   vertex -2.0281 2.8177 -0.7861
  endloop
 endfacet
 facet normal -0.22252 -0.89610 0.38404
  outer loop
   vertex -2.0281 2.5177 -1.4861
   vertex -1.9900 2.5097 -1.4827
   vertex -1.9900 2.8097 -0.7827
  endloop
 endfacet
 facet normal -0.22252 -0.89610 0.38404
  outer loop
   vertex -2.0281 2.5177 -1.4861
   vertex -1.9900 2.8097 -0.7827
   vertex -2.0281 2.8177 -0.7861
  endloop
 endfacet
 facet normal -0.00000 -0.39392 -0.91915
  outer loop
   vertex -2.0000 2.5500 -1.5000
   vertex -1.9900 2.5097 -1.4827
   vertex -2.0281 2.5177 -1.4861
  endloop
 endfacet
 facet normal 0.00000 0.39392 0.91915
  outer loop
   vertex -2.0000 2.8500 -0.8000
   vertex -2.0281 2.8177 -0.7861
   vertex -1.9900 2.8097 -0.7827
  endloop
 endfacet
 facet normal 0.62349 -0.71862 0.30798
  outer loop
   vertex -1.9900 2.5097 -1.4827
   vertex -1.9595 2.5321 -1.4923
   vertex -1.9595 2.8321 -0.7923
  endloop
 endfacet
 facet normal 0.62349 -0.71862 0.30798
  outer loop
   vertex -1.9900 2.5097 -1.4827
   vertex -1.9595 2.8321 -0.7923
   vertex -1.9900 2.8097 -0.7827
  endloop
 endfacet
 facet normal -0.00000 -0.39392 -0.91915
  outer loop
   vertex -2.0000 2.5500 -1.5000
   vertex -1.9595 2.5321 -1.4923
   vertex -1.9900 2.5097 -1.4827
  endloop
 endfacet
 facet normal 0.00000 0.39392 0.91915
  outer loop
   vertex -2.0000 2.8500 -0.8000
   vertex -1.9900 2.8097 -0.7827
   vertex -1.9595 2.8321 -0.7923
  endloop
 endfacet
 facet normal 1.00000 0.00000 0.00000
  outer loop
   vertex -1.9595 2.5321 -1.4923
   vertex -1.9595 2.5679 -1.5077
   vertex -1.9595 2.8679 -0.8077
  endloop
 endfacet
 facet normal 1.00000 0.00000 0.00000
  outer loop
   vertex -1.9595 2.5321 -1.4923
   vertex -1.9595 2.8679 -0.8077
   vertex -1.9595 2.8321 -0.7923
  endloop
 endfacet
 facet normal 0.00000 -0.39392 -0.91915
  outer loop
   vertex -2.0000 2.5500 -1.5000
   vertex -1.9595 2.5679 -1.5077
   vertex -1.9595 2.5321 -1.4923
  endloop
 endfacet
 facet normal 0.00000 0.39392 0.91915
  outer loop
   vertex -2.0000 2.8500 -0.8000
   vertex -1.9595 2.8321 -0.7923
   vertex -1.9595 2.8679 -0.8077
  endloop
 endfacet
 facet normal 0.62349 0.71862 -0.30798
  outer loop
   vertex -1.9595 2.5679 -1.5077
   vertex -1.9900 2.5903 -1.5173
   vertex -1.9900 2.8903 -0.8173
  endloop
 endfacet
 facet normal 0.62349 0.71862 -0.30798
  outer loop
   vertex -1.9595 2.5679 -1.5077
   vertex -1.9900 2.8903 -0.8173
   vertex -1.9595 2.8679 -0.8077
  endloop
 endfacet
 facet normal 0.00000 -0.39392 -0.91915
  outer loop
   vertex -2.0000 2.5500 -1.5000
   vertex -1.9900 2.5903 -1.5173
   vertex -1.9595 2.5679 -1.5077
  endloop
 endfacet
 facet normal -0.00000 0.39392 0.91915
  outer loop
   vertex -2.0000 2.8500 -0.8000
   vertex -1.9595 2.8679 -0.8077
   vertex -1.9900 2.8903 -0.8173
  endloop
 endfacet
 facet normal -0.22252 0.89610 -0.38404
  outer loop
   vertex -1.9900 2.5903 -1.5173
   vertex -2.0281 2.5823 -1.5139
   vertex -2.0281 2.8823 -0.8139
  endloop
 endfacet
 facet normal -0.22252 0.89610 -0.38404
  outer loop
   vertex -1.9900 2.5903 -1.5173
   vertex -2.0281 2.8823 -0.8139
   vertex -1.9900 2.8903 -0.8173
  endloop
 endfacet
 facet normal 0.00000 -0.39392 -0.91915
  outer loop
   vertex -2.0000 2.5500 -1.5000
   vertex -2.0281 2.5823 -1.5139
   vertex -1.9900 2.5903 -1.5173
  endloop
 endfacet
 facet normal -0.00000 0.39392 0.91915
  outer loop
   vertex -2.0000 2.8500 -0.8000
   vertex -1.9900 2.8903 -0.8173
   vertex -2.0281 2.8823 -0.8139
  endloop
 endfacet
 facet normal -0.90097 0.39880 -0.17092
  outer loop
   vertex -2.0281 2.5823 -1.5139
   vertex -2.0450 2.5500 -1.5000
   vertex -2.0450 2.8500 -0.8000
  endloop
 endfacet
 facet normal -0.90097 0.39880 -0.17092
  outer loop
   vertex -2.0281 2.5823 -1.5139
   vertex -2.0450 2.8500 -0.8000
   vertex -2.0281 2.8823 -0.8139
  endloop
 endfacet
 facet normal 0.00000 -0.39392 -0.91915
  outer loop
   vertex -2.0000 2.5500 -1.5000
   vertex -2.0450 2.5500 -1.5000
   vertex -2.0281 2.5823 -1.5139
  endloop
 endfacet
 facet normal 0.00000 0.39392 0.91915
  outer loop
   vertex -2.0000 2.8500 -0.8000
   vertex -2.0281 2.8823 -0.8139
   vertex -2.0450 2.8500 -0.8000
  endloop
 endfacet
 facet normal 0.90097 -0.39880 -0.17092
  outer loop
   vertex -1.9550 2.5500 -0.8000
   vertex -1.9719 2.5177 -0.8139
   vertex -1.9719 2.8177 -1.5139
  endloop
 endfacet
 facet normal 0.90097 -0.39880 -0.17092
  outer loop
   vertex -1.9550 2.5500 -0.8000
   vertex -1.9719 2.8177 -1.5139
   vertex -1.9550 2.8500 -1.5000
  endloop
 endfacet
 facet normal 0.00000 -0.39392 0.91915
  outer loop
   vertex -2.0000 2.5500 -0.8000
   vertex -1.9719 2.5177 -0.8139
   vertex -1.9550 2.5500 -0.8000
  endloop
 endfacet
 facet normal 0.00000 0.39392 -0.91915
  outer loop
   vertex -2.0000 2.8500 -1.5000
   vertex -1.9550 2.8500 -1.5000
   vertex -1.9719 2.8177 -1.5139
  endloop
 endfacet
 facet normal 0.22252 -0.89610 -0.38404
  outer loop
   vertex -1.9719 2.5177 -0.8139
   vertex -2.0100 2.5097 -0.8173
   vertex -2.0100 2.8097 -1.5173
  endloop
 endfacet
 facet normal 0.22252 -0.89610 -0.38404
  outer loop
   vertex -1.9719 2.5177 -0.8139
   vertex -2.0100 2.8097 -1.5173
   vertex -1.9719 2.8177 -1.5139
  endloop
 endfacet
 facet normal 0.00000 -0.39392 0.91915
  outer loop
   vertex -2.0000 2.5500 -0.8000
   vertex -2.0100 2.5097 -0.8173
   vertex -1.9719 2.5177 -0.8139
  endloop
 endfacet
 facet normal -0.00000 0.39392 -0.91915
  outer loop
   vertex -2.0000 2.8500 -1.5000
   vertex -1.9719 2.8177 -1.5139
   vertex -2.0100 2.8097 -1.5173
  endloop
 endfacet
 facet normal -0.62349 -0.71862 -0.30798
  outer loop
   vertex -2.0100 2.5097 -0.8173
   vertex -2.0405 2.5321 -0.8077
   vertex -2.0405 2.8321 -1.5077
  endloop
 endfacet
 facet normal -0.62349 -0.71862 -0.30798
  outer loop
   vertex -2.0100 2.5097 -0.8173
   vertex -2.0405 2.8321 -1.5077
   vertex -2.0100 2.8097 -1.5173
  endloop
 endfacet
 facet normal 0.00000 -0.39392 0.91915
  outer loop
   vertex -2.0000 2.5500 -0.8000
   vertex -2.0405 2.5321 -0.8077
   vertex -2.0100 2.5097 -0.8173
  endloop
 endfacet
 facet normal -0.00000 0.39392 -0.91915
  outer loop
   vertex -2.0000 2.8500 -1.5000
   vertex -2.0100 2.8097 -1.5173
   vertex -2.0405 2.8321 -1.5077
  endloop
 endfacet
 facet normal -1.00000 0.00000 0.00000
  outer loop
   vertex -2.0405 2.5321 -0.8077
   vertex -2.0405 2.5679 -0.7923
   vertex -2.0405 2.8679 -1.4923
  endloop
 endfacet
 facet normal -1.00000 0.00000 0.00000
  outer loop
   vertex -2.0405 2.5321 -0.8077
   vertex -2.0405 2.8679 -1.4923
   vertex -2.0405 2.8321 -1.5077
  endloop
 endfacet
 facet normal 0.00000 -0.39392 0.91915
  outer loop
   vertex -2.0000 2.5500 -0.8000
   vertex -2.0405 2.5679 -0.7923
   vertex -2.0405 2.5321 -0.8077
  endloop
 endfacet
 facet normal 0.00000 0.39392 -0.91915
  outer loop
   vertex -2.0000 2.8500 -1.5000
   vertex -2.0405 2.8321 -1.5077
   vertex -2.0405 2.8679 -1.4923
  endloop
 endfacet
 facet normal -0.62349 0.71862 0.30798
  outer loop
   vertex -2.0405 2.5679 -0.7923
   vertex -2.0100 2.5903 -0.7827
   vertex -2.0100 2.8903 -1.4827
  endloop
 endfacet
 facet normal -0.62349 0.71862 0.30798
  outer loop
   vertex -2.0405 2.5679 -0.7923
   vertex -2.0100 2.8903 -1.4827
   vertex -2.0405 2.8679 -1.4923
  endloop
 endfacet
 facet normal -0.00000 -0.39392 0.91915
  outer loop
   vertex -2.0000 2.5500 -0.8000
   vertex -2.0100 2.5903 -0.7827
   vertex -2.0405 2.5679 -0.7923
  endloop
 endfacet
 facet normal 0.00000 0.39392 -0.91915
  outer loop
   vertex -2.0000 2.8500 -1.5000
   vertex -2.0405 2.8679 -1.4923
   vertex -2.0100 2.8903 -1.4827
  endloop
 endfacet
 facet normal 0.22252 0.89610 0.38404
  outer loop
   vertex -2.0100 2.5903 -0.7827
   vertex -1.9719 2.5823 -0.7861
   vertex -1.9719 2.8823 -1.4861
  endloop
 endfacet
 facet normal 0.22252 0.89610 0.38404
  outer loop
   vertex -2.0100 2.5903 -0.7827
   vertex -1.9719 2.8823 -1.4861
   vertex -2.0100 2.8903 -1.4827
  endloop
 endfacet
 facet normal -0.00000 -0.39392 0.91915
  outer loop
   vertex -2.0000 2.5500 -0.8000
   vertex -1.9719 2.5823 -0.7861
   vertex -2.0100 2.5903 -0.7827
  endloop
 endfacet
 facet normal 0.00000 0.39392 -0.91915
  outer loop
   vertex -2.0000 2.8500 -1.5000
   vertex -2.0100 2.8903 -1.4827
   vertex -1.9719 2.8823 -1.4861
  endloop
 endfacet
 facet normal 0.90097 0.39880 0.17092
  outer loop
   vertex -1.9719 2.5823 -0.7861
   vertex -1.9550 2.5500 -0.8000
   vertex -1.9550 2.8500 -1.5000
  endloop
 endfacet
 facet normal 0.90097 0.39880 0.17092
  outer loop
   vertex -1.9719 2.5823 -0.7861
   vertex -1.9550 2.8500 -1.5000
   vertex -1.9719 2.8823 -1.4861
  endloop
 endfacet
 facet normal 0.00000 -0.39392 0.91915
  outer loop
   vertex -2.0000 2.5500 -0.8000
   vertex -1.9550 2.5500 -0.8000
   vertex -1.9719 2.5823 -0.7861
  endloop
 endfacet
 facet normal 0.00000 0.39392 -0.91915
  outer loop
   vertex -2.0000 2.8500 -1.5000
   vertex -1.9719 2.8823 -1.4861
   vertex -1.9550 2.8500 -1.5000
  endloop
 endfacet
 facet normal -0.90097 -0.39880 0.17092
  outer loop
   vertex -2.0450 3.0000 -1.5000
   vertex -2.0281 2.9677 -1.4861
   vertex -2.0281 3.2677 -0.7861
  endloop
 endfacet
 facet normal -0.90097 -0.39880 0.17092
  outer loop
   vertex -2.0450 3.0000 -1.5000
   vertex -2.0281 3.2677 -0.7861
   vertex -2.0450 3.3000 -0.8000
  endloop
 endfacet
 facet normal 0.00000 -0.39392 -0.91915
  outer loop
   vertex -2.0000 3.0000 -1.5000
   vertex -2.0281 2.9677 -1.4861
   vertex -2.0450 3.0000 -1.5000
  endloop
 endfacet
 facet normal 0.00000 0.39392 0.91915
  outer loop
   vertex -2.0000 3.3000 -0.8000
   vertex -2.0450 3.3000 -0.8000
   vertex -2.0281 3.2677 -0.7861
  endloop
 endfacet
 facet normal -0.22252 -0.89610 0.38404
  outer loop
   vertex -2.0281 2.9677 -1.4861
   vertex -1.9900 2.9597 -1.4827
   vertex -1.9900 3.2597 -0.7827
  endloop
 endfacet
 facet normal -0.22252 -0.89610 0.38404
  outer loop
   vertex -2.0281 2.9677 -1.4861
   vertex -1.9900 3.2597 -0.7827
   vertex -2.0281 3.2677 -0.7861
  endloop
 endfacet
 facet normal -0.00000 -0.39392 -0.91915
  outer loop
   vertex -2.0000 3.0000 -1.5000
   vertex -1.9900 2.9597 -1.4827
   vertex -2.0281 2.9677 -1.4861
  endloop
 endfacet
 facet normal 0.00000 0.39392 0.91915
  outer loop
   vertex -2.0000 3.3000 -0.8000
   vertex -2.0281 3.2677 -0.7861
   vertex -1.9900 3.2597 -0.7827
  endloop
 endfacet
 facet normal 0.62349 -0.71862 0.30798
  outer loop
   vertex -1.9900 2.9597 -1.4827
   vertex -1.9595 2.9821 -1.4923
   vertex -1.9595 3.2821 -0.7923
  endloop
 endfacet
 facet normal 0.62349 -0.71862 0.30798
  outer loop
   vertex -1.9900 2.9597 -1.4827
   vertex -1.9595 3.2821 -0.7923
   vertex -1.9900 3.2597 -0.7827
  endloop
 endfacet
 facet normal -0.00000 -0.39392 -0.91915
  outer loop
   vertex -2.0000 3.0000 -1.5000
   vertex -1.9595 2.9821 -1.4923
   vertex -1.9900 2.9597 -1.4827
  endloop
 endfacet
 facet normal 0.00000 0.39392 0.91915
  outer loop
   vertex -2.0000 3.3000 -0.8000
   vertex -1.9900 3.2597 -0.7827
   vertex -1.9595 3.2821 -0.7923
  endloop
 endfacet
 facet normal 1.00000 0.00000 0.00000
  outer loop
   vertex -1.9595 2.9821 -1.4923
   vertex -1.9595 3.0179 -1.5077
   vertex -1.9595 3.3179 -0.8077
  endloop
 endfacet
 facet normal 1.00000 0.00000 0.00000
  outer loop
   vertex -1.9595 2.9821 -1.4923
   vertex -1.9595 3.3179 -0.8077
   vertex -1.9595 3.2821 -0.7923
  endloop
 endfacet
 facet normal 0.00000 -0.39392 -0.91915
  outer loop
   vertex -2.0000 3.0000 -1.5000
   vertex -1.9595 3.0179 -1.5077
   vertex -1.9595 2.9821 -1.4923
  endloop
 endfacet
 facet normal 0.00000 0.39392 0.91915
  outer loop
   vertex -2.0000 3.3000 -0.8000
   vertex -1.9595 3.2821 -0.7923
   vertex -1.9595 3.3179 -0.8077
  endloop
 endfacet
 facet normal 0.62349 0.71862 -0.30798
  outer loop
   vertex -1.9595 3.0179 -1.5077
   vertex -1.9900 3.0403 -1.5173
   vertex -1.9900 3.3403 -0.8173
  endloop
 endfacet
 facet normal 0.62349 0.71862 -0.30798
  outer loop
   vertex -1.9595 3.0179 -1.5077
   vertex -1.9900 3.3403 -0.8173
   vertex -1.9595 3.3179 -0.8077
  endloop
 endfacet
 facet normal 0.00000 -0.39392 -0.91915
  outer loop
   vertex -2.0000 3.0000 -1.5000
   vertex -1.9900 3.0403 -1.5173
   vertex -1.9595 3.0179 -1.5077
  endloop
 endfacet
 facet normal -0.00000 0.39392 0.91915
  outer loop
   vertex -2.0000 3.3000 -0.8000
   vertex -1.9595 3.3179 -0.8077
   vertex -1.9900 3.3403 -0.8173
  endloop
 endfacet
 facet normal -0.22252 0.89610 -0.38404
  outer loop
   vertex -1.9900 3.0403 -1.5173
   vertex -2.0281 3.0323 -1.5139
   vertex -2.0281 3.3323 -0.8139
  endloop
 endfacet
 facet normal -0.22252 0.89610 -0.38404
  outer loop
   vertex -1.9900 3.0403 -1.5173
   vertex -2.0281 3.3323 -0.8139
   vertex -1.9900 3.3403 -0.8173
  endloop
 endfacet
 facet normal 0.00000 -0.39392 -0.91915
  outer loop
   vertex -2.0000 3.0000 -1.5000
   vertex -2.0281 3.0323 -1.5139
   vertex -1.9900 3.0403 -1.5173
  endloop
 endfacet
 facet normal -0.00000 0.39392 0.91915
  outer loop
   vertex -2.0000 3.3000 -0.8000
   vertex -1.9900 3.3403 -0.8173
   vertex -2.0281 3.3323 -0.8139
  endloop
 endfacet
 facet normal -0.90097 0.39880 -0.17092
  outer loop
   vertex -2.0281 3.0323 -1.5139
   vertex -2.0450 3.0000 -1.5000
   vertex -2.0450 3.3000 -0.8000
  endloop
 endfacet
 facet normal -0.90097 0.39880 -0.17092
  outer loop
   vertex -2.0281 3.0323 -1.5139
   vertex -2.0450 3.3000 -0.8000
   vertex -2.0281 3.3323 -0.8139
  endloop
 endfacet
 facet normal 0.00000 -0.39392 -0.91915
  outer loop
   vertex -2.0000 3.0000 -1.5000
   vertex -2.0450 3.0000 -1.5000
   vertex -2.0281 3.0323 -1.5139
  endloop
 endfacet
 facet normal 0.00000 0.39392 0.91915
  outer loop
   vertex -2.0000 3.3000 -0.8000
   vertex -2.0281 3.3323 -0.8139
   vertex -2.0450 3.3000 -0.8000
  endloop
 endfacet
 facet normal 0.90097 -0.39880 -0.17092
  outer loop
   vertex -1.9550 3.0000 -0.8000
   vertex -1.9719 2.9677 -0.8139
   vertex -1.9719 3.2677 -1.5139
  endloop
 endfacet
 facet normal 0.90097 -0.39880 -0.17092
  outer loop
   vertex -1.9550 3.0000 -0.8000
   vertex -1.9719 3.2677 -1.5139
   vertex -1.9550 3.3000 -1.5000
  endloop
 endfacet
 facet normal 0.00000 -0.39392 0.91915
  outer loop
   vertex -2.0000 3.0000 -0.8000
   vertex -1.9719 2.9677 -0.8139
   vertex -1.9550 3.0000 -0.8000
  endloop
 endfacet
 facet normal 0.00000 0.39392 -0.91915
  outer loop
   vertex -2.0000 3.3000 -1.5000
   vertex -1.9550 3.3000 -1.5000
   vertex -1.9719 3.2677 -1.5139
  endloop
 endfacet
 facet normal 0.22252 -0.89610 -0.38404
  outer loop
   vertex -1.9719 2.9677 -0.8139
   vertex -2.0100 2.9597 -0.8173
   vertex -2.0100 3.2597 -1.5173
  endloop
 endfacet
 facet normal 0.22252 -0.89610 -0.38404
  outer loop
   vertex -1.9719 2.9677 -0.8139
   vertex -2.0100 3.2597 -1.5173
   vertex -1.9719 3.2677 -1.5139
  endloop
 endfacet
 facet normal 0.00000 -0.39392 0.91915
  outer loop
   vertex -2.0000 3.0000 -0.8000
   vertex -2.0100 2.9597 -0.8173
   vertex -1.9719 2.9677 -0.8139
  endloop
 endfacet
 facet normal -0.00000 0.39392 -0.91915
  outer loop
   vertex -2.0000 3.3000 -1.5000
   vertex -1.9719 3.2677 -1.5139
   vertex -2.0100 3.2597 -1.5173
  endloop
 endfacet
 facet normal -0.62349 -0.71862 -0.30798
  outer loop
   vertex -2.0100 2.9597 -0.8173
   vertex -2.0405 2.9821 -0.8077
   vertex -2.0405 3.2821 -1.5077
  endloop
 endfacet
 facet normal -0.62349 -0.71862 -0.30798
  outer loop
   vertex -2.0100 2.9597 -0.8173
   vertex -2.0405 3.2821 -1.5077
   vertex -2.0100 3.2597 -1.5173
  endloop
 endfacet
 facet normal 0.00000 -0.39392 0.91915
  outer loop
   vertex -2.0000 3.0000 -0.8000
   vertex -2.0405 2.9821 -0.8077
   vertex -2.0100 2.9597 -0.8173
  endloop
 endfacet
 facet normal -0.00000 0.39392 -0.91915
  outer loop
   vertex -2.0000 3.3000 -1.5000
   vertex -2.0100 3.2597 -1.5173
   vertex -2.0405 3.2821 -1.5077
  endloop
 endfacet
 facet normal -1.00000 0.00000 0.00000
  outer loop
   vertex -2.0405 2.9821 -0.8077
   vertex -2.0405 3.0179 -0.7923
   vertex -2.0405 3.3179 -1.4923
  endloop
 endfacet
 facet normal -1.00000 0.00000 0.00000
  outer loop
   vertex -2.0405 2.9821 -0.8077
   vertex -2.0405 3.3179 -1.4923
   vertex -2.0405 3.2821 -1.5077
  endloop
 endfacet
 facet normal 0.00000 -0.39392 0.91915
  outer loop
   vertex -2.0000 3.0000 -0.8000
   vertex -2.0405 3.0179 -0.7923
   vertex -2.0405 2.9821 -0.8077
  endloop
 endfacet
 facet normal 0.00000 0.39392 -0.91915
  outer loop
   vertex -2.0000 3.3000 -1.5000
   vertex -2.0405 3.2821 -1.5077
   vertex -2.0405 3.3179 -1.4923
  endloop
 endfacet
 facet normal -0.62349 0.71862 0.30798
  outer loop
   vertex -2.0405 3.0179 -0.7923
   vertex -2.0100 3.0403 -0.7827
   vertex -2.0100 3.3403 -1.4827
  endloop
 endfacet
 facet normal -0.62349 0.71862 0.30798
  outer loop
   vertex -2.0405 3.0179 -0.7923
   vertex -2.0100 3.3403 -1.4827
   vertex -2.0405 3.3179 -1.4923
  endloop
 endfacet
 facet normal -0.00000 -0.39392 0.91915
  outer loop
   vertex -2.0000 3.0000 -0.8000
   vertex -2.0100 3.0403 -0.7827
   vertex -2.0405 3.0179 -0.7923
  endloop
 endfacet
 facet normal 0.00000 0.39392 -0.91915
  outer loop
   vertex -2.0000 3.3000 -1.5000
   vertex -2.0405 3.3179 -1.4923
   vertex -2.0100 3.3403 -1.4827
  endloop
 endfacet
 facet normal 0.22252 0.89610 0.38404
  outer loop
   vertex -2.0100 3.0403 -0.7827
   vertex -1.9719 3.0323 -0.7861
   vertex -1.9719 3.3323 -1.4861
  endloop
 endfacet
 facet normal 0.22252 0.89610 0.38404
  outer loop
   vertex -2.0100 3.0403 -0.7827
   vertex -1.9719 3.3323 -1.4861
   vertex -2.0100 3.3403 -1.4827
  endloop
 endfacet
 facet normal -0.00000 -0.39392 0.91915
  outer loop
   vertex -2.0000 3.0000 -0.8000
   vertex -1.9719 3.0323 -0.7861
   vertex -2.0100 3.0403 -0.7827
  endloop
 endfacet
 facet normal 0.00000 0.39392 -0.91915
  outer loop
   vertex -2.0000 3.3000 -1.5000
   vertex -2.0100 3.3403 -1.4827
   vertex -1.9719 3.3323 -1.4861
  endloop
 endfacet
 facet normal 0.90097 0.39880 0.17092
  outer loop
   vertex -1.9719 3.0323 -0.7861
   vertex -1.9550 3.0000 -0.8000
   vertex -1.9550 3.3000 -1.5000
  endloop
 endfacet
 facet normal 0.90097 0.39880 0.17092
  outer loop
   vertex -1.9719 3.0323 -0.7861
   vertex -1.9550 3.3000 -1.5000
   vertex -1.9719 3.3323 -1.4861
  endloop
 endfacet
 facet normal 0.00000 -0.39392 0.91915
  outer loop
   vertex -2.0000 3.0000 -0.8000
   vertex -1.9550 3.0000 -0.8000
   vertex -1.9719 3.0323 -0.7861
  endloop
 endfacet
 facet normal 0.00000 0.39392 -0.91915
  outer loop
   vertex -2.0000 3.3000 -1.5000
   vertex -1.9719 3.3323 -1.4861
   vertex -1.9550 3.3000 -1.5000
  endloop
 endfacet
 facet normal -0.90097 -0.39880 0.17092
  outer loop
   vertex -2.0450 3.4500 -1.5000
   vertex -2.0281 3.4177 -1.4861
   vertex -2.0281 3.7177 -0.7861
  endloop
 endfacet
 facet normal -0.90097 -0.39880 0.17092
  outer loop
   vertex -2.0450 3.4500 -1.5000
   vertex -2.0281 3.7177 -0.7861
   vertex -2.0450 3.7500 -0.8000
  endloop
 endfacet
 facet normal 0.00000 -0.39392 -0.91915
  outer loop
   vertex -2.0000 3.4500 -1.5000
   vertex -2.0281 3.4177 -1.4861
   vertex -2.0450 3.4500 -1.5000
  endloop
 endfacet
 facet normal 0.00000 0.39392 0.91915
  outer loop
   vertex -2.0000 3.7500 -0.8000
   vertex -2.0450 3.7500 -0.8000
   vertex -2.0281 3.7177 -0.7861
  endloop
 endfacet
 facet normal -0.22252 -0.89610 0.38404
  outer loop
   vertex -2.0281 3.4177 -1.4861
   vertex -1.9900 3.4097 -1.4827
   vertex -1.9900 3.7097 -0.7827
  endloop
 endfacet
 facet normal -0.22252 -0.89610 0.38404
  outer loop
   vertex -2.0281 3.4177 -1.4861
   vertex -1.9900 3.7097 -0.7827
   vertex -2.0281 3.7177 -0.7861
  endloop
 endfacet
 facet normal -0.00000 -0.39392 -0.91915
  outer loop
   vertex -2.0000 3.4500 -1.5000
   vertex -1.9900 3.4097 -1.4827
   vertex -2.0281 3.4177 -1.4861
  endloop
 endfacet
 facet normal 0.00000 0.39392 0.91915
  outer loop
   vertex -2.0000 3.7500 -0.8000
   vertex -2.0281 3.7177 -0.7861
   vertex -1.9900 3.7097 -0.7827
  endloop
 endfacet
 facet normal 0.62349 -0.71862 0.30798
  outer loop
   vertex -1.9900 3.4097 -1.4827
   vertex -1.9595 3.4321 -1.4923
   vertex -1.9595 3.7321 -0.7923
  endloop
 endfacet
 facet normal 0.62349 -0.71862 0.30798
  outer loop
   vertex -1.9900 3.4097 -1.4827
   vertex -1.9595 3.7321 -0.7923
   vertex -1.9900 3.7097 -0.7827
  endloop
 endfacet
 facet normal -0.00000 -0.39392 -0.91915
  outer loop
   vertex -2.0000 3.4500 -1.5000
   vertex -1.9595 3.4321 -1.4923
   vertex -1.9900 3.4097 -1.4827
  endloop
 endfacet
 facet normal 0.00000 0.39392 0.91915
  outer loop
   vertex -2.0000 3.7500 -0.8000
   vertex -1.9900 3.7097 -0.7827
   vertex -1.9595 3.7321 -0.7923
  endloop
 endfacet
 facet normal 1.00000 0.00000 0.00000
  outer loop
   vertex -1.9595 3.4321 -1.4923
   vertex -1.9595 3.4679 -1.5077
   vertex -1.9595 3.7679 -0.8077
  endloop
 endfacet
 facet normal 1.00000 0.00000 0.00000
  outer loop
   vertex -1.9595 3.4321 -1.4923
   vertex -1.9595 3.7679 -0.8077
   vertex -1.9595 3.7321 -0.7923
  endloop
 endfacet
 facet normal 0.00000 -0.39392 -0.91915
  outer loop
   vertex -2.0000 3.4500 -1.5000
   vertex -1.9595 3.4679 -1.5077
   vertex -1.9595 3.4321 -1.4923
  endloop
 endfacet
 facet normal 0.00000 0.39392 0.91915
  outer loop
   vertex -2.0000 3.7500 -0.8000
   vertex -1.9595 3.7321 -0.7923
   vertex -1.9595 3.7679 -0.8077
  endloop
 endfacet
 facet normal 0.62349 0.71862 -0.30798
  outer loop
   vertex -1.9595 3.4679 -1.5077
   vertex -1.9900 3.4903 -1.5173
   vertex -1.9900 3.7903 -0.8173
  endloop
 endfacet
 facet normal 0.62349 0.71862 -0.30798
  outer loop
   vertex -1.9595 3.4679 -1.5077
   vertex -1.9900 3.7903 -0.8173
   vertex -1.9595 3.7679 -0.8077
  endloop
 endfacet
 facet normal 0.00000 -0.39392 -0.91915
  outer loop
   vertex -2.0000 3.4500 -1.5000
   vertex -1.9900 3.4903 -1.5173
   vertex -1.9595 3.4679 -1.5077
  endloop
 endfacet
 facet normal -0.00000 0.39392 0.91915
  outer loop
   vertex -2.0000 3.7500 -0.8000
   vertex -1.9595 3.7679 -0.8077
   vertex -1.9900 3.7903 -0.8173
  endloop
 endfacet
 facet normal -0.22252 0.89610 -0.38404
  outer loop
   vertex -1.9900 3.4903 -1.5173
   vertex -2.0281 3.4823 -1.5139
   vertex -2.0281 3.7823 -0.8139
  endloop
 endfacet
 facet normal -0.22252 0.89610 -0.38404
  outer loop
   vertex -1.9900 3.4903 -1.5173
   vertex -2.0281 3.7823 -0.8139
   vertex -1.9900 3.7903 -0.8173
  endloop
 endfacet
 facet normal 0.00000 -0.39392 -0.91915
  outer loop
   vertex -2.0000 3.4500 -1.5000
   vertex -2.0281 3.4823 -1.5139
   vertex -1.9900 3.4903 -1.5173
  endloop
 endfacet
 facet normal -0.00000 0.39392 0.91915
  outer loop
   vertex -2.0000 3.7500 -0.8000
   vertex -1.9900 3.7903 -0.8173
   vertex -2.0281 3.7823 -0.8139
  endloop
 endfacet
 facet normal -0.90097 0.39880 -0.17092
  outer loop
   vertex -2.0281 3.4823 -1.5139
   vertex -2.0450 3.4500 -1.5000
   vertex -2.0450 3.7500 -0.8000
  endloop
 endfacet
 facet normal -0.90097 0.39880 -0.17092
  outer loop
   vertex -2.0281 3.4823 -1.5139
   vertex -2.0450 3.7500 -0.8000
   vertex -2.0281 3.7823 -0.8139
  endloop
 endfacet
 facet normal 0.00000 -0.39392 -0.91915
  outer loop
   vertex -2.0000 3.4500 -1.5000
   vertex -2.0450 3.4500 -1.5000
   vertex -2.0281 3.4823 -1.5139
  endloop
 endfacet
 facet normal 0.00000 0.39392 0.91915
  outer loop
   vertex -2.0000 3.7500 -0.8000
   vertex -2.0281 3.7823 -0.8139
   vertex -2.0450 3.7500 -0.8000
  endloop
 endfacet
 facet normal 0.90097 -0.39880 -0.17092
  outer loop
   vertex -1.9550 3.4500 -0.8000
   vertex -1.9719 3.4177 -0.8139
   vertex -1.9719 3.7177 -1.5139
  endloop
 endfacet
 facet normal 0.90097 -0.39880 -0.17092
  outer loop
   vertex -1.9550 3.4500 -0.8000
   vertex -1.9719 3.7177 -1.5139
   vertex -1.9550 3.7500 -1.5000
  endloop
 endfacet
 facet normal 0.00000 -0.39392 0.91915
  outer loop
   vertex -2.0000 3.4500 -0.8000
   vertex -1.9719 3.4177 -0.8139
   vertex -1.9550 3.4500 -0.8000
  endloop
 endfacet
 facet normal 0.00000 0.39392 -0.91915
  outer loop
   vertex -2.0000 3.7500 -1.5000
   vertex -1.9550 3.7500 -1.5000
   vertex -1.9719 3.7177 -1.5139
  endloop
 endfacet
 facet normal 0.22252 -0.89610 -0.38404
  outer loop
   vertex -1.9719 3.4177 -0.8139
   vertex -2.0100 3.4097 -0.8173
   vertex -2.0100 3.7097 -1.5173
  endloop
 endfacet
 facet normal 0.22252 -0.89610 -0.38404
  outer loop
   vertex -1.9719 3.4177 -0.8139
   vertex -2.0100 3.7097 -1.5173
   vertex -1.9719 3.7177 -1.5139
  endloop
 endfacet
 facet normal 0.00000 -0.39392 0.91915
  outer loop
   vertex -2.0000 3.4500 -0.8000
   vertex -2.0100 3.4097 -0.8173
   vertex -1.9719 3.4177 -0.8139
  endloop
 endfacet
 facet normal -0.00000 0.39392 -0.91915
  outer loop
   vertex -2.0000 3.7500 -1.5000
   vertex -1.9719 3.7177 -1.5139
   vertex -2.0100 3.7097 -1.5173
  endloop
 endfacet
 facet normal -0.62349 -0.71862 -0.30798
  outer loop
   vertex -2.0100 3.4097 -0.8173
   vertex -2.0405 3.4321 -0.8077
   vertex -2.0405 3.7321 -1.5077
  endloop
 endfacet
 facet normal -0.62349 -0.71862 -0.30798
  outer loop
   vertex -2.0100 3.4097 -0.8173
   vertex -2.0405 3.7321 -1.5077
   vertex -2.0100 3.7097 -1.5173
  endloop
 endfacet
 facet normal 0.00000 -0.39392 0.91915
  outer loop
   vertex -2.0000 3.4500 -0.8000
   vertex -2.0405 3.4321 -0.8077
   vertex -2.0100 3.4097 -0.8173
  endloop
 endfacet
 facet normal -0.00000 0.39392 -0.91915
  outer loop
   vertex -2.0000 3.7500 -1.5000
   vertex -2.0100 3.7097 -1.5173
   vertex -2.0405 3.7321 -1.5077
  endloop
 endfacet
 facet normal -1.00000 0.00000 0.00000
  outer loop
   vertex -2.0405 3.4321 -0.8077
   vertex -2.0405 3.4679 -0.7923
   vertex -2.0405 3.7679 -1.4923
  endloop
 endfacet
 facet normal -1.00000 0.00000 0.00000
  outer loop
   vertex -2.0405 3.4321 -0.8077
   vertex -2.0405 3.7679 -1.4923
   vertex -2.0405 3.7321 -1.5077
  endloop
 endfacet
 facet normal 0.00000 -0.39392 0.91915
  outer loop
   vertex -2.0000 3.4500 -0.8000
   vertex -2.0405 3.4679 -0.7923
   vertex -2.0405 3.4321 -0.8077
  endloop
 endfacet
 facet normal 0.00000 0.39392 -0.91915
  outer loop
   vertex -2.0000 3.7500 -1.5000
   vertex -2.0405 3.7321 -1.5077
   vertex -2.0405 3.7679 -1.4923
  endloop
 endfacet
 facet normal -0.62349 0.71862 0.30798
  outer loop
   vertex -2.0405 3.4679 -0.7923
   vertex -2.0100 3.4903 -0.7827
   vertex -2.0100 3.7903 -1.4827
  endloop
 endfacet
 facet normal -0.62349 0.71862 0.30798
  outer loop
   vertex -2.0405 3.4679 -0.7923
   vertex -2.0100 3.7903 -1.4827
   vertex -2.0405 3.7679 -1.4923
  endloop
 endfacet
 facet normal -0.00000 -0.39392 0.91915
  outer loop
   vertex -2.0000 3.4500 -0.8000
   vertex -2.0100 3.4903 -0.7827
   vertex -2.0405 3.4679 -0.7923
  endloop
 endfacet
 facet normal 0.00000 0.39392 -0.91915
  outer loop
   vertex -2.0000 3.7500 -1.5000
   vertex -2.0405 3.7679 -1.4923
   vertex -2.0100 3.7903 -1.4827
  endloop
 endfacet
 facet normal 0.22252 0.89610 0.38404
  outer loop
   vertex -2.0100 3.4903 -0.7827
   vertex -1.9719 3.4823 -0.7861
   vertex -1.9719 3.7823 -1.4861
  endloop
 endfacet
 facet normal 0.22252 0.89610 0.38404
  outer loop
   vertex -2.0100 3.4903 -0.7827
   vertex -1.9719 3.7823 -1.4861
   vertex -2.0100 3.7903 -1.4827
  endloop
 endfacet
 facet normal -0.00000 -0.39392 0.91915
  outer loop
   vertex -2.0000 3.4500 -0.8000
   vertex -1.9719 3.4823 -0.7861
   vertex -2.0100 3.4903 -0.7827
  endloop
 endfacet
 facet normal 0.00000 0.39392 -0.91915
  outer loop
   vertex -2.0000 3.7500 -1.5000
   vertex -2.0100 3.7903 -1.4827
   vertex -1.9719 3.7823 -1.4861
  endloop
 endfacet
 facet normal 0.90097 0.39880 0.17092
  outer loop
   vertex -1.9719 3.4823 -0.7861
   vertex -1.9550 3.4500 -0.8000
   vertex -1.9550 3.7500 -1.5000
  endloop
 endfacet
 facet normal 0.90097 0.39880 0.17092
  outer loop
   vertex -1.9719 3.4823 -0.7861
   vertex -1.9550 3.7500 -1.5000
   vertex -1.9719 3.7823 -1.4861
  endloop
 endfacet
 facet normal 0.00000 -0.39392 0.91915
  outer loop
   vertex -2.0000 3.4500 -0.8000
   vertex -1.9550 3.4500 -0.8000
   vertex -1.9719 3.4823 -0.7861
  endloop
 endfacet
 facet normal 0.00000 0.39392 -0.91915
  outer loop
   vertex -2.0000 3.7500 -1.5000
   vertex -1.9719 3.7823 -1.4861
   vertex -1.9550 3.7500 -1.5000
  endloop
 endfacet
 facet normal -0.90097 -0.39880 0.17092
  outer loop
   vertex -2.0450 3.9000 -1.5000
   vertex -2.0281 3.8677 -1.4861
   vertex -2.0281 4.1677 -0.7861
  endloop
 endfacet
 facet normal -0.90097 -0.39880 0.17092
  outer loop
   vertex -2.0450 3.9000 -1.5000
   vertex -2.0281 4.1677 -0.7861
   vertex -2.0450 4.2000 -0.8000
  endloop
 endfacet
 facet normal 0.00000 -0.39392 -0.91915
  outer loop
   vertex -2.0000 3.9000 -1.5000
   vertex -2.0281 3.8677 -1.4861
   vertex -2.0450 3.9000 -1.5000
  endloop
 endfacet
 facet normal 0.00000 0.39392 0.91915
  outer loop
   vertex -2.0000 4.2000 -0.8000
   vertex -2.0450 4.2000 -0.8000
   vertex -2.0281 4.1677 -0.7861
  endloop
 endfacet
 facet normal -0.22252 -0.89610 0.38404
  outer loop
   vertex -2.0281 3.8677 -1.4861
   vertex -1.9900 3.8597 -1.4827
   vertex -1.9900 4.1597 -0.7827
  endloop
 endfacet
 facet normal -0.22252 -0.89610 0.38404
  outer loop
   vertex -2.0281 3.8677 -1.4861
   vertex -1.9900 4.1597 -0.7827
   vertex -2.0281 4.1677 -0.7861
  endloop
 endfacet
 facet normal -0.00000 -0.39392 -0.91915
  outer loop
   vertex -2.0000 3.9000 -1.5000
   vertex -1.9900 3.8597 -1.4827
   vertex -2.0281 3.8677 -1.4861
  endloop
 endfacet
 facet normal -0.00000 0.39392 0.91915
  outer loop
   vertex -2.0000 4.2000 -0.8000
   vertex -2.0281 4.1677 -0.7861
   vertex -1.9900 4.1597 -0.7827
  endloop
 endfacet
 facet normal 0.62349 -0.71862 0.30798
  outer loop
   vertex -1.9900 3.8597 -1.4827
   vertex -1.9595 3.8821 -1.4923
   vertex -1.9595 4.1821 -0.7923
  endloop
 endfacet
 facet normal 0.62349 -0.71862 0.30798
  outer loop
   vertex -1.9900 3.8597 -1.4827
   vertex -1.9595 4.1821 -0.7923
   vertex -1.9900 4.1597 -0.7827
  endloop
 endfacet
 facet normal -0.00000 -0.39392 -0.91915
  outer loop
   vertex -2.0000 3.9000 -1.5000
   vertex -1.9595 3.8821 -1.4923
   vertex -1.9900 3.8597 -1.4827
  endloop
 endfacet
 facet normal -0.00000 0.39392 0.91915
  outer loop
   vertex -2.0000 4.2000 -0.8000
   vertex -1.9900 4.1597 -0.7827
   vertex -1.9595 4.1821 -0.7923
  endloop
 endfacet
 facet normal 1.00000 0.00000 0.00000
  outer loop
   vertex -1.9595 3.8821 -1.4923
   vertex -1.9595 3.9179 -1.5077
   vertex -1.9595 4.2179 -0.8077
  endloop
 endfacet
 facet normal 1.00000 0.00000 0.00000
  outer loop
   vertex -1.9595 3.8821 -1.4923
   vertex -1.9595 4.2179 -0.8077
   vertex -1.9595 4.1821 -0.7923
  endloop
 endfacet
 facet normal 0.00000 -0.39392 -0.91915
  outer loop
   vertex -2.0000 3.9000 -1.5000
   vertex -1.9595 3.9179 -1.5077
   vertex -1.9595 3.8821 -1.4923
  endloop
 endfacet
 facet normal 0.00000 0.39392 0.91915
  outer loop
   vertex -2.0000 4.2000 -0.8000
   vertex -1.9595 4.1821 -0.7923
   vertex -1.9595 4.2179 -0.8077
  endloop
 endfacet
 facet normal 0.62349 0.71862 -0.30798
  outer loop
   vertex -1.9595 3.9179 -1.5077
   vertex -1.9900 3.9403 -1.5173
   vertex -1.9900 4.2403 -0.8173
  endloop
 endfacet
 facet normal 0.62349 0.71862 -0.30798
  outer loop
   vertex -1.9595 3.9179 -1.5077
   vertex -1.9900 4.2403 -0.8173
   vertex -1.9595 4.2179 -0.8077
  endloop
 endfacet
 facet normal 0.00000 -0.39392 -0.91915
  outer loop
   vertex -2.0000 3.9000 -1.5000
   vertex -1.9900 3.9403 -1.5173
   vertex -1.9595 3.9179 -1.5077
  endloop
 endfacet
 facet normal 0.00000 0.39392 0.91915
  outer loop
   vertex -2.0000 4.2000 -0.8000
   vertex -1.9595 4.2179 -0.8077
   vertex -1.9900 4.2403 -0.8173
  endloop
 endfacet
 facet normal -0.22252 0.89610 -0.38404
  outer loop
   vertex -1.9900 3.9403 -1.5173
   vertex -2.0281 3.9323 -1.5139
   vertex -2.0281 4.2323 -0.8139
  endloop
 endfacet
 facet normal -0.22252 0.89610 -0.38404
  outer loop
   vertex -1.9900 3.9403 -1.5173
   vertex -2.0281 4.2323 -0.8139
   vertex -1.9900 4.2403 -0.8173
  endloop
 endfacet
 facet normal 0.00000 -0.39392 -0.91915
  outer loop
   vertex -2.0000 3.9000 -1.5000
   vertex -2.0281 3.9323 -1.5139
   vertex -1.9900 3.9403 -1.5173
  endloop
 endfacet
 facet normal 0.00000 0.39392 0.91915
  outer loop
   vertex -2.0000 4.2000 -0.8000
   vertex -1.9900 4.2403 -0.8173
   vertex -2.0281 4.2323 -0.8139
  endloop
 endfacet
 facet normal -0.90097 0.39880 -0.17092
  outer loop
   vertex -2.0281 3.9323 -1.5139
   vertex -2.0450 3.9000 -1.5000
   vertex -2.0450 4.2000 -0.8000
  endloop
 endfacet
 facet normal -0.90097 0.39880 -0.17092
  outer loop
   vertex -2.0281 3.9323 -1.5139
   vertex -2.0450 4.2000 -0.8000
   vertex -2.0281 4.2323 -0.8139
  endloop
 endfacet
 facet normal 0.00000 -0.39392 -0.91915
  outer loop
   vertex -2.0000 3.9000 -1.5000
   vertex -2.0450 3.9000 -1.5000
   vertex -2.0281 3.9323 -1.5139
  endloop
 endfacet
 facet normal 0.00000 0.39392 0.91915
  outer loop
   vertex -2.0000 4.2000 -0.8000
   vertex -2.0281 4.2323 -0.8139
   vertex -2.0450 4.2000 -0.8000
  endloop
 endfacet
 facet normal 0.90097 -0.39880 -0.17092
  outer loop
   vertex -1.9550 3.9000 -0.8000
   vertex -1.9719 3.8677 -0.8139
   vertex -1.9719 4.1677 -1.5139
  endloop
 endfacet
 facet normal 0.90097 -0.39880 -0.17092
  outer loop
   vertex -1.9550 3.9000 -0.8000
   vertex -1.9719 4.1677 -1.5139
   vertex -1.9550 4.2000 -1.5000
  endloop
 endfacet
 facet normal 0.00000 -0.39392 0.91915
  outer loop
   vertex -2.0000 3.9000 -0.8000
   vertex -1.9719 3.8677 -0.8139
   vertex -1.9550 3.9000 -0.8000
  endloop
 endfacet
 facet normal 0.00000 0.39392 -0.91915
  outer loop
   vertex -2.0000 4.2000 -1.5000
   vertex -1.9550 4.2000 -1.5000
   vertex -1.9719 4.1677 -1.5139
  endloop
 endfacet
 facet normal 0.22252 -0.89610 -0.38404
  outer loop
   vertex -1.9719 3.8677 -0.8139
   vertex -2.0100 3.8597 -0.8173
   vertex -2.0100 4.1597 -1.5173
  endloop
 endfacet
 facet normal 0.22252 -0.89610 -0.38404
  outer loop
   vertex -1.9719 3.8677 -0.8139
   vertex -2.0100 4.1597 -1.5173
   vertex -1.9719 4.1677 -1.5139
  endloop
 endfacet
 facet normal 0.00000 -0.39392 0.91915
  outer loop
   vertex -2.0000 3.9000 -0.8000
   vertex -2.0100 3.8597 -0.8173
   vertex -1.9719 3.8677 -0.8139
  endloop
 endfacet
 facet normal -0.00000 0.39392 -0.91915
  outer loop
   vertex -2.0000 4.2000 -1.5000
   vertex -1.9719 4.1677 -1.5139
   vertex -2.0100 4.1597 -1.5173
  endloop
 endfacet
 facet normal -0.62349 -0.71862 -0.30798
  outer loop
   vertex -2.0100 3.8597 -0.8173
   vertex -2.0405 3.8821 -0.8077
   vertex -2.0405 4.1821 -1.5077
  endloop
 endfacet
 facet normal -0.62349 -0.71862 -0.30798
  outer loop
   vertex -2.0100 3.8597 -0.8173
   vertex -2.0405 4.1821 -1.5077
   vertex -2.0100 4.1597 -1.5173
  endloop
 endfacet
 facet normal 0.00000 -0.39392 0.91915
  outer loop
   vertex -2.0000 3.9000 -0.8000
   vertex -2.0405 3.8821 -0.8077
   vertex -2.0100 3.8597 -0.8173
  endloop
 endfacet
 facet normal 0.00000 0.39392 -0.91915
  outer loop
   vertex -2.0000 4.2000 -1.5000
   vertex -2.0100 4.1597 -1.5173
   vertex -2.0405 4.1821 -1.5077
  endloop
 endfacet
 facet normal -1.00000 0.00000 0.00000
  outer loop
   vertex -2.0405 3.8821 -0.8077
   vertex -2.0405 3.9179 -0.7923
   vertex -2.0405 4.2179 -1.4923
  endloop
 endfacet
 facet normal -1.00000 0.00000 0.00000
  outer loop
   vertex -2.0405 3.8821 -0.8077
   vertex -2.0405 4.2179 -1.4923
   vertex -2.0405 4.1821 -1.5077
  endloop
 endfacet
 facet normal 0.00000 -0.39392 0.91915
  outer loop
   vertex -2.0000 3.9000 -0.8000
   vertex -2.0405 3.9179 -0.7923
   vertex -2.0405 3.8821 -0.8077
  endloop
 endfacet
 facet normal 0.00000 0.39392 -0.91915
  outer loop
   vertex -2.0000 4.2000 -1.5000
   vertex -2.0405 4.1821 -1.5077
   vertex -2.0405 4.2179 -1.4923
  endloop
 endfacet
 facet normal -0.62349 0.71862 0.30798
  outer loop
   vertex -2.0405 3.9179 -0.7923
   vertex -2.0100 3.9403 -0.7827
   vertex -2.0100 4.2403 -1.4827
  endloop
 endfacet
 facet normal -0.62349 0.71862 0.30798
  outer loop
   vertex -2.0405 3.9179 -0.7923
   vertex -2.0100 4.2403 -1.4827
   vertex -2.0405 4.2179 -1.4923
  endloop
 endfacet
 facet normal -0.00000 -0.39392 0.91915
  outer loop
   vertex -2.0000 3.9000 -0.8000
   vertex -2.0100 3.9403 -0.7827
   vertex -2.0405 3.9179 -0.7923
  endloop
 endfacet
 facet normal -0.00000 0.39392 -0.91915
  outer loop
   vertex -2.0000 4.2000 -1.5000
   vertex -2.0405 4.2179 -1.4923
   vertex -2.0100 4.2403 -1.4827
  endloop
 endfacet
 facet normal 0.22252 0.89610 0.38404
  outer loop
   vertex -2.0100 3.9403 -0.7827
   vertex -1.9719 3.9323 -0.7861
   vertex -1.9719 4.2323 -1.4861
  endloop
 endfacet
 facet normal 0.22252 0.89610 0.38404
  outer loop
   vertex -2.0100 3.9403 -0.7827
   vertex -1.9719 4.2323 -1.4861
   vertex -2.0100 4.2403 -1.4827
  endloop
 endfacet
 facet normal -0.00000 -0.39392 0.91915
  outer loop
   vertex -2.0000 3.9000 -0.8000
   vertex -1.9719 3.9323 -0.7861
   vertex -2.0100 3.9403 -0.7827
  endloop
 endfacet
 facet normal 0.00000 0.39392 -0.91915
  outer loop
   vertex -2.0000 4.2000 -1.5000
   vertex -2.0100 4.2403 -1.4827
   vertex -1.9719 4.2323 -1.4861
  endloop
 endfacet
 facet normal 0.90097 0.39880 0.17092
  outer loop
   vertex -1.9719 3.9323 -0.7861
   vertex -1.9550 3.9000 -0.8000
   vertex -1.9550 4.2000 -1.5000
  endloop
 endfacet
 facet normal 0.90097 0.39880 0.17092
  outer loop
   vertex -1.9719 3.9323 -0.7861
   vertex -1.9550 4.2000 -1.5000
   vertex -1.9719 4.2323 -1.4861
  endloop
 endfacet
 facet normal 0.00000 -0.39392 0.91915
  outer loop
   vertex -2.0000 3.9000 -0.8000
   vertex -1.9550 3.9000 -0.8000
   vertex -1.9719 3.9323 -0.7861
  endloop
 endfacet
 facet normal 0.00000 0.39392 -0.91915
  outer loop
   vertex -2.0000 4.2000 -1.5000
   vertex -1.9719 4.2323 -1.4861
   vertex -1.9550 4.2000 -1.5000
  endloop
 endfacet
endsolid torre_vigilancia
