solid valla_perimetral
 facet normal 0.00000 0.00000 1.00000
  outer loop
   vertex -9.0000 -0.1600 -0.6000
   vertex 9.0000 -0.1600 -0.6000
   vertex 9.0000 0.0000 -0.6000
  endloop
 endfacet
 facet normal 0.00000 0.00000 1.00000
  outer loop
   vertex -9.0000 -0.1600 -0.6000
   vertex 9.0000 0.0000 -0.6000
   vertex -9.0000 0.0000 -0.6000
  endloop
 endfacet
 facet normal 0.00000 0.00000 -1.00000
  outer loop
   vertex 9.0000 -0.1600 0.6000
   vertex -9.0000 -0.1600 0.6000
   vertex -9.0000 0.0000 0.6000
  endloop
 endfacet
 facet normal 0.00000 0.00000 -1.00000
  outer loop
   vertex 9.0000 -0.1600 0.6000
   vertex -9.0000 0.0000 0.6000
   vertex 9.0000 0.0000 0.6000
  endloop
 endfacet
 facet normal 1.00000 0.00000 0.00000
  outer loop
   vertex -9.0000 -0.1600 0.6000
   vertex -9.0000 -0.1600 -0.6000
   vertex -9.0000 0.0000 -0.6000
  endloop
 endfacet
 facet normal 1.00000 0.00000 0.00000
  outer loop
   vertex -9.0000 -0.1600 0.6000
   vertex -9.0000 0.0000 -0.6000
   vertex -9.0000 0.0000 0.6000
  endloop
 endfacet
 facet normal -1.00000 0.00000 0.00000
  outer loop
   vertex 9.0000 -0.1600 -0.6000
   vertex 9.0000 -0.1600 0.6000
   vertex 9.0000 0.0000 0.6000
  endloop
 endfacet
 facet normal -1.00000 0.00000 0.00000
  outer loop
   vertex 9.0000 -0.1600 -0.6000
   vertex 9.0000 0.0000 0.6000
   vertex 9.0000 0.0000 -0.6000
  endloop
 endfacet
 facet normal 0.00000 -1.00000 0.00000
  outer loop
   vertex -9.0000 0.0000 -0.6000
   vertex 9.0000 0.0000 -0.6000
   vertex 9.0000 0.0000 0.6000
  endloop
 endfacet
 facet normal 0.00000 -1.00000 0.00000
  outer loop
   vertex -9.0000 0.0000 -0.6000
   vertex 9.0000 0.0000 0.6000
   vertex -9.0000 0.0000 0.6000
  endloop
 endfacet
 facet normal 0.00000 1.00000 0.00000
  outer loop
   vertex -9.0000 -0.1600 0.6000
   vertex 9.0000 -0.1600 0.6000
   vertex 9.0000 -0.1600 -0.6000
  endloop
 endfacet
 facet normal 0.00000 1.00000 0.00000
  outer loop
   vertex -9.0000 -0.1600 0.6000
   vertex 9.0000 -0.1600 -0.6000
   vertex -9.0000 -0.1600 -0.6000
  endloop
 endfacet
 facet normal 0.00000 0.00000 1.00000
  outer loop
   vertex -8.5600 0.0000 -0.0600
   vertex -8.4400 0.0000 -0.0600
   vertex -8.4400 3.2000 -0.0600
  endloop
 endfacet
 facet normal 0.00000 0.00000 1.00000
  outer loop
   vertex -8.5600 0.0000 -0.0600
   vertex -8.4400 3.2000 -0.0600
   vertex -8.5600 3.2000 -0.0600
  endloop
 endfacet
 facet normal 0.00000 0.00000 -1.00000
  outer loop
   vertex -8.4400 0.0000 0.0600
   vertex -8.5600 0.0000 0.0600
   vertex -8.5600 3.2000 0.0600
  endloop
 endfacet
 facet normal 0.00000 0.00000 -1.00000
  outer loop
   vertex -8.4400 0.0000 0.0600
   vertex -8.5600 3.2000 0.0600
   vertex -8.4400 3.2000 0.0600
  endloop
 endfacet
 facet normal 1.00000 0.00000 0.00000
  outer loop
   vertex -8.5600 0.0000 0.0600
   vertex -8.5600 0.0000 -0.0600
   vertex -8.5600 3.2000 -0.0600
  endloop
 endfacet
 facet normal 1.00000 0.00000 0.00000
  outer loop
   vertex -8.5600 0.0000 0.0600
   vertex -8.5600 3.2000 -0.0600
   vertex -8.5600 3.2000 0.0600
  endloop
 endfacet
 facet normal -1.00000 0.00000 0.00000
  outer loop
   vertex -8.4400 0.0000 -0.0600
   vertex -8.4400 0.0000 0.0600
   vertex -8.4400 3.2000 0.0600
  endloop
 endfacet
 facet normal -1.00000 0.00000 0.00000
  outer loop
   vertex -8.4400 0.0000 -0.0600
   vertex -8.4400 3.2000 0.0600
   vertex -8.4400 3.2000 -0.0600
  endloop
 endfacet
 facet normal 0.00000 -1.00000 0.00000
  outer loop
   vertex -8.5600 3.2000 -0.0600
   vertex -8.4400 3.2000 -0.0600
   vertex -8.4400 3.2000 0.0600
  endloop
 endfacet
 facet normal 0.00000 -1.00000 0.00000
  outer loop
   vertex -8.5600 3.2000 -0.0600
   vertex -8.4400 3.2000 0.0600
   vertex -8.5600 3.2000 0.0600
  endloop
 endfacet
 facet normal 0.00000 1.00000 0.00000
  outer loop
   vertex -8.5600 0.0000 0.0600
   vertex -8.4400 0.0000 0.0600
   vertex -8.4400 0.0000 -0.0600
  endloop
 endfacet
 facet normal 0.00000 1.00000 0.00000
  outer loop
   vertex -8.5600 0.0000 0.0600
   vertex -8.4400 0.0000 -0.0600
   vertex -8.5600 0.0000 -0.0600
  endloop
 endfacet
 facet normal 0.00000 0.00000 1.00000
  outer loop
   vertex -8.6500 3.0900 -0.1500
   vertex -8.3500 3.0900 -0.1500
   vertex -8.3500 3.2100 -0.1500
  endloop
 endfacet
 facet normal 0.00000 0.00000 1.00000
  outer loop
   vertex -8.6500 3.0900 -0.1500
   vertex -8.3500 3.2100 -0.1500
   vertex -8.6500 3.2100 -0.1500
  endloop
 endfacet
 facet normal 0.00000 0.00000 -1.00000
  outer loop
   vertex -8.3500 3.0900 0.1500
   vertex -8.6500 3.0900 0.1500
   vertex -8.6500 3.2100 0.1500
  endloop
 endfacet
 facet normal 0.00000 0.00000 -1.00000
  outer loop
   vertex -8.3500 3.0900 0.1500
   vertex -8.6500 3.2100 0.1500
   vertex -8.3500 3.2100 0.1500
  endloop
 endfacet
 facet normal 1.00000 0.00000 0.00000
  outer loop
   vertex -8.6500 3.0900 0.1500
   vertex -8.6500 3.0900 -0.1500
   vertex -8.6500 3.2100 -0.1500
  endloop
 endfacet
 facet normal 1.00000 0.00000 0.00000
  outer loop
   vertex -8.6500 3.0900 0.1500
   vertex -8.6500 3.2100 -0.1500
   vertex -8.6500 3.2100 0.1500
  endloop
 endfacet
 facet normal -1.00000 0.00000 0.00000
  outer loop
   vertex -8.3500 3.0900 -0.1500
   vertex -8.3500 3.0900 0.1500
   vertex -8.3500 3.2100 0.1500
  endloop
 endfacet
 facet normal -1.00000 0.00000 0.00000
  outer loop
   vertex -8.3500 3.0900 -0.1500
   vertex -8.3500 3.2100 0.1500
   vertex -8.3500 3.2100 -0.1500
  endloop
 endfacet
 facet normal 0.00000 -1.00000 0.00000
  outer loop
   vertex -8.6500 3.2100 -0.1500
   vertex -8.3500 3.2100 -0.1500
   vertex -8.3500 3.2100 0.1500
  endloop
 endfacet
 facet normal 0.00000 -1.00000 0.00000
  outer loop
   vertex -8.6500 3.2100 -0.1500
   vertex -8.3500 3.2100 0.1500
   vertex -8.6500 3.2100 0.1500
  endloop
 endfacet
 facet normal 0.00000 1.00000 0.00000
  outer loop
   vertex -8.6500 3.0900 0.1500
   vertex -8.3500 3.0900 0.1500
   vertex -8.3500 3.0900 -0.1500
  endloop
 endfacet
 facet normal 0.00000 1.00000 0.00000
  outer loop
   vertex -8.6500 3.0900 0.1500
   vertex -8.3500 3.0900 -0.1500
   vertex -8.6500 3.0900 -0.1500
  endloop
 endfacet
 facet normal 0.00000 0.00000 1.00000
  outer loop
   vertex -6.8600 0.0000 -0.0600
   vertex -6.7400 0.0000 -0.0600
   vertex -6.7400 3.2000 -0.0600
  endloop
 endfacet
 facet normal 0.00000 0.00000 1.00000
  outer loop
   vertex -6.8600 0.0000 -0.0600
   vertex -6.7400 3.2000 -0.0600
   vertex -6.8600 3.2000 -0.0600
  endloop
 endfacet
 facet normal 0.00000 0.00000 -1.00000
  outer loop
   vertex -6.7400 0.0000 0.0600
   vertex -6.8600 0.0000 0.0600
   vertex -6.8600 3.2000 0.0600
  endloop
 endfacet
 facet normal 0.00000 0.00000 -1.00000
  outer loop
   vertex -6.7400 0.0000 0.0600
   vertex -6.8600 3.2000 0.0600
   vertex -6.7400 3.2000 0.0600
  endloop
 endfacet
 facet normal 1.00000 0.00000 0.00000
  outer loop
   vertex -6.8600 0.0000 0.0600
   vertex -6.8600 0.0000 -0.0600
   vertex -6.8600 3.2000 -0.0600
  endloop
 endfacet
 facet normal 1.00000 0.00000 0.00000
  outer loop
   vertex -6.8600 0.0000 0.0600
   vertex -6.8600 3.2000 -0.0600
   vertex -6.8600 3.2000 0.0600
  endloop
 endfacet
 facet normal -1.00000 0.00000 0.00000
  outer loop
   vertex -6.7400 0.0000 -0.0600
   vertex -6.7400 0.0000 0.0600
   vertex -6.7400 3.2000 0.0600
  endloop
 endfacet
 facet normal -1.00000 0.00000 0.00000
  outer loop
   vertex -6.7400 0.0000 -0.0600
   vertex -6.7400 3.2000 0.0600
   vertex -6.7400 3.2000 -0.0600
  endloop
 endfacet
 facet normal 0.00000 -1.00000 0.00000
  outer loop
   vertex -6.8600 3.2000 -0.0600
   vertex -6.7400 3.2000 -0.0600
   vertex -6.7400 3.2000 0.0600
  endloop
 endfacet
 facet normal 0.00000 -1.00000 0.00000
  outer loop
   vertex -6.8600 3.2000 -0.0600
   vertex -6.7400 3.2000 0.0600
   vertex -6.8600 3.2000 0.0600
  endloop
 endfacet
 facet normal 0.00000 1.00000 0.00000
  outer loop
   vertex -6.8600 0.0000 0.0600
   vertex -6.7400 0.0000 0.0600
   vertex -6.7400 0.0000 -0.0600
  endloop
 endfacet
 facet normal 0.00000 1.00000 0.00000
  outer loop
   vertex -6.8600 0.0000 0.0600
   vertex -6.7400 0.0000 -0.0600
   vertex -6.8600 0.0000 -0.0600
  endloop
 endfacet
 facet normal 0.00000 0.00000 1.00000
  outer loop
   vertex -6.9500 3.0900 -0.1500
   vertex -6.6500 3.0900 -0.1500
   vertex -6.6500 3.2100 -0.1500
  endloop
 endfacet
 facet normal 0.00000 0.00000 1.00000
  outer loop
   vertex -6.9500 3.0900 -0.1500
   vertex -6.6500 3.2100 -0.1500
   vertex -6.9500 3.2100 -0.1500
  endloop
 endfacet
 facet normal 0.00000 0.00000 -1.00000
  outer loop
   vertex -6.6500 3.0900 0.1500
   vertex -6.9500 3.0900 0.1500
   vertex -6.9500 3.2100 0.1500
  endloop
 endfacet
 facet normal 0.00000 0.00000 -1.00000
  outer loop
   vertex -6.6500 3.0900 0.1500
   vertex -6.9500 3.2100 0.1500
   vertex -6.6500 3.2100 0.1500
  endloop
 endfacet
 facet normal 1.00000 0.00000 0.00000
  outer loop
   vertex -6.9500 3.0900 0.1500
   vertex -6.9500 3.0900 -0.1500
   vertex -6.9500 3.2100 -0.1500
  endloop
 endfacet
 facet normal 1.00000 0.00000 0.00000
  outer loop
   vertex -6.9500 3.0900 0.1500
   vertex -6.9500 3.2100 -0.1500
   vertex -6.9500 3.2100 0.1500
  endloop
 endfacet
 facet normal -1.00000 0.00000 0.00000
  outer loop
   vertex -6.6500 3.0900 -0.1500
   vertex -6.6500 3.0900 0.1500
   vertex -6.6500 3.2100 0.1500
  endloop
 endfacet
 facet normal -1.00000 0.00000 0.00000
  outer loop
   vertex -6.6500 3.0900 -0.1500
   vertex -6.6500 3.2100 0.1500
   vertex -6.6500 3.2100 -0.1500
  endloop
 endfacet
 facet normal 0.00000 -1.00000 0.00000
  outer loop
   vertex -6.9500 3.2100 -0.1500
   vertex -6.6500 3.2100 -0.1500
   vertex -6.6500 3.2100 0.1500
  endloop
 endfacet
 facet normal 0.00000 -1.00000 0.00000
  outer loop
   vertex -6.9500 3.2100 -0.1500
   vertex -6.6500 3.2100 0.1500
   vertex -6.9500 3.2100 0.1500
  endloop
 endfacet
 facet normal 0.00000 1.00000 0.00000
  outer loop
   vertex -6.9500 3.0900 0.1500
   vertex -6.6500 3.0900 0.1500
   vertex -6.6500 3.0900 -0.1500
  endloop
 endfacet
 facet normal 0.00000 1.00000 0.00000
  outer loop
   vertex -6.9500 3.0900 0.1500
   vertex -6.6500 3.0900 -0.1500
   vertex -6.9500 3.0900 -0.1500
  endloop
 endfacet
 facet normal 0.00000 0.00000 1.00000
  outer loop
   vertex -5.1600 0.0000 -0.0600
   vertex -5.0400 0.0000 -0.0600
   vertex -5.0400 3.2000 -0.0600
  endloop
 endfacet
 facet normal 0.00000 0.00000 1.00000
  outer loop
   vertex -5.1600 0.0000 -0.0600
   vertex -5.0400 3.2000 -0.0600
   vertex -5.1600 3.2000 -0.0600
  endloop
 endfacet
 facet normal 0.00000 0.00000 -1.00000
  outer loop
   vertex -5.0400 0.0000 0.0600
   vertex -5.1600 0.0000 0.0600
   vertex -5.1600 3.2000 0.0600
  endloop
 endfacet
 facet normal 0.00000 0.00000 -1.00000
  outer loop
   vertex -5.0400 0.0000 0.0600
   vertex -5.1600 3.2000 0.0600
   vertex -5.0400 3.2000 0.0600
  endloop
 endfacet
 facet normal 1.00000 0.00000 0.00000
  outer loop
   vertex -5.1600 0.0000 0.0600
   vertex -5.1600 0.0000 -0.0600
   vertex -5.1600 3.2000 -0.0600
  endloop
 endfacet
 facet normal 1.00000 0.00000 0.00000
  outer loop
   vertex -5.1600 0.0000 0.0600
   vertex -5.1600 3.2000 -0.0600
   vertex -5.1600 3.2000 0.0600
  endloop
 endfacet
 facet normal -1.00000 0.00000 0.00000
  outer loop
   vertex -5.0400 0.0000 -0.0600
   vertex -5.0400 0.0000 0.0600
   vertex -5.0400 3.2000 0.0600
  endloop
 endfacet
 facet normal -1.00000 0.00000 0.00000
  outer loop
   vertex -5.0400 0.0000 -0.0600
   vertex -5.0400 3.2000 0.0600
   vertex -5.0400 3.2000 -0.0600
  endloop
 endfacet
 facet normal 0.00000 -1.00000 0.00000
  outer loop
   vertex -5.1600 3.2000 -0.0600
   vertex -5.0400 3.2000 -0.0600
   vertex -5.0400 3.2000 0.0600
  endloop
 endfacet
 facet normal 0.00000 -1.00000 0.00000
  outer loop
   vertex -5.1600 3.2000 -0.0600
   vertex -5.0400 3.2000 0.0600
   vertex -5.1600 3.2000 0.0600
  endloop
 endfacet
 facet normal 0.00000 1.00000 0.00000
  outer loop
   vertex -5.1600 0.0000 0.0600
   vertex -5.0400 0.0000 0.0600
   vertex -5.0400 0.0000 -0.0600
  endloop
 endfacet
 facet normal 0.00000 1.00000 0.00000
  outer loop
   vertex -5.1600 0.0000 0.0600
   vertex -5.0400 0.0000 -0.0600
   vertex -5.1600 0.0000 -0.0600
  endloop
 endfacet
 facet normal 0.00000 0.00000 1.00000
  outer loop
   vertex -5.2500 3.0900 -0.1500
   vertex -4.9500 3.0900 -0.1500
   vertex -4.9500 3.2100 -0.1500
  endloop
 endfacet
 facet normal 0.00000 0.00000 1.00000
  outer loop
   vertex -5.2500 3.0900 -0.1500
   vertex -4.9500 3.2100 -0.1500
   vertex -5.2500 3.2100 -0.1500
  endloop
 endfacet
 facet normal 0.00000 0.00000 -1.00000
  outer loop
   vertex -4.9500 3.0900 0.1500
   vertex -5.2500 3.0900 0.1500
   vertex -5.2500 3.2100 0.1500
  endloop
 endfacet
 facet normal 0.00000 0.00000 -1.00000
  outer loop
   vertex -4.9500 3.0900 0.1500
   vertex -5.2500 3.2100 0.1500
   vertex -4.9500 3.2100 0.1500
  endloop
 endfacet
 facet normal 1.00000 0.00000 0.00000
  outer loop
   vertex -5.2500 3.0900 0.1500
   vertex -5.2500 3.0900 -0.1500
   vertex -5.2500 3.2100 -0.1500
  endloop
 endfacet
 facet normal 1.00000 0.00000 0.00000
  outer loop
   vertex -5.2500 3.0900 0.1500
   vertex -5.2500 3.2100 -0.1500
   vertex -5.2500 3.2100 0.1500
  endloop
 endfacet
 facet normal -1.00000 0.00000 0.00000
  outer loop
   vertex -4.9500 3.0900 -0.1500
   vertex -4.9500 3.0900 0.1500
   vertex -4.9500 3.2100 0.1500
  endloop
 endfacet
 facet normal -1.00000 0.00000 0.00000
  outer loop
   vertex -4.9500 3.0900 -0.1500
   vertex -4.9500 3.2100 0.1500
   vertex -4.9500 3.2100 -0.1500
  endloop
 endfacet
 facet normal 0.00000 -1.00000 0.00000
  outer loop
   vertex -5.2500 3.2100 -0.1500
   vertex -4.9500 3.2100 -0.1500
   vertex -4.9500 3.2100 0.1500
  endloop
 endfacet
 facet normal 0.00000 -1.00000 0.00000
  outer loop
   vertex -5.2500 3.2100 -0.1500
   vertex -4.9500 3.2100 0.1500
   vertex -5.2500 3.2100 0.1500
  endloop
 endfacet
 facet normal 0.00000 1.00000 0.00000
  outer loop
   vertex -5.2500 3.0900 0.1500
   vertex -4.9500 3.0900 0.1500
   vertex -4.9500 3.0900 -0.1500
  endloop
 endfacet
 facet normal 0.00000 1.00000 0.00000
  outer loop
   vertex -5.2500 3.0900 0.1500
   vertex -4.9500 3.0900 -0.1500
   vertex -5.2500 3.0900 -0.1500
  endloop
 endfacet
 facet normal 0.00000 0.00000 1.00000
  outer loop
   vertex -3.4600 0.0000 -0.0600
   vertex -3.3400 0.0000 -0.0600
   vertex -3.3400 3.2000 -0.0600
  endloop
 endfacet
 facet normal 0.00000 0.00000 1.00000
  outer loop
   vertex -3.4600 0.0000 -0.0600
   vertex -3.3400 3.2000 -0.0600
   vertex -3.4600 3.2000 -0.0600
  endloop
 endfacet
 facet normal 0.00000 0.00000 -1.00000
  outer loop
   vertex -3.3400 0.0000 0.0600
   vertex -3.4600 0.0000 0.0600
   vertex -3.4600 3.2000 0.0600
  endloop
 endfacet
 facet normal 0.00000 0.00000 -1.00000
  outer loop
   vertex -3.3400 0.0000 0.0600
   vertex -3.4600 3.2000 0.0600
   vertex -3.3400 3.2000 0.0600
  endloop
 endfacet
 facet normal 1.00000 0.00000 0.00000
  outer loop
   vertex -3.4600 0.0000 0.0600
   vertex -3.4600 0.0000 -0.0600
   vertex -3.4600 3.2000 -0.0600
  endloop
 endfacet
 facet normal 1.00000 0.00000 0.00000
  outer loop
   vertex -3.4600 0.0000 0.0600
   vertex -3.4600 3.2000 -0.0600
   vertex -3.4600 3.2000 0.0600
  endloop
 endfacet
 facet normal -1.00000 0.00000 0.00000
  outer loop
   vertex -3.3400 0.0000 -0.0600
   vertex -3.3400 0.0000 0.0600
   vertex -3.3400 3.2000 0.0600
  endloop
 endfacet
 facet normal -1.00000 0.00000 0.00000
  outer loop
   vertex -3.3400 0.0000 -0.0600
   vertex -3.3400 3.2000 0.0600
   vertex -3.3400 3.2000 -0.0600
  endloop
 endfacet
 facet normal 0.00000 -1.00000 0.00000
  outer loop
   vertex -3.4600 3.2000 -0.0600
   vertex -3.3400 3.2000 -0.0600
   vertex -3.3400 3.2000 0.0600
  endloop
 endfacet
 facet normal 0.00000 -1.00000 0.00000
  outer loop
   vertex -3.4600 3.2000 -0.0600
   vertex -3.3400 3.2000 0.0600
   vertex -3.4600 3.2000 0.0600
  endloop
 endfacet
 facet normal 0.00000 1.00000 0.00000
  outer loop
   vertex -3.4600 0.0000 0.0600
   vertex -3.3400 0.0000 0.0600
   vertex -3.3400 0.0000 -0.0600
  endloop
 endfacet
 facet normal 0.00000 1.00000 0.00000
  outer loop
   vertex -3.4600 0.0000 0.0600
   vertex -3.3400 0.0000 -0.0600
   vertex -3.4600 0.0000 -0.0600
  endloop
 endfacet
 facet normal 0.00000 0.00000 1.00000
  outer loop
   vertex -3.5500 3.0900 -0.1500
   vertex -3.2500 3.0900 -0.1500
   vertex -3.2500 3.2100 -0.1500
  endloop
 endfacet
 facet normal 0.00000 0.00000 1.00000
  outer loop
   vertex -3.5500 3.0900 -0.1500
   vertex -3.2500 3.2100 -0.1500
   vertex -3.5500 3.2100 -0.1500
  endloop
 endfacet
 facet normal 0.00000 0.00000 -1.00000
  outer loop
   vertex -3.2500 3.0900 0.1500
   vertex -3.5500 3.0900 0.1500
   vertex -3.5500 3.2100 0.1500
  endloop
 endfacet
 facet normal 0.00000 0.00000 -1.00000
  outer loop
   vertex -3.2500 3.0900 0.1500
   vertex -3.5500 3.2100 0.1500
   vertex -3.2500 3.2100 0.1500
  endloop
 endfacet
 facet normal 1.00000 0.00000 0.00000
  outer loop
   vertex -3.5500 3.0900 0.1500
   vertex -3.5500 3.0900 -0.1500
   vertex -3.5500 3.2100 -0.1500
  endloop
 endfacet
 facet normal 1.00000 0.00000 0.00000
  outer loop
   vertex -3.5500 3.0900 0.1500
   vertex -3.5500 3.2100 -0.1500
   vertex -3.5500 3.2100 0.1500
  endloop
 endfacet
 facet normal -1.00000 0.00000 0.00000
  outer loop
   vertex -3.2500 3.0900 -0.1500
   vertex -3.2500 3.0900 0.1500
   vertex -3.2500 3.2100 0.1500
  endloop
 endfacet
 facet normal -1.00000 0.00000 0.00000
  outer loop
   vertex -3.2500 3.0900 -0.1500
   vertex -3.2500 3.2100 0.1500
   vertex -3.2500 3.2100 -0.1500
  endloop
 endfacet
 facet normal 0.00000 -1.00000 0.00000
  outer loop
   vertex -3.5500 3.2100 -0.1500
   vertex -3.2500 3.2100 -0.1500
   vertex -3.2500 3.2100 0.1500
  endloop
 endfacet
 facet normal 0.00000 -1.00000 0.00000
  outer loop
   vertex -3.5500 3.2100 -0.1500
   vertex -3.2500 3.2100 0.1500
   vertex -3.5500 3.2100 0.1500
  endloop
 endfacet
 facet normal 0.00000 1.00000 0.00000
  outer loop
   vertex -3.5500 3.0900 0.1500
   vertex -3.2500 3.0900 0.1500
   vertex -3.2500 3.0900 -0.1500
  endloop
 endfacet
 facet normal 0.00000 1.00000 0.00000
  outer loop
   vertex -3.5500 3.0900 0.1500
   vertex -3.2500 3.0900 -0.1500
   vertex -3.5500 3.0900 -0.1500
  endloop
 endfacet
 facet normal 0.00000 0.00000 1.00000
  outer loop
   vertex -1.7600 0.0000 -0.0600
   vertex -1.6400 0.0000 -0.0600
   vertex -1.6400 3.2000 -0.0600
  endloop
 endfacet
 facet normal 0.00000 0.00000 1.00000
  outer loop
   vertex -1.7600 0.0000 -0.0600
   vertex -1.6400 3.2000 -0.0600
   vertex -1.7600 3.2000 -0.0600
  endloop
 endfacet
 facet normal 0.00000 0.00000 -1.00000
  outer loop
   vertex -1.6400 0.0000 0.0600
   vertex -1.7600 0.0000 0.0600
   vertex -1.7600 3.2000 0.0600
  endloop
 endfacet
 facet normal 0.00000 0.00000 -1.00000
  outer loop
   vertex -1.6400 0.0000 0.0600
   vertex -1.7600 3.2000 0.0600
   vertex -1.6400 3.2000 0.0600
  endloop
 endfacet
 facet normal 1.00000 0.00000 0.00000
  outer loop
   vertex -1.7600 0.0000 0.0600
   vertex -1.7600 0.0000 -0.0600
   vertex -1.7600 3.2000 -0.0600
  endloop
 endfacet
 facet normal 1.00000 0.00000 0.00000
  outer loop
   vertex -1.7600 0.0000 0.0600
   vertex -1.7600 3.2000 -0.0600
   vertex -1.7600 3.2000 0.0600
  endloop
 endfacet
 facet normal -1.00000 0.00000 0.00000
  outer loop
   vertex -1.6400 0.0000 -0.0600
   vertex -1.6400 0.0000 0.0600
   vertex -1.6400 3.2000 0.0600
  endloop
 endfacet
 facet normal -1.00000 0.00000 0.00000
  outer loop
   vertex -1.6400 0.0000 -0.0600
   vertex -1.6400 3.2000 0.0600
   vertex -1.6400 3.2000 -0.0600
  endloop
 endfacet
 facet normal 0.00000 -1.00000 0.00000
  outer loop
   vertex -1.7600 3.2000 -0.0600
   vertex -1.6400 3.2000 -0.0600
   vertex -1.6400 3.2000 0.0600
  endloop
 endfacet
 facet normal 0.00000 -1.00000 0.00000
  outer loop
   vertex -1.7600 3.2000 -0.0600
   vertex -1.6400 3.2000 0.0600
   vertex -1.7600 3.2000 0.0600
  endloop
 endfacet
 facet normal 0.00000 1.00000 0.00000
  outer loop
   vertex -1.7600 0.0000 0.0600
   vertex -1.6400 0.0000 0.0600
   vertex -1.6400 0.0000 -0.0600
  endloop
 endfacet
 facet normal 0.00000 1.00000 0.00000
  outer loop
   vertex -1.7600 0.0000 0.0600
   vertex -1.6400 0.0000 -0.0600
   vertex -1.7600 0.0000 -0.0600
  endloop
 endfacet
 facet normal 0.00000 0.00000 1.00000
  outer loop
   vertex -1.8500 3.0900 -0.1500
   vertex -1.5500 3.0900 -0.1500
   vertex -1.5500 3.2100 -0.1500
  endloop
 endfacet
 facet normal 0.00000 0.00000 1.00000
  outer loop
   vertex -1.8500 3.0900 -0.1500
   vertex -1.5500 3.2100 -0.1500
   vertex -1.8500 3.2100 -0.1500
  endloop
 endfacet
 facet normal 0.00000 0.00000 -1.00000
  outer loop
   vertex -1.5500 3.0900 0.1500
   vertex -1.8500 3.0900 0.1500
   vertex -1.8500 3.2100 0.1500
  endloop
 endfacet
 facet normal 0.00000 0.00000 -1.00000
  outer loop
   vertex -1.5500 3.0900 0.1500
   vertex -1.8500 3.2100 0.1500
   vertex -1.5500 3.2100 0.1500
  endloop
 endfacet
 facet normal 1.00000 0.00000 0.00000
  outer loop
   vertex -1.8500 3.0900 0.1500
   vertex -1.8500 3.0900 -0.1500
   vertex -1.8500 3.2100 -0.1500
  endloop
 endfacet
 facet normal 1.00000 0.00000 0.00000
  outer loop
   vertex -1.8500 3.0900 0.1500
   vertex -1.8500 3.2100 -0.1500
   vertex -1.8500 3.2100 0.1500
  endloop
 endfacet
 facet normal -1.00000 0.00000 0.00000
  outer loop
   vertex -1.5500 3.0900 -0.1500
   vertex -1.5500 3.0900 0.1500
   vertex -1.5500 3.2100 0.1500
  endloop
 endfacet
 facet normal -1.00000 0.00000 0.00000
  outer loop
   vertex -1.5500 3.0900 -0.1500
   vertex -1.5500 3.2100 0.1500
   vertex -1.5500 3.2100 -0.1500
  endloop
 endfacet
 facet normal 0.00000 -1.00000 0.00000
  outer loop
   vertex -1.8500 3.2100 -0.1500
   vertex -1.5500 3.2100 -0.1500
   vertex -1.5500 3.2100 0.1500
  endloop
 endfacet
 facet normal 0.00000 -1.00000 0.00000
  outer loop
   vertex -1.8500 3.2100 -0.1500
   vertex -1.5500 3.2100 0.1500
   vertex -1.8500 3.2100 0.1500
  endloop
 endfacet
 facet normal 0.00000 1.00000 0.00000
  outer loop
   vertex -1.8500 3.0900 0.1500
   vertex -1.5500 3.0900 0.1500
   vertex -1.5500 3.0900 -0.1500
  endloop
 endfacet
 facet normal 0.00000 1.00000 0.00000
  outer loop
   vertex -1.8500 3.0900 0.1500
   vertex -1.5500 3.0900 -0.1500
   vertex -1.8500 3.0900 -0.1500
  endloop
 endfacet
 facet normal 0.00000 0.00000 1.00000
  outer loop
   vertex -0.0600 0.0000 -0.0600
   vertex 0.0600 0.0000 -0.0600
   vertex 0.0600 3.2000 -0.0600
  endloop
 endfacet
 facet normal 0.00000 0.00000 1.00000
  outer loop
   vertex -0.0600 0.0000 -0.0600
   vertex 0.0600 3.2000 -0.0600
   vertex -0.0600 3.2000 -0.0600
  endloop
 endfacet
 facet normal 0.00000 0.00000 -1.00000
  outer loop
   vertex 0.0600 0.0000 0.0600
   vertex -0.0600 0.0000 0.0600
   vertex -0.0600 3.2000 0.0600
  endloop
 endfacet
 facet normal 0.00000 0.00000 -1.00000
  outer loop
   vertex 0.0600 0.0000 0.0600
   vertex -0.0600 3.2000 0.0600
   vertex 0.0600 3.2000 0.0600
  endloop
 endfacet
 facet normal 1.00000 0.00000 0.00000
  outer loop
   vertex -0.0600 0.0000 0.0600
   vertex -0.0600 0.0000 -0.0600
   vertex -0.0600 3.2000 -0.0600
  endloop
 endfacet
 facet normal 1.00000 0.00000 0.00000
  outer loop
   vertex -0.0600 0.0000 0.0600
   vertex -0.0600 3.2000 -0.0600
   vertex -0.0600 3.2000 0.0600
  endloop
 endfacet
 facet normal -1.00000 0.00000 0.00000
  outer loop
   vertex 0.0600 0.0000 -0.0600
   vertex 0.0600 0.0000 0.0600
   vertex 0.0600 3.2000 0.0600
  endloop
 endfacet
 facet normal -1.00000 0.00000 0.00000
  outer loop
   vertex 0.0600 0.0000 -0.0600
   vertex 0.0600 3.2000 0.0600
   vertex 0.0600 3.2000 -0.0600
  endloop
 endfacet
 facet normal 0.00000 -1.00000 0.00000
  outer loop
   vertex -0.0600 3.2000 -0.0600
   vertex 0.0600 3.2000 -0.0600
   vertex 0.0600 3.2000 0.0600
  endloop
 endfacet
 facet normal 0.00000 -1.00000 0.00000
  outer loop
   vertex -0.0600 3.2000 -0.0600
   vertex 0.0600 3.2000 0.0600
   vertex -0.0600 3.2000 0.0600
  endloop
 endfacet
 facet normal 0.00000 1.00000 0.00000
  outer loop
   vertex -0.0600 0.0000 0.0600
   vertex 0.0600 0.0000 0.0600
   vertex 0.0600 0.0000 -0.0600
  endloop
 endfacet
 facet normal 0.00000 1.00000 0.00000
  outer loop
   vertex -0.0600 0.0000 0.0600
   vertex 0.0600 0.0000 -0.0600
   vertex -0.0600 0.0000 -0.0600
  endloop
 endfacet
 facet normal 0.00000 0.00000 1.00000
  outer loop
   vertex -0.1500 3.0900 -0.1500
   vertex 0.1500 3.0900 -0.1500
   vertex 0.1500 3.2100 -0.1500
  endloop
 endfacet
 facet normal 0.00000 0.00000 1.00000
  outer loop
   vertex -0.1500 3.0900 -0.1500
   vertex 0.1500 3.2100 -0.1500
   vertex -0.1500 3.2100 -0.1500
  endloop
 endfacet
 facet normal 0.00000 0.00000 -1.00000
  outer loop
   vertex 0.1500 3.0900 0.1500
   vertex -0.1500 3.0900 0.1500
   vertex -0.1500 3.2100 0.1500
  endloop
 endfacet
 facet normal 0.00000 0.00000 -1.00000
  outer loop
   vertex 0.1500 3.0900 0.1500
   vertex -0.1500 3.2100 0.1500
   vertex 0.1500 3.2100 0.1500
  endloop
 endfacet
 facet normal 1.00000 0.00000 0.00000
  outer loop
   vertex -0.1500 3.0900 0.1500
   vertex -0.1500 3.0900 -0.1500
   vertex -0.1500 3.2100 -0.1500
  endloop
 endfacet
 facet normal 1.00000 0.00000 0.00000
  outer loop
   vertex -0.1500 3.0900 0.1500
   vertex -0.1500 3.2100 -0.1500
   vertex -0.1500 3.2100 0.1500
  endloop
 endfacet
 facet normal -1.00000 0.00000 0.00000
  outer loop
   vertex 0.1500 3.0900 -0.1500
   vertex 0.1500 3.0900 0.1500
   vertex 0.1500 3.2100 0.1500
  endloop
 endfacet
 facet normal -1.00000 0.00000 0.00000
  outer loop
   vertex 0.1500 3.0900 -0.1500
   vertex 0.1500 3.2100 0.1500
   vertex 0.1500 3.2100 -0.1500
  endloop
 endfacet
 facet normal 0.00000 -1.00000 0.00000
  outer loop
   vertex -0.1500 3.2100 -0.1500
   vertex 0.1500 3.2100 -0.1500
   vertex 0.1500 3.2100 0.1500
  endloop
 endfacet
 facet normal 0.00000 -1.00000 0.00000
  outer loop
   vertex -0.1500 3.2100 -0.1500
   vertex 0.1500 3.2100 0.1500
   vertex -0.1500 3.2100 0.1500
  endloop
 endfacet
 facet normal 0.00000 1.00000 0.00000
  outer loop
   vertex -0.1500 3.0900 0.1500
   vertex 0.1500 3.0900 0.1500
   vertex 0.1500 3.0900 -0.1500
  endloop
 endfacet
 facet normal 0.00000 1.00000 0.00000
  outer loop
   vertex -0.1500 3.0900 0.1500
   vertex 0.1500 3.0900 -0.1500
   vertex -0.1500 3.0900 -0.1500
  endloop
 endfacet
 facet normal 0.00000 0.00000 1.00000
  outer loop
   vertex 1.6400 0.0000 -0.0600
   vertex 1.7600 0.0000 -0.0600
   vertex 1.7600 3.2000 -0.0600
  endloop
 endfacet
 facet normal 0.00000 0.00000 1.00000
  outer loop
   vertex 1.6400 0.0000 -0.0600
   vertex 1.7600 3.2000 -0.0600
   vertex 1.6400 3.2000 -0.0600
  endloop
 endfacet
 facet normal 0.00000 0.00000 -1.00000
  outer loop
   vertex 1.7600 0.0000 0.0600
   vertex 1.6400 0.0000 0.0600
   vertex 1.6400 3.2000 0.0600
  endloop
 endfacet
 facet normal 0.00000 0.00000 -1.00000
  outer loop
   vertex 1.7600 0.0000 0.0600
   vertex 1.6400 3.2000 0.0600
   vertex 1.7600 3.2000 0.0600
  endloop
 endfacet
 facet normal 1.00000 0.00000 0.00000
  outer loop
   vertex 1.6400 0.0000 0.0600
   vertex 1.6400 0.0000 -0.0600
   vertex 1.6400 3.2000 -0.0600
  endloop
 endfacet
 facet normal 1.00000 0.00000 0.00000
  outer loop
   vertex 1.6400 0.0000 0.0600
   vertex 1.6400 3.2000 -0.0600
   vertex 1.6400 3.2000 0.0600
  endloop
 endfacet
 facet normal -1.00000 0.00000 0.00000
  outer loop
   vertex 1.7600 0.0000 -0.0600
   vertex 1.7600 0.0000 0.0600
   vertex 1.7600 3.2000 0.0600
  endloop
 endfacet
 facet normal -1.00000 0.00000 0.00000
  outer loop
   vertex 1.7600 0.0000 -0.0600
   vertex 1.7600 3.2000 0.0600
   vertex 1.7600 3.2000 -0.0600
  endloop
 endfacet
 facet normal 0.00000 -1.00000 0.00000
  outer loop
   vertex 1.6400 3.2000 -0.0600
   vertex 1.7600 3.2000 -0.0600
   vertex 1.7600 3.2000 0.0600
  endloop
 endfacet
 facet normal 0.00000 -1.00000 0.00000
  outer loop
   vertex 1.6400 3.2000 -0.0600
   vertex 1.7600 3.2000 0.0600
   vertex 1.6400 3.2000 0.0600
  endloop
 endfacet
 facet normal 0.00000 1.00000 0.00000
  outer loop
   vertex 1.6400 0.0000 0.0600
   vertex 1.7600 0.0000 0.0600
   vertex 1.7600 0.0000 -0.0600
  endloop
 endfacet
 facet normal 0.00000 1.00000 0.00000
  outer loop
   vertex 1.6400 0.0000 0.0600
   vertex 1.7600 0.0000 -0.0600
   vertex 1.6400 0.0000 -0.0600
  endloop
 endfacet
 facet normal 0.00000 0.00000 1.00000
  outer loop
   vertex 1.5500 3.0900 -0.1500
   vertex 1.8500 3.0900 -0.1500
   vertex 1.8500 3.2100 -0.1500
  endloop
 endfacet
 facet normal 0.00000 0.00000 1.00000
  outer loop
   vertex 1.5500 3.0900 -0.1500
   vertex 1.8500 3.2100 -0.1500
   vertex 1.5500 3.2100 -0.1500
  endloop
 endfacet
 facet normal 0.00000 0.00000 -1.00000
  outer loop
   vertex 1.8500 3.0900 0.1500
   vertex 1.5500 3.0900 0.1500
   vertex 1.5500 3.2100 0.1500
  endloop
 endfacet
 facet normal 0.00000 0.00000 -1.00000
  outer loop
   vertex 1.8500 3.0900 0.1500
   vertex 1.5500 3.2100 0.1500
   vertex 1.8500 3.2100 0.1500
  endloop
 endfacet
 facet normal 1.00000 0.00000 0.00000
  outer loop
   vertex 1.5500 3.0900 0.1500
   vertex 1.5500 3.0900 -0.1500
   vertex 1.5500 3.2100 -0.1500
  endloop
 endfacet
 facet normal 1.00000 0.00000 0.00000
  outer loop
   vertex 1.5500 3.0900 0.1500
   vertex 1.5500 3.2100 -0.1500
   vertex 1.5500 3.2100 0.1500
  endloop
 endfacet
 facet normal -1.00000 0.00000 0.00000
  outer loop
   vertex 1.8500 3.0900 -0.1500
   vertex 1.8500 3.0900 0.1500
   vertex 1.8500 3.2100 0.1500
  endloop
 endfacet
 facet normal -1.00000 0.00000 0.00000
  outer loop
   vertex 1.8500 3.0900 -0.1500
   vertex 1.8500 3.2100 0.1500
   vertex 1.8500 3.2100 -0.1500
  endloop
 endfacet
 facet normal 0.00000 -1.00000 0.00000
  outer loop
   vertex 1.5500 3.2100 -0.1500
   vertex 1.8500 3.2100 -0.1500
   vertex 1.8500 3.2100 0.1500
  endloop
 endfacet
 facet normal 0.00000 -1.00000 0.00000
  outer loop
   vertex 1.5500 3.2100 -0.1500
   vertex 1.8500 3.2100 0.1500
   vertex 1.5500 3.2100 0.1500
  endloop
 endfacet
 facet normal 0.00000 1.00000 0.00000
  outer loop
   vertex 1.5500 3.0900 0.1500
   vertex 1.8500 3.0900 0.1500
   vertex 1.8500 3.0900 -0.1500
  endloop
 endfacet
 facet normal 0.00000 1.00000 0.00000
  outer loop
   vertex 1.5500 3.0900 0.1500
   vertex 1.8500 3.0900 -0.1500
   vertex 1.5500 3.0900 -0.1500
  endloop
 endfacet
 facet normal 0.00000 0.00000 1.00000
  outer loop
   vertex 3.3400 0.0000 -0.0600
   vertex 3.4600 0.0000 -0.0600
   vertex 3.4600 3.2000 -0.0600
  endloop
 endfacet
 facet normal 0.00000 0.00000 1.00000
  outer loop
   vertex 3.3400 0.0000 -0.0600
   vertex 3.4600 3.2000 -0.0600
   vertex 3.3400 3.2000 -0.0600
  endloop
 endfacet
 facet normal 0.00000 0.00000 -1.00000
  outer loop
   vertex 3.4600 0.0000 0.0600
   vertex 3.3400 0.0000 0.0600
   vertex 3.3400 3.2000 0.0600
  endloop
 endfacet
 facet normal 0.00000 0.00000 -1.00000
  outer loop
   vertex 3.4600 0.0000 0.0600
   vertex 3.3400 3.2000 0.0600
   vertex 3.4600 3.2000 0.0600
  endloop
 endfacet
 facet normal 1.00000 0.00000 0.00000
  outer loop
   vertex 3.3400 0.0000 0.0600
   vertex 3.3400 0.0000 -0.0600
   vertex 3.3400 3.2000 -0.0600
  endloop
 endfacet
 facet normal 1.00000 0.00000 0.00000
  outer loop
   vertex 3.3400 0.0000 0.0600
   vertex 3.3400 3.2000 -0.0600
   vertex 3.3400 3.2000 0.0600
  endloop
 endfacet
 facet normal -1.00000 0.00000 0.00000
  outer loop
   vertex 3.4600 0.0000 -0.0600
   vertex 3.4600 0.0000 0.0600
   vertex 3.4600 3.2000 0.0600
  endloop
 endfacet
 facet normal -1.00000 0.00000 0.00000
  outer loop
   vertex 3.4600 0.0000 -0.0600
   vertex 3.4600 3.2000 0.0600
   vertex 3.4600 3.2000 -0.0600
  endloop
 endfacet
 facet normal 0.00000 -1.00000 0.00000
  outer loop
   vertex 3.3400 3.2000 -0.0600
   vertex 3.4600 3.2000 -0.0600
   vertex 3.4600 3.2000 0.0600
  endloop
 endfacet
 facet normal 0.00000 -1.00000 0.00000
  outer loop
   vertex 3.3400 3.2000 -0.0600
   vertex 3.4600 3.2000 0.0600
   vertex 3.3400 3.2000 0.0600
  endloop
 endfacet
 facet normal 0.00000 1.00000 0.00000
  outer loop
   vertex 3.3400 0.0000 0.0600
   vertex 3.4600 0.0000 0.0600
   vertex 3.4600 0.0000 -0.0600
  endloop
 endfacet
 facet normal 0.00000 1.00000 0.00000
  outer loop
   vertex 3.3400 0.0000 0.0600
   vertex 3.4600 0.0000 -0.0600
   vertex 3.3400 0.0000 -0.0600
  endloop
 endfacet
 facet normal 0.00000 0.00000 1.00000
  outer loop
   vertex 3.2500 3.0900 -0.1500
   vertex 3.5500 3.0900 -0.1500
   vertex 3.5500 3.2100 -0.1500
  endloop
 endfacet
 facet normal 0.00000 0.00000 1.00000
  outer loop
   vertex 3.2500 3.0900 -0.1500
   vertex 3.5500 3.2100 -0.1500
   vertex 3.2500 3.2100 -0.1500
  endloop
 endfacet
 facet normal 0.00000 0.00000 -1.00000
  outer loop
   vertex 3.5500 3.0900 0.1500
   vertex 3.2500 3.0900 0.1500
   vertex 3.2500 3.2100 0.1500
  endloop
 endfacet
 facet normal 0.00000 0.00000 -1.00000
  outer loop
   vertex 3.5500 3.0900 0.1500
   vertex 3.2500 3.2100 0.1500
   vertex 3.5500 3.2100 0.1500
  endloop
 endfacet
 facet normal 1.00000 0.00000 0.00000
  outer loop
   vertex 3.2500 3.0900 0.1500
   vertex 3.2500 3.0900 -0.1500
   vertex 3.2500 3.2100 -0.1500
  endloop
 endfacet
 facet normal 1.00000 0.00000 0.00000
  outer loop
   vertex 3.2500 3.0900 0.1500
   vertex 3.2500 3.2100 -0.1500
   vertex 3.2500 3.2100 0.1500
  endloop
 endfacet
 facet normal -1.00000 0.00000 0.00000
  outer loop
   vertex 3.5500 3.0900 -0.1500
   vertex 3.5500 3.0900 0.1500
   vertex 3.5500 3.2100 0.1500
  endloop
 endfacet
 facet normal -1.00000 0.00000 0.00000
  outer loop
   vertex 3.5500 3.0900 -0.1500
   vertex 3.5500 3.2100 0.1500
   vertex 3.5500 3.2100 -0.1500
  endloop
 endfacet
 facet normal 0.00000 -1.00000 0.00000
  outer loop
   vertex 3.2500 3.2100 -0.1500
   vertex 3.5500 3.2100 -0.1500
   vertex 3.5500 3.2100 0.1500
  endloop
 endfacet
 facet normal 0.00000 -1.00000 0.00000
  outer loop
   vertex 3.2500 3.2100 -0.1500
   vertex 3.5500 3.2100 0.1500
   vertex 3.2500 3.2100 0.1500
  endloop
 endfacet
 facet normal 0.00000 1.00000 0.00000
  outer loop
   vertex 3.2500 3.0900 0.1500
   vertex 3.5500 3.0900 0.1500
   vertex 3.5500 3.0900 -0.1500
  endloop
 endfacet
 facet normal 0.00000 1.00000 0.00000
  outer loop
   vertex 3.2500 3.0900 0.1500
   vertex 3.5500 3.0900 -0.1500
   vertex 3.2500 3.0900 -0.1500
  endloop
 endfacet
 facet normal 0.00000 0.00000 1.00000
  outer loop
   vertex 5.0400 0.0000 -0.0600
   vertex 5.1600 0.0000 -0.0600
   vertex 5.1600 3.2000 -0.0600
  endloop
 endfacet
 facet normal 0.00000 0.00000 1.00000
  outer loop
   vertex 5.0400 0.0000 -0.0600
   vertex 5.1600 3.2000 -0.0600
   vertex 5.0400 3.2000 -0.0600
  endloop
 endfacet
 facet normal 0.00000 0.00000 -1.00000
  outer loop
   vertex 5.1600 0.0000 0.0600
   vertex 5.0400 0.0000 0.0600
   vertex 5.0400 3.2000 0.0600
  endloop
 endfacet
 facet normal 0.00000 0.00000 -1.00000
  outer loop
   vertex 5.1600 0.0000 0.0600
   vertex 5.0400 3.2000 0.0600
   vertex 5.1600 3.2000 0.0600
  endloop
 endfacet
 facet normal 1.00000 0.00000 0.00000
  outer loop
   vertex 5.0400 0.0000 0.0600
   vertex 5.0400 0.0000 -0.0600
   vertex 5.0400 3.2000 -0.0600
  endloop
 endfacet
 facet normal 1.00000 0.00000 0.00000
  outer loop
   vertex 5.0400 0.0000 0.0600
   vertex 5.0400 3.2000 -0.0600
   vertex 5.0400 3.2000 0.0600
  endloop
 endfacet
 facet normal -1.00000 0.00000 0.00000
  outer loop
   vertex 5.1600 0.0000 -0.0600
   vertex 5.1600 0.0000 0.0600
   vertex 5.1600 3.2000 0.0600
  endloop
 endfacet
 facet normal -1.00000 0.00000 0.00000
  outer loop
   vertex 5.1600 0.0000 -0.0600
   vertex 5.1600 3.2000 0.0600
   vertex 5.1600 3.2000 -0.0600
  endloop
 endfacet
 facet normal 0.00000 -1.00000 0.00000
  outer loop
   vertex 5.0400 3.2000 -0.0600
   vertex 5.1600 3.2000 -0.0600
   vertex 5.1600 3.2000 0.0600
  endloop
 endfacet
 facet normal 0.00000 -1.00000 0.00000
  outer loop
   vertex 5.0400 3.2000 -0.0600
   vertex 5.1600 3.2000 0.0600
   vertex 5.0400 3.2000 0.0600
  endloop
 endfacet
 facet normal 0.00000 1.00000 0.00000
  outer loop
   vertex 5.0400 0.0000 0.0600
   vertex 5.1600 0.0000 0.0600
   vertex 5.1600 0.0000 -0.0600
  endloop
 endfacet
 facet normal 0.00000 1.00000 0.00000
  outer loop
   vertex 5.0400 0.0000 0.0600
   vertex 5.1600 0.0000 -0.0600
   vertex 5.0400 0.0000 -0.0600
  endloop
 endfacet
 facet normal 0.00000 0.00000 1.00000
  outer loop
   vertex 4.9500 3.0900 -0.1500
   vertex 5.2500 3.0900 -0.1500
   vertex 5.2500 3.2100 -0.1500
  endloop
 endfacet
 facet normal 0.00000 0.00000 1.00000
  outer loop
   vertex 4.9500 3.0900 -0.1500
   vertex 5.2500 3.2100 -0.1500
   vertex 4.9500 3.2100 -0.1500
  endloop
 endfacet
 facet normal 0.00000 0.00000 -1.00000
  outer loop
   vertex 5.2500 3.0900 0.1500
   vertex 4.9500 3.0900 0.1500
   vertex 4.9500 3.2100 0.1500
  endloop
 endfacet
 facet normal 0.00000 0.00000 -1.00000
  outer loop
   vertex 5.2500 3.0900 0.1500
   vertex 4.9500 3.2100 0.1500
   vertex 5.2500 3.2100 0.1500
  endloop
 endfacet
 facet normal 1.00000 0.00000 0.00000
  outer loop
   vertex 4.9500 3.0900 0.1500
   vertex 4.9500 3.0900 -0.1500
   vertex 4.9500 3.2100 -0.1500
  endloop
 endfacet
 facet normal 1.00000 0.00000 0.00000
  outer loop
   vertex 4.9500 3.0900 0.1500
   vertex 4.9500 3.2100 -0.1500
   vertex 4.9500 3.2100 0.1500
  endloop
 endfacet
 facet normal -1.00000 0.00000 0.00000
  outer loop
   vertex 5.2500 3.0900 -0.1500
   vertex 5.2500 3.0900 0.1500
   vertex 5.2500 3.2100 0.1500
  endloop
 endfacet
 facet normal -1.00000 0.00000 0.00000
  outer loop
   vertex 5.2500 3.0900 -0.1500
   vertex 5.2500 3.2100 0.1500
   vertex 5.2500 3.2100 -0.1500
  endloop
 endfacet
 facet normal 0.00000 -1.00000 0.00000
  outer loop
   vertex 4.9500 3.2100 -0.1500
   vertex 5.2500 3.2100 -0.1500
   vertex 5.2500 3.2100 0.1500
  endloop
 endfacet
 facet normal 0.00000 -1.00000 0.00000
  outer loop
   vertex 4.9500 3.2100 -0.1500
   vertex 5.2500 3.2100 0.1500
   vertex 4.9500 3.2100 0.1500
  endloop
 endfacet
 facet normal 0.00000 1.00000 0.00000
  outer loop
   vertex 4.9500 3.0900 0.1500
   vertex 5.2500 3.0900 0.1500
   vertex 5.2500 3.0900 -0.1500
  endloop
 endfacet
 facet normal 0.00000 1.00000 0.00000
  outer loop
   vertex 4.9500 3.0900 0.1500
   vertex 5.2500 3.0900 -0.1500
   vertex 4.9500 3.0900 -0.1500
  endloop
 endfacet
 facet normal 0.00000 0.00000 1.00000
  outer loop
   vertex 6.7400 0.0000 -0.0600
   vertex 6.8600 0.0000 -0.0600
   vertex 6.8600 3.2000 -0.0600
  endloop
 endfacet
 facet normal 0.00000 0.00000 1.00000
  outer loop
   vertex 6.7400 0.0000 -0.0600
   vertex 6.8600 3.2000 -0.0600
   vertex 6.7400 3.2000 -0.0600
  endloop
 endfacet
 facet normal 0.00000 0.00000 -1.00000
  outer loop
   vertex 6.8600 0.0000 0.0600
   vertex 6.7400 0.0000 0.0600
   vertex 6.7400 3.2000 0.0600
  endloop
 endfacet
 facet normal 0.00000 0.00000 -1.00000
  outer loop
   vertex 6.8600 0.0000 0.0600
   vertex 6.7400 3.2000 0.0600
   vertex 6.8600 3.2000 0.0600
  endloop
 endfacet
 facet normal 1.00000 0.00000 0.00000
  outer loop
   vertex 6.7400 0.0000 0.0600
   vertex 6.7400 0.0000 -0.0600
   vertex 6.7400 3.2000 -0.0600
  endloop
 endfacet
 facet normal 1.00000 0.00000 0.00000
  outer loop
   vertex 6.7400 0.0000 0.0600
   vertex 6.7400 3.2000 -0.0600
   vertex 6.7400 3.2000 0.0600
  endloop
 endfacet
 facet normal -1.00000 0.00000 0.00000
  outer loop
   vertex 6.8600 0.0000 -0.0600
   vertex 6.8600 0.0000 0.0600
   vertex 6.8600 3.2000 0.0600
  endloop
 endfacet
 facet normal -1.00000 0.00000 0.00000
  outer loop
   vertex 6.8600 0.0000 -0.0600
   vertex 6.8600 3.2000 0.0600
   vertex 6.8600 3.2000 -0.0600
  endloop
 endfacet
 facet normal 0.00000 -1.00000 0.00000
  outer loop
   vertex 6.7400 3.2000 -0.0600
   vertex 6.8600 3.2000 -0.0600
   vertex 6.8600 3.2000 0.0600
  endloop
 endfacet
 facet normal 0.00000 -1.00000 0.00000
  outer loop
   vertex 6.7400 3.2000 -0.0600
   vertex 6.8600 3.2000 0.0600
   vertex 6.7400 3.2000 0.0600
  endloop
 endfacet
 facet normal 0.00000 1.00000 0.00000
  outer loop
   vertex 6.7400 0.0000 0.0600
   vertex 6.8600 0.0000 0.0600
   vertex 6.8600 0.0000 -0.0600
  endloop
 endfacet
 facet normal 0.00000 1.00000 0.00000
  outer loop
   vertex 6.7400 0.0000 0.0600
   vertex 6.8600 0.0000 -0.0600
   vertex 6.7400 0.0000 -0.0600
  endloop
 endfacet
 facet normal 0.00000 0.00000 1.00000
  outer loop
   vertex 6.6500 3.0900 -0.1500
   vertex 6.9500 3.0900 -0.1500
   vertex 6.9500 3.2100 -0.1500
  endloop
 endfacet
 facet normal 0.00000 0.00000 1.00000
  outer loop
   vertex 6.6500 3.0900 -0.1500
   vertex 6.9500 3.2100 -0.1500
   vertex 6.6500 3.2100 -0.1500
  endloop
 endfacet
 facet normal 0.00000 0.00000 -1.00000
  outer loop
   vertex 6.9500 3.0900 0.1500
   vertex 6.6500 3.0900 0.1500
   vertex 6.6500 3.2100 0.1500
  endloop
 endfacet
 facet normal 0.00000 0.00000 -1.00000
  outer loop
   vertex 6.9500 3.0900 0.1500
   vertex 6.6500 3.2100 0.1500
   vertex 6.9500 3.2100 0.1500
  endloop
 endfacet
 facet normal 1.00000 0.00000 0.00000
  outer loop
   vertex 6.6500 3.0900 0.1500
   vertex 6.6500 3.0900 -0.1500
   vertex 6.6500 3.2100 -0.1500
  endloop
 endfacet
 facet normal 1.00000 0.00000 0.00000
  outer loop
   vertex 6.6500 3.0900 0.1500
   vertex 6.6500 3.2100 -0.1500
   vertex 6.6500 3.2100 0.1500
  endloop
 endfacet
 facet normal -1.00000 0.00000 0.00000
  outer loop
   vertex 6.9500 3.0900 -0.1500
   vertex 6.9500 3.0900 0.1500
   vertex 6.9500 3.2100 0.1500
  endloop
 endfacet
 facet normal -1.00000 0.00000 0.00000
  outer loop
   vertex 6.9500 3.0900 -0.1500
   vertex 6.9500 3.2100 0.1500
   vertex 6.9500 3.2100 -0.1500
  endloop
 endfacet
 facet normal 0.00000 -1.00000 0.00000
  outer loop
   vertex 6.6500 3.2100 -0.1500
   vertex 6.9500 3.2100 -0.1500
   vertex 6.9500 3.2100 0.1500
  endloop
 endfacet
 facet normal 0.00000 -1.00000 0.00000
  outer loop
   vertex 6.6500 3.2100 -0.1500
   vertex 6.9500 3.2100 0.1500
   vertex 6.6500 3.2100 0.1500
  endloop
 endfacet
 facet normal 0.00000 1.00000 0.00000
  outer loop
   vertex 6.6500 3.0900 0.1500
   vertex 6.9500 3.0900 0.1500
   vertex 6.9500 3.0900 -0.1500
  endloop
 endfacet
 facet normal 0.00000 1.00000 0.00000
  outer loop
   vertex 6.6500 3.0900 0.1500
   vertex 6.9500 3.0900 -0.1500
   vertex 6.6500 3.0900 -0.1500
  endloop
 endfacet
 facet normal 0.00000 0.00000 1.00000
  outer loop
   vertex 8.4400 0.0000 -0.0600
   vertex 8.5600 0.0000 -0.0600
   vertex 8.5600 3.2000 -0.0600
  endloop
 endfacet
 facet normal 0.00000 0.00000 1.00000
  outer loop
   vertex 8.4400 0.0000 -0.0600
   vertex 8.5600 3.2000 -0.0600
   vertex 8.4400 3.2000 -0.0600
  endloop
 endfacet
 facet normal 0.00000 0.00000 -1.00000
  outer loop
   vertex 8.5600 0.0000 0.0600
   vertex 8.4400 0.0000 0.0600
   vertex 8.4400 3.2000 0.0600
  endloop
 endfacet
 facet normal 0.00000 0.00000 -1.00000
  outer loop
   vertex 8.5600 0.0000 0.0600
   vertex 8.4400 3.2000 0.0600
   vertex 8.5600 3.2000 0.0600
  endloop
 endfacet
 facet normal 1.00000 0.00000 0.00000
  outer loop
   vertex 8.4400 0.0000 0.0600
   vertex 8.4400 0.0000 -0.0600
   vertex 8.4400 3.2000 -0.0600
  endloop
 endfacet
 facet normal 1.00000 0.00000 0.00000
  outer loop
   vertex 8.4400 0.0000 0.0600
   vertex 8.4400 3.2000 -0.0600
   vertex 8.4400 3.2000 0.0600
  endloop
 endfacet
 facet normal -1.00000 0.00000 0.00000
  outer loop
   vertex 8.5600 0.0000 -0.0600
   vertex 8.5600 0.0000 0.0600
   vertex 8.5600 3.2000 0.0600
  endloop
 endfacet
 facet normal -1.00000 0.00000 0.00000
  outer loop
   vertex 8.5600 0.0000 -0.0600
   vertex 8.5600 3.2000 0.0600
   vertex 8.5600 3.2000 -0.0600
  endloop
 endfacet
 facet normal 0.00000 -1.00000 0.00000
  outer loop
   vertex 8.4400 3.2000 -0.0600
   vertex 8.5600 3.2000 -0.0600
   vertex 8.5600 3.2000 0.0600
  endloop
 endfacet
 facet normal 0.00000 -1.00000 0.00000
  outer loop
   vertex 8.4400 3.2000 -0.0600
   vertex 8.5600 3.2000 0.0600
   vertex 8.4400 3.2000 0.0600
  endloop
 endfacet
 facet normal 0.00000 1.00000 0.00000
  outer loop
   vertex 8.4400 0.0000 0.0600
   vertex 8.5600 0.0000 0.0600
   vertex 8.5600 0.0000 -0.0600
  endloop
 endfacet
 facet normal 0.00000 1.00000 0.00000
  outer loop
   vertex 8.4400 0.0000 0.0600
   vertex 8.5600 0.0000 -0.0600
   vertex 8.4400 0.0000 -0.0600
  endloop
 endfacet
 facet normal 0.00000 0.00000 1.00000
  outer loop
   vertex 8.3500 3.0900 -0.1500
   vertex 8.6500 3.0900 -0.1500
   vertex 8.6500 3.2100 -0.1500
  endloop
 endfacet
 facet normal 0.00000 0.00000 1.00000
  outer loop
   vertex 8.3500 3.0900 -0.1500
   vertex 8.6500 3.2100 -0.1500
   vertex 8.3500 3.2100 -0.1500
  endloop
 endfacet
 facet normal 0.00000 0.00000 -1.00000
  outer loop
   vertex 8.6500 3.0900 0.1500
   vertex 8.3500 3.0900 0.1500
   vertex 8.3500 3.2100 0.1500
  endloop
 endfacet
 facet normal 0.00000 0.00000 -1.00000
  outer loop
   vertex 8.6500 3.0900 0.1500
   vertex 8.3500 3.2100 0.1500
   vertex 8.6500 3.2100 0.1500
  endloop
 endfacet
 facet normal 1.00000 0.00000 0.00000
  outer loop
   vertex 8.3500 3.0900 0.1500
   vertex 8.3500 3.0900 -0.1500
   vertex 8.3500 3.2100 -0.1500
  endloop
 endfacet
 facet normal 1.00000 0.00000 0.00000
  outer loop
   vertex 8.3500 3.0900 0.1500
   vertex 8.3500 3.2100 -0.1500
   vertex 8.3500 3.2100 0.1500
  endloop
 endfacet
 facet normal -1.00000 0.00000 0.00000
  outer loop
   vertex 8.6500 3.0900 -0.1500
   vertex 8.6500 3.0900 0.1500
   vertex 8.6500 3.2100 0.1500
  endloop
 endfacet
 facet normal -1.00000 0.00000 0.00000
  outer loop
   vertex 8.6500 3.0900 -0.1500
   vertex 8.6500 3.2100 0.1500
   vertex 8.6500 3.2100 -0.1500
  endloop
 endfacet
 facet normal 0.00000 -1.00000 0.00000
  outer loop
   vertex 8.3500 3.2100 -0.1500
   vertex 8.6500 3.2100 -0.1500
   vertex 8.6500 3.2100 0.1500
  endloop
 endfacet
 facet normal 0.00000 -1.00000 0.00000
  outer loop
   vertex 8.3500 3.2100 -0.1500
   vertex 8.6500 3.2100 0.1500
   vertex 8.3500 3.2100 0.1500
  endloop
 endfacet
 facet normal 0.00000 1.00000 0.00000
  outer loop
   vertex 8.3500 3.0900 0.1500
   vertex 8.6500 3.0900 0.1500
   vertex 8.6500 3.0900 -0.1500
  endloop
 endfacet
 facet normal 0.00000 1.00000 0.00000
  outer loop
   vertex 8.3500 3.0900 0.1500
   vertex 8.6500 3.0900 -0.1500
   vertex 8.3500 3.0900 -0.1500
  endloop
 endfacet
 facet normal 0.00000 0.00000 1.00000
  outer loop
   vertex -9.0000 0.6650 -0.0400
   vertex 9.0000 0.6650 -0.0400
   vertex 9.0000 0.7350 -0.0400
  endloop
 endfacet
 facet normal 0.00000 0.00000 1.00000
  outer loop
   vertex -9.0000 0.6650 -0.0400
   vertex 9.0000 0.7350 -0.0400
   vertex -9.0000 0.7350 -0.0400
  endloop
 endfacet
 facet normal 0.00000 0.00000 -1.00000
  outer loop
   vertex 9.0000 0.6650 0.0400
   vertex -9.0000 0.6650 0.0400
   vertex -9.0000 0.7350 0.0400
  endloop
 endfacet
 facet normal 0.00000 0.00000 -1.00000
  outer loop
   vertex 9.0000 0.6650 0.0400
   vertex -9.0000 0.7350 0.0400
   vertex 9.0000 0.7350 0.0400
  endloop
 endfacet
 facet normal 1.00000 0.00000 0.00000
  outer loop
   vertex -9.0000 0.6650 0.0400
   vertex -9.0000 0.6650 -0.0400
   vertex -9.0000 0.7350 -0.0400
  endloop
 endfacet
 facet normal 1.00000 0.00000 0.00000
  outer loop
   vertex -9.0000 0.6650 0.0400
   vertex -9.0000 0.7350 -0.0400
   vertex -9.0000 0.7350 0.0400
  endloop
 endfacet
 facet normal -1.00000 0.00000 0.00000
  outer loop
   vertex 9.0000 0.6650 -0.0400
   vertex 9.0000 0.6650 0.0400
   vertex 9.0000 0.7350 0.0400
  endloop
 endfacet
 facet normal -1.00000 0.00000 0.00000
  outer loop
   vertex 9.0000 0.6650 -0.0400
   vertex 9.0000 0.7350 0.0400
   vertex 9.0000 0.7350 -0.0400
  endloop
 endfacet
 facet normal 0.00000 -1.00000 0.00000
  outer loop
   vertex -9.0000 0.7350 -0.0400
   vertex 9.0000 0.7350 -0.0400
   vertex 9.0000 0.7350 0.0400
  endloop
 endfacet
 facet normal 0.00000 -1.00000 0.00000
  outer loop
   vertex -9.0000 0.7350 -0.0400
   vertex 9.0000 0.7350 0.0400
   vertex -9.0000 0.7350 0.0400
  endloop
 endfacet
 facet normal 0.00000 1.00000 0.00000
  outer loop
   vertex -9.0000 0.6650 0.0400
   vertex 9.0000 0.6650 0.0400
   vertex 9.0000 0.6650 -0.0400
  endloop
 endfacet
 facet normal 0.00000 1.00000 0.00000
  outer loop
   vertex -9.0000 0.6650 0.0400
   vertex 9.0000 0.6650 -0.0400
   vertex -9.0000 0.6650 -0.0400
  endloop
 endfacet
 facet normal 0.00000 0.00000 1.00000
  outer loop
   vertex -9.0000 1.4650 -0.0400
   vertex 9.0000 1.4650 -0.0400
   vertex 9.0000 1.5350 -0.0400
  endloop
 endfacet
 facet normal 0.00000 0.00000 1.00000
  outer loop
   vertex -9.0000 1.4650 -0.0400
   vertex 9.0000 1.5350 -0.0400
   vertex -9.0000 1.5350 -0.0400
  endloop
 endfacet
 facet normal 0.00000 0.00000 -1.00000
  outer loop
   vertex 9.0000 1.4650 0.0400
   vertex -9.0000 1.4650 0.0400
   vertex -9.0000 1.5350 0.0400
  endloop
 endfacet
 facet normal 0.00000 0.00000 -1.00000
  outer loop
   vertex 9.0000 1.4650 0.0400
   vertex -9.0000 1.5350 0.0400
   vertex 9.0000 1.5350 0.0400
  endloop
 endfacet
 facet normal 1.00000 0.00000 0.00000
  outer loop
   vertex -9.0000 1.4650 0.0400
   vertex -9.0000 1.4650 -0.0400
   vertex -9.0000 1.5350 -0.0400
  endloop
 endfacet
 facet normal 1.00000 0.00000 0.00000
  outer loop
   vertex -9.0000 1.4650 0.0400
   vertex -9.0000 1.5350 -0.0400
   vertex -9.0000 1.5350 0.0400
  endloop
 endfacet
 facet normal -1.00000 0.00000 0.00000
  outer loop
   vertex 9.0000 1.4650 -0.0400
   vertex 9.0000 1.4650 0.0400
   vertex 9.0000 1.5350 0.0400
  endloop
 endfacet
 facet normal -1.00000 0.00000 0.00000
  outer loop
   vertex 9.0000 1.4650 -0.0400
   vertex 9.0000 1.5350 0.0400
   vertex 9.0000 1.5350 -0.0400
  endloop
 endfacet
 facet normal 0.00000 -1.00000 0.00000
  outer loop
   vertex -9.0000 1.5350 -0.0400
   vertex 9.0000 1.5350 -0.0400
   vertex 9.0000 1.5350 0.0400
  endloop
 endfacet
 facet normal 0.00000 -1.00000 0.00000
  outer loop
   vertex -9.0000 1.5350 -0.0400
   vertex 9.0000 1.5350 0.0400
   vertex -9.0000 1.5350 0.0400
  endloop
 endfacet
 facet normal 0.00000 1.00000 0.00000
  outer loop
   vertex -9.0000 1.4650 0.0400
   vertex 9.0000 1.4650 0.0400
   vertex 9.0000 1.4650 -0.0400
  endloop
 endfacet
 facet normal 0.00000 1.00000 0.00000
  outer loop
   vertex -9.0000 1.4650 0.0400
   vertex 9.0000 1.4650 -0.0400
   vertex -9.0000 1.4650 -0.0400
  endloop
 endfacet
 facet normal 0.00000 0.00000 1.00000
  outer loop
   vertex -9.0000 2.2650 -0.0400
   vertex 9.0000 2.2650 -0.0400
   vertex 9.0000 2.3350 -0.0400
  endloop
 endfacet
 facet normal 0.00000 0.00000 1.00000
  outer loop
   vertex -9.0000 2.2650 -0.0400
   vertex 9.0000 2.3350 -0.0400
   vertex -9.0000 2.3350 -0.0400
  endloop
 endfacet
 facet normal 0.00000 0.00000 -1.00000
  outer loop
   vertex 9.0000 2.2650 0.0400
   vertex -9.0000 2.2650 0.0400
   vertex -9.0000 2.3350 0.0400
  endloop
 endfacet
 facet normal 0.00000 0.00000 -1.00000
  outer loop
   vertex 9.0000 2.2650 0.0400
   vertex -9.0000 2.3350 0.0400
   vertex 9.0000 2.3350 0.0400
  endloop
 endfacet
 facet normal 1.00000 0.00000 0.00000
  outer loop
   vertex -9.0000 2.2650 0.0400
   vertex -9.0000 2.2650 -0.0400
   vertex -9.0000 2.3350 -0.0400
  endloop
 endfacet
 facet normal 1.00000 0.00000 0.00000
  outer loop
   vertex -9.0000 2.2650 0.0400
   vertex -9.0000 2.3350 -0.0400
   vertex -9.0000 2.3350 0.0400
  endloop
 endfacet
 facet normal -1.00000 0.00000 0.00000
  outer loop
   vertex 9.0000 2.2650 -0.0400
   vertex 9.0000 2.2650 0.0400
   vertex 9.0000 2.3350 0.0400
  endloop
 endfacet
 facet normal -1.00000 0.00000 0.00000
  outer loop
   vertex 9.0000 2.2650 -0.0400
   vertex 9.0000 2.3350 0.0400
   vertex 9.0000 2.3350 -0.0400
  endloop
 endfacet
 facet normal 0.00000 -1.00000 0.00000
  outer loop
   vertex -9.0000 2.3350 -0.0400
   vertex 9.0000 2.3350 -0.0400
   vertex 9.0000 2.3350 0.0400
  endloop
 endfacet
 facet normal 0.00000 -1.00000 0.00000
  outer loop
   vertex -9.0000 2.3350 -0.0400
   vertex 9.0000 2.3350 0.0400
   vertex -9.0000 2.3350 0.0400
  endloop
 endfacet
 facet normal 0.00000 1.00000 0.00000
  outer loop
   vertex -9.0000 2.2650 0.0400
   vertex 9.0000 2.2650 0.0400
   vertex 9.0000 2.2650 -0.0400
  endloop
 endfacet
 facet normal 0.00000 1.00000 0.00000
  outer loop
   vertex -9.0000 2.2650 0.0400
   vertex 9.0000 2.2650 -0.0400
   vertex -9.0000 2.2650 -0.0400
  endloop
 endfacet
 facet normal 0.00000 0.00000 1.00000
  outer loop
   vertex -9.0000 2.9650 -0.0400
   vertex 9.0000 2.9650 -0.0400
   vertex 9.0000 3.0350 -0.0400
  endloop
 endfacet
 facet normal 0.00000 0.00000 1.00000
  outer loop
   vertex -9.0000 2.9650 -0.0400
   vertex 9.0000 3.0350 -0.0400
   vertex -9.0000 3.0350 -0.0400
  endloop
 endfacet
 facet normal 0.00000 0.00000 -1.00000
  outer loop
   vertex 9.0000 2.9650 0.0400
   vertex -9.0000 2.9650 0.0400
   vertex -9.0000 3.0350 0.0400
  endloop
 endfacet
 facet normal 0.00000 0.00000 -1.00000
  outer loop
   vertex 9.0000 2.9650 0.0400
   vertex -9.0000 3.0350 0.0400
   vertex 9.0000 3.0350 0.0400
  endloop
 endfacet
 facet normal 1.00000 0.00000 0.00000
  outer loop
   vertex -9.0000 2.9650 0.0400
   vertex -9.0000 2.9650 -0.0400
   vertex -9.0000 3.0350 -0.0400
  endloop
 endfacet
 facet normal 1.00000 0.00000 0.00000
  outer loop
   vertex -9.0000 2.9650 0.0400
   vertex -9.0000 3.0350 -0.0400
   vertex -9.0000 3.0350 0.0400
  endloop
 endfacet
 facet normal -1.00000 0.00000 0.00000
  outer loop
   vertex 9.0000 2.9650 -0.0400
   vertex 9.0000 2.9650 0.0400
   vertex 9.0000 3.0350 0.0400
  endloop
 endfacet
 facet normal -1.00000 0.00000 0.00000
  outer loop
   vertex 9.0000 2.9650 -0.0400
   vertex 9.0000 3.0350 0.0400
   vertex 9.0000 3.0350 -0.0400
  endloop
 endfacet
 facet normal 0.00000 -1.00000 0.00000
  outer loop
   vertex -9.0000 3.0350 -0.0400
   vertex 9.0000 3.0350 -0.0400
   vertex 9.0000 3.0350 0.0400
  endloop
 endfacet
 facet normal 0.00000 -1.00000 0.00000
  outer loop
   vertex -9.0000 3.0350 -0.0400
   vertex 9.0000 3.0350 0.0400
   vertex -9.0000 3.0350 0.0400
  endloop
 endfacet
 facet normal 0.00000 1.00000 0.00000
  outer loop
   vertex -9.0000 2.9650 0.0400
   vertex 9.0000 2.9650 0.0400
   vertex 9.0000 2.9650 -0.0400
  endloop
 endfacet
 facet normal 0.00000 1.00000 0.00000
  outer loop
   vertex -9.0000 2.9650 0.0400
   vertex 9.0000 2.9650 -0.0400
   vertex -9.0000 2.9650 -0.0400
  endloop
 endfacet
 facet normal 0.30680 -0.30680 0.90097
  outer loop
   vertex -9.0000 3.1500 -0.0450
   vertex -8.9807 3.1307 -0.0582
   vertex -8.5807 3.5307 -0.0582
  endloop
 endfacet
 facet normal 0.30680 -0.30680 0.90097
  outer loop
   vertex -9.0000 3.1500 -0.0450
   vertex -8.5807 3.5307 -0.0582
   vertex -8.6000 3.5500 -0.0450
  endloop
 endfacet
 facet normal -0.70711 -0.70711 0.00000
  outer loop
   vertex -9.0000 3.1500 -0.0800
   vertex -8.9807 3.1307 -0.0582
   vertex -9.0000 3.1500 -0.0450
  endloop
 endfacet
 facet normal 0.70711 0.70711 0.00000
  outer loop
   vertex -8.6000 3.5500 -0.0800
   vertex -8.6000 3.5500 -0.0450
   vertex -8.5807 3.5307 -0.0582
  endloop
 endfacet
 facet normal 0.68938 -0.68938 0.22252
  outer loop
   vertex -8.9807 3.1307 -0.0582
   vertex -8.9759 3.1259 -0.0878
   vertex -8.5759 3.5259 -0.0878
  endloop
 endfacet
 facet normal 0.68938 -0.68938 0.22252
  outer loop
   vertex -8.9807 3.1307 -0.0582
   vertex -8.5759 3.5259 -0.0878
   vertex -8.5807 3.5307 -0.0582
  endloop
 endfacet
 facet normal -0.70711 -0.70711 0.00000
  outer loop
   vertex -9.0000 3.1500 -0.0800
   vertex -8.9759 3.1259 -0.0878
   vertex -8.9807 3.1307 -0.0582
  endloop
 endfacet
 facet normal 0.70711 0.70711 -0.00000
  outer loop
   vertex -8.6000 3.5500 -0.0800
   vertex -8.5807 3.5307 -0.0582
   vertex -8.5759 3.5259 -0.0878
  endloop
 endfacet
 facet normal 0.55284 -0.55284 -0.62349
  outer loop
   vertex -8.9759 3.1259 -0.0878
   vertex -8.9893 3.1393 -0.1115
   vertex -8.5893 3.5393 -0.1115
  endloop
 endfacet
 facet normal 0.55284 -0.55284 -0.62349
  outer loop
   vertex -8.9759 3.1259 -0.0878
   vertex -8.5893 3.5393 -0.1115
   vertex -8.5759 3.5259 -0.0878
  endloop
 endfacet
 facet normal -0.70711 -0.70711 -0.00000
  outer loop
   vertex -9.0000 3.1500 -0.0800
   vertex -8.9893 3.1393 -0.1115
   vertex -8.9759 3.1259 -0.0878
  endloop
 endfacet
 facet normal 0.70711 0.70711 0.00000
  outer loop
   vertex -8.6000 3.5500 -0.0800
   vertex -8.5759 3.5259 -0.0878
   vertex -8.5893 3.5393 -0.1115
  endloop
 endfacet
 facet normal 0.00000 0.00000 -1.00000
  outer loop
   vertex -8.9893 3.1393 -0.1115
   vertex -9.0107 3.1607 -0.1115
   vertex -8.6107 3.5607 -0.1115
  endloop
 endfacet
 facet normal 0.00000 0.00000 -1.00000
  outer loop
   vertex -8.9893 3.1393 -0.1115
   vertex -8.6107 3.5607 -0.1115
   vertex -8.5893 3.5393 -0.1115
  endloop
 endfacet
 facet normal -0.70711 -0.70711 0.00000
  outer loop
   vertex -9.0000 3.1500 -0.0800
   vertex -9.0107 3.1607 -0.1115
   vertex -8.9893 3.1393 -0.1115
  endloop
 endfacet
 facet normal 0.70711 0.70711 0.00000
  outer loop
   vertex -8.6000 3.5500 -0.0800
   vertex -8.5893 3.5393 -0.1115
   vertex -8.6107 3.5607 -0.1115
  endloop
 endfacet
 facet normal -0.55284 0.55284 -0.62349
  outer loop
   vertex -9.0107 3.1607 -0.1115
   vertex -9.0241 3.1741 -0.0878
   vertex -8.6241 3.5741 -0.0878
  endloop
 endfacet
 facet normal -0.55284 0.55284 -0.62349
  outer loop
   vertex -9.0107 3.1607 -0.1115
   vertex -8.6241 3.5741 -0.0878
   vertex -8.6107 3.5607 -0.1115
  endloop
 endfacet
 facet normal -0.70711 -0.70711 0.00000
  outer loop
   vertex -9.0000 3.1500 -0.0800
   vertex -9.0241 3.1741 -0.0878
   vertex -9.0107 3.1607 -0.1115
  endloop
 endfacet
 facet normal 0.70711 0.70711 -0.00000
  outer loop
   vertex -8.6000 3.5500 -0.0800
   vertex -8.6107 3.5607 -0.1115
   vertex -8.6241 3.5741 -0.0878
  endloop
 endfacet
 facet normal -0.68938 0.68938 0.22252
  outer loop
   vertex -9.0241 3.1741 -0.0878
   vertex -9.0193 3.1693 -0.0582
   vertex -8.6193 3.5693 -0.0582
  endloop
 endfacet
 facet normal -0.68938 0.68938 0.22252
  outer loop
   vertex -9.0241 3.1741 -0.0878
   vertex -8.6193 3.5693 -0.0582
   vertex -8.6241 3.5741 -0.0878
  endloop
 endfacet
 facet normal -0.70711 -0.70711 -0.00000
  outer loop
   vertex -9.0000 3.1500 -0.0800
   vertex -9.0193 3.1693 -0.0582
   vertex -9.0241 3.1741 -0.0878
  endloop
 endfacet
 facet normal 0.70711 0.70711 0.00000
  outer loop
   vertex -8.6000 3.5500 -0.0800
   vertex -8.6241 3.5741 -0.0878
   vertex -8.6193 3.5693 -0.0582
  endloop
 endfacet
 facet normal -0.30680 0.30680 0.90097
  outer loop
   vertex -9.0193 3.1693 -0.0582
   vertex -9.0000 3.1500 -0.0450
   vertex -8.6000 3.5500 -0.0450
  endloop
 endfacet
 facet normal -0.30680 0.30680 0.90097
  outer loop
   vertex -9.0193 3.1693 -0.0582
   vertex -8.6000 3.5500 -0.0450
   vertex -8.6193 3.5693 -0.0582
  endloop
 endfacet
 facet normal -0.70711 -0.70711 0.00000
  outer loop
   vertex -9.0000 3.1500 -0.0800
   vertex -9.0000 3.1500 -0.0450
   vertex -9.0193 3.1693 -0.0582
  endloop
 endfacet
 facet normal 0.70711 0.70711 0.00000
  outer loop
   vertex -8.6000 3.5500 -0.0800
   vertex -8.6193 3.5693 -0.0582
   vertex -8.6000 3.5500 -0.0450
  endloop
 endfacet
 facet normal 0.30680 -0.30680 0.90097
  outer loop
   vertex -8.2000 3.1500 -0.0450
   vertex -8.1807 3.1307 -0.0582
   vertex -7.7807 3.5307 -0.0582
  endloop
 endfacet
 facet normal 0.30680 -0.30680 0.90097
  outer loop
   vertex -8.2000 3.1500 -0.0450
   vertex -7.7807 3.5307 -0.0582
   vertex -7.8000 3.5500 -0.0450
  endloop
 endfacet
 facet normal -0.70711 -0.70711 0.00000
  outer loop
   vertex -8.2000 3.1500 -0.0800
   vertex -8.1807 3.1307 -0.0582
   vertex -8.2000 3.1500 -0.0450
  endloop
 endfacet
 facet normal 0.70711 0.70711 0.00000
  outer loop
   vertex -7.8000 3.5500 -0.0800
   vertex -7.8000 3.5500 -0.0450
   vertex -7.7807 3.5307 -0.0582
  endloop
 endfacet
 facet normal 0.68938 -0.68938 0.22252
  outer loop
   vertex -8.1807 3.1307 -0.0582
   vertex -8.1759 3.1259 -0.0878
   vertex -7.7759 3.5259 -0.0878
  endloop
 endfacet
 facet normal 0.68938 -0.68938 0.22252
  outer loop
   vertex -8.1807 3.1307 -0.0582
   vertex -7.7759 3.5259 -0.0878
   vertex -7.7807 3.5307 -0.0582
  endloop
 endfacet
 facet normal -0.70711 -0.70711 0.00000
  outer loop
   vertex -8.2000 3.1500 -0.0800
   vertex -8.1759 3.1259 -0.0878
   vertex -8.1807 3.1307 -0.0582
  endloop
 endfacet
 facet normal 0.70711 0.70711 -0.00000
  outer loop
   vertex -7.8000 3.5500 -0.0800
   vertex -7.7807 3.5307 -0.0582
   vertex -7.7759 3.5259 -0.0878
  endloop
 endfacet
 facet normal 0.55284 -0.55284 -0.62349
  outer loop
   vertex -8.1759 3.1259 -0.0878
   vertex -8.1893 3.1393 -0.1115
   vertex -7.7893 3.5393 -0.1115
  endloop
 endfacet
 facet normal 0.55284 -0.55284 -0.62349
  outer loop
   vertex -8.1759 3.1259 -0.0878
   vertex -7.7893 3.5393 -0.1115
   vertex -7.7759 3.5259 -0.0878
  endloop
 endfacet
 facet normal -0.70711 -0.70711 -0.00000
  outer loop
   vertex -8.2000 3.1500 -0.0800
   vertex -8.1893 3.1393 -0.1115
   vertex -8.1759 3.1259 -0.0878
  endloop
 endfacet
 facet normal 0.70711 0.70711 -0.00000
  outer loop
   vertex -7.8000 3.5500 -0.0800
   vertex -7.7759 3.5259 -0.0878
   vertex -7.7893 3.5393 -0.1115
  endloop
 endfacet
 facet normal 0.00000 0.00000 -1.00000
  outer loop
   vertex -8.1893 3.1393 -0.1115
   vertex -8.2107 3.1607 -0.1115
   vertex -7.8107 3.5607 -0.1115
  endloop
 endfacet
 facet normal 0.00000 0.00000 -1.00000
  outer loop
   vertex -8.1893 3.1393 -0.1115
   vertex -7.8107 3.5607 -0.1115
   vertex -7.7893 3.5393 -0.1115
  endloop
 endfacet
 facet normal -0.70711 -0.70711 0.00000
  outer loop
   vertex -8.2000 3.1500 -0.0800
   vertex -8.2107 3.1607 -0.1115
   vertex -8.1893 3.1393 -0.1115
  endloop
 endfacet
 facet normal 0.70711 0.70711 0.00000
  outer loop
   vertex -7.8000 3.5500 -0.0800
   vertex -7.7893 3.5393 -0.1115
   vertex -7.8107 3.5607 -0.1115
  endloop
 endfacet
 facet normal -0.55284 0.55284 -0.62349
  outer loop
   vertex -8.2107 3.1607 -0.1115
   vertex -8.2241 3.1741 -0.0878
   vertex -7.8241 3.5741 -0.0878
  endloop
 endfacet
 facet normal -0.55284 0.55284 -0.62349
  outer loop
   vertex -8.2107 3.1607 -0.1115
   vertex -7.8241 3.5741 -0.0878
   vertex -7.8107 3.5607 -0.1115
  endloop
 endfacet
 facet normal -0.70711 -0.70711 0.00000
  outer loop
   vertex -8.2000 3.1500 -0.0800
   vertex -8.2241 3.1741 -0.0878
   vertex -8.2107 3.1607 -0.1115
  endloop
 endfacet
 facet normal 0.70711 0.70711 0.00000
  outer loop
   vertex -7.8000 3.5500 -0.0800
   vertex -7.8107 3.5607 -0.1115
   vertex -7.8241 3.5741 -0.0878
  endloop
 endfacet
 facet normal -0.68938 0.68938 0.22252
  outer loop
   vertex -8.2241 3.1741 -0.0878
   vertex -8.2193 3.1693 -0.0582
   vertex -7.8193 3.5693 -0.0582
  endloop
 endfacet
 facet normal -0.68938 0.68938 0.22252
  outer loop
   vertex -8.2241 3.1741 -0.0878
   vertex -7.8193 3.5693 -0.0582
   vertex -7.8241 3.5741 -0.0878
  endloop
 endfacet
 facet normal -0.70711 -0.70711 -0.00000
  outer loop
   vertex -8.2000 3.1500 -0.0800
   vertex -8.2193 3.1693 -0.0582
   vertex -8.2241 3.1741 -0.0878
  endloop
 endfacet
 facet normal 0.70711 0.70711 0.00000
  outer loop
   vertex -7.8000 3.5500 -0.0800
   vertex -7.8241 3.5741 -0.0878
   vertex -7.8193 3.5693 -0.0582
  endloop
 endfacet
 facet normal -0.30680 0.30680 0.90097
  outer loop
   vertex -8.2193 3.1693 -0.0582
   vertex -8.2000 3.1500 -0.0450
   vertex -7.8000 3.5500 -0.0450
  endloop
 endfacet
 facet normal -0.30680 0.30680 0.90097
  outer loop
   vertex -8.2193 3.1693 -0.0582
   vertex -7.8000 3.5500 -0.0450
   vertex -7.8193 3.5693 -0.0582
  endloop
 endfacet
 facet normal -0.70711 -0.70711 0.00000
  outer loop
   vertex -8.2000 3.1500 -0.0800
   vertex -8.2000 3.1500 -0.0450
   vertex -8.2193 3.1693 -0.0582
  endloop
 endfacet
 facet normal 0.70711 0.70711 0.00000
  outer loop
   vertex -7.8000 3.5500 -0.0800
   vertex -7.8193 3.5693 -0.0582
   vertex -7.8000 3.5500 -0.0450
  endloop
 endfacet
 facet normal 0.30680 -0.30680 0.90097
  outer loop
   vertex -7.4000 3.1500 -0.0450
   vertex -7.3807 3.1307 -0.0582
   vertex -6.9807 3.5307 -0.0582
  endloop
 endfacet
 facet normal 0.30680 -0.30680 0.90097
  outer loop
   vertex -7.4000 3.1500 -0.0450
   vertex -6.9807 3.5307 -0.0582
   vertex -7.0000 3.5500 -0.0450
  endloop
 endfacet
 facet normal -0.70711 -0.70711 0.00000
  outer loop
   vertex -7.4000 3.1500 -0.0800
   vertex -7.3807 3.1307 -0.0582
   vertex -7.4000 3.1500 -0.0450
  endloop
 endfacet
 facet normal 0.70711 0.70711 0.00000
  outer loop
   vertex -7.0000 3.5500 -0.0800
   vertex -7.0000 3.5500 -0.0450
   vertex -6.9807 3.5307 -0.0582
  endloop
 endfacet
 facet normal 0.68938 -0.68938 0.22252
  outer loop
   vertex -7.3807 3.1307 -0.0582
   vertex -7.3759 3.1259 -0.0878
   vertex -6.9759 3.5259 -0.0878
  endloop
 endfacet
 facet normal 0.68938 -0.68938 0.22252
  outer loop
   vertex -7.3807 3.1307 -0.0582
   vertex -6.9759 3.5259 -0.0878
   vertex -6.9807 3.5307 -0.0582
  endloop
 endfacet
 facet normal -0.70711 -0.70711 0.00000
  outer loop
   vertex -7.4000 3.1500 -0.0800
   vertex -7.3759 3.1259 -0.0878
   vertex -7.3807 3.1307 -0.0582
  endloop
 endfacet
 facet normal 0.70711 0.70711 -0.00000
  outer loop
   vertex -7.0000 3.5500 -0.0800
   vertex -6.9807 3.5307 -0.0582
   vertex -6.9759 3.5259 -0.0878
  endloop
 endfacet
 facet normal 0.55284 -0.55284 -0.62349
  outer loop
   vertex -7.3759 3.1259 -0.0878
   vertex -7.3893 3.1393 -0.1115
   vertex -6.9893 3.5393 -0.1115
  endloop
 endfacet
 facet normal 0.55284 -0.55284 -0.62349
  outer loop
   vertex -7.3759 3.1259 -0.0878
   vertex -6.9893 3.5393 -0.1115
   vertex -6.9759 3.5259 -0.0878
  endloop
 endfacet
 facet normal -0.70711 -0.70711 0.00000
  outer loop
   vertex -7.4000 3.1500 -0.0800
   vertex -7.3893 3.1393 -0.1115
   vertex -7.3759 3.1259 -0.0878
  endloop
 endfacet
 facet normal 0.70711 0.70711 -0.00000
  outer loop
   vertex -7.0000 3.5500 -0.0800
   vertex -6.9759 3.5259 -0.0878
   vertex -6.9893 3.5393 -0.1115
  endloop
 endfacet
 facet normal 0.00000 0.00000 -1.00000
  outer loop
   vertex -7.3893 3.1393 -0.1115
   vertex -7.4107 3.1607 -0.1115
   vertex -7.0107 3.5607 -0.1115
  endloop
 endfacet
 facet normal 0.00000 0.00000 -1.00000
  outer loop
   vertex -7.3893 3.1393 -0.1115
   vertex -7.0107 3.5607 -0.1115
   vertex -6.9893 3.5393 -0.1115
  endloop
 endfacet
 facet normal -0.70711 -0.70711 0.00000
  outer loop
   vertex -7.4000 3.1500 -0.0800
   vertex -7.4107 3.1607 -0.1115
   vertex -7.3893 3.1393 -0.1115
  endloop
 endfacet
 facet normal 0.70711 0.70711 0.00000
  outer loop
   vertex -7.0000 3.5500 -0.0800
   vertex -6.9893 3.5393 -0.1115
   vertex -7.0107 3.5607 -0.1115
  endloop
 endfacet
 facet normal -0.55284 0.55284 -0.62349
  outer loop
   vertex -7.4107 3.1607 -0.1115
   vertex -7.4241 3.1741 -0.0878
   vertex -7.0241 3.5741 -0.0878
  endloop
 endfacet
 facet normal -0.55284 0.55284 -0.62349
  outer loop
   vertex -7.4107 3.1607 -0.1115
   vertex -7.0241 3.5741 -0.0878
   vertex -7.0107 3.5607 -0.1115
  endloop
 endfacet
 facet normal -0.70711 -0.70711 -0.00000
  outer loop
   vertex -7.4000 3.1500 -0.0800
   vertex -7.4241 3.1741 -0.0878
   vertex -7.4107 3.1607 -0.1115
  endloop
 endfacet
 facet normal 0.70711 0.70711 0.00000
  outer loop
   vertex -7.0000 3.5500 -0.0800
   vertex -7.0107 3.5607 -0.1115
   vertex -7.0241 3.5741 -0.0878
  endloop
 endfacet
 facet normal -0.68938 0.68938 0.22252
  outer loop
   vertex -7.4241 3.1741 -0.0878
   vertex -7.4193 3.1693 -0.0582
   vertex -7.0193 3.5693 -0.0582
  endloop
 endfacet
 facet normal -0.68938 0.68938 0.22252
  outer loop
   vertex -7.4241 3.1741 -0.0878
   vertex -7.0193 3.5693 -0.0582
   vertex -7.0241 3.5741 -0.0878
  endloop
 endfacet
 facet normal -0.70711 -0.70711 -0.00000
  outer loop
   vertex -7.4000 3.1500 -0.0800
   vertex -7.4193 3.1693 -0.0582
   vertex -7.4241 3.1741 -0.0878
  endloop
 endfacet
 facet normal 0.70711 0.70711 0.00000
  outer loop
   vertex -7.0000 3.5500 -0.0800
   vertex -7.0241 3.5741 -0.0878
   vertex -7.0193 3.5693 -0.0582
  endloop
 endfacet
 facet normal -0.30680 0.30680 0.90097
  outer loop
   vertex -7.4193 3.1693 -0.0582
   vertex -7.4000 3.1500 -0.0450
   vertex -7.0000 3.5500 -0.0450
  endloop
 endfacet
 facet normal -0.30680 0.30680 0.90097
  outer loop
   vertex -7.4193 3.1693 -0.0582
   vertex -7.0000 3.5500 -0.0450
   vertex -7.0193 3.5693 -0.0582
  endloop
 endfacet
 facet normal -0.70711 -0.70711 0.00000
  outer loop
   vertex -7.4000 3.1500 -0.0800
   vertex -7.4000 3.1500 -0.0450
   vertex -7.4193 3.1693 -0.0582
  endloop
 endfacet
 facet normal 0.70711 0.70711 0.00000
  outer loop
   vertex -7.0000 3.5500 -0.0800
   vertex -7.0193 3.5693 -0.0582
   vertex -7.0000 3.5500 -0.0450
  endloop
 endfacet
 facet normal 0.30680 -0.30680 0.90097
  outer loop
   vertex -6.6000 3.1500 -0.0450
   vertex -6.5807 3.1307 -0.0582
   vertex -6.1807 3.5307 -0.0582
  endloop
 endfacet
 facet normal 0.30680 -0.30680 0.90097
  outer loop
   vertex -6.6000 3.1500 -0.0450
   vertex -6.1807 3.5307 -0.0582
   vertex -6.2000 3.5500 -0.0450
  endloop
 endfacet
 facet normal -0.70711 -0.70711 0.00000
  outer loop
   vertex -6.6000 3.1500 -0.0800
   vertex -6.5807 3.1307 -0.0582
   vertex -6.6000 3.1500 -0.0450
  endloop
 endfacet
 facet normal 0.70711 0.70711 0.00000
  outer loop
   vertex -6.2000 3.5500 -0.0800
   vertex -6.2000 3.5500 -0.0450
   vertex -6.1807 3.5307 -0.0582
  endloop
 endfacet
 facet normal 0.68938 -0.68938 0.22252
  outer loop
   vertex -6.5807 3.1307 -0.0582
   vertex -6.5759 3.1259 -0.0878
   vertex -6.1759 3.5259 -0.0878
  endloop
 endfacet
 facet normal 0.68938 -0.68938 0.22252
  outer loop
   vertex -6.5807 3.1307 -0.0582
   vertex -6.1759 3.5259 -0.0878
   vertex -6.1807 3.5307 -0.0582
  endloop
 endfacet
 facet normal -0.70711 -0.70711 0.00000
  outer loop
   vertex -6.6000 3.1500 -0.0800
   vertex -6.5759 3.1259 -0.0878
   vertex -6.5807 3.1307 -0.0582
  endloop
 endfacet
 facet normal 0.70711 0.70711 -0.00000
  outer loop
   vertex -6.2000 3.5500 -0.0800
   vertex -6.1807 3.5307 -0.0582
   vertex -6.1759 3.5259 -0.0878
  endloop
 endfacet
 facet normal 0.55284 -0.55284 -0.62349
  outer loop
   vertex -6.5759 3.1259 -0.0878
   vertex -6.5893 3.1393 -0.1115
   vertex -6.1893 3.5393 -0.1115
  endloop
 endfacet
 facet normal 0.55284 -0.55284 -0.62349
  outer loop
   vertex -6.5759 3.1259 -0.0878
   vertex -6.1893 3.5393 -0.1115
   vertex -6.1759 3.5259 -0.0878
  endloop
 endfacet
 facet normal -0.70711 -0.70711 0.00000
  outer loop
   vertex -6.6000 3.1500 -0.0800
   vertex -6.5893 3.1393 -0.1115
   vertex -6.5759 3.1259 -0.0878
  endloop
 endfacet
 facet normal 0.70711 0.70711 -0.00000
  outer loop
   vertex -6.2000 3.5500 -0.0800
   vertex -6.1759 3.5259 -0.0878
   vertex -6.1893 3.5393 -0.1115
  endloop
 endfacet
 facet normal 0.00000 0.00000 -1.00000
  outer loop
   vertex -6.5893 3.1393 -0.1115
   vertex -6.6107 3.1607 -0.1115
   vertex -6.2107 3.5607 -0.1115
  endloop
 endfacet
 facet normal 0.00000 0.00000 -1.00000
  outer loop
   vertex -6.5893 3.1393 -0.1115
   vertex -6.2107 3.5607 -0.1115
   vertex -6.1893 3.5393 -0.1115
  endloop
 endfacet
 facet normal -0.70711 -0.70711 0.00000
  outer loop
   vertex -6.6000 3.1500 -0.0800
   vertex -6.6107 3.1607 -0.1115
   vertex -6.5893 3.1393 -0.1115
  endloop
 endfacet
 facet normal 0.70711 0.70711 0.00000
  outer loop
   vertex -6.2000 3.5500 -0.0800
   vertex -6.1893 3.5393 -0.1115
   vertex -6.2107 3.5607 -0.1115
  endloop
 endfacet
 facet normal -0.55284 0.55284 -0.62349
  outer loop
   vertex -6.6107 3.1607 -0.1115
   vertex -6.6241 3.1741 -0.0878
   vertex -6.2241 3.5741 -0.0878
  endloop
 endfacet
 facet normal -0.55284 0.55284 -0.62349
  outer loop
   vertex -6.6107 3.1607 -0.1115
   vertex -6.2241 3.5741 -0.0878
   vertex -6.2107 3.5607 -0.1115
  endloop
 endfacet
 facet normal -0.70711 -0.70711 -0.00000
  outer loop
   vertex -6.6000 3.1500 -0.0800
   vertex -6.6241 3.1741 -0.0878
   vertex -6.6107 3.1607 -0.1115
  endloop
 endfacet
 facet normal 0.70711 0.70711 0.00000
  outer loop
   vertex -6.2000 3.5500 -0.0800
   vertex -6.2107 3.5607 -0.1115
   vertex -6.2241 3.5741 -0.0878
  endloop
 endfacet
 facet normal -0.68938 0.68938 0.22252
  outer loop
   vertex -6.6241 3.1741 -0.0878
   vertex -6.6193 3.1693 -0.0582
   vertex -6.2193 3.5693 -0.0582
  endloop
 endfacet
 facet normal -0.68938 0.68938 0.22252
  outer loop
   vertex -6.6241 3.1741 -0.0878
   vertex -6.2193 3.5693 -0.0582
   vertex -6.2241 3.5741 -0.0878
  endloop
 endfacet
 facet normal -0.70711 -0.70711 -0.00000
  outer loop
   vertex -6.6000 3.1500 -0.0800
   vertex -6.6193 3.1693 -0.0582
   vertex -6.6241 3.1741 -0.0878
  endloop
 endfacet
 facet normal 0.70711 0.70711 0.00000
  outer loop
   vertex -6.2000 3.5500 -0.0800
   vertex -6.2241 3.5741 -0.0878
   vertex -6.2193 3.5693 -0.0582
  endloop
 endfacet
 facet normal -0.30680 0.30680 0.90097
  outer loop
   vertex -6.6193 3.1693 -0.0582
   vertex -6.6000 3.1500 -0.0450
   vertex -6.2000 3.5500 -0.0450
  endloop
 endfacet
 facet normal -0.30680 0.30680 0.90097
  outer loop
   vertex -6.6193 3.1693 -0.0582
   vertex -6.2000 3.5500 -0.0450
   vertex -6.2193 3.5693 -0.0582
  endloop
 endfacet
 facet normal -0.70711 -0.70711 0.00000
  outer loop
   vertex -6.6000 3.1500 -0.0800
   vertex -6.6000 3.1500 -0.0450
   vertex -6.6193 3.1693 -0.0582
  endloop
 endfacet
 facet normal 0.70711 0.70711 0.00000
  outer loop
   vertex -6.2000 3.5500 -0.0800
   vertex -6.2193 3.5693 -0.0582
   vertex -6.2000 3.5500 -0.0450
  endloop
 endfacet
 facet normal 0.30680 -0.30680 0.90097
  outer loop
   vertex -5.8000 3.1500 -0.0450
   vertex -5.7807 3.1307 -0.0582
   vertex -5.3807 3.5307 -0.0582
  endloop
 endfacet
 facet normal 0.30680 -0.30680 0.90097
  outer loop
   vertex -5.8000 3.1500 -0.0450
   vertex -5.3807 3.5307 -0.0582
   vertex -5.4000 3.5500 -0.0450
  endloop
 endfacet
 facet normal -0.70711 -0.70711 0.00000
  outer loop
   vertex -5.8000 3.1500 -0.0800
   vertex -5.7807 3.1307 -0.0582
   vertex -5.8000 3.1500 -0.0450
  endloop
 endfacet
 facet normal 0.70711 0.70711 0.00000
  outer loop
   vertex -5.4000 3.5500 -0.0800
   vertex -5.4000 3.5500 -0.0450
   vertex -5.3807 3.5307 -0.0582
  endloop
 endfacet
 facet normal 0.68938 -0.68938 0.22252
  outer loop
   vertex -5.7807 3.1307 -0.0582
   vertex -5.7759 3.1259 -0.0878
   vertex -5.3759 3.5259 -0.0878
  endloop
 endfacet
 facet normal 0.68938 -0.68938 0.22252
  outer loop
   vertex -5.7807 3.1307 -0.0582
   vertex -5.3759 3.5259 -0.0878
   vertex -5.3807 3.5307 -0.0582
  endloop
 endfacet
 facet normal -0.70711 -0.70711 0.00000
  outer loop
   vertex -5.8000 3.1500 -0.0800
   vertex -5.7759 3.1259 -0.0878
   vertex -5.7807 3.1307 -0.0582
  endloop
 endfacet
 facet normal 0.70711 0.70711 -0.00000
  outer loop
   vertex -5.4000 3.5500 -0.0800
   vertex -5.3807 3.5307 -0.0582
   vertex -5.3759 3.5259 -0.0878
  endloop
 endfacet
 facet normal 0.55284 -0.55284 -0.62349
  outer loop
   vertex -5.7759 3.1259 -0.0878
   vertex -5.7893 3.1393 -0.1115
   vertex -5.3893 3.5393 -0.1115
  endloop
 endfacet
 facet normal 0.55284 -0.55284 -0.62349
  outer loop
   vertex -5.7759 3.1259 -0.0878
   vertex -5.3893 3.5393 -0.1115
   vertex -5.3759 3.5259 -0.0878
  endloop
 endfacet
 facet normal -0.70711 -0.70711 0.00000
  outer loop
   vertex -5.8000 3.1500 -0.0800
   vertex -5.7893 3.1393 -0.1115
   vertex -5.7759 3.1259 -0.0878
  endloop
 endfacet
 facet normal 0.70711 0.70711 -0.00000
  outer loop
   vertex -5.4000 3.5500 -0.0800
   vertex -5.3759 3.5259 -0.0878
   vertex -5.3893 3.5393 -0.1115
  endloop
 endfacet
 facet normal 0.00000 0.00000 -1.00000
  outer loop
   vertex -5.7893 3.1393 -0.1115
   vertex -5.8107 3.1607 -0.1115
   vertex -5.4107 3.5607 -0.1115
  endloop
 endfacet
 facet normal 0.00000 0.00000 -1.00000
  outer loop
   vertex -5.7893 3.1393 -0.1115
   vertex -5.4107 3.5607 -0.1115
   vertex -5.3893 3.5393 -0.1115
  endloop
 endfacet
 facet normal -0.70711 -0.70711 0.00000
  outer loop
   vertex -5.8000 3.1500 -0.0800
   vertex -5.8107 3.1607 -0.1115
   vertex -5.7893 3.1393 -0.1115
  endloop
 endfacet
 facet normal 0.70711 0.70711 0.00000
  outer loop
   vertex -5.4000 3.5500 -0.0800
   vertex -5.3893 3.5393 -0.1115
   vertex -5.4107 3.5607 -0.1115
  endloop
 endfacet
 facet normal -0.55284 0.55284 -0.62349
  outer loop
   vertex -5.8107 3.1607 -0.1115
   vertex -5.8241 3.1741 -0.0878
   vertex -5.4241 3.5741 -0.0878
  endloop
 endfacet
 facet normal -0.55284 0.55284 -0.62349
  outer loop
   vertex -5.8107 3.1607 -0.1115
   vertex -5.4241 3.5741 -0.0878
   vertex -5.4107 3.5607 -0.1115
  endloop
 endfacet
 facet normal -0.70711 -0.70711 -0.00000
  outer loop
   vertex -5.8000 3.1500 -0.0800
   vertex -5.8241 3.1741 -0.0878
   vertex -5.8107 3.1607 -0.1115
  endloop
 endfacet
 facet normal 0.70711 0.70711 0.00000
  outer loop
   vertex -5.4000 3.5500 -0.0800
   vertex -5.4107 3.5607 -0.1115
   vertex -5.4241 3.5741 -0.0878
  endloop
 endfacet
 facet normal -0.68938 0.68938 0.22252
  outer loop
   vertex -5.8241 3.1741 -0.0878
   vertex -5.8193 3.1693 -0.0582
   vertex -5.4193 3.5693 -0.0582
  endloop
 endfacet
 facet normal -0.68938 0.68938 0.22252
  outer loop
   vertex -5.8241 3.1741 -0.0878
   vertex -5.4193 3.5693 -0.0582
   vertex -5.4241 3.5741 -0.0878
  endloop
 endfacet
 facet normal -0.70711 -0.70711 -0.00000
  outer loop
   vertex -5.8000 3.1500 -0.0800
   vertex -5.8193 3.1693 -0.0582
   vertex -5.8241 3.1741 -0.0878
  endloop
 endfacet
 facet normal 0.70711 0.70711 0.00000
  outer loop
   vertex -5.4000 3.5500 -0.0800
   vertex -5.4241 3.5741 -0.0878
   vertex -5.4193 3.5693 -0.0582
  endloop
 endfacet
 facet normal -0.30680 0.30680 0.90097
  outer loop
   vertex -5.8193 3.1693 -0.0582
   vertex -5.8000 3.1500 -0.0450
   vertex -5.4000 3.5500 -0.0450
  endloop
 endfacet
 facet normal -0.30680 0.30680 0.90097
  outer loop
   vertex -5.8193 3.1693 -0.0582
   vertex -5.4000 3.5500 -0.0450
   vertex -5.4193 3.5693 -0.0582
  endloop
 endfacet
 facet normal -0.70711 -0.70711 0.00000
  outer loop
   vertex -5.8000 3.1500 -0.0800
   vertex -5.8000 3.1500 -0.0450
   vertex -5.8193 3.1693 -0.0582
  endloop
 endfacet
 facet normal 0.70711 0.70711 0.00000
  outer loop
   vertex -5.4000 3.5500 -0.0800
   vertex -5.4193 3.5693 -0.0582
   vertex -5.4000 3.5500 -0.0450
  endloop
 endfacet
 facet normal 0.30680 -0.30680 0.90097
  outer loop
   vertex -5.0000 3.1500 -0.0450
   vertex -4.9807 3.1307 -0.0582
   vertex -4.5807 3.5307 -0.0582
  endloop
 endfacet
 facet normal 0.30680 -0.30680 0.90097
  outer loop
   vertex -5.0000 3.1500 -0.0450
   vertex -4.5807 3.5307 -0.0582
   vertex -4.6000 3.5500 -0.0450
  endloop
 endfacet
 facet normal -0.70711 -0.70711 0.00000
  outer loop
   vertex -5.0000 3.1500 -0.0800
   vertex -4.9807 3.1307 -0.0582
   vertex -5.0000 3.1500 -0.0450
  endloop
 endfacet
 facet normal 0.70711 0.70711 0.00000
  outer loop
   vertex -4.6000 3.5500 -0.0800
   vertex -4.6000 3.5500 -0.0450
   vertex -4.5807 3.5307 -0.0582
  endloop
 endfacet
 facet normal 0.68938 -0.68938 0.22252
  outer loop
   vertex -4.9807 3.1307 -0.0582
   vertex -4.9759 3.1259 -0.0878
   vertex -4.5759 3.5259 -0.0878
  endloop
 endfacet
 facet normal 0.68938 -0.68938 0.22252
  outer loop
   vertex -4.9807 3.1307 -0.0582
   vertex -4.5759 3.5259 -0.0878
   vertex -4.5807 3.5307 -0.0582
  endloop
 endfacet
 facet normal -0.70711 -0.70711 0.00000
  outer loop
   vertex -5.0000 3.1500 -0.0800
   vertex -4.9759 3.1259 -0.0878
   vertex -4.9807 3.1307 -0.0582
  endloop
 endfacet
 facet normal 0.70711 0.70711 -0.00000
  outer loop
   vertex -4.6000 3.5500 -0.0800
   vertex -4.5807 3.5307 -0.0582
   vertex -4.5759 3.5259 -0.0878
  endloop
 endfacet
 facet normal 0.55284 -0.55284 -0.62349
  outer loop
   vertex -4.9759 3.1259 -0.0878
   vertex -4.9893 3.1393 -0.1115
   vertex -4.5893 3.5393 -0.1115
  endloop
 endfacet
 facet normal 0.55284 -0.55284 -0.62349
  outer loop
   vertex -4.9759 3.1259 -0.0878
   vertex -4.5893 3.5393 -0.1115
   vertex -4.5759 3.5259 -0.0878
  endloop
 endfacet
 facet normal -0.70711 -0.70711 0.00000
  outer loop
   vertex -5.0000 3.1500 -0.0800
   vertex -4.9893 3.1393 -0.1115
   vertex -4.9759 3.1259 -0.0878
  endloop
 endfacet
 facet normal 0.70711 0.70711 -0.00000
  outer loop
   vertex -4.6000 3.5500 -0.0800
   vertex -4.5759 3.5259 -0.0878
   vertex -4.5893 3.5393 -0.1115
  endloop
 endfacet
 facet normal 0.00000 0.00000 -1.00000
  outer loop
   vertex -4.9893 3.1393 -0.1115
   vertex -5.0107 3.1607 -0.1115
   vertex -4.6107 3.5607 -0.1115
  endloop
 endfacet
 facet normal 0.00000 0.00000 -1.00000
  outer loop
   vertex -4.9893 3.1393 -0.1115
   vertex -4.6107 3.5607 -0.1115
   vertex -4.5893 3.5393 -0.1115
  endloop
 endfacet
 facet normal -0.70711 -0.70711 0.00000
  outer loop
   vertex -5.0000 3.1500 -0.0800
   vertex -5.0107 3.1607 -0.1115
   vertex -4.9893 3.1393 -0.1115
  endloop
 endfacet
 facet normal 0.70711 0.70711 0.00000
  outer loop
   vertex -4.6000 3.5500 -0.0800
   vertex -4.5893 3.5393 -0.1115
   vertex -4.6107 3.5607 -0.1115
  endloop
 endfacet
 facet normal -0.55284 0.55284 -0.62349
  outer loop
   vertex -5.0107 3.1607 -0.1115
   vertex -5.0241 3.1741 -0.0878
   vertex -4.6241 3.5741 -0.0878
  endloop
 endfacet
 facet normal -0.55284 0.55284 -0.62349
  outer loop
   vertex -5.0107 3.1607 -0.1115
   vertex -4.6241 3.5741 -0.0878
   vertex -4.6107 3.5607 -0.1115
  endloop
 endfacet
 facet normal -0.70711 -0.70711 -0.00000
  outer loop
   vertex -5.0000 3.1500 -0.0800
   vertex -5.0241 3.1741 -0.0878
   vertex -5.0107 3.1607 -0.1115
  endloop
 endfacet
 facet normal 0.70711 0.70711 0.00000
  outer loop
   vertex -4.6000 3.5500 -0.0800
   vertex -4.6107 3.5607 -0.1115
   vertex -4.6241 3.5741 -0.0878
  endloop
 endfacet
 facet normal -0.68938 0.68938 0.22252
  outer loop
   vertex -5.0241 3.1741 -0.0878
   vertex -5.0193 3.1693 -0.0582
   vertex -4.6193 3.5693 -0.0582
  endloop
 endfacet
 facet normal -0.68938 0.68938 0.22252
  outer loop
   vertex -5.0241 3.1741 -0.0878
   vertex -4.6193 3.5693 -0.0582
   vertex -4.6241 3.5741 -0.0878
  endloop
 endfacet
 facet normal -0.70711 -0.70711 -0.00000
  outer loop
   vertex -5.0000 3.1500 -0.0800
   vertex -5.0193 3.1693 -0.0582
   vertex -5.0241 3.1741 -0.0878
  endloop
 endfacet
 facet normal 0.70711 0.70711 0.00000
  outer loop
   vertex -4.6000 3.5500 -0.0800
   vertex -4.6241 3.5741 -0.0878
   vertex -4.6193 3.5693 -0.0582
  endloop
 endfacet
 facet normal -0.30680 0.30680 0.90097
  outer loop
   vertex -5.0193 3.1693 -0.0582
   vertex -5.0000 3.1500 -0.0450
   vertex -4.6000 3.5500 -0.0450
  endloop
 endfacet
 facet normal -0.30680 0.30680 0.90097
  outer loop
   vertex -5.0193 3.1693 -0.0582
   vertex -4.6000 3.5500 -0.0450
   vertex -4.6193 3.5693 -0.0582
  endloop
 endfacet
 facet normal -0.70711 -0.70711 0.00000
  outer loop
   vertex -5.0000 3.1500 -0.0800
   vertex -5.0000 3.1500 -0.0450
   vertex -5.0193 3.1693 -0.0582
  endloop
 endfacet
 facet normal 0.70711 0.70711 0.00000
  outer loop
   vertex -4.6000 3.5500 -0.0800
   vertex -4.6193 3.5693 -0.0582
   vertex -4.6000 3.5500 -0.0450
  endloop
 endfacet
 facet normal 0.30680 -0.30680 0.90097
  outer loop
   vertex -4.2000 3.1500 -0.0450
   vertex -4.1807 3.1307 -0.0582
   vertex -3.7807 3.5307 -0.0582
  endloop
 endfacet
 facet normal 0.30680 -0.30680 0.90097
  outer loop
   vertex -4.2000 3.1500 -0.0450
   vertex -3.7807 3.5307 -0.0582
   vertex -3.8000 3.5500 -0.0450
  endloop
 endfacet
 facet normal -0.70711 -0.70711 0.00000
  outer loop
   vertex -4.2000 3.1500 -0.0800
   vertex -4.1807 3.1307 -0.0582
   vertex -4.2000 3.1500 -0.0450
  endloop
 endfacet
 facet normal 0.70711 0.70711 0.00000
  outer loop
   vertex -3.8000 3.5500 -0.0800
   vertex -3.8000 3.5500 -0.0450
   vertex -3.7807 3.5307 -0.0582
  endloop
 endfacet
 facet normal 0.68938 -0.68938 0.22252
  outer loop
   vertex -4.1807 3.1307 -0.0582
   vertex -4.1759 3.1259 -0.0878
   vertex -3.7759 3.5259 -0.0878
  endloop
 endfacet
 facet normal 0.68938 -0.68938 0.22252
  outer loop
   vertex -4.1807 3.1307 -0.0582
   vertex -3.7759 3.5259 -0.0878
   vertex -3.7807 3.5307 -0.0582
  endloop
 endfacet
 facet normal -0.70711 -0.70711 0.00000
  outer loop
   vertex -4.2000 3.1500 -0.0800
   vertex -4.1759 3.1259 -0.0878
   vertex -4.1807 3.1307 -0.0582
  endloop
 endfacet
 facet normal 0.70711 0.70711 0.00000
  outer loop
   vertex -3.8000 3.5500 -0.0800
   vertex -3.7807 3.5307 -0.0582
   vertex -3.7759 3.5259 -0.0878
  endloop
 endfacet
 facet normal 0.55284 -0.55284 -0.62349
  outer loop
   vertex -4.1759 3.1259 -0.0878
   vertex -4.1893 3.1393 -0.1115
   vertex -3.7893 3.5393 -0.1115
  endloop
 endfacet
 facet normal 0.55284 -0.55284 -0.62349
  outer loop
   vertex -4.1759 3.1259 -0.0878
   vertex -3.7893 3.5393 -0.1115
   vertex -3.7759 3.5259 -0.0878
  endloop
 endfacet
 facet normal -0.70711 -0.70711 0.00000
  outer loop
   vertex -4.2000 3.1500 -0.0800
   vertex -4.1893 3.1393 -0.1115
   vertex -4.1759 3.1259 -0.0878
  endloop
 endfacet
 facet normal 0.70711 0.70711 0.00000
  outer loop
   vertex -3.8000 3.5500 -0.0800
   vertex -3.7759 3.5259 -0.0878
   vertex -3.7893 3.5393 -0.1115
  endloop
 endfacet
 facet normal 0.00000 0.00000 -1.00000
  outer loop
   vertex -4.1893 3.1393 -0.1115
   vertex -4.2107 3.1607 -0.1115
   vertex -3.8107 3.5607 -0.1115
  endloop
 endfacet
 facet normal 0.00000 0.00000 -1.00000
  outer loop
   vertex -4.1893 3.1393 -0.1115
   vertex -3.8107 3.5607 -0.1115
   vertex -3.7893 3.5393 -0.1115
  endloop
 endfacet
 facet normal -0.70711 -0.70711 0.00000
  outer loop
   vertex -4.2000 3.1500 -0.0800
   vertex -4.2107 3.1607 -0.1115
   vertex -4.1893 3.1393 -0.1115
  endloop
 endfacet
 facet normal 0.70711 0.70711 0.00000
  outer loop
   vertex -3.8000 3.5500 -0.0800
   vertex -3.7893 3.5393 -0.1115
   vertex -3.8107 3.5607 -0.1115
  endloop
 endfacet
 facet normal -0.55284 0.55284 -0.62349
  outer loop
   vertex -4.2107 3.1607 -0.1115
   vertex -4.2241 3.1741 -0.0878
   vertex -3.8241 3.5741 -0.0878
  endloop
 endfacet
 facet normal -0.55284 0.55284 -0.62349
  outer loop
   vertex -4.2107 3.1607 -0.1115
   vertex -3.8241 3.5741 -0.0878
   vertex -3.8107 3.5607 -0.1115
  endloop
 endfacet
 facet normal -0.70711 -0.70711 -0.00000
  outer loop
   vertex -4.2000 3.1500 -0.0800
   vertex -4.2241 3.1741 -0.0878
   vertex -4.2107 3.1607 -0.1115
  endloop
 endfacet
 facet normal 0.70711 0.70711 0.00000
  outer loop
   vertex -3.8000 3.5500 -0.0800
   vertex -3.8107 3.5607 -0.1115
   vertex -3.8241 3.5741 -0.0878
  endloop
 endfacet
 facet normal -0.68938 0.68938 0.22252
  outer loop
   vertex -4.2241 3.1741 -0.0878
   vertex -4.2193 3.1693 -0.0582
   vertex -3.8193 3.5693 -0.0582
  endloop
 endfacet
 facet normal -0.68938 0.68938 0.22252
  outer loop
   vertex -4.2241 3.1741 -0.0878
   vertex -3.8193 3.5693 -0.0582
   vertex -3.8241 3.5741 -0.0878
  endloop
 endfacet
 facet normal -0.70711 -0.70711 -0.00000
  outer loop
   vertex -4.2000 3.1500 -0.0800
   vertex -4.2193 3.1693 -0.0582
   vertex -4.2241 3.1741 -0.0878
  endloop
 endfacet
 facet normal 0.70711 0.70711 0.00000
  outer loop
   vertex -3.8000 3.5500 -0.0800
   vertex -3.8241 3.5741 -0.0878
   vertex -3.8193 3.5693 -0.0582
  endloop
 endfacet
 facet normal -0.30680 0.30680 0.90097
  outer loop
   vertex -4.2193 3.1693 -0.0582
   vertex -4.2000 3.1500 -0.0450
   vertex -3.8000 3.5500 -0.0450
  endloop
 endfacet
 facet normal -0.30680 0.30680 0.90097
  outer loop
   vertex -4.2193 3.1693 -0.0582
   vertex -3.8000 3.5500 -0.0450
   vertex -3.8193 3.5693 -0.0582
  endloop
 endfacet
 facet normal -0.70711 -0.70711 0.00000
  outer loop
   vertex -4.2000 3.1500 -0.0800
   vertex -4.2000 3.1500 -0.0450
   vertex -4.2193 3.1693 -0.0582
  endloop
 endfacet
 facet normal 0.70711 0.70711 0.00000
  outer loop
   vertex -3.8000 3.5500 -0.0800
   vertex -3.8193 3.5693 -0.0582
   vertex -3.8000 3.5500 -0.0450
  endloop
 endfacet
 facet normal 0.30680 -0.30680 0.90097
  outer loop
   vertex -3.4000 3.1500 -0.0450
   vertex -3.3807 3.1307 -0.0582
   vertex -2.9807 3.5307 -0.0582
  endloop
 endfacet
 facet normal 0.30680 -0.30680 0.90097
  outer loop
   vertex -3.4000 3.1500 -0.0450
   vertex -2.9807 3.5307 -0.0582
   vertex -3.0000 3.5500 -0.0450
  endloop
 endfacet
 facet normal -0.70711 -0.70711 0.00000
  outer loop
   vertex -3.4000 3.1500 -0.0800
   vertex -3.3807 3.1307 -0.0582
   vertex -3.4000 3.1500 -0.0450
  endloop
 endfacet
 facet normal 0.70711 0.70711 0.00000
  outer loop
   vertex -3.0000 3.5500 -0.0800
   vertex -3.0000 3.5500 -0.0450
   vertex -2.9807 3.5307 -0.0582
  endloop
 endfacet
 facet normal 0.68938 -0.68938 0.22252
  outer loop
   vertex -3.3807 3.1307 -0.0582
   vertex -3.3759 3.1259 -0.0878
   vertex -2.9759 3.5259 -0.0878
  endloop
 endfacet
 facet normal 0.68938 -0.68938 0.22252
  outer loop
   vertex -3.3807 3.1307 -0.0582
   vertex -2.9759 3.5259 -0.0878
   vertex -2.9807 3.5307 -0.0582
  endloop
 endfacet
 facet normal -0.70711 -0.70711 0.00000
  outer loop
   vertex -3.4000 3.1500 -0.0800
   vertex -3.3759 3.1259 -0.0878
   vertex -3.3807 3.1307 -0.0582
  endloop
 endfacet
 facet normal 0.70711 0.70711 0.00000
  outer loop
   vertex -3.0000 3.5500 -0.0800
   vertex -2.9807 3.5307 -0.0582
   vertex -2.9759 3.5259 -0.0878
  endloop
 endfacet
 facet normal 0.55284 -0.55284 -0.62349
  outer loop
   vertex -3.3759 3.1259 -0.0878
   vertex -3.3893 3.1393 -0.1115
   vertex -2.9893 3.5393 -0.1115
  endloop
 endfacet
 facet normal 0.55284 -0.55284 -0.62349
  outer loop
   vertex -3.3759 3.1259 -0.0878
   vertex -2.9893 3.5393 -0.1115
   vertex -2.9759 3.5259 -0.0878
  endloop
 endfacet
 facet normal -0.70711 -0.70711 0.00000
  outer loop
   vertex -3.4000 3.1500 -0.0800
   vertex -3.3893 3.1393 -0.1115
   vertex -3.3759 3.1259 -0.0878
  endloop
 endfacet
 facet normal 0.70711 0.70711 0.00000
  outer loop
   vertex -3.0000 3.5500 -0.0800
   vertex -2.9759 3.5259 -0.0878
   vertex -2.9893 3.5393 -0.1115
  endloop
 endfacet
 facet normal 0.00000 0.00000 -1.00000
  outer loop
   vertex -3.3893 3.1393 -0.1115
   vertex -3.4107 3.1607 -0.1115
   vertex -3.0107 3.5607 -0.1115
  endloop
 endfacet
 facet normal 0.00000 0.00000 -1.00000
  outer loop
   vertex -3.3893 3.1393 -0.1115
   vertex -3.0107 3.5607 -0.1115
   vertex -2.9893 3.5393 -0.1115
  endloop
 endfacet
 facet normal -0.70711 -0.70711 0.00000
  outer loop
   vertex -3.4000 3.1500 -0.0800
   vertex -3.4107 3.1607 -0.1115
   vertex -3.3893 3.1393 -0.1115
  endloop
 endfacet
 facet normal 0.70711 0.70711 0.00000
  outer loop
   vertex -3.0000 3.5500 -0.0800
   vertex -2.9893 3.5393 -0.1115
   vertex -3.0107 3.5607 -0.1115
  endloop
 endfacet
 facet normal -0.55284 0.55284 -0.62349
  outer loop
   vertex -3.4107 3.1607 -0.1115
   vertex -3.4241 3.1741 -0.0878
   vertex -3.0241 3.5741 -0.0878
  endloop
 endfacet
 facet normal -0.55284 0.55284 -0.62349
  outer loop
   vertex -3.4107 3.1607 -0.1115
   vertex -3.0241 3.5741 -0.0878
   vertex -3.0107 3.5607 -0.1115
  endloop
 endfacet
 facet normal -0.70711 -0.70711 0.00000
  outer loop
   vertex -3.4000 3.1500 -0.0800
   vertex -3.4241 3.1741 -0.0878
   vertex -3.4107 3.1607 -0.1115
  endloop
 endfacet
 facet normal 0.70711 0.70711 0.00000
  outer loop
   vertex -3.0000 3.5500 -0.0800
   vertex -3.0107 3.5607 -0.1115
   vertex -3.0241 3.5741 -0.0878
  endloop
 endfacet
 facet normal -0.68938 0.68938 0.22252
  outer loop
   vertex -3.4241 3.1741 -0.0878
   vertex -3.4193 3.1693 -0.0582
   vertex -3.0193 3.5693 -0.0582
  endloop
 endfacet
 facet normal -0.68938 0.68938 0.22252
  outer loop
   vertex -3.4241 3.1741 -0.0878
   vertex -3.0193 3.5693 -0.0582
   vertex -3.0241 3.5741 -0.0878
  endloop
 endfacet
 facet normal -0.70711 -0.70711 0.00000
  outer loop
   vertex -3.4000 3.1500 -0.0800
   vertex -3.4193 3.1693 -0.0582
   vertex -3.4241 3.1741 -0.0878
  endloop
 endfacet
 facet normal 0.70711 0.70711 0.00000
  outer loop
   vertex -3.0000 3.5500 -0.0800
   vertex -3.0241 3.5741 -0.0878
   vertex -3.0193 3.5693 -0.0582
  endloop
 endfacet
 facet normal -0.30680 0.30680 0.90097
  outer loop
   vertex -3.4193 3.1693 -0.0582
   vertex -3.4000 3.1500 -0.0450
   vertex -3.0000 3.5500 -0.0450
  endloop
 endfacet
 facet normal -0.30680 0.30680 0.90097
  outer loop
   vertex -3.4193 3.1693 -0.0582
   vertex -3.0000 3.5500 -0.0450
   vertex -3.0193 3.5693 -0.0582
  endloop
 endfacet
 facet normal -0.70711 -0.70711 0.00000
  outer loop
   vertex -3.4000 3.1500 -0.0800
   vertex -3.4000 3.1500 -0.0450
   vertex -3.4193 3.1693 -0.0582
  endloop
 endfacet
 facet normal 0.70711 0.70711 0.00000
  outer loop
   vertex -3.0000 3.5500 -0.0800
   vertex -3.0193 3.5693 -0.0582
   vertex -3.0000 3.5500 -0.0450
  endloop
 endfacet
 facet normal 0.30680 -0.30680 0.90097
  outer loop
   vertex -2.6000 3.1500 -0.0450
   vertex -2.5807 3.1307 -0.0582
   vertex -2.1807 3.5307 -0.0582
  endloop
 endfacet
 facet normal 0.30680 -0.30680 0.90097
  outer loop
   vertex -2.6000 3.1500 -0.0450
   vertex -2.1807 3.5307 -0.0582
   vertex -2.2000 3.5500 -0.0450
  endloop
 endfacet
 facet normal -0.70711 -0.70711 0.00000
  outer loop
   vertex -2.6000 3.1500 -0.0800
   vertex -2.5807 3.1307 -0.0582
   vertex -2.6000 3.1500 -0.0450
  endloop
 endfacet
 facet normal 0.70711 0.70711 0.00000
  outer loop
   vertex -2.2000 3.5500 -0.0800
   vertex -2.2000 3.5500 -0.0450
   vertex -2.1807 3.5307 -0.0582
  endloop
 endfacet
 facet normal 0.68938 -0.68938 0.22252
  outer loop
   vertex -2.5807 3.1307 -0.0582
   vertex -2.5759 3.1259 -0.0878
   vertex -2.1759 3.5259 -0.0878
  endloop
 endfacet
 facet normal 0.68938 -0.68938 0.22252
  outer loop
   vertex -2.5807 3.1307 -0.0582
   vertex -2.1759 3.5259 -0.0878
   vertex -2.1807 3.5307 -0.0582
  endloop
 endfacet
 facet normal -0.70711 -0.70711 0.00000
  outer loop
   vertex -2.6000 3.1500 -0.0800
   vertex -2.5759 3.1259 -0.0878
   vertex -2.5807 3.1307 -0.0582
  endloop
 endfacet
 facet normal 0.70711 0.70711 0.00000
  outer loop
   vertex -2.2000 3.5500 -0.0800
   vertex -2.1807 3.5307 -0.0582
   vertex -2.1759 3.5259 -0.0878
  endloop
 endfacet
 facet normal 0.55284 -0.55284 -0.62349
  outer loop
   vertex -2.5759 3.1259 -0.0878
   vertex -2.5893 3.1393 -0.1115
   vertex -2.1893 3.5393 -0.1115
  endloop
 endfacet
 facet normal 0.55284 -0.55284 -0.62349
  outer loop
   vertex -2.5759 3.1259 -0.0878
   vertex -2.1893 3.5393 -0.1115
   vertex -2.1759 3.5259 -0.0878
  endloop
 endfacet
 facet normal -0.70711 -0.70711 0.00000
  outer loop
   vertex -2.6000 3.1500 -0.0800
   vertex -2.5893 3.1393 -0.1115
   vertex -2.5759 3.1259 -0.0878
  endloop
 endfacet
 facet normal 0.70711 0.70711 0.00000
  outer loop
   vertex -2.2000 3.5500 -0.0800
   vertex -2.1759 3.5259 -0.0878
   vertex -2.1893 3.5393 -0.1115
  endloop
 endfacet
 facet normal 0.00000 0.00000 -1.00000
  outer loop
   vertex -2.5893 3.1393 -0.1115
   vertex -2.6107 3.1607 -0.1115
   vertex -2.2107 3.5607 -0.1115
  endloop
 endfacet
 facet normal 0.00000 0.00000 -1.00000
  outer loop
   vertex -2.5893 3.1393 -0.1115
   vertex -2.2107 3.5607 -0.1115
   vertex -2.1893 3.5393 -0.1115
  endloop
 endfacet
 facet normal -0.70711 -0.70711 0.00000
  outer loop
   vertex -2.6000 3.1500 -0.0800
   vertex -2.6107 3.1607 -0.1115
   vertex -2.5893 3.1393 -0.1115
  endloop
 endfacet
 facet normal 0.70711 0.70711 0.00000
  outer loop
   vertex -2.2000 3.5500 -0.0800
   vertex -2.1893 3.5393 -0.1115
   vertex -2.2107 3.5607 -0.1115
  endloop
 endfacet
 facet normal -0.55284 0.55284 -0.62349
  outer loop
   vertex -2.6107 3.1607 -0.1115
   vertex -2.6241 3.1741 -0.0878
   vertex -2.2241 3.5741 -0.0878
  endloop
 endfacet
 facet normal -0.55284 0.55284 -0.62349
  outer loop
   vertex -2.6107 3.1607 -0.1115
   vertex -2.2241 3.5741 -0.0878
   vertex -2.2107 3.5607 -0.1115
  endloop
 endfacet
 facet normal -0.70711 -0.70711 0.00000
  outer loop
   vertex -2.6000 3.1500 -0.0800
   vertex -2.6241 3.1741 -0.0878
   vertex -2.6107 3.1607 -0.1115
  endloop
 endfacet
 facet normal 0.70711 0.70711 0.00000
  outer loop
   vertex -2.2000 3.5500 -0.0800
   vertex -2.2107 3.5607 -0.1115
   vertex -2.2241 3.5741 -0.0878
  endloop
 endfacet
 facet normal -0.68938 0.68938 0.22252
  outer loop
   vertex -2.6241 3.1741 -0.0878
   vertex -2.6193 3.1693 -0.0582
   vertex -2.2193 3.5693 -0.0582
  endloop
 endfacet
 facet normal -0.68938 0.68938 0.22252
  outer loop
   vertex -2.6241 3.1741 -0.0878
   vertex -2.2193 3.5693 -0.0582
   vertex -2.2241 3.5741 -0.0878
  endloop
 endfacet
 facet normal -0.70711 -0.70711 0.00000
  outer loop
   vertex -2.6000 3.1500 -0.0800
   vertex -2.6193 3.1693 -0.0582
   vertex -2.6241 3.1741 -0.0878
  endloop
 endfacet
 facet normal 0.70711 0.70711 0.00000
  outer loop
   vertex -2.2000 3.5500 -0.0800
   vertex -2.2241 3.5741 -0.0878
   vertex -2.2193 3.5693 -0.0582
  endloop
 endfacet
 facet normal -0.30680 0.30680 0.90097
  outer loop
   vertex -2.6193 3.1693 -0.0582
   vertex -2.6000 3.1500 -0.0450
   vertex -2.2000 3.5500 -0.0450
  endloop
 endfacet
 facet normal -0.30680 0.30680 0.90097
  outer loop
   vertex -2.6193 3.1693 -0.0582
   vertex -2.2000 3.5500 -0.0450
   vertex -2.2193 3.5693 -0.0582
  endloop
 endfacet
 facet normal -0.70711 -0.70711 0.00000
  outer loop
   vertex -2.6000 3.1500 -0.0800
   vertex -2.6000 3.1500 -0.0450
   vertex -2.6193 3.1693 -0.0582
  endloop
 endfacet
 facet normal 0.70711 0.70711 0.00000
  outer loop
   vertex -2.2000 3.5500 -0.0800
   vertex -2.2193 3.5693 -0.0582
   vertex -2.2000 3.5500 -0.0450
  endloop
 endfacet
 facet normal 0.30680 -0.30680 0.90097
  outer loop
   vertex -1.8000 3.1500 -0.0450
   vertex -1.7807 3.1307 -0.0582
   vertex -1.3807 3.5307 -0.0582
  endloop
 endfacet
 facet normal 0.30680 -0.30680 0.90097
  outer loop
   vertex -1.8000 3.1500 -0.0450
   vertex -1.3807 3.5307 -0.0582
   vertex -1.4000 3.5500 -0.0450
  endloop
 endfacet
 facet normal -0.70711 -0.70711 0.00000
  outer loop
   vertex -1.8000 3.1500 -0.0800
   vertex -1.7807 3.1307 -0.0582
   vertex -1.8000 3.1500 -0.0450
  endloop
 endfacet
 facet normal 0.70711 0.70711 0.00000
  outer loop
   vertex -1.4000 3.5500 -0.0800
   vertex -1.4000 3.5500 -0.0450
   vertex -1.3807 3.5307 -0.0582
  endloop
 endfacet
 facet normal 0.68938 -0.68938 0.22252
  outer loop
   vertex -1.7807 3.1307 -0.0582
   vertex -1.7759 3.1259 -0.0878
   vertex -1.3759 3.5259 -0.0878
  endloop
 endfacet
 facet normal 0.68938 -0.68938 0.22252
  outer loop
   vertex -1.7807 3.1307 -0.0582
   vertex -1.3759 3.5259 -0.0878
   vertex -1.3807 3.5307 -0.0582
  endloop
 endfacet
 facet normal -0.70711 -0.70711 0.00000
  outer loop
   vertex -1.8000 3.1500 -0.0800
   vertex -1.7759 3.1259 -0.0878
   vertex -1.7807 3.1307 -0.0582
  endloop
 endfacet
 facet normal 0.70711 0.70711 0.00000
  outer loop
   vertex -1.4000 3.5500 -0.0800
   vertex -1.3807 3.5307 -0.0582
   vertex -1.3759 3.5259 -0.0878
  endloop
 endfacet
 facet normal 0.55284 -0.55284 -0.62349
  outer loop
   vertex -1.7759 3.1259 -0.0878
   vertex -1.7893 3.1393 -0.1115
   vertex -1.3893 3.5393 -0.1115
  endloop
 endfacet
 facet normal 0.55284 -0.55284 -0.62349
  outer loop
   vertex -1.7759 3.1259 -0.0878
   vertex -1.3893 3.5393 -0.1115
   vertex -1.3759 3.5259 -0.0878
  endloop
 endfacet
 facet normal -0.70711 -0.70711 0.00000
  outer loop
   vertex -1.8000 3.1500 -0.0800
   vertex -1.7893 3.1393 -0.1115
   vertex -1.7759 3.1259 -0.0878
  endloop
 endfacet
 facet normal 0.70711 0.70711 -0.00000
  outer loop
   vertex -1.4000 3.5500 -0.0800
   vertex -1.3759 3.5259 -0.0878
   vertex -1.3893 3.5393 -0.1115
  endloop
 endfacet
 facet normal 0.00000 0.00000 -1.00000
  outer loop
   vertex -1.7893 3.1393 -0.1115
   vertex -1.8107 3.1607 -0.1115
   vertex -1.4107 3.5607 -0.1115
  endloop
 endfacet
 facet normal 0.00000 0.00000 -1.00000
  outer loop
   vertex -1.7893 3.1393 -0.1115
   vertex -1.4107 3.5607 -0.1115
   vertex -1.3893 3.5393 -0.1115
  endloop
 endfacet
 facet normal -0.70711 -0.70711 0.00000
  outer loop
   vertex -1.8000 3.1500 -0.0800
   vertex -1.8107 3.1607 -0.1115
   vertex -1.7893 3.1393 -0.1115
  endloop
 endfacet
 facet normal 0.70711 0.70711 0.00000
  outer loop
   vertex -1.4000 3.5500 -0.0800
   vertex -1.3893 3.5393 -0.1115
   vertex -1.4107 3.5607 -0.1115
  endloop
 endfacet
 facet normal -0.55284 0.55284 -0.62349
  outer loop
   vertex -1.8107 3.1607 -0.1115
   vertex -1.8241 3.1741 -0.0878
   vertex -1.4241 3.5741 -0.0878
  endloop
 endfacet
 facet normal -0.55284 0.55284 -0.62349
  outer loop
   vertex -1.8107 3.1607 -0.1115
   vertex -1.4241 3.5741 -0.0878
   vertex -1.4107 3.5607 -0.1115
  endloop
 endfacet
 facet normal -0.70711 -0.70711 -0.00000
  outer loop
   vertex -1.8000 3.1500 -0.0800
   vertex -1.8241 3.1741 -0.0878
   vertex -1.8107 3.1607 -0.1115
  endloop
 endfacet
 facet normal 0.70711 0.70711 0.00000
  outer loop
   vertex -1.4000 3.5500 -0.0800
   vertex -1.4107 3.5607 -0.1115
   vertex -1.4241 3.5741 -0.0878
  endloop
 endfacet
 facet normal -0.68938 0.68938 0.22252
  outer loop
   vertex -1.8241 3.1741 -0.0878
   vertex -1.8193 3.1693 -0.0582
   vertex -1.4193 3.5693 -0.0582
  endloop
 endfacet
 facet normal -0.68938 0.68938 0.22252
  outer loop
   vertex -1.8241 3.1741 -0.0878
   vertex -1.4193 3.5693 -0.0582
   vertex -1.4241 3.5741 -0.0878
  endloop
 endfacet
 facet normal -0.70711 -0.70711 0.00000
  outer loop
   vertex -1.8000 3.1500 -0.0800
   vertex -1.8193 3.1693 -0.0582
   vertex -1.8241 3.1741 -0.0878
  endloop
 endfacet
 facet normal 0.70711 0.70711 0.00000
  outer loop
   vertex -1.4000 3.5500 -0.0800
   vertex -1.4241 3.5741 -0.0878
   vertex -1.4193 3.5693 -0.0582
  endloop
 endfacet
 facet normal -0.30680 0.30680 0.90097
  outer loop
   vertex -1.8193 3.1693 -0.0582
   vertex -1.8000 3.1500 -0.0450
   vertex -1.4000 3.5500 -0.0450
  endloop
 endfacet
 facet normal -0.30680 0.30680 0.90097
  outer loop
   vertex -1.8193 3.1693 -0.0582
   vertex -1.4000 3.5500 -0.0450
   vertex -1.4193 3.5693 -0.0582
  endloop
 endfacet
 facet normal -0.70711 -0.70711 0.00000
  outer loop
   vertex -1.8000 3.1500 -0.0800
   vertex -1.8000 3.1500 -0.0450
   vertex -1.8193 3.1693 -0.0582
  endloop
 endfacet
 facet normal 0.70711 0.70711 0.00000
  outer loop
   vertex -1.4000 3.5500 -0.0800
   vertex -1.4193 3.5693 -0.0582
   vertex -1.4000 3.5500 -0.0450
  endloop
 endfacet
 facet normal 0.30680 -0.30680 0.90097
  outer loop
   vertex -1.0000 3.1500 -0.0450
   vertex -0.9807 3.1307 -0.0582
   vertex -0.5807 3.5307 -0.0582
  endloop
 endfacet
 facet normal 0.30680 -0.30680 0.90097
  outer loop
   vertex -1.0000 3.1500 -0.0450
   vertex -0.5807 3.5307 -0.0582
   vertex -0.6000 3.5500 -0.0450
  endloop
 endfacet
 facet normal -0.70711 -0.70711 0.00000
  outer loop
   vertex -1.0000 3.1500 -0.0800
   vertex -0.9807 3.1307 -0.0582
   vertex -1.0000 3.1500 -0.0450
  endloop
 endfacet
 facet normal 0.70711 0.70711 0.00000
  outer loop
   vertex -0.6000 3.5500 -0.0800
   vertex -0.6000 3.5500 -0.0450
   vertex -0.5807 3.5307 -0.0582
  endloop
 endfacet
 facet normal 0.68938 -0.68938 0.22252
  outer loop
   vertex -0.9807 3.1307 -0.0582
   vertex -0.9759 3.1259 -0.0878
   vertex -0.5759 3.5259 -0.0878
  endloop
 endfacet
 facet normal 0.68938 -0.68938 0.22252
  outer loop
   vertex -0.9807 3.1307 -0.0582
   vertex -0.5759 3.5259 -0.0878
   vertex -0.5807 3.5307 -0.0582
  endloop
 endfacet
 facet normal -0.70711 -0.70711 0.00000
  outer loop
   vertex -1.0000 3.1500 -0.0800
   vertex -0.9759 3.1259 -0.0878
   vertex -0.9807 3.1307 -0.0582
  endloop
 endfacet
 facet normal 0.70711 0.70711 -0.00000
  outer loop
   vertex -0.6000 3.5500 -0.0800
   vertex -0.5807 3.5307 -0.0582
   vertex -0.5759 3.5259 -0.0878
  endloop
 endfacet
 facet normal 0.55284 -0.55284 -0.62349
  outer loop
   vertex -0.9759 3.1259 -0.0878
   vertex -0.9893 3.1393 -0.1115
   vertex -0.5893 3.5393 -0.1115
  endloop
 endfacet
 facet normal 0.55284 -0.55284 -0.62349
  outer loop
   vertex -0.9759 3.1259 -0.0878
   vertex -0.5893 3.5393 -0.1115
   vertex -0.5759 3.5259 -0.0878
  endloop
 endfacet
 facet normal -0.70711 -0.70711 0.00000
  outer loop
   vertex -1.0000 3.1500 -0.0800
   vertex -0.9893 3.1393 -0.1115
   vertex -0.9759 3.1259 -0.0878
  endloop
 endfacet
 facet normal 0.70711 0.70711 -0.00000
  outer loop
   vertex -0.6000 3.5500 -0.0800
   vertex -0.5759 3.5259 -0.0878
   vertex -0.5893 3.5393 -0.1115
  endloop
 endfacet
 facet normal 0.00000 0.00000 -1.00000
  outer loop
   vertex -0.9893 3.1393 -0.1115
   vertex -1.0107 3.1607 -0.1115
   vertex -0.6107 3.5607 -0.1115
  endloop
 endfacet
 facet normal 0.00000 0.00000 -1.00000
  outer loop
   vertex -0.9893 3.1393 -0.1115
   vertex -0.6107 3.5607 -0.1115
   vertex -0.5893 3.5393 -0.1115
  endloop
 endfacet
 facet normal -0.70711 -0.70711 -0.00000
  outer loop
   vertex -1.0000 3.1500 -0.0800
   vertex -1.0107 3.1607 -0.1115
   vertex -0.9893 3.1393 -0.1115
  endloop
 endfacet
 facet normal 0.70711 0.70711 0.00000
  outer loop
   vertex -0.6000 3.5500 -0.0800
   vertex -0.5893 3.5393 -0.1115
   vertex -0.6107 3.5607 -0.1115
  endloop
 endfacet
 facet normal -0.55284 0.55284 -0.62349
  outer loop
   vertex -1.0107 3.1607 -0.1115
   vertex -1.0241 3.1741 -0.0878
   vertex -0.6241 3.5741 -0.0878
  endloop
 endfacet
 facet normal -0.55284 0.55284 -0.62349
  outer loop
   vertex -1.0107 3.1607 -0.1115
   vertex -0.6241 3.5741 -0.0878
   vertex -0.6107 3.5607 -0.1115
  endloop
 endfacet
 facet normal -0.70711 -0.70711 -0.00000
  outer loop
   vertex -1.0000 3.1500 -0.0800
   vertex -1.0241 3.1741 -0.0878
   vertex -1.0107 3.1607 -0.1115
  endloop
 endfacet
 facet normal 0.70711 0.70711 0.00000
  outer loop
   vertex -0.6000 3.5500 -0.0800
   vertex -0.6107 3.5607 -0.1115
   vertex -0.6241 3.5741 -0.0878
  endloop
 endfacet
 facet normal -0.68938 0.68938 0.22252
  outer loop
   vertex -1.0241 3.1741 -0.0878
   vertex -1.0193 3.1693 -0.0582
   vertex -0.6193 3.5693 -0.0582
  endloop
 endfacet
 facet normal -0.68938 0.68938 0.22252
  outer loop
   vertex -1.0241 3.1741 -0.0878
   vertex -0.6193 3.5693 -0.0582
   vertex -0.6241 3.5741 -0.0878
  endloop
 endfacet
 facet normal -0.70711 -0.70711 0.00000
  outer loop
   vertex -1.0000 3.1500 -0.0800
   vertex -1.0193 3.1693 -0.0582
   vertex -1.0241 3.1741 -0.0878
  endloop
 endfacet
 facet normal 0.70711 0.70711 0.00000
  outer loop
   vertex -0.6000 3.5500 -0.0800
   vertex -0.6241 3.5741 -0.0878
   vertex -0.6193 3.5693 -0.0582
  endloop
 endfacet
 facet normal -0.30680 0.30680 0.90097
  outer loop
   vertex -1.0193 3.1693 -0.0582
   vertex -1.0000 3.1500 -0.0450
   vertex -0.6000 3.5500 -0.0450
  endloop
 endfacet
 facet normal -0.30680 0.30680 0.90097
  outer loop
   vertex -1.0193 3.1693 -0.0582
   vertex -0.6000 3.5500 -0.0450
   vertex -0.6193 3.5693 -0.0582
  endloop
 endfacet
 facet normal -0.70711 -0.70711 0.00000
  outer loop
   vertex -1.0000 3.1500 -0.0800
   vertex -1.0000 3.1500 -0.0450
   vertex -1.0193 3.1693 -0.0582
  endloop
 endfacet
 facet normal 0.70711 0.70711 0.00000
  outer loop
   vertex -0.6000 3.5500 -0.0800
   vertex -0.6193 3.5693 -0.0582
   vertex -0.6000 3.5500 -0.0450
  endloop
 endfacet
 facet normal 0.30680 -0.30680 0.90097
  outer loop
   vertex -0.2000 3.1500 -0.0450
   vertex -0.1807 3.1307 -0.0582
   vertex 0.2193 3.5307 -0.0582
  endloop
 endfacet
 facet normal 0.30680 -0.30680 0.90097
  outer loop
   vertex -0.2000 3.1500 -0.0450
   vertex 0.2193 3.5307 -0.0582
   vertex 0.2000 3.5500 -0.0450
  endloop
 endfacet
 facet normal -0.70711 -0.70711 0.00000
  outer loop
   vertex -0.2000 3.1500 -0.0800
   vertex -0.1807 3.1307 -0.0582
   vertex -0.2000 3.1500 -0.0450
  endloop
 endfacet
 facet normal 0.70711 0.70711 0.00000
  outer loop
   vertex 0.2000 3.5500 -0.0800
   vertex 0.2000 3.5500 -0.0450
   vertex 0.2193 3.5307 -0.0582
  endloop
 endfacet
 facet normal 0.68938 -0.68938 0.22252
  outer loop
   vertex -0.1807 3.1307 -0.0582
   vertex -0.1759 3.1259 -0.0878
   vertex 0.2241 3.5259 -0.0878
  endloop
 endfacet
 facet normal 0.68938 -0.68938 0.22252
  outer loop
   vertex -0.1807 3.1307 -0.0582
   vertex 0.2241 3.5259 -0.0878
   vertex 0.2193 3.5307 -0.0582
  endloop
 endfacet
 facet normal -0.70711 -0.70711 0.00000
  outer loop
   vertex -0.2000 3.1500 -0.0800
   vertex -0.1759 3.1259 -0.0878
   vertex -0.1807 3.1307 -0.0582
  endloop
 endfacet
 facet normal 0.70711 0.70711 -0.00000
  outer loop
   vertex 0.2000 3.5500 -0.0800
   vertex 0.2193 3.5307 -0.0582
   vertex 0.2241 3.5259 -0.0878
  endloop
 endfacet
 facet normal 0.55284 -0.55284 -0.62349
  outer loop
   vertex -0.1759 3.1259 -0.0878
   vertex -0.1893 3.1393 -0.1115
   vertex 0.2107 3.5393 -0.1115
  endloop
 endfacet
 facet normal 0.55284 -0.55284 -0.62349
  outer loop
   vertex -0.1759 3.1259 -0.0878
   vertex 0.2107 3.5393 -0.1115
   vertex 0.2241 3.5259 -0.0878
  endloop
 endfacet
 facet normal -0.70711 -0.70711 0.00000
  outer loop
   vertex -0.2000 3.1500 -0.0800
   vertex -0.1893 3.1393 -0.1115
   vertex -0.1759 3.1259 -0.0878
  endloop
 endfacet
 facet normal 0.70711 0.70711 -0.00000
  outer loop
   vertex 0.2000 3.5500 -0.0800
   vertex 0.2241 3.5259 -0.0878
   vertex 0.2107 3.5393 -0.1115
  endloop
 endfacet
 facet normal 0.00000 0.00000 -1.00000
  outer loop
   vertex -0.1893 3.1393 -0.1115
   vertex -0.2107 3.1607 -0.1115
   vertex 0.1893 3.5607 -0.1115
  endloop
 endfacet
 facet normal 0.00000 0.00000 -1.00000
  outer loop
   vertex -0.1893 3.1393 -0.1115
   vertex 0.1893 3.5607 -0.1115
   vertex 0.2107 3.5393 -0.1115
  endloop
 endfacet
 facet normal -0.70711 -0.70711 0.00000
  outer loop
   vertex -0.2000 3.1500 -0.0800
   vertex -0.2107 3.1607 -0.1115
   vertex -0.1893 3.1393 -0.1115
  endloop
 endfacet
 facet normal 0.70711 0.70711 0.00000
  outer loop
   vertex 0.2000 3.5500 -0.0800
   vertex 0.2107 3.5393 -0.1115
   vertex 0.1893 3.5607 -0.1115
  endloop
 endfacet
 facet normal -0.55284 0.55284 -0.62349
  outer loop
   vertex -0.2107 3.1607 -0.1115
   vertex -0.2241 3.1741 -0.0878
   vertex 0.1759 3.5741 -0.0878
  endloop
 endfacet
 facet normal -0.55284 0.55284 -0.62349
  outer loop
   vertex -0.2107 3.1607 -0.1115
   vertex 0.1759 3.5741 -0.0878
   vertex 0.1893 3.5607 -0.1115
  endloop
 endfacet
 facet normal -0.70711 -0.70711 -0.00000
  outer loop
   vertex -0.2000 3.1500 -0.0800
   vertex -0.2241 3.1741 -0.0878
   vertex -0.2107 3.1607 -0.1115
  endloop
 endfacet
 facet normal 0.70711 0.70711 0.00000
  outer loop
   vertex 0.2000 3.5500 -0.0800
   vertex 0.1893 3.5607 -0.1115
   vertex 0.1759 3.5741 -0.0878
  endloop
 endfacet
 facet normal -0.68938 0.68938 0.22252
  outer loop
   vertex -0.2241 3.1741 -0.0878
   vertex -0.2193 3.1693 -0.0582
   vertex 0.1807 3.5693 -0.0582
  endloop
 endfacet
 facet normal -0.68938 0.68938 0.22252
  outer loop
   vertex -0.2241 3.1741 -0.0878
   vertex 0.1807 3.5693 -0.0582
   vertex 0.1759 3.5741 -0.0878
  endloop
 endfacet
 facet normal -0.70711 -0.70711 -0.00000
  outer loop
   vertex -0.2000 3.1500 -0.0800
   vertex -0.2193 3.1693 -0.0582
   vertex -0.2241 3.1741 -0.0878
  endloop
 endfacet
 facet normal 0.70711 0.70711 0.00000
  outer loop
   vertex 0.2000 3.5500 -0.0800
   vertex 0.1759 3.5741 -0.0878
   vertex 0.1807 3.5693 -0.0582
  endloop
 endfacet
 facet normal -0.30680 0.30680 0.90097
  outer loop
   vertex -0.2193 3.1693 -0.0582
   vertex -0.2000 3.1500 -0.0450
   vertex 0.2000 3.5500 -0.0450
  endloop
 endfacet
 facet normal -0.30680 0.30680 0.90097
  outer loop
   vertex -0.2193 3.1693 -0.0582
   vertex 0.2000 3.5500 -0.0450
   vertex 0.1807 3.5693 -0.0582
  endloop
 endfacet
 facet normal -0.70711 -0.70711 0.00000
  outer loop
   vertex -0.2000 3.1500 -0.0800
   vertex -0.2000 3.1500 -0.0450
   vertex -0.2193 3.1693 -0.0582
  endloop
 endfacet
 facet normal 0.70711 0.70711 0.00000
  outer loop
   vertex 0.2000 3.5500 -0.0800
   vertex 0.1807 3.5693 -0.0582
   vertex 0.2000 3.5500 -0.0450
  endloop
 endfacet
 facet normal 0.30680 -0.30680 0.90097
  outer loop
   vertex 0.6000 3.1500 -0.0450
   vertex 0.6193 3.1307 -0.0582
   vertex 1.0193 3.5307 -0.0582
  endloop
 endfacet
 facet normal 0.30680 -0.30680 0.90097
  outer loop
   vertex 0.6000 3.1500 -0.0450
   vertex 1.0193 3.5307 -0.0582
   vertex 1.0000 3.5500 -0.0450
  endloop
 endfacet
 facet normal -0.70711 -0.70711 0.00000
  outer loop
   vertex 0.6000 3.1500 -0.0800
   vertex 0.6193 3.1307 -0.0582
   vertex 0.6000 3.1500 -0.0450
  endloop
 endfacet
 facet normal 0.70711 0.70711 0.00000
  outer loop
   vertex 1.0000 3.5500 -0.0800
   vertex 1.0000 3.5500 -0.0450
   vertex 1.0193 3.5307 -0.0582
  endloop
 endfacet
 facet normal 0.68938 -0.68938 0.22252
  outer loop
   vertex 0.6193 3.1307 -0.0582
   vertex 0.6241 3.1259 -0.0878
   vertex 1.0241 3.5259 -0.0878
  endloop
 endfacet
 facet normal 0.68938 -0.68938 0.22252
  outer loop
   vertex 0.6193 3.1307 -0.0582
   vertex 1.0241 3.5259 -0.0878
   vertex 1.0193 3.5307 -0.0582
  endloop
 endfacet
 facet normal -0.70711 -0.70711 0.00000
  outer loop
   vertex 0.6000 3.1500 -0.0800
   vertex 0.6241 3.1259 -0.0878
   vertex 0.6193 3.1307 -0.0582
  endloop
 endfacet
 facet normal 0.70711 0.70711 -0.00000
  outer loop
   vertex 1.0000 3.5500 -0.0800
   vertex 1.0193 3.5307 -0.0582
   vertex 1.0241 3.5259 -0.0878
  endloop
 endfacet
 facet normal 0.55284 -0.55284 -0.62349
  outer loop
   vertex 0.6241 3.1259 -0.0878
   vertex 0.6107 3.1393 -0.1115
   vertex 1.0107 3.5393 -0.1115
  endloop
 endfacet
 facet normal 0.55284 -0.55284 -0.62349
  outer loop
   vertex 0.6241 3.1259 -0.0878
   vertex 1.0107 3.5393 -0.1115
   vertex 1.0241 3.5259 -0.0878
  endloop
 endfacet
 facet normal -0.70711 -0.70711 0.00000
  outer loop
   vertex 0.6000 3.1500 -0.0800
   vertex 0.6107 3.1393 -0.1115
   vertex 0.6241 3.1259 -0.0878
  endloop
 endfacet
 facet normal 0.70711 0.70711 -0.00000
  outer loop
   vertex 1.0000 3.5500 -0.0800
   vertex 1.0241 3.5259 -0.0878
   vertex 1.0107 3.5393 -0.1115
  endloop
 endfacet
 facet normal 0.00000 0.00000 -1.00000
  outer loop
   vertex 0.6107 3.1393 -0.1115
   vertex 0.5893 3.1607 -0.1115
   vertex 0.9893 3.5607 -0.1115
  endloop
 endfacet
 facet normal 0.00000 0.00000 -1.00000
  outer loop
   vertex 0.6107 3.1393 -0.1115
   vertex 0.9893 3.5607 -0.1115
   vertex 1.0107 3.5393 -0.1115
  endloop
 endfacet
 facet normal -0.70711 -0.70711 0.00000
  outer loop
   vertex 0.6000 3.1500 -0.0800
   vertex 0.5893 3.1607 -0.1115
   vertex 0.6107 3.1393 -0.1115
  endloop
 endfacet
 facet normal 0.70711 0.70711 0.00000
  outer loop
   vertex 1.0000 3.5500 -0.0800
   vertex 1.0107 3.5393 -0.1115
   vertex 0.9893 3.5607 -0.1115
  endloop
 endfacet
 facet normal -0.55284 0.55284 -0.62349
  outer loop
   vertex 0.5893 3.1607 -0.1115
   vertex 0.5759 3.1741 -0.0878
   vertex 0.9759 3.5741 -0.0878
  endloop
 endfacet
 facet normal -0.55284 0.55284 -0.62349
  outer loop
   vertex 0.5893 3.1607 -0.1115
   vertex 0.9759 3.5741 -0.0878
   vertex 0.9893 3.5607 -0.1115
  endloop
 endfacet
 facet normal -0.70711 -0.70711 -0.00000
  outer loop
   vertex 0.6000 3.1500 -0.0800
   vertex 0.5759 3.1741 -0.0878
   vertex 0.5893 3.1607 -0.1115
  endloop
 endfacet
 facet normal 0.70711 0.70711 0.00000
  outer loop
   vertex 1.0000 3.5500 -0.0800
   vertex 0.9893 3.5607 -0.1115
   vertex 0.9759 3.5741 -0.0878
  endloop
 endfacet
 facet normal -0.68938 0.68938 0.22252
  outer loop
   vertex 0.5759 3.1741 -0.0878
   vertex 0.5807 3.1693 -0.0582
   vertex 0.9807 3.5693 -0.0582
  endloop
 endfacet
 facet normal -0.68938 0.68938 0.22252
  outer loop
   vertex 0.5759 3.1741 -0.0878
   vertex 0.9807 3.5693 -0.0582
   vertex 0.9759 3.5741 -0.0878
  endloop
 endfacet
 facet normal -0.70711 -0.70711 -0.00000
  outer loop
   vertex 0.6000 3.1500 -0.0800
   vertex 0.5807 3.1693 -0.0582
   vertex 0.5759 3.1741 -0.0878
  endloop
 endfacet
 facet normal 0.70711 0.70711 0.00000
  outer loop
   vertex 1.0000 3.5500 -0.0800
   vertex 0.9759 3.5741 -0.0878
   vertex 0.9807 3.5693 -0.0582
  endloop
 endfacet
 facet normal -0.30680 0.30680 0.90097
  outer loop
   vertex 0.5807 3.1693 -0.0582
   vertex 0.6000 3.1500 -0.0450
   vertex 1.0000 3.5500 -0.0450
  endloop
 endfacet
 facet normal -0.30680 0.30680 0.90097
  outer loop
   vertex 0.5807 3.1693 -0.0582
   vertex 1.0000 3.5500 -0.0450
   vertex 0.9807 3.5693 -0.0582
  endloop
 endfacet
 facet normal -0.70711 -0.70711 0.00000
  outer loop
   vertex 0.6000 3.1500 -0.0800
   vertex 0.6000 3.1500 -0.0450
   vertex 0.5807 3.1693 -0.0582
  endloop
 endfacet
 facet normal 0.70711 0.70711 0.00000
  outer loop
   vertex 1.0000 3.5500 -0.0800
   vertex 0.9807 3.5693 -0.0582
   vertex 1.0000 3.5500 -0.0450
  endloop
 endfacet
 facet normal 0.30680 -0.30680 0.90097
  outer loop
   vertex 1.4000 3.1500 -0.0450
   vertex 1.4193 3.1307 -0.0582
   vertex 1.8193 3.5307 -0.0582
  endloop
 endfacet
 facet normal 0.30680 -0.30680 0.90097
  outer loop
   vertex 1.4000 3.1500 -0.0450
   vertex 1.8193 3.5307 -0.0582
   vertex 1.8000 3.5500 -0.0450
  endloop
 endfacet
 facet normal -0.70711 -0.70711 0.00000
  outer loop
   vertex 1.4000 3.1500 -0.0800
   vertex 1.4193 3.1307 -0.0582
   vertex 1.4000 3.1500 -0.0450
  endloop
 endfacet
 facet normal 0.70711 0.70711 0.00000
  outer loop
   vertex 1.8000 3.5500 -0.0800
   vertex 1.8000 3.5500 -0.0450
   vertex 1.8193 3.5307 -0.0582
  endloop
 endfacet
 facet normal 0.68938 -0.68938 0.22252
  outer loop
   vertex 1.4193 3.1307 -0.0582
   vertex 1.4241 3.1259 -0.0878
   vertex 1.8241 3.5259 -0.0878
  endloop
 endfacet
 facet normal 0.68938 -0.68938 0.22252
  outer loop
   vertex 1.4193 3.1307 -0.0582
   vertex 1.8241 3.5259 -0.0878
   vertex 1.8193 3.5307 -0.0582
  endloop
 endfacet
 facet normal -0.70711 -0.70711 0.00000
  outer loop
   vertex 1.4000 3.1500 -0.0800
   vertex 1.4241 3.1259 -0.0878
   vertex 1.4193 3.1307 -0.0582
  endloop
 endfacet
 facet normal 0.70711 0.70711 0.00000
  outer loop
   vertex 1.8000 3.5500 -0.0800
   vertex 1.8193 3.5307 -0.0582
   vertex 1.8241 3.5259 -0.0878
  endloop
 endfacet
 facet normal 0.55284 -0.55284 -0.62349
  outer loop
   vertex 1.4241 3.1259 -0.0878
   vertex 1.4107 3.1393 -0.1115
   vertex 1.8107 3.5393 -0.1115
  endloop
 endfacet
 facet normal 0.55284 -0.55284 -0.62349
  outer loop
   vertex 1.4241 3.1259 -0.0878
   vertex 1.8107 3.5393 -0.1115
   vertex 1.8241 3.5259 -0.0878
  endloop
 endfacet
 facet normal -0.70711 -0.70711 0.00000
  outer loop
   vertex 1.4000 3.1500 -0.0800
   vertex 1.4107 3.1393 -0.1115
   vertex 1.4241 3.1259 -0.0878
  endloop
 endfacet
 facet normal 0.70711 0.70711 -0.00000
  outer loop
   vertex 1.8000 3.5500 -0.0800
   vertex 1.8241 3.5259 -0.0878
   vertex 1.8107 3.5393 -0.1115
  endloop
 endfacet
 facet normal 0.00000 0.00000 -1.00000
  outer loop
   vertex 1.4107 3.1393 -0.1115
   vertex 1.3893 3.1607 -0.1115
   vertex 1.7893 3.5607 -0.1115
  endloop
 endfacet
 facet normal 0.00000 0.00000 -1.00000
  outer loop
   vertex 1.4107 3.1393 -0.1115
   vertex 1.7893 3.5607 -0.1115
   vertex 1.8107 3.5393 -0.1115
  endloop
 endfacet
 facet normal -0.70711 -0.70711 0.00000
  outer loop
   vertex 1.4000 3.1500 -0.0800
   vertex 1.3893 3.1607 -0.1115
   vertex 1.4107 3.1393 -0.1115
  endloop
 endfacet
 facet normal 0.70711 0.70711 0.00000
  outer loop
   vertex 1.8000 3.5500 -0.0800
   vertex 1.8107 3.5393 -0.1115
   vertex 1.7893 3.5607 -0.1115
  endloop
 endfacet
 facet normal -0.55284 0.55284 -0.62349
  outer loop
   vertex 1.3893 3.1607 -0.1115
   vertex 1.3759 3.1741 -0.0878
   vertex 1.7759 3.5741 -0.0878
  endloop
 endfacet
 facet normal -0.55284 0.55284 -0.62349
  outer loop
   vertex 1.3893 3.1607 -0.1115
   vertex 1.7759 3.5741 -0.0878
   vertex 1.7893 3.5607 -0.1115
  endloop
 endfacet
 facet normal -0.70711 -0.70711 -0.00000
  outer loop
   vertex 1.4000 3.1500 -0.0800
   vertex 1.3759 3.1741 -0.0878
   vertex 1.3893 3.1607 -0.1115
  endloop
 endfacet
 facet normal 0.70711 0.70711 0.00000
  outer loop
   vertex 1.8000 3.5500 -0.0800
   vertex 1.7893 3.5607 -0.1115
   vertex 1.7759 3.5741 -0.0878
  endloop
 endfacet
 facet normal -0.68938 0.68938 0.22252
  outer loop
   vertex 1.3759 3.1741 -0.0878
   vertex 1.3807 3.1693 -0.0582
   vertex 1.7807 3.5693 -0.0582
  endloop
 endfacet
 facet normal -0.68938 0.68938 0.22252
  outer loop
   vertex 1.3759 3.1741 -0.0878
   vertex 1.7807 3.5693 -0.0582
   vertex 1.7759 3.5741 -0.0878
  endloop
 endfacet
 facet normal -0.70711 -0.70711 0.00000
  outer loop
   vertex 1.4000 3.1500 -0.0800
   vertex 1.3807 3.1693 -0.0582
   vertex 1.3759 3.1741 -0.0878
  endloop
 endfacet
 facet normal 0.70711 0.70711 0.00000
  outer loop
   vertex 1.8000 3.5500 -0.0800
   vertex 1.7759 3.5741 -0.0878
   vertex 1.7807 3.5693 -0.0582
  endloop
 endfacet
 facet normal -0.30680 0.30680 0.90097
  outer loop
   vertex 1.3807 3.1693 -0.0582
   vertex 1.4000 3.1500 -0.0450
   vertex 1.8000 3.5500 -0.0450
  endloop
 endfacet
 facet normal -0.30680 0.30680 0.90097
  outer loop
   vertex 1.3807 3.1693 -0.0582
   vertex 1.8000 3.5500 -0.0450
   vertex 1.7807 3.5693 -0.0582
  endloop
 endfacet
 facet normal -0.70711 -0.70711 0.00000
  outer loop
   vertex 1.4000 3.1500 -0.0800
   vertex 1.4000 3.1500 -0.0450
   vertex 1.3807 3.1693 -0.0582
  endloop
 endfacet
 facet normal 0.70711 0.70711 0.00000
  outer loop
   vertex 1.8000 3.5500 -0.0800
   vertex 1.7807 3.5693 -0.0582
   vertex 1.8000 3.5500 -0.0450
  endloop
 endfacet
 facet normal 0.30680 -0.30680 0.90097
  outer loop
   vertex 2.2000 3.1500 -0.0450
   vertex 2.2193 3.1307 -0.0582
   vertex 2.6193 3.5307 -0.0582
  endloop
 endfacet
 facet normal 0.30680 -0.30680 0.90097
  outer loop
   vertex 2.2000 3.1500 -0.0450
   vertex 2.6193 3.5307 -0.0582
   vertex 2.6000 3.5500 -0.0450
  endloop
 endfacet
 facet normal -0.70711 -0.70711 0.00000
  outer loop
   vertex 2.2000 3.1500 -0.0800
   vertex 2.2193 3.1307 -0.0582
   vertex 2.2000 3.1500 -0.0450
  endloop
 endfacet
 facet normal 0.70711 0.70711 0.00000
  outer loop
   vertex 2.6000 3.5500 -0.0800
   vertex 2.6000 3.5500 -0.0450
   vertex 2.6193 3.5307 -0.0582
  endloop
 endfacet
 facet normal 0.68938 -0.68938 0.22252
  outer loop
   vertex 2.2193 3.1307 -0.0582
   vertex 2.2241 3.1259 -0.0878
   vertex 2.6241 3.5259 -0.0878
  endloop
 endfacet
 facet normal 0.68938 -0.68938 0.22252
  outer loop
   vertex 2.2193 3.1307 -0.0582
   vertex 2.6241 3.5259 -0.0878
   vertex 2.6193 3.5307 -0.0582
  endloop
 endfacet
 facet normal -0.70711 -0.70711 0.00000
  outer loop
   vertex 2.2000 3.1500 -0.0800
   vertex 2.2241 3.1259 -0.0878
   vertex 2.2193 3.1307 -0.0582
  endloop
 endfacet
 facet normal 0.70711 0.70711 0.00000
  outer loop
   vertex 2.6000 3.5500 -0.0800
   vertex 2.6193 3.5307 -0.0582
   vertex 2.6241 3.5259 -0.0878
  endloop
 endfacet
 facet normal 0.55284 -0.55284 -0.62349
  outer loop
   vertex 2.2241 3.1259 -0.0878
   vertex 2.2107 3.1393 -0.1115
   vertex 2.6107 3.5393 -0.1115
  endloop
 endfacet
 facet normal 0.55284 -0.55284 -0.62349
  outer loop
   vertex 2.2241 3.1259 -0.0878
   vertex 2.6107 3.5393 -0.1115
   vertex 2.6241 3.5259 -0.0878
  endloop
 endfacet
 facet normal -0.70711 -0.70711 0.00000
  outer loop
   vertex 2.2000 3.1500 -0.0800
   vertex 2.2107 3.1393 -0.1115
   vertex 2.2241 3.1259 -0.0878
  endloop
 endfacet
 facet normal 0.70711 0.70711 0.00000
  outer loop
   vertex 2.6000 3.5500 -0.0800
   vertex 2.6241 3.5259 -0.0878
   vertex 2.6107 3.5393 -0.1115
  endloop
 endfacet
 facet normal 0.00000 0.00000 -1.00000
  outer loop
   vertex 2.2107 3.1393 -0.1115
   vertex 2.1893 3.1607 -0.1115
   vertex 2.5893 3.5607 -0.1115
  endloop
 endfacet
 facet normal 0.00000 0.00000 -1.00000
  outer loop
   vertex 2.2107 3.1393 -0.1115
   vertex 2.5893 3.5607 -0.1115
   vertex 2.6107 3.5393 -0.1115
  endloop
 endfacet
 facet normal -0.70711 -0.70711 0.00000
  outer loop
   vertex 2.2000 3.1500 -0.0800
   vertex 2.1893 3.1607 -0.1115
   vertex 2.2107 3.1393 -0.1115
  endloop
 endfacet
 facet normal 0.70711 0.70711 0.00000
  outer loop
   vertex 2.6000 3.5500 -0.0800
   vertex 2.6107 3.5393 -0.1115
   vertex 2.5893 3.5607 -0.1115
  endloop
 endfacet
 facet normal -0.55284 0.55284 -0.62349
  outer loop
   vertex 2.1893 3.1607 -0.1115
   vertex 2.1759 3.1741 -0.0878
   vertex 2.5759 3.5741 -0.0878
  endloop
 endfacet
 facet normal -0.55284 0.55284 -0.62349
  outer loop
   vertex 2.1893 3.1607 -0.1115
   vertex 2.5759 3.5741 -0.0878
   vertex 2.5893 3.5607 -0.1115
  endloop
 endfacet
 facet normal -0.70711 -0.70711 0.00000
  outer loop
   vertex 2.2000 3.1500 -0.0800
   vertex 2.1759 3.1741 -0.0878
   vertex 2.1893 3.1607 -0.1115
  endloop
 endfacet
 facet normal 0.70711 0.70711 0.00000
  outer loop
   vertex 2.6000 3.5500 -0.0800
   vertex 2.5893 3.5607 -0.1115
   vertex 2.5759 3.5741 -0.0878
  endloop
 endfacet
 facet normal -0.68938 0.68938 0.22252
  outer loop
   vertex 2.1759 3.1741 -0.0878
   vertex 2.1807 3.1693 -0.0582
   vertex 2.5807 3.5693 -0.0582
  endloop
 endfacet
 facet normal -0.68938 0.68938 0.22252
  outer loop
   vertex 2.1759 3.1741 -0.0878
   vertex 2.5807 3.5693 -0.0582
   vertex 2.5759 3.5741 -0.0878
  endloop
 endfacet
 facet normal -0.70711 -0.70711 0.00000
  outer loop
   vertex 2.2000 3.1500 -0.0800
   vertex 2.1807 3.1693 -0.0582
   vertex 2.1759 3.1741 -0.0878
  endloop
 endfacet
 facet normal 0.70711 0.70711 0.00000
  outer loop
   vertex 2.6000 3.5500 -0.0800
   vertex 2.5759 3.5741 -0.0878
   vertex 2.5807 3.5693 -0.0582
  endloop
 endfacet
 facet normal -0.30680 0.30680 0.90097
  outer loop
   vertex 2.1807 3.1693 -0.0582
   vertex 2.2000 3.1500 -0.0450
   vertex 2.6000 3.5500 -0.0450
  endloop
 endfacet
 facet normal -0.30680 0.30680 0.90097
  outer loop
   vertex 2.1807 3.1693 -0.0582
   vertex 2.6000 3.5500 -0.0450
   vertex 2.5807 3.5693 -0.0582
  endloop
 endfacet
 facet normal -0.70711 -0.70711 0.00000
  outer loop
   vertex 2.2000 3.1500 -0.0800
   vertex 2.2000 3.1500 -0.0450
   vertex 2.1807 3.1693 -0.0582
  endloop
 endfacet
 facet normal 0.70711 0.70711 0.00000
  outer loop
   vertex 2.6000 3.5500 -0.0800
   vertex 2.5807 3.5693 -0.0582
   vertex 2.6000 3.5500 -0.0450
  endloop
 endfacet
 facet normal 0.30680 -0.30680 0.90097
  outer loop
   vertex 3.0000 3.1500 -0.0450
   vertex 3.0193 3.1307 -0.0582
   vertex 3.4193 3.5307 -0.0582
  endloop
 endfacet
 facet normal 0.30680 -0.30680 0.90097
  outer loop
   vertex 3.0000 3.1500 -0.0450
   vertex 3.4193 3.5307 -0.0582
   vertex 3.4000 3.5500 -0.0450
  endloop
 endfacet
 facet normal -0.70711 -0.70711 0.00000
  outer loop
   vertex 3.0000 3.1500 -0.0800
   vertex 3.0193 3.1307 -0.0582
   vertex 3.0000 3.1500 -0.0450
  endloop
 endfacet
 facet normal 0.70711 0.70711 0.00000
  outer loop
   vertex 3.4000 3.5500 -0.0800
   vertex 3.4000 3.5500 -0.0450
   vertex 3.4193 3.5307 -0.0582
  endloop
 endfacet
 facet normal 0.68938 -0.68938 0.22252
  outer loop
   vertex 3.0193 3.1307 -0.0582
   vertex 3.0241 3.1259 -0.0878
   vertex 3.4241 3.5259 -0.0878
  endloop
 endfacet
 facet normal 0.68938 -0.68938 0.22252
  outer loop
   vertex 3.0193 3.1307 -0.0582
   vertex 3.4241 3.5259 -0.0878
   vertex 3.4193 3.5307 -0.0582
  endloop
 endfacet
 facet normal -0.70711 -0.70711 0.00000
  outer loop
   vertex 3.0000 3.1500 -0.0800
   vertex 3.0241 3.1259 -0.0878
   vertex 3.0193 3.1307 -0.0582
  endloop
 endfacet
 facet normal 0.70711 0.70711 0.00000
  outer loop
   vertex 3.4000 3.5500 -0.0800
   vertex 3.4193 3.5307 -0.0582
   vertex 3.4241 3.5259 -0.0878
  endloop
 endfacet
 facet normal 0.55284 -0.55284 -0.62349
  outer loop
   vertex 3.0241 3.1259 -0.0878
   vertex 3.0107 3.1393 -0.1115
   vertex 3.4107 3.5393 -0.1115
  endloop
 endfacet
 facet normal 0.55284 -0.55284 -0.62349
  outer loop
   vertex 3.0241 3.1259 -0.0878
   vertex 3.4107 3.5393 -0.1115
   vertex 3.4241 3.5259 -0.0878
  endloop
 endfacet
 facet normal -0.70711 -0.70711 0.00000
  outer loop
   vertex 3.0000 3.1500 -0.0800
   vertex 3.0107 3.1393 -0.1115
   vertex 3.0241 3.1259 -0.0878
  endloop
 endfacet
 facet normal 0.70711 0.70711 0.00000
  outer loop
   vertex 3.4000 3.5500 -0.0800
   vertex 3.4241 3.5259 -0.0878
   vertex 3.4107 3.5393 -0.1115
  endloop
 endfacet
 facet normal 0.00000 0.00000 -1.00000
  outer loop
   vertex 3.0107 3.1393 -0.1115
   vertex 2.9893 3.1607 -0.1115
   vertex 3.3893 3.5607 -0.1115
  endloop
 endfacet
 facet normal 0.00000 0.00000 -1.00000
  outer loop
   vertex 3.0107 3.1393 -0.1115
   vertex 3.3893 3.5607 -0.1115
   vertex 3.4107 3.5393 -0.1115
  endloop
 endfacet
 facet normal -0.70711 -0.70711 0.00000
  outer loop
   vertex 3.0000 3.1500 -0.0800
   vertex 2.9893 3.1607 -0.1115
   vertex 3.0107 3.1393 -0.1115
  endloop
 endfacet
 facet normal 0.70711 0.70711 0.00000
  outer loop
   vertex 3.4000 3.5500 -0.0800
   vertex 3.4107 3.5393 -0.1115
   vertex 3.3893 3.5607 -0.1115
  endloop
 endfacet
 facet normal -0.55284 0.55284 -0.62349
  outer loop
   vertex 2.9893 3.1607 -0.1115
   vertex 2.9759 3.1741 -0.0878
   vertex 3.3759 3.5741 -0.0878
  endloop
 endfacet
 facet normal -0.55284 0.55284 -0.62349
  outer loop
   vertex 2.9893 3.1607 -0.1115
   vertex 3.3759 3.5741 -0.0878
   vertex 3.3893 3.5607 -0.1115
  endloop
 endfacet
 facet normal -0.70711 -0.70711 0.00000
  outer loop
   vertex 3.0000 3.1500 -0.0800
   vertex 2.9759 3.1741 -0.0878
   vertex 2.9893 3.1607 -0.1115
  endloop
 endfacet
 facet normal 0.70711 0.70711 0.00000
  outer loop
   vertex 3.4000 3.5500 -0.0800
   vertex 3.3893 3.5607 -0.1115
   vertex 3.3759 3.5741 -0.0878
  endloop
 endfacet
 facet normal -0.68938 0.68938 0.22252
  outer loop
   vertex 2.9759 3.1741 -0.0878
   vertex 2.9807 3.1693 -0.0582
   vertex 3.3807 3.5693 -0.0582
  endloop
 endfacet
 facet normal -0.68938 0.68938 0.22252
  outer loop
   vertex 2.9759 3.1741 -0.0878
   vertex 3.3807 3.5693 -0.0582
   vertex 3.3759 3.5741 -0.0878
  endloop
 endfacet
 facet normal -0.70711 -0.70711 0.00000
  outer loop
   vertex 3.0000 3.1500 -0.0800
   vertex 2.9807 3.1693 -0.0582
   vertex 2.9759 3.1741 -0.0878
  endloop
 endfacet
 facet normal 0.70711 0.70711 0.00000
  outer loop
   vertex 3.4000 3.5500 -0.0800
   vertex 3.3759 3.5741 -0.0878
   vertex 3.3807 3.5693 -0.0582
  endloop
 endfacet
 facet normal -0.30680 0.30680 0.90097
  outer loop
   vertex 2.9807 3.1693 -0.0582
   vertex 3.0000 3.1500 -0.0450
   vertex 3.4000 3.5500 -0.0450
  endloop
 endfacet
 facet normal -0.30680 0.30680 0.90097
  outer loop
   vertex 2.9807 3.1693 -0.0582
   vertex 3.4000 3.5500 -0.0450
   vertex 3.3807 3.5693 -0.0582
  endloop
 endfacet
 facet normal -0.70711 -0.70711 0.00000
  outer loop
   vertex 3.0000 3.1500 -0.0800
   vertex 3.0000 3.1500 -0.0450
   vertex 2.9807 3.1693 -0.0582
  endloop
 endfacet
 facet normal 0.70711 0.70711 0.00000
  outer loop
   vertex 3.4000 3.5500 -0.0800
   vertex 3.3807 3.5693 -0.0582
   vertex 3.4000 3.5500 -0.0450
  endloop
 endfacet
 facet normal 0.30680 -0.30680 0.90097
  outer loop
   vertex 3.8000 3.1500 -0.0450
   vertex 3.8193 3.1307 -0.0582
   vertex 4.2193 3.5307 -0.0582
  endloop
 endfacet
 facet normal 0.30680 -0.30680 0.90097
  outer loop
   vertex 3.8000 3.1500 -0.0450
   vertex 4.2193 3.5307 -0.0582
   vertex 4.2000 3.5500 -0.0450
  endloop
 endfacet
 facet normal -0.70711 -0.70711 0.00000
  outer loop
   vertex 3.8000 3.1500 -0.0800
   vertex 3.8193 3.1307 -0.0582
   vertex 3.8000 3.1500 -0.0450
  endloop
 endfacet
 facet normal 0.70711 0.70711 0.00000
  outer loop
   vertex 4.2000 3.5500 -0.0800
   vertex 4.2000 3.5500 -0.0450
   vertex 4.2193 3.5307 -0.0582
  endloop
 endfacet
 facet normal 0.68938 -0.68938 0.22252
  outer loop
   vertex 3.8193 3.1307 -0.0582
   vertex 3.8241 3.1259 -0.0878
   vertex 4.2241 3.5259 -0.0878
  endloop
 endfacet
 facet normal 0.68938 -0.68938 0.22252
  outer loop
   vertex 3.8193 3.1307 -0.0582
   vertex 4.2241 3.5259 -0.0878
   vertex 4.2193 3.5307 -0.0582
  endloop
 endfacet
 facet normal -0.70711 -0.70711 0.00000
  outer loop
   vertex 3.8000 3.1500 -0.0800
   vertex 3.8241 3.1259 -0.0878
   vertex 3.8193 3.1307 -0.0582
  endloop
 endfacet
 facet normal 0.70711 0.70711 -0.00000
  outer loop
   vertex 4.2000 3.5500 -0.0800
   vertex 4.2193 3.5307 -0.0582
   vertex 4.2241 3.5259 -0.0878
  endloop
 endfacet
 facet normal 0.55284 -0.55284 -0.62349
  outer loop
   vertex 3.8241 3.1259 -0.0878
   vertex 3.8107 3.1393 -0.1115
   vertex 4.2107 3.5393 -0.1115
  endloop
 endfacet
 facet normal 0.55284 -0.55284 -0.62349
  outer loop
   vertex 3.8241 3.1259 -0.0878
   vertex 4.2107 3.5393 -0.1115
   vertex 4.2241 3.5259 -0.0878
  endloop
 endfacet
 facet normal -0.70711 -0.70711 0.00000
  outer loop
   vertex 3.8000 3.1500 -0.0800
   vertex 3.8107 3.1393 -0.1115
   vertex 3.8241 3.1259 -0.0878
  endloop
 endfacet
 facet normal 0.70711 0.70711 -0.00000
  outer loop
   vertex 4.2000 3.5500 -0.0800
   vertex 4.2241 3.5259 -0.0878
   vertex 4.2107 3.5393 -0.1115
  endloop
 endfacet
 facet normal 0.00000 0.00000 -1.00000
  outer loop
   vertex 3.8107 3.1393 -0.1115
   vertex 3.7893 3.1607 -0.1115
   vertex 4.1893 3.5607 -0.1115
  endloop
 endfacet
 facet normal 0.00000 0.00000 -1.00000
  outer loop
   vertex 3.8107 3.1393 -0.1115
   vertex 4.1893 3.5607 -0.1115
   vertex 4.2107 3.5393 -0.1115
  endloop
 endfacet
 facet normal -0.70711 -0.70711 0.00000
  outer loop
   vertex 3.8000 3.1500 -0.0800
   vertex 3.7893 3.1607 -0.1115
   vertex 3.8107 3.1393 -0.1115
  endloop
 endfacet
 facet normal 0.70711 0.70711 0.00000
  outer loop
   vertex 4.2000 3.5500 -0.0800
   vertex 4.2107 3.5393 -0.1115
   vertex 4.1893 3.5607 -0.1115
  endloop
 endfacet
 facet normal -0.55284 0.55284 -0.62349
  outer loop
   vertex 3.7893 3.1607 -0.1115
   vertex 3.7759 3.1741 -0.0878
   vertex 4.1759 3.5741 -0.0878
  endloop
 endfacet
 facet normal -0.55284 0.55284 -0.62349
  outer loop
   vertex 3.7893 3.1607 -0.1115
   vertex 4.1759 3.5741 -0.0878
   vertex 4.1893 3.5607 -0.1115
  endloop
 endfacet
 facet normal -0.70711 -0.70711 0.00000
  outer loop
   vertex 3.8000 3.1500 -0.0800
   vertex 3.7759 3.1741 -0.0878
   vertex 3.7893 3.1607 -0.1115
  endloop
 endfacet
 facet normal 0.70711 0.70711 0.00000
  outer loop
   vertex 4.2000 3.5500 -0.0800
   vertex 4.1893 3.5607 -0.1115
   vertex 4.1759 3.5741 -0.0878
  endloop
 endfacet
 facet normal -0.68938 0.68938 0.22252
  outer loop
   vertex 3.7759 3.1741 -0.0878
   vertex 3.7807 3.1693 -0.0582
   vertex 4.1807 3.5693 -0.0582
  endloop
 endfacet
 facet normal -0.68938 0.68938 0.22252
  outer loop
   vertex 3.7759 3.1741 -0.0878
   vertex 4.1807 3.5693 -0.0582
   vertex 4.1759 3.5741 -0.0878
  endloop
 endfacet
 facet normal -0.70711 -0.70711 0.00000
  outer loop
   vertex 3.8000 3.1500 -0.0800
   vertex 3.7807 3.1693 -0.0582
   vertex 3.7759 3.1741 -0.0878
  endloop
 endfacet
 facet normal 0.70711 0.70711 0.00000
  outer loop
   vertex 4.2000 3.5500 -0.0800
   vertex 4.1759 3.5741 -0.0878
   vertex 4.1807 3.5693 -0.0582
  endloop
 endfacet
 facet normal -0.30680 0.30680 0.90097
  outer loop
   vertex 3.7807 3.1693 -0.0582
   vertex 3.8000 3.1500 -0.0450
   vertex 4.2000 3.5500 -0.0450
  endloop
 endfacet
 facet normal -0.30680 0.30680 0.90097
  outer loop
   vertex 3.7807 3.1693 -0.0582
   vertex 4.2000 3.5500 -0.0450
   vertex 4.1807 3.5693 -0.0582
  endloop
 endfacet
 facet normal -0.70711 -0.70711 0.00000
  outer loop
   vertex 3.8000 3.1500 -0.0800
   vertex 3.8000 3.1500 -0.0450
   vertex 3.7807 3.1693 -0.0582
  endloop
 endfacet
 facet normal 0.70711 0.70711 0.00000
  outer loop
   vertex 4.2000 3.5500 -0.0800
   vertex 4.1807 3.5693 -0.0582
   vertex 4.2000 3.5500 -0.0450
  endloop
 endfacet
 facet normal 0.30680 -0.30680 0.90097
  outer loop
   vertex 4.6000 3.1500 -0.0450
   vertex 4.6193 3.1307 -0.0582
   vertex 5.0193 3.5307 -0.0582
  endloop
 endfacet
 facet normal 0.30680 -0.30680 0.90097
  outer loop
   vertex 4.6000 3.1500 -0.0450
   vertex 5.0193 3.5307 -0.0582
   vertex 5.0000 3.5500 -0.0450
  endloop
 endfacet
 facet normal -0.70711 -0.70711 0.00000
  outer loop
   vertex 4.6000 3.1500 -0.0800
   vertex 4.6193 3.1307 -0.0582
   vertex 4.6000 3.1500 -0.0450
  endloop
 endfacet
 facet normal 0.70711 0.70711 0.00000
  outer loop
   vertex 5.0000 3.5500 -0.0800
   vertex 5.0000 3.5500 -0.0450
   vertex 5.0193 3.5307 -0.0582
  endloop
 endfacet
 facet normal 0.68938 -0.68938 0.22252
  outer loop
   vertex 4.6193 3.1307 -0.0582
   vertex 4.6241 3.1259 -0.0878
   vertex 5.0241 3.5259 -0.0878
  endloop
 endfacet
 facet normal 0.68938 -0.68938 0.22252
  outer loop
   vertex 4.6193 3.1307 -0.0582
   vertex 5.0241 3.5259 -0.0878
   vertex 5.0193 3.5307 -0.0582
  endloop
 endfacet
 facet normal -0.70711 -0.70711 0.00000
  outer loop
   vertex 4.6000 3.1500 -0.0800
   vertex 4.6241 3.1259 -0.0878
   vertex 4.6193 3.1307 -0.0582
  endloop
 endfacet
 facet normal 0.70711 0.70711 -0.00000
  outer loop
   vertex 5.0000 3.5500 -0.0800
   vertex 5.0193 3.5307 -0.0582
   vertex 5.0241 3.5259 -0.0878
  endloop
 endfacet
 facet normal 0.55284 -0.55284 -0.62349
  outer loop
   vertex 4.6241 3.1259 -0.0878
   vertex 4.6107 3.1393 -0.1115
   vertex 5.0107 3.5393 -0.1115
  endloop
 endfacet
 facet normal 0.55284 -0.55284 -0.62349
  outer loop
   vertex 4.6241 3.1259 -0.0878
   vertex 5.0107 3.5393 -0.1115
   vertex 5.0241 3.5259 -0.0878
  endloop
 endfacet
 facet normal -0.70711 -0.70711 0.00000
  outer loop
   vertex 4.6000 3.1500 -0.0800
   vertex 4.6107 3.1393 -0.1115
   vertex 4.6241 3.1259 -0.0878
  endloop
 endfacet
 facet normal 0.70711 0.70711 -0.00000
  outer loop
   vertex 5.0000 3.5500 -0.0800
   vertex 5.0241 3.5259 -0.0878
   vertex 5.0107 3.5393 -0.1115
  endloop
 endfacet
 facet normal 0.00000 0.00000 -1.00000
  outer loop
   vertex 4.6107 3.1393 -0.1115
   vertex 4.5893 3.1607 -0.1115
   vertex 4.9893 3.5607 -0.1115
  endloop
 endfacet
 facet normal 0.00000 0.00000 -1.00000
  outer loop
   vertex 4.6107 3.1393 -0.1115
   vertex 4.9893 3.5607 -0.1115
   vertex 5.0107 3.5393 -0.1115
  endloop
 endfacet
 facet normal -0.70711 -0.70711 0.00000
  outer loop
   vertex 4.6000 3.1500 -0.0800
   vertex 4.5893 3.1607 -0.1115
   vertex 4.6107 3.1393 -0.1115
  endloop
 endfacet
 facet normal 0.70711 0.70711 0.00000
  outer loop
   vertex 5.0000 3.5500 -0.0800
   vertex 5.0107 3.5393 -0.1115
   vertex 4.9893 3.5607 -0.1115
  endloop
 endfacet
 facet normal -0.55284 0.55284 -0.62349
  outer loop
   vertex 4.5893 3.1607 -0.1115
   vertex 4.5759 3.1741 -0.0878
   vertex 4.9759 3.5741 -0.0878
  endloop
 endfacet
 facet normal -0.55284 0.55284 -0.62349
  outer loop
   vertex 4.5893 3.1607 -0.1115
   vertex 4.9759 3.5741 -0.0878
   vertex 4.9893 3.5607 -0.1115
  endloop
 endfacet
 facet normal -0.70711 -0.70711 -0.00000
  outer loop
   vertex 4.6000 3.1500 -0.0800
   vertex 4.5759 3.1741 -0.0878
   vertex 4.5893 3.1607 -0.1115
  endloop
 endfacet
 facet normal 0.70711 0.70711 0.00000
  outer loop
   vertex 5.0000 3.5500 -0.0800
   vertex 4.9893 3.5607 -0.1115
   vertex 4.9759 3.5741 -0.0878
  endloop
 endfacet
 facet normal -0.68938 0.68938 0.22252
  outer loop
   vertex 4.5759 3.1741 -0.0878
   vertex 4.5807 3.1693 -0.0582
   vertex 4.9807 3.5693 -0.0582
  endloop
 endfacet
 facet normal -0.68938 0.68938 0.22252
  outer loop
   vertex 4.5759 3.1741 -0.0878
   vertex 4.9807 3.5693 -0.0582
   vertex 4.9759 3.5741 -0.0878
  endloop
 endfacet
 facet normal -0.70711 -0.70711 -0.00000
  outer loop
   vertex 4.6000 3.1500 -0.0800
   vertex 4.5807 3.1693 -0.0582
   vertex 4.5759 3.1741 -0.0878
  endloop
 endfacet
 facet normal 0.70711 0.70711 0.00000
  outer loop
   vertex 5.0000 3.5500 -0.0800
   vertex 4.9759 3.5741 -0.0878
   vertex 4.9807 3.5693 -0.0582
  endloop
 endfacet
 facet normal -0.30680 0.30680 0.90097
  outer loop
   vertex 4.5807 3.1693 -0.0582
   vertex 4.6000 3.1500 -0.0450
   vertex 5.0000 3.5500 -0.0450
  endloop
 endfacet
 facet normal -0.30680 0.30680 0.90097
  outer loop
   vertex 4.5807 3.1693 -0.0582
   vertex 5.0000 3.5500 -0.0450
   vertex 4.9807 3.5693 -0.0582
  endloop
 endfacet
 facet normal -0.70711 -0.70711 0.00000
  outer loop
   vertex 4.6000 3.1500 -0.0800
   vertex 4.6000 3.1500 -0.0450
   vertex 4.5807 3.1693 -0.0582
  endloop
 endfacet
 facet normal 0.70711 0.70711 0.00000
  outer loop
   vertex 5.0000 3.5500 -0.0800
   vertex 4.9807 3.5693 -0.0582
   vertex 5.0000 3.5500 -0.0450
  endloop
 endfacet
 facet normal 0.30680 -0.30680 0.90097
  outer loop
   vertex 5.4000 3.1500 -0.0450
   vertex 5.4193 3.1307 -0.0582
   vertex 5.8193 3.5307 -0.0582
  endloop
 endfacet
 facet normal 0.30680 -0.30680 0.90097
  outer loop
   vertex 5.4000 3.1500 -0.0450
   vertex 5.8193 3.5307 -0.0582
   vertex 5.8000 3.5500 -0.0450
  endloop
 endfacet
 facet normal -0.70711 -0.70711 0.00000
  outer loop
   vertex 5.4000 3.1500 -0.0800
   vertex 5.4193 3.1307 -0.0582
   vertex 5.4000 3.1500 -0.0450
  endloop
 endfacet
 facet normal 0.70711 0.70711 0.00000
  outer loop
   vertex 5.8000 3.5500 -0.0800
   vertex 5.8000 3.5500 -0.0450
   vertex 5.8193 3.5307 -0.0582
  endloop
 endfacet
 facet normal 0.68938 -0.68938 0.22252
  outer loop
   vertex 5.4193 3.1307 -0.0582
   vertex 5.4241 3.1259 -0.0878
   vertex 5.8241 3.5259 -0.0878
  endloop
 endfacet
 facet normal 0.68938 -0.68938 0.22252
  outer loop
   vertex 5.4193 3.1307 -0.0582
   vertex 5.8241 3.5259 -0.0878
   vertex 5.8193 3.5307 -0.0582
  endloop
 endfacet
 facet normal -0.70711 -0.70711 0.00000
  outer loop
   vertex 5.4000 3.1500 -0.0800
   vertex 5.4241 3.1259 -0.0878
   vertex 5.4193 3.1307 -0.0582
  endloop
 endfacet
 facet normal 0.70711 0.70711 -0.00000
  outer loop
   vertex 5.8000 3.5500 -0.0800
   vertex 5.8193 3.5307 -0.0582
   vertex 5.8241 3.5259 -0.0878
  endloop
 endfacet
 facet normal 0.55284 -0.55284 -0.62349
  outer loop
   vertex 5.4241 3.1259 -0.0878
   vertex 5.4107 3.1393 -0.1115
   vertex 5.8107 3.5393 -0.1115
  endloop
 endfacet
 facet normal 0.55284 -0.55284 -0.62349
  outer loop
   vertex 5.4241 3.1259 -0.0878
   vertex 5.8107 3.5393 -0.1115
   vertex 5.8241 3.5259 -0.0878
  endloop
 endfacet
 facet normal -0.70711 -0.70711 0.00000
  outer loop
   vertex 5.4000 3.1500 -0.0800
   vertex 5.4107 3.1393 -0.1115
   vertex 5.4241 3.1259 -0.0878
  endloop
 endfacet
 facet normal 0.70711 0.70711 -0.00000
  outer loop
   vertex 5.8000 3.5500 -0.0800
   vertex 5.8241 3.5259 -0.0878
   vertex 5.8107 3.5393 -0.1115
  endloop
 endfacet
 facet normal 0.00000 0.00000 -1.00000
  outer loop
   vertex 5.4107 3.1393 -0.1115
   vertex 5.3893 3.1607 -0.1115
   vertex 5.7893 3.5607 -0.1115
  endloop
 endfacet
 facet normal 0.00000 0.00000 -1.00000
  outer loop
   vertex 5.4107 3.1393 -0.1115
   vertex 5.7893 3.5607 -0.1115
   vertex 5.8107 3.5393 -0.1115
  endloop
 endfacet
 facet normal -0.70711 -0.70711 0.00000
  outer loop
   vertex 5.4000 3.1500 -0.0800
   vertex 5.3893 3.1607 -0.1115
   vertex 5.4107 3.1393 -0.1115
  endloop
 endfacet
 facet normal 0.70711 0.70711 0.00000
  outer loop
   vertex 5.8000 3.5500 -0.0800
   vertex 5.8107 3.5393 -0.1115
   vertex 5.7893 3.5607 -0.1115
  endloop
 endfacet
 facet normal -0.55284 0.55284 -0.62349
  outer loop
   vertex 5.3893 3.1607 -0.1115
   vertex 5.3759 3.1741 -0.0878
   vertex 5.7759 3.5741 -0.0878
  endloop
 endfacet
 facet normal -0.55284 0.55284 -0.62349
  outer loop
   vertex 5.3893 3.1607 -0.1115
   vertex 5.7759 3.5741 -0.0878
   vertex 5.7893 3.5607 -0.1115
  endloop
 endfacet
 facet normal -0.70711 -0.70711 -0.00000
  outer loop
   vertex 5.4000 3.1500 -0.0800
   vertex 5.3759 3.1741 -0.0878
   vertex 5.3893 3.1607 -0.1115
  endloop
 endfacet
 facet normal 0.70711 0.70711 0.00000
  outer loop
   vertex 5.8000 3.5500 -0.0800
   vertex 5.7893 3.5607 -0.1115
   vertex 5.7759 3.5741 -0.0878
  endloop
 endfacet
 facet normal -0.68938 0.68938 0.22252
  outer loop
   vertex 5.3759 3.1741 -0.0878
   vertex 5.3807 3.1693 -0.0582
   vertex 5.7807 3.5693 -0.0582
  endloop
 endfacet
 facet normal -0.68938 0.68938 0.22252
  outer loop
   vertex 5.3759 3.1741 -0.0878
   vertex 5.7807 3.5693 -0.0582
   vertex 5.7759 3.5741 -0.0878
  endloop
 endfacet
 facet normal -0.70711 -0.70711 -0.00000
  outer loop
   vertex 5.4000 3.1500 -0.0800
   vertex 5.3807 3.1693 -0.0582
   vertex 5.3759 3.1741 -0.0878
  endloop
 endfacet
 facet normal 0.70711 0.70711 0.00000
  outer loop
   vertex 5.8000 3.5500 -0.0800
   vertex 5.7759 3.5741 -0.0878
   vertex 5.7807 3.5693 -0.0582
  endloop
 endfacet
 facet normal -0.30680 0.30680 0.90097
  outer loop
   vertex 5.3807 3.1693 -0.0582
   vertex 5.4000 3.1500 -0.0450
   vertex 5.8000 3.5500 -0.0450
  endloop
 endfacet
 facet normal -0.30680 0.30680 0.90097
  outer loop
   vertex 5.3807 3.1693 -0.0582
   vertex 5.8000 3.5500 -0.0450
   vertex 5.7807 3.5693 -0.0582
  endloop
 endfacet
 facet normal -0.70711 -0.70711 0.00000
  outer loop
   vertex 5.4000 3.1500 -0.0800
   vertex 5.4000 3.1500 -0.0450
   vertex 5.3807 3.1693 -0.0582
  endloop
 endfacet
 facet normal 0.70711 0.70711 0.00000
  outer loop
   vertex 5.8000 3.5500 -0.0800
   vertex 5.7807 3.5693 -0.0582
   vertex 5.8000 3.5500 -0.0450
  endloop
 endfacet
 facet normal 0.30680 -0.30680 0.90097
  outer loop
   vertex 6.2000 3.1500 -0.0450
   vertex 6.2193 3.1307 -0.0582
   vertex 6.6193 3.5307 -0.0582
  endloop
 endfacet
 facet normal 0.30680 -0.30680 0.90097
  outer loop
   vertex 6.2000 3.1500 -0.0450
   vertex 6.6193 3.5307 -0.0582
   vertex 6.6000 3.5500 -0.0450
  endloop
 endfacet
 facet normal -0.70711 -0.70711 0.00000
  outer loop
   vertex 6.2000 3.1500 -0.0800
   vertex 6.2193 3.1307 -0.0582
   vertex 6.2000 3.1500 -0.0450
  endloop
 endfacet
 facet normal 0.70711 0.70711 0.00000
  outer loop
   vertex 6.6000 3.5500 -0.0800
   vertex 6.6000 3.5500 -0.0450
   vertex 6.6193 3.5307 -0.0582
  endloop
 endfacet
 facet normal 0.68938 -0.68938 0.22252
  outer loop
   vertex 6.2193 3.1307 -0.0582
   vertex 6.2241 3.1259 -0.0878
   vertex 6.6241 3.5259 -0.0878
  endloop
 endfacet
 facet normal 0.68938 -0.68938 0.22252
  outer loop
   vertex 6.2193 3.1307 -0.0582
   vertex 6.6241 3.5259 -0.0878
   vertex 6.6193 3.5307 -0.0582
  endloop
 endfacet
 facet normal -0.70711 -0.70711 0.00000
  outer loop
   vertex 6.2000 3.1500 -0.0800
   vertex 6.2241 3.1259 -0.0878
   vertex 6.2193 3.1307 -0.0582
  endloop
 endfacet
 facet normal 0.70711 0.70711 -0.00000
  outer loop
   vertex 6.6000 3.5500 -0.0800
   vertex 6.6193 3.5307 -0.0582
   vertex 6.6241 3.5259 -0.0878
  endloop
 endfacet
 facet normal 0.55284 -0.55284 -0.62349
  outer loop
   vertex 6.2241 3.1259 -0.0878
   vertex 6.2107 3.1393 -0.1115
   vertex 6.6107 3.5393 -0.1115
  endloop
 endfacet
 facet normal 0.55284 -0.55284 -0.62349
  outer loop
   vertex 6.2241 3.1259 -0.0878
   vertex 6.6107 3.5393 -0.1115
   vertex 6.6241 3.5259 -0.0878
  endloop
 endfacet
 facet normal -0.70711 -0.70711 0.00000
  outer loop
   vertex 6.2000 3.1500 -0.0800
   vertex 6.2107 3.1393 -0.1115
   vertex 6.2241 3.1259 -0.0878
  endloop
 endfacet
 facet normal 0.70711 0.70711 -0.00000
  outer loop
   vertex 6.6000 3.5500 -0.0800
   vertex 6.6241 3.5259 -0.0878
   vertex 6.6107 3.5393 -0.1115
  endloop
 endfacet
 facet normal 0.00000 0.00000 -1.00000
  outer loop
   vertex 6.2107 3.1393 -0.1115
   vertex 6.1893 3.1607 -0.1115
   vertex 6.5893 3.5607 -0.1115
  endloop
 endfacet
 facet normal 0.00000 0.00000 -1.00000
  outer loop
   vertex 6.2107 3.1393 -0.1115
   vertex 6.5893 3.5607 -0.1115
   vertex 6.6107 3.5393 -0.1115
  endloop
 endfacet
 facet normal -0.70711 -0.70711 0.00000
  outer loop
   vertex 6.2000 3.1500 -0.0800
   vertex 6.1893 3.1607 -0.1115
   vertex 6.2107 3.1393 -0.1115
  endloop
 endfacet
 facet normal 0.70711 0.70711 0.00000
  outer loop
   vertex 6.6000 3.5500 -0.0800
   vertex 6.6107 3.5393 -0.1115
   vertex 6.5893 3.5607 -0.1115
  endloop
 endfacet
 facet normal -0.55284 0.55284 -0.62349
  outer loop
   vertex 6.1893 3.1607 -0.1115
   vertex 6.1759 3.1741 -0.0878
   vertex 6.5759 3.5741 -0.0878
  endloop
 endfacet
 facet normal -0.55284 0.55284 -0.62349
  outer loop
   vertex 6.1893 3.1607 -0.1115
   vertex 6.5759 3.5741 -0.0878
   vertex 6.5893 3.5607 -0.1115
  endloop
 endfacet
 facet normal -0.70711 -0.70711 -0.00000
  outer loop
   vertex 6.2000 3.1500 -0.0800
   vertex 6.1759 3.1741 -0.0878
   vertex 6.1893 3.1607 -0.1115
  endloop
 endfacet
 facet normal 0.70711 0.70711 0.00000
  outer loop
   vertex 6.6000 3.5500 -0.0800
   vertex 6.5893 3.5607 -0.1115
   vertex 6.5759 3.5741 -0.0878
  endloop
 endfacet
 facet normal -0.68938 0.68938 0.22252
  outer loop
   vertex 6.1759 3.1741 -0.0878
   vertex 6.1807 3.1693 -0.0582
   vertex 6.5807 3.5693 -0.0582
  endloop
 endfacet
 facet normal -0.68938 0.68938 0.22252
  outer loop
   vertex 6.1759 3.1741 -0.0878
   vertex 6.5807 3.5693 -0.0582
   vertex 6.5759 3.5741 -0.0878
  endloop
 endfacet
 facet normal -0.70711 -0.70711 -0.00000
  outer loop
   vertex 6.2000 3.1500 -0.0800
   vertex 6.1807 3.1693 -0.0582
   vertex 6.1759 3.1741 -0.0878
  endloop
 endfacet
 facet normal 0.70711 0.70711 0.00000
  outer loop
   vertex 6.6000 3.5500 -0.0800
   vertex 6.5759 3.5741 -0.0878
   vertex 6.5807 3.5693 -0.0582
  endloop
 endfacet
 facet normal -0.30680 0.30680 0.90097
  outer loop
   vertex 6.1807 3.1693 -0.0582
   vertex 6.2000 3.1500 -0.0450
   vertex 6.6000 3.5500 -0.0450
  endloop
 endfacet
 facet normal -0.30680 0.30680 0.90097
  outer loop
   vertex 6.1807 3.1693 -0.0582
   vertex 6.6000 3.5500 -0.0450
   vertex 6.5807 3.5693 -0.0582
  endloop
 endfacet
 facet normal -0.70711 -0.70711 0.00000
  outer loop
   vertex 6.2000 3.1500 -0.0800
   vertex 6.2000 3.1500 -0.0450
   vertex 6.1807 3.1693 -0.0582
  endloop
 endfacet
 facet normal 0.70711 0.70711 0.00000
  outer loop
   vertex 6.6000 3.5500 -0.0800
   vertex 6.5807 3.5693 -0.0582
   vertex 6.6000 3.5500 -0.0450
  endloop
 endfacet
 facet normal 0.30680 -0.30680 0.90097
  outer loop
   vertex 7.0000 3.1500 -0.0450
   vertex 7.0193 3.1307 -0.0582
   vertex 7.4193 3.5307 -0.0582
  endloop
 endfacet
 facet normal 0.30680 -0.30680 0.90097
  outer loop
   vertex 7.0000 3.1500 -0.0450
   vertex 7.4193 3.5307 -0.0582
   vertex 7.4000 3.5500 -0.0450
  endloop
 endfacet
 facet normal -0.70711 -0.70711 0.00000
  outer loop
   vertex 7.0000 3.1500 -0.0800
   vertex 7.0193 3.1307 -0.0582
   vertex 7.0000 3.1500 -0.0450
  endloop
 endfacet
 facet normal 0.70711 0.70711 0.00000
  outer loop
   vertex 7.4000 3.5500 -0.0800
   vertex 7.4000 3.5500 -0.0450
   vertex 7.4193 3.5307 -0.0582
  endloop
 endfacet
 facet normal 0.68938 -0.68938 0.22252
  outer loop
   vertex 7.0193 3.1307 -0.0582
   vertex 7.0241 3.1259 -0.0878
   vertex 7.4241 3.5259 -0.0878
  endloop
 endfacet
 facet normal 0.68938 -0.68938 0.22252
  outer loop
   vertex 7.0193 3.1307 -0.0582
   vertex 7.4241 3.5259 -0.0878
   vertex 7.4193 3.5307 -0.0582
  endloop
 endfacet
 facet normal -0.70711 -0.70711 0.00000
  outer loop
   vertex 7.0000 3.1500 -0.0800
   vertex 7.0241 3.1259 -0.0878
   vertex 7.0193 3.1307 -0.0582
  endloop
 endfacet
 facet normal 0.70711 0.70711 -0.00000
  outer loop
   vertex 7.4000 3.5500 -0.0800
   vertex 7.4193 3.5307 -0.0582
   vertex 7.4241 3.5259 -0.0878
  endloop
 endfacet
 facet normal 0.55284 -0.55284 -0.62349
  outer loop
   vertex 7.0241 3.1259 -0.0878
   vertex 7.0107 3.1393 -0.1115
   vertex 7.4107 3.5393 -0.1115
  endloop
 endfacet
 facet normal 0.55284 -0.55284 -0.62349
  outer loop
   vertex 7.0241 3.1259 -0.0878
   vertex 7.4107 3.5393 -0.1115
   vertex 7.4241 3.5259 -0.0878
  endloop
 endfacet
 facet normal -0.70711 -0.70711 0.00000
  outer loop
   vertex 7.0000 3.1500 -0.0800
   vertex 7.0107 3.1393 -0.1115
   vertex 7.0241 3.1259 -0.0878
  endloop
 endfacet
 facet normal 0.70711 0.70711 -0.00000
  outer loop
   vertex 7.4000 3.5500 -0.0800
   vertex 7.4241 3.5259 -0.0878
   vertex 7.4107 3.5393 -0.1115
  endloop
 endfacet
 facet normal 0.00000 0.00000 -1.00000
  outer loop
   vertex 7.0107 3.1393 -0.1115
   vertex 6.9893 3.1607 -0.1115
   vertex 7.3893 3.5607 -0.1115
  endloop
 endfacet
 facet normal 0.00000 0.00000 -1.00000
  outer loop
   vertex 7.0107 3.1393 -0.1115
   vertex 7.3893 3.5607 -0.1115
   vertex 7.4107 3.5393 -0.1115
  endloop
 endfacet
 facet normal -0.70711 -0.70711 0.00000
  outer loop
   vertex 7.0000 3.1500 -0.0800
   vertex 6.9893 3.1607 -0.1115
   vertex 7.0107 3.1393 -0.1115
  endloop
 endfacet
 facet normal 0.70711 0.70711 0.00000
  outer loop
   vertex 7.4000 3.5500 -0.0800
   vertex 7.4107 3.5393 -0.1115
   vertex 7.3893 3.5607 -0.1115
  endloop
 endfacet
 facet normal -0.55284 0.55284 -0.62349
  outer loop
   vertex 6.9893 3.1607 -0.1115
   vertex 6.9759 3.1741 -0.0878
   vertex 7.3759 3.5741 -0.0878
  endloop
 endfacet
 facet normal -0.55284 0.55284 -0.62349
  outer loop
   vertex 6.9893 3.1607 -0.1115
   vertex 7.3759 3.5741 -0.0878
   vertex 7.3893 3.5607 -0.1115
  endloop
 endfacet
 facet normal -0.70711 -0.70711 -0.00000
  outer loop
   vertex 7.0000 3.1500 -0.0800
   vertex 6.9759 3.1741 -0.0878
   vertex 6.9893 3.1607 -0.1115
  endloop
 endfacet
 facet normal 0.70711 0.70711 0.00000
  outer loop
   vertex 7.4000 3.5500 -0.0800
   vertex 7.3893 3.5607 -0.1115
   vertex 7.3759 3.5741 -0.0878
  endloop
 endfacet
 facet normal -0.68938 0.68938 0.22252
  outer loop
   vertex 6.9759 3.1741 -0.0878
   vertex 6.9807 3.1693 -0.0582
   vertex 7.3807 3.5693 -0.0582
  endloop
 endfacet
 facet normal -0.68938 0.68938 0.22252
  outer loop
   vertex 6.9759 3.1741 -0.0878
   vertex 7.3807 3.5693 -0.0582
   vertex 7.3759 3.5741 -0.0878
  endloop
 endfacet
 facet normal -0.70711 -0.70711 -0.00000
  outer loop
   vertex 7.0000 3.1500 -0.0800
   vertex 6.9807 3.1693 -0.0582
   vertex 6.9759 3.1741 -0.0878
  endloop
 endfacet
 facet normal 0.70711 0.70711 0.00000
  outer loop
   vertex 7.4000 3.5500 -0.0800
   vertex 7.3759 3.5741 -0.0878
   vertex 7.3807 3.5693 -0.0582
  endloop
 endfacet
 facet normal -0.30680 0.30680 0.90097
  outer loop
   vertex 6.9807 3.1693 -0.0582
   vertex 7.0000 3.1500 -0.0450
   vertex 7.4000 3.5500 -0.0450
  endloop
 endfacet
 facet normal -0.30680 0.30680 0.90097
  outer loop
   vertex 6.9807 3.1693 -0.0582
   vertex 7.4000 3.5500 -0.0450
   vertex 7.3807 3.5693 -0.0582
  endloop
 endfacet
 facet normal -0.70711 -0.70711 0.00000
  outer loop
   vertex 7.0000 3.1500 -0.0800
   vertex 7.0000 3.1500 -0.0450
   vertex 6.9807 3.1693 -0.0582
  endloop
 endfacet
 facet normal 0.70711 0.70711 0.00000
  outer loop
   vertex 7.4000 3.5500 -0.0800
   vertex 7.3807 3.5693 -0.0582
   vertex 7.4000 3.5500 -0.0450
  endloop
 endfacet
 facet normal 0.30680 -0.30680 0.90097
  outer loop
   vertex 7.8000 3.1500 -0.0450
   vertex 7.8193 3.1307 -0.0582
   vertex 8.2193 3.5307 -0.0582
  endloop
 endfacet
 facet normal 0.30680 -0.30680 0.90097
  outer loop
   vertex 7.8000 3.1500 -0.0450
   vertex 8.2193 3.5307 -0.0582
   vertex 8.2000 3.5500 -0.0450
  endloop
 endfacet
 facet normal -0.70711 -0.70711 0.00000
  outer loop
   vertex 7.8000 3.1500 -0.0800
   vertex 7.8193 3.1307 -0.0582
   vertex 7.8000 3.1500 -0.0450
  endloop
 endfacet
 facet normal 0.70711 0.70711 0.00000
  outer loop
   vertex 8.2000 3.5500 -0.0800
   vertex 8.2000 3.5500 -0.0450
   vertex 8.2193 3.5307 -0.0582
  endloop
 endfacet
 facet normal 0.68938 -0.68938 0.22252
  outer loop
   vertex 7.8193 3.1307 -0.0582
   vertex 7.8241 3.1259 -0.0878
   vertex 8.2241 3.5259 -0.0878
  endloop
 endfacet
 facet normal 0.68938 -0.68938 0.22252
  outer loop
   vertex 7.8193 3.1307 -0.0582
   vertex 8.2241 3.5259 -0.0878
   vertex 8.2193 3.5307 -0.0582
  endloop
 endfacet
 facet normal -0.70711 -0.70711 0.00000
  outer loop
   vertex 7.8000 3.1500 -0.0800
   vertex 7.8241 3.1259 -0.0878
   vertex 7.8193 3.1307 -0.0582
  endloop
 endfacet
 facet normal 0.70711 0.70711 -0.00000
  outer loop
   vertex 8.2000 3.5500 -0.0800
   vertex 8.2193 3.5307 -0.0582
   vertex 8.2241 3.5259 -0.0878
  endloop
 endfacet
 facet normal 0.55284 -0.55284 -0.62349
  outer loop
   vertex 7.8241 3.1259 -0.0878
   vertex 7.8107 3.1393 -0.1115
   vertex 8.2107 3.5393 -0.1115
  endloop
 endfacet
 facet normal 0.55284 -0.55284 -0.62349
  outer loop
   vertex 7.8241 3.1259 -0.0878
   vertex 8.2107 3.5393 -0.1115
   vertex 8.2241 3.5259 -0.0878
  endloop
 endfacet
 facet normal -0.70711 -0.70711 0.00000
  outer loop
   vertex 7.8000 3.1500 -0.0800
   vertex 7.8107 3.1393 -0.1115
   vertex 7.8241 3.1259 -0.0878
  endloop
 endfacet
 facet normal 0.70711 0.70711 0.00000
  outer loop
   vertex 8.2000 3.5500 -0.0800
   vertex 8.2241 3.5259 -0.0878
   vertex 8.2107 3.5393 -0.1115
  endloop
 endfacet
 facet normal 0.00000 0.00000 -1.00000
  outer loop
   vertex 7.8107 3.1393 -0.1115
   vertex 7.7893 3.1607 -0.1115
   vertex 8.1893 3.5607 -0.1115
  endloop
 endfacet
 facet normal 0.00000 0.00000 -1.00000
  outer loop
   vertex 7.8107 3.1393 -0.1115
   vertex 8.1893 3.5607 -0.1115
   vertex 8.2107 3.5393 -0.1115
  endloop
 endfacet
 facet normal -0.70711 -0.70711 0.00000
  outer loop
   vertex 7.8000 3.1500 -0.0800
   vertex 7.7893 3.1607 -0.1115
   vertex 7.8107 3.1393 -0.1115
  endloop
 endfacet
 facet normal 0.70711 0.70711 0.00000
  outer loop
   vertex 8.2000 3.5500 -0.0800
   vertex 8.2107 3.5393 -0.1115
   vertex 8.1893 3.5607 -0.1115
  endloop
 endfacet
 facet normal -0.55284 0.55284 -0.62349
  outer loop
   vertex 7.7893 3.1607 -0.1115
   vertex 7.7759 3.1741 -0.0878
   vertex 8.1759 3.5741 -0.0878
  endloop
 endfacet
 facet normal -0.55284 0.55284 -0.62349
  outer loop
   vertex 7.7893 3.1607 -0.1115
   vertex 8.1759 3.5741 -0.0878
   vertex 8.1893 3.5607 -0.1115
  endloop
 endfacet
 facet normal -0.70711 -0.70711 -0.00000
  outer loop
   vertex 7.8000 3.1500 -0.0800
   vertex 7.7759 3.1741 -0.0878
   vertex 7.7893 3.1607 -0.1115
  endloop
 endfacet
 facet normal 0.70711 0.70711 -0.00000
  outer loop
   vertex 8.2000 3.5500 -0.0800
   vertex 8.1893 3.5607 -0.1115
   vertex 8.1759 3.5741 -0.0878
  endloop
 endfacet
 facet normal -0.68938 0.68938 0.22252
  outer loop
   vertex 7.7759 3.1741 -0.0878
   vertex 7.7807 3.1693 -0.0582
   vertex 8.1807 3.5693 -0.0582
  endloop
 endfacet
 facet normal -0.68938 0.68938 0.22252
  outer loop
   vertex 7.7759 3.1741 -0.0878
   vertex 8.1807 3.5693 -0.0582
   vertex 8.1759 3.5741 -0.0878
  endloop
 endfacet
 facet normal -0.70711 -0.70711 -0.00000
  outer loop
   vertex 7.8000 3.1500 -0.0800
   vertex 7.7807 3.1693 -0.0582
   vertex 7.7759 3.1741 -0.0878
  endloop
 endfacet
 facet normal 0.70711 0.70711 0.00000
  outer loop
   vertex 8.2000 3.5500 -0.0800
   vertex 8.1759 3.5741 -0.0878
   vertex 8.1807 3.5693 -0.0582
  endloop
 endfacet
 facet normal -0.30680 0.30680 0.90097
  outer loop
   vertex 7.7807 3.1693 -0.0582
   vertex 7.8000 3.1500 -0.0450
   vertex 8.2000 3.5500 -0.0450
  endloop
 endfacet
 facet normal -0.30680 0.30680 0.90097
  outer loop
   vertex 7.7807 3.1693 -0.0582
   vertex 8.2000 3.5500 -0.0450
   vertex 8.1807 3.5693 -0.0582
  endloop
 endfacet
 facet normal -0.70711 -0.70711 0.00000
  outer loop
   vertex 7.8000 3.1500 -0.0800
   vertex 7.8000 3.1500 -0.0450
   vertex 7.7807 3.1693 -0.0582
  endloop
 endfacet
 facet normal 0.70711 0.70711 0.00000
  outer loop
   vertex 8.2000 3.5500 -0.0800
   vertex 8.1807 3.5693 -0.0582
   vertex 8.2000 3.5500 -0.0450
  endloop
 endfacet
 facet normal 0.30680 -0.30680 0.90097
  outer loop
   vertex 8.6000 3.1500 -0.0450
   vertex 8.6193 3.1307 -0.0582
   vertex 9.0193 3.5307 -0.0582
  endloop
 endfacet
 facet normal 0.30680 -0.30680 0.90097
  outer loop
   vertex 8.6000 3.1500 -0.0450
   vertex 9.0193 3.5307 -0.0582
   vertex 9.0000 3.5500 -0.0450
  endloop
 endfacet
 facet normal -0.70711 -0.70711 0.00000
  outer loop
   vertex 8.6000 3.1500 -0.0800
   vertex 8.6193 3.1307 -0.0582
   vertex 8.6000 3.1500 -0.0450
  endloop
 endfacet
 facet normal 0.70711 0.70711 0.00000
  outer loop
   vertex 9.0000 3.5500 -0.0800
   vertex 9.0000 3.5500 -0.0450
   vertex 9.0193 3.5307 -0.0582
  endloop
 endfacet
 facet normal 0.68938 -0.68938 0.22252
  outer loop
   vertex 8.6193 3.1307 -0.0582
   vertex 8.6241 3.1259 -0.0878
   vertex 9.0241 3.5259 -0.0878
  endloop
 endfacet
 facet normal 0.68938 -0.68938 0.22252
  outer loop
   vertex 8.6193 3.1307 -0.0582
   vertex 9.0241 3.5259 -0.0878
   vertex 9.0193 3.5307 -0.0582
  endloop
 endfacet
 facet normal -0.70711 -0.70711 0.00000
  outer loop
   vertex 8.6000 3.1500 -0.0800
   vertex 8.6241 3.1259 -0.0878
   vertex 8.6193 3.1307 -0.0582
  endloop
 endfacet
 facet normal 0.70711 0.70711 -0.00000
  outer loop
   vertex 9.0000 3.5500 -0.0800
   vertex 9.0193 3.5307 -0.0582
   vertex 9.0241 3.5259 -0.0878
  endloop
 endfacet
 facet normal 0.55284 -0.55284 -0.62349
  outer loop
   vertex 8.6241 3.1259 -0.0878
   vertex 8.6107 3.1393 -0.1115
   vertex 9.0107 3.5393 -0.1115
  endloop
 endfacet
 facet normal 0.55284 -0.55284 -0.62349
  outer loop
   vertex 8.6241 3.1259 -0.0878
   vertex 9.0107 3.5393 -0.1115
   vertex 9.0241 3.5259 -0.0878
  endloop
 endfacet
 facet normal -0.70711 -0.70711 -0.00000
  outer loop
   vertex 8.6000 3.1500 -0.0800
   vertex 8.6107 3.1393 -0.1115
   vertex 8.6241 3.1259 -0.0878
  endloop
 endfacet
 facet normal 0.70711 0.70711 0.00000
  outer loop
   vertex 9.0000 3.5500 -0.0800
   vertex 9.0241 3.5259 -0.0878
   vertex 9.0107 3.5393 -0.1115
  endloop
 endfacet
 facet normal 0.00000 0.00000 -1.00000
  outer loop
   vertex 8.6107 3.1393 -0.1115
   vertex 8.5893 3.1607 -0.1115
   vertex 8.9893 3.5607 -0.1115
  endloop
 endfacet
 facet normal 0.00000 0.00000 -1.00000
  outer loop
   vertex 8.6107 3.1393 -0.1115
   vertex 8.9893 3.5607 -0.1115
   vertex 9.0107 3.5393 -0.1115
  endloop
 endfacet
 facet normal -0.70711 -0.70711 0.00000
  outer loop
   vertex 8.6000 3.1500 -0.0800
   vertex 8.5893 3.1607 -0.1115
   vertex 8.6107 3.1393 -0.1115
  endloop
 endfacet
 facet normal 0.70711 0.70711 0.00000
  outer loop
   vertex 9.0000 3.5500 -0.0800
   vertex 9.0107 3.5393 -0.1115
   vertex 8.9893 3.5607 -0.1115
  endloop
 endfacet
 facet normal -0.55284 0.55284 -0.62349
  outer loop
   vertex 8.5893 3.1607 -0.1115
   vertex 8.5759 3.1741 -0.0878
   vertex 8.9759 3.5741 -0.0878
  endloop
 endfacet
 facet normal -0.55284 0.55284 -0.62349
  outer loop
   vertex 8.5893 3.1607 -0.1115
   vertex 8.9759 3.5741 -0.0878
   vertex 8.9893 3.5607 -0.1115
  endloop
 endfacet
 facet normal -0.70711 -0.70711 0.00000
  outer loop
   vertex 8.6000 3.1500 -0.0800
   vertex 8.5759 3.1741 -0.0878
   vertex 8.5893 3.1607 -0.1115
  endloop
 endfacet
 facet normal 0.70711 0.70711 -0.00000
  outer loop
   vertex 9.0000 3.5500 -0.0800
   vertex 8.9893 3.5607 -0.1115
   vertex 8.9759 3.5741 -0.0878
  endloop
 endfacet
 facet normal -0.68938 0.68938 0.22252
  outer loop
   vertex 8.5759 3.1741 -0.0878
   vertex 8.5807 3.1693 -0.0582
   vertex 8.9807 3.5693 -0.0582
  endloop
 endfacet
 facet normal -0.68938 0.68938 0.22252
  outer loop
   vertex 8.5759 3.1741 -0.0878
   vertex 8.9807 3.5693 -0.0582
   vertex 8.9759 3.5741 -0.0878
  endloop
 endfacet
 facet normal -0.70711 -0.70711 -0.00000
  outer loop
   vertex 8.6000 3.1500 -0.0800
   vertex 8.5807 3.1693 -0.0582
   vertex 8.5759 3.1741 -0.0878
  endloop
 endfacet
 facet normal 0.70711 0.70711 0.00000
  outer loop
   vertex 9.0000 3.5500 -0.0800
   vertex 8.9759 3.5741 -0.0878
   vertex 8.9807 3.5693 -0.0582
  endloop
 endfacet
 facet normal -0.30680 0.30680 0.90097
  outer loop
   vertex 8.5807 3.1693 -0.0582
   vertex 8.6000 3.1500 -0.0450
   vertex 9.0000 3.5500 -0.0450
  endloop
 endfacet
 facet normal -0.30680 0.30680 0.90097
  outer loop
   vertex 8.5807 3.1693 -0.0582
   vertex 9.0000 3.5500 -0.0450
   vertex 8.9807 3.5693 -0.0582
  endloop
 endfacet
 facet normal -0.70711 -0.70711 0.00000
  outer loop
   vertex 8.6000 3.1500 -0.0800
   vertex 8.6000 3.1500 -0.0450
   vertex 8.5807 3.1693 -0.0582
  endloop
 endfacet
 facet normal 0.70711 0.70711 0.00000
  outer loop
   vertex 9.0000 3.5500 -0.0800
   vertex 8.9807 3.5693 -0.0582
   vertex 9.0000 3.5500 -0.0450
  endloop
 endfacet
endsolid valla_perimetral
